concept_baseline,signal_count,hour,is_anomaly,dataset_type
39.67,36.0,0,0,SYNTHETIC
39.67,38.0,1,0,SYNTHETIC
39.67,43.0,2,0,SYNTHETIC
39.67,31.0,3,0,SYNTHETIC
39.67,40.0,4,0,SYNTHETIC
39.67,42.0,5,0,SYNTHETIC
39.67,22.0,6,0,SYNTHETIC
39.67,35.0,7,0,SYNTHETIC
39.67,38.0,8,0,SYNTHETIC
39.67,24.0,9,0,SYNTHETIC
39.67,33.0,10,0,SYNTHETIC
39.67,43.0,11,0,SYNTHETIC
39.67,35.0,12,0,SYNTHETIC
39.67,46.0,13,0,SYNTHETIC
39.67,35.0,14,0,SYNTHETIC
39.67,37.0,15,0,SYNTHETIC
39.67,38.0,16,0,SYNTHETIC
39.67,52.0,17,0,SYNTHETIC
39.67,34.0,18,0,SYNTHETIC
39.67,43.0,19,0,SYNTHETIC
39.67,35.0,20,0,SYNTHETIC
39.67,35.0,21,0,SYNTHETIC
39.67,31.0,22,0,SYNTHETIC
39.67,31.0,23,0,SYNTHETIC
30.36,30.0,0,0,SYNTHETIC
30.36,25.0,1,0,SYNTHETIC
30.36,40.0,2,0,SYNTHETIC
30.36,37.0,3,0,SYNTHETIC
30.36,25.0,4,0,SYNTHETIC
30.36,27.0,5,0,SYNTHETIC
30.36,27.0,6,0,SYNTHETIC
30.36,24.0,7,0,SYNTHETIC
30.36,40.0,8,0,SYNTHETIC
30.36,29.0,9,0,SYNTHETIC
30.36,23.0,10,0,SYNTHETIC
30.36,37.0,11,0,SYNTHETIC
30.36,32.0,12,0,SYNTHETIC
30.36,24.0,13,0,SYNTHETIC
30.36,43.0,14,0,SYNTHETIC
30.36,27.0,15,0,SYNTHETIC
30.36,35.0,16,0,SYNTHETIC
30.36,17.0,17,0,SYNTHETIC
30.36,110.0,18,1,SYNTHETIC
30.36,29.0,19,0,SYNTHETIC
30.36,19.0,20,0,SYNTHETIC
30.36,27.0,21,0,SYNTHETIC
30.36,30.0,22,0,SYNTHETIC
30.36,22.0,23,0,SYNTHETIC
13.87,12.0,0,0,SYNTHETIC
13.87,13.0,1,0,SYNTHETIC
13.87,12.0,2,0,SYNTHETIC
13.87,16.0,3,0,SYNTHETIC
13.87,15.0,4,0,SYNTHETIC
13.87,6.0,5,0,SYNTHETIC
13.87,17.0,6,0,SYNTHETIC
13.87,16.0,7,0,SYNTHETIC
13.87,16.0,8,0,SYNTHETIC
13.87,11.0,9,0,SYNTHETIC
13.87,13.0,10,0,SYNTHETIC
13.87,19.0,11,0,SYNTHETIC
13.87,12.0,12,0,SYNTHETIC
13.87,12.0,13,0,SYNTHETIC
13.87,22.0,14,0,SYNTHETIC
13.87,15.0,15,0,SYNTHETIC
13.87,10.0,16,0,SYNTHETIC
13.87,15.0,17,0,SYNTHETIC
13.87,13.0,18,0,SYNTHETIC
13.87,19.0,19,0,SYNTHETIC
13.87,8.0,20,0,SYNTHETIC
13.87,12.0,21,0,SYNTHETIC
13.87,17.0,22,0,SYNTHETIC
13.87,7.0,23,0,SYNTHETIC
26.47,23.0,0,0,SYNTHETIC
26.47,30.0,1,0,SYNTHETIC
26.47,27.0,2,0,SYNTHETIC
26.47,28.0,3,0,SYNTHETIC
26.47,28.0,4,0,SYNTHETIC
26.47,12.0,5,0,SYNTHETIC
26.47,126.0,6,1,SYNTHETIC
26.47,30.0,7,0,SYNTHETIC
26.47,21.0,8,0,SYNTHETIC
26.47,33.0,9,0,SYNTHETIC
26.47,33.0,10,0,SYNTHETIC
26.47,28.0,11,0,SYNTHETIC
26.47,29.0,12,0,SYNTHETIC
26.47,31.0,13,0,SYNTHETIC
26.47,33.0,14,0,SYNTHETIC
26.47,29.0,15,0,SYNTHETIC
26.47,28.0,16,0,SYNTHETIC
26.47,29.0,17,0,SYNTHETIC
26.47,23.0,18,0,SYNTHETIC
26.47,19.0,19,0,SYNTHETIC
26.47,21.0,20,0,SYNTHETIC
26.47,38.0,21,0,SYNTHETIC
26.47,23.0,22,0,SYNTHETIC
26.47,34.0,23,0,SYNTHETIC
12.63,8.0,0,0,SYNTHETIC
12.63,8.0,1,0,SYNTHETIC
12.63,11.0,2,0,SYNTHETIC
12.63,15.0,3,0,SYNTHETIC
12.63,55.0,4,1,SYNTHETIC
12.63,12.0,5,0,SYNTHETIC
12.63,15.0,6,0,SYNTHETIC
12.63,13.0,7,0,SYNTHETIC
12.63,16.0,8,0,SYNTHETIC
12.63,15.0,9,0,SYNTHETIC
12.63,15.0,10,0,SYNTHETIC
12.63,15.0,11,0,SYNTHETIC
12.63,40.0,12,1,SYNTHETIC
12.63,14.0,13,0,SYNTHETIC
12.63,13.0,14,0,SYNTHETIC
12.63,8.0,15,0,SYNTHETIC
12.63,13.0,16,0,SYNTHETIC
12.63,17.0,17,0,SYNTHETIC
12.63,10.0,18,0,SYNTHETIC
12.63,16.0,19,0,SYNTHETIC
12.63,11.0,20,0,SYNTHETIC
12.63,15.0,21,0,SYNTHETIC
12.63,13.0,22,0,SYNTHETIC
12.63,9.0,23,0,SYNTHETIC
34.35,138.0,0,1,SYNTHETIC
34.35,34.0,1,0,SYNTHETIC
34.35,45.0,2,0,SYNTHETIC
34.35,36.0,3,0,SYNTHETIC
34.35,44.0,4,0,SYNTHETIC
34.35,32.0,5,0,SYNTHETIC
34.35,155.0,6,1,SYNTHETIC
34.35,43.0,7,0,SYNTHETIC
34.35,48.0,8,0,SYNTHETIC
34.35,40.0,9,0,SYNTHETIC
34.35,32.0,10,0,SYNTHETIC
34.35,53.0,11,0,SYNTHETIC
34.35,39.0,12,0,SYNTHETIC
34.35,25.0,13,0,SYNTHETIC
34.35,22.0,14,0,SYNTHETIC
34.35,40.0,15,0,SYNTHETIC
34.35,33.0,16,0,SYNTHETIC
34.35,45.0,17,0,SYNTHETIC
34.35,35.0,18,0,SYNTHETIC
34.35,30.0,19,0,SYNTHETIC
34.35,40.0,20,0,SYNTHETIC
34.35,18.0,21,0,SYNTHETIC
34.35,38.0,22,0,SYNTHETIC
34.35,38.0,23,0,SYNTHETIC
13.92,11.0,0,0,SYNTHETIC
13.92,10.0,1,0,SYNTHETIC
13.92,11.0,2,0,SYNTHETIC
13.92,12.0,3,0,SYNTHETIC
13.92,16.0,4,0,SYNTHETIC
13.92,6.0,5,0,SYNTHETIC
13.92,50.0,6,1,SYNTHETIC
13.92,18.0,7,0,SYNTHETIC
13.92,47.0,8,1,SYNTHETIC
13.92,13.0,9,0,SYNTHETIC
13.92,18.0,10,0,SYNTHETIC
13.92,22.0,11,0,SYNTHETIC
13.92,15.0,12,0,SYNTHETIC
13.92,15.0,13,0,SYNTHETIC
13.92,15.0,14,0,SYNTHETIC
13.92,17.0,15,0,SYNTHETIC
13.92,12.0,16,0,SYNTHETIC
13.92,14.0,17,0,SYNTHETIC
13.92,15.0,18,0,SYNTHETIC
13.92,14.0,19,0,SYNTHETIC
13.92,11.0,20,0,SYNTHETIC
13.92,13.0,21,0,SYNTHETIC
13.92,18.0,22,0,SYNTHETIC
13.92,12.0,23,0,SYNTHETIC
20.76,25.0,0,0,SYNTHETIC
20.76,21.0,1,0,SYNTHETIC
20.76,24.0,2,0,SYNTHETIC
20.76,24.0,3,0,SYNTHETIC
20.76,19.0,4,0,SYNTHETIC
20.76,23.0,5,0,SYNTHETIC
20.76,16.0,6,0,SYNTHETIC
20.76,20.0,7,0,SYNTHETIC
20.76,12.0,8,0,SYNTHETIC
20.76,19.0,9,0,SYNTHETIC
20.76,25.0,10,0,SYNTHETIC
20.76,14.0,11,0,SYNTHETIC
20.76,14.0,12,0,SYNTHETIC
20.76,21.0,13,0,SYNTHETIC
20.76,21.0,14,0,SYNTHETIC
20.76,15.0,15,0,SYNTHETIC
20.76,33.0,16,0,SYNTHETIC
20.76,19.0,17,0,SYNTHETIC
20.76,22.0,18,0,SYNTHETIC
20.76,25.0,19,0,SYNTHETIC
20.76,15.0,20,0,SYNTHETIC
20.76,17.0,21,0,SYNTHETIC
20.76,12.0,22,0,SYNTHETIC
20.76,24.0,23,0,SYNTHETIC
38.3,20.0,0,0,SYNTHETIC
38.3,12.0,1,0,SYNTHETIC
38.3,17.0,2,0,SYNTHETIC
38.3,37.0,3,0,SYNTHETIC
38.3,180.0,4,1,SYNTHETIC
38.3,44.0,5,0,SYNTHETIC
38.3,31.0,6,0,SYNTHETIC
38.3,36.0,7,0,SYNTHETIC
38.3,27.0,8,0,SYNTHETIC
38.3,38.0,9,0,SYNTHETIC
38.3,44.0,10,0,SYNTHETIC
38.3,41.0,11,0,SYNTHETIC
38.3,32.0,12,0,SYNTHETIC
38.3,31.0,13,0,SYNTHETIC
38.3,34.0,14,0,SYNTHETIC
38.3,30.0,15,0,SYNTHETIC
38.3,30.0,16,0,SYNTHETIC
38.3,38.0,17,0,SYNTHETIC
38.3,37.0,18,0,SYNTHETIC
38.3,34.0,19,0,SYNTHETIC
38.3,39.0,20,0,SYNTHETIC
38.3,40.0,21,0,SYNTHETIC
38.3,152.0,22,1,SYNTHETIC
38.3,32.0,23,0,SYNTHETIC
18.59,21.0,0,0,SYNTHETIC
18.59,24.0,1,0,SYNTHETIC
18.59,27.0,2,0,SYNTHETIC
18.59,18.0,3,0,SYNTHETIC
18.59,24.0,4,0,SYNTHETIC
18.59,49.0,5,1,SYNTHETIC
18.59,11.0,6,0,SYNTHETIC
18.59,20.0,7,0,SYNTHETIC
18.59,17.0,8,0,SYNTHETIC
18.59,16.0,9,0,SYNTHETIC
18.59,17.0,10,0,SYNTHETIC
18.59,30.0,11,0,SYNTHETIC
18.59,13.0,12,0,SYNTHETIC
18.59,14.0,13,0,SYNTHETIC
18.59,26.0,14,0,SYNTHETIC
18.59,20.0,15,0,SYNTHETIC
18.59,15.0,16,0,SYNTHETIC
18.59,13.0,17,0,SYNTHETIC
18.59,26.0,18,0,SYNTHETIC
18.59,25.0,19,0,SYNTHETIC
18.59,17.0,20,0,SYNTHETIC
18.59,17.0,21,0,SYNTHETIC
18.59,87.0,22,1,SYNTHETIC
18.59,15.0,23,0,SYNTHETIC
23.99,25.0,0,0,SYNTHETIC
23.99,17.0,1,0,SYNTHETIC
23.99,17.0,2,0,SYNTHETIC
23.99,20.0,3,0,SYNTHETIC
23.99,12.0,4,0,SYNTHETIC
23.99,30.0,5,0,SYNTHETIC
23.99,19.0,6,0,SYNTHETIC
23.99,30.0,7,0,SYNTHETIC
23.99,23.0,8,0,SYNTHETIC
23.99,22.0,9,0,SYNTHETIC
23.99,30.0,10,0,SYNTHETIC
23.99,21.0,11,0,SYNTHETIC
23.99,36.0,12,0,SYNTHETIC
23.99,19.0,13,0,SYNTHETIC
23.99,21.0,14,0,SYNTHETIC
23.99,25.0,15,0,SYNTHETIC
23.99,18.0,16,0,SYNTHETIC
23.99,24.0,17,0,SYNTHETIC
23.99,20.0,18,0,SYNTHETIC
23.99,27.0,19,0,SYNTHETIC
23.99,34.0,20,0,SYNTHETIC
23.99,29.0,21,0,SYNTHETIC
23.99,18.0,22,0,SYNTHETIC
23.99,27.0,23,0,SYNTHETIC
29.86,30.0,0,0,SYNTHETIC
29.86,34.0,1,0,SYNTHETIC
29.86,20.0,2,0,SYNTHETIC
29.86,40.0,3,0,SYNTHETIC
29.86,38.0,4,0,SYNTHETIC
29.86,40.0,5,0,SYNTHETIC
29.86,26.0,6,0,SYNTHETIC
29.86,27.0,7,0,SYNTHETIC
29.86,34.0,8,0,SYNTHETIC
29.86,22.0,9,0,SYNTHETIC
29.86,23.0,10,0,SYNTHETIC
29.86,37.0,11,0,SYNTHETIC
29.86,13.0,12,0,SYNTHETIC
29.86,28.0,13,0,SYNTHETIC
29.86,89.0,14,1,SYNTHETIC
29.86,31.0,15,0,SYNTHETIC
29.86,21.0,16,0,SYNTHETIC
29.86,30.0,17,0,SYNTHETIC
29.86,14.0,18,0,SYNTHETIC
29.86,33.0,19,0,SYNTHETIC
29.86,35.0,20,0,SYNTHETIC
29.86,27.0,21,0,SYNTHETIC
29.86,20.0,22,0,SYNTHETIC
29.86,37.0,23,0,SYNTHETIC
21.4,17.0,0,0,SYNTHETIC
21.4,21.0,1,0,SYNTHETIC
21.4,22.0,2,0,SYNTHETIC
21.4,25.0,3,0,SYNTHETIC
21.4,29.0,4,0,SYNTHETIC
21.4,18.0,5,0,SYNTHETIC
21.4,23.0,6,0,SYNTHETIC
21.4,28.0,7,0,SYNTHETIC
21.4,21.0,8,0,SYNTHETIC
21.4,28.0,9,0,SYNTHETIC
21.4,17.0,10,0,SYNTHETIC
21.4,23.0,11,0,SYNTHETIC
21.4,24.0,12,0,SYNTHETIC
21.4,22.0,13,0,SYNTHETIC
21.4,20.0,14,0,SYNTHETIC
21.4,23.0,15,0,SYNTHETIC
21.4,22.0,16,0,SYNTHETIC
21.4,18.0,17,0,SYNTHETIC
21.4,19.0,18,0,SYNTHETIC
21.4,14.0,19,0,SYNTHETIC
21.4,23.0,20,0,SYNTHETIC
21.4,24.0,21,0,SYNTHETIC
21.4,20.0,22,0,SYNTHETIC
21.4,14.0,23,0,SYNTHETIC
10.13,10.0,0,0,SYNTHETIC
10.13,10.0,1,0,SYNTHETIC
10.13,10.0,2,0,SYNTHETIC
10.13,28.0,3,1,SYNTHETIC
10.13,12.0,4,0,SYNTHETIC
10.13,10.0,5,0,SYNTHETIC
10.13,10.0,6,0,SYNTHETIC
10.13,37.0,7,1,SYNTHETIC
10.13,43.0,8,1,SYNTHETIC
10.13,29.0,9,1,SYNTHETIC
10.13,12.0,10,0,SYNTHETIC
10.13,12.0,11,0,SYNTHETIC
10.13,8.0,12,0,SYNTHETIC
10.13,11.0,13,0,SYNTHETIC
10.13,11.0,14,0,SYNTHETIC
10.13,13.0,15,0,SYNTHETIC
10.13,13.0,16,0,SYNTHETIC
10.13,11.0,17,0,SYNTHETIC
10.13,9.0,18,0,SYNTHETIC
10.13,11.0,19,0,SYNTHETIC
10.13,12.0,20,0,SYNTHETIC
10.13,8.0,21,0,SYNTHETIC
10.13,7.0,22,0,SYNTHETIC
10.13,10.0,23,0,SYNTHETIC
36.84,33.0,0,0,SYNTHETIC
36.84,30.0,1,0,SYNTHETIC
36.84,25.0,2,0,SYNTHETIC
36.84,47.0,3,0,SYNTHETIC
36.84,35.0,4,0,SYNTHETIC
36.84,28.0,5,0,SYNTHETIC
36.84,26.0,6,0,SYNTHETIC
36.84,40.0,7,0,SYNTHETIC
36.84,38.0,8,0,SYNTHETIC
36.84,48.0,9,0,SYNTHETIC
36.84,32.0,10,0,SYNTHETIC
36.84,53.0,11,0,SYNTHETIC
36.84,34.0,12,0,SYNTHETIC
36.84,17.0,13,0,SYNTHETIC
36.84,30.0,14,0,SYNTHETIC
36.84,54.0,15,0,SYNTHETIC
36.84,42.0,16,0,SYNTHETIC
36.84,127.0,17,1,SYNTHETIC
36.84,33.0,18,0,SYNTHETIC
36.84,41.0,19,0,SYNTHETIC
36.84,43.0,20,0,SYNTHETIC
36.84,45.0,21,0,SYNTHETIC
36.84,23.0,22,0,SYNTHETIC
36.84,33.0,23,0,SYNTHETIC
30.67,18.0,0,0,SYNTHETIC
30.67,34.0,1,0,SYNTHETIC
30.67,30.0,2,0,SYNTHETIC
30.67,18.0,3,0,SYNTHETIC
30.67,15.0,4,0,SYNTHETIC
30.67,34.0,5,0,SYNTHETIC
30.67,26.0,6,0,SYNTHETIC
30.67,30.0,7,0,SYNTHETIC
30.67,14.0,8,0,SYNTHETIC
30.67,29.0,9,0,SYNTHETIC
30.67,81.0,10,1,SYNTHETIC
30.67,24.0,11,0,SYNTHETIC
30.67,41.0,12,0,SYNTHETIC
30.67,32.0,13,0,SYNTHETIC
30.67,28.0,14,0,SYNTHETIC
30.67,21.0,15,0,SYNTHETIC
30.67,24.0,16,0,SYNTHETIC
30.67,116.0,17,1,SYNTHETIC
30.67,29.0,18,0,SYNTHETIC
30.67,24.0,19,0,SYNTHETIC
30.67,28.0,20,0,SYNTHETIC
30.67,36.0,21,0,SYNTHETIC
30.67,29.0,22,0,SYNTHETIC
30.67,38.0,23,0,SYNTHETIC
30.29,32.0,0,0,SYNTHETIC
30.29,42.0,1,0,SYNTHETIC
30.29,24.0,2,0,SYNTHETIC
30.29,34.0,3,0,SYNTHETIC
30.29,28.0,4,0,SYNTHETIC
30.29,22.0,5,0,SYNTHETIC
30.29,42.0,6,0,SYNTHETIC
30.29,47.0,7,0,SYNTHETIC
30.29,17.0,8,0,SYNTHETIC
30.29,34.0,9,0,SYNTHETIC
30.29,32.0,10,0,SYNTHETIC
30.29,25.0,11,0,SYNTHETIC
30.29,28.0,12,0,SYNTHETIC
30.29,24.0,13,0,SYNTHETIC
30.29,42.0,14,0,SYNTHETIC
30.29,33.0,15,0,SYNTHETIC
30.29,32.0,16,0,SYNTHETIC
30.29,19.0,17,0,SYNTHETIC
30.29,131.0,18,1,SYNTHETIC
30.29,30.0,19,0,SYNTHETIC
30.29,29.0,20,0,SYNTHETIC
30.29,27.0,21,0,SYNTHETIC
30.29,39.0,22,0,SYNTHETIC
30.29,14.0,23,0,SYNTHETIC
11.08,10.0,0,0,SYNTHETIC
11.08,10.0,1,0,SYNTHETIC
11.08,15.0,2,0,SYNTHETIC
11.08,17.0,3,0,SYNTHETIC
11.08,10.0,4,0,SYNTHETIC
11.08,10.0,5,0,SYNTHETIC
11.08,11.0,6,0,SYNTHETIC
11.08,12.0,7,0,SYNTHETIC
11.08,12.0,8,0,SYNTHETIC
11.08,14.0,9,0,SYNTHETIC
11.08,32.0,10,1,SYNTHETIC
11.08,54.0,11,1,SYNTHETIC
11.08,8.0,12,0,SYNTHETIC
11.08,10.0,13,0,SYNTHETIC
11.08,13.0,14,0,SYNTHETIC
11.08,15.0,15,0,SYNTHETIC
11.08,14.0,16,0,SYNTHETIC
11.08,18.0,17,0,SYNTHETIC
11.08,11.0,18,0,SYNTHETIC
11.08,15.0,19,0,SYNTHETIC
11.08,14.0,20,0,SYNTHETIC
11.08,45.0,21,1,SYNTHETIC
11.08,11.0,22,0,SYNTHETIC
11.08,12.0,23,0,SYNTHETIC
25.41,24.0,0,0,SYNTHETIC
25.41,28.0,1,0,SYNTHETIC
25.41,30.0,2,0,SYNTHETIC
25.41,38.0,3,0,SYNTHETIC
25.41,18.0,4,0,SYNTHETIC
25.41,19.0,5,0,SYNTHETIC
25.41,38.0,6,0,SYNTHETIC
25.41,13.0,7,0,SYNTHETIC
25.41,22.0,8,0,SYNTHETIC
25.41,22.0,9,0,SYNTHETIC
25.41,23.0,10,0,SYNTHETIC
25.41,34.0,11,0,SYNTHETIC
25.41,29.0,12,0,SYNTHETIC
25.41,23.0,13,0,SYNTHETIC
25.41,18.0,14,0,SYNTHETIC
25.41,27.0,15,0,SYNTHETIC
25.41,23.0,16,0,SYNTHETIC
25.41,19.0,17,0,SYNTHETIC
25.41,25.0,18,0,SYNTHETIC
25.41,18.0,19,0,SYNTHETIC
25.41,26.0,20,0,SYNTHETIC
25.41,27.0,21,0,SYNTHETIC
25.41,20.0,22,0,SYNTHETIC
25.41,26.0,23,0,SYNTHETIC
23.08,24.0,0,0,SYNTHETIC
23.08,27.0,1,0,SYNTHETIC
23.08,19.0,2,0,SYNTHETIC
23.08,20.0,3,0,SYNTHETIC
23.08,30.0,4,0,SYNTHETIC
23.08,24.0,5,0,SYNTHETIC
23.08,20.0,6,0,SYNTHETIC
23.08,25.0,7,0,SYNTHETIC
23.08,25.0,8,0,SYNTHETIC
23.08,15.0,9,0,SYNTHETIC
23.08,13.0,10,0,SYNTHETIC
23.08,34.0,11,0,SYNTHETIC
23.08,114.0,12,1,SYNTHETIC
23.08,87.0,13,1,SYNTHETIC
23.08,24.0,14,0,SYNTHETIC
23.08,31.0,15,0,SYNTHETIC
23.08,22.0,16,0,SYNTHETIC
23.08,23.0,17,0,SYNTHETIC
23.08,20.0,18,0,SYNTHETIC
23.08,16.0,19,0,SYNTHETIC
23.08,30.0,20,0,SYNTHETIC
23.08,22.0,21,0,SYNTHETIC
23.08,30.0,22,0,SYNTHETIC
23.08,23.0,23,0,SYNTHETIC
27.06,28.0,0,0,SYNTHETIC
27.06,36.0,1,0,SYNTHETIC
27.06,120.0,2,1,SYNTHETIC
27.06,29.0,3,0,SYNTHETIC
27.06,24.0,4,0,SYNTHETIC
27.06,18.0,5,0,SYNTHETIC
27.06,21.0,6,0,SYNTHETIC
27.06,30.0,7,0,SYNTHETIC
27.06,10.0,8,0,SYNTHETIC
27.06,26.0,9,0,SYNTHETIC
27.06,22.0,10,0,SYNTHETIC
27.06,32.0,11,0,SYNTHETIC
27.06,35.0,12,0,SYNTHETIC
27.06,30.0,13,0,SYNTHETIC
27.06,29.0,14,0,SYNTHETIC
27.06,22.0,15,0,SYNTHETIC
27.06,38.0,16,0,SYNTHETIC
27.06,23.0,17,0,SYNTHETIC
27.06,27.0,18,0,SYNTHETIC
27.06,18.0,19,0,SYNTHETIC
27.06,25.0,20,0,SYNTHETIC
27.06,21.0,21,0,SYNTHETIC
27.06,25.0,22,0,SYNTHETIC
27.06,21.0,23,0,SYNTHETIC
33.2,28.0,0,0,SYNTHETIC
33.2,33.0,1,0,SYNTHETIC
33.2,28.0,2,0,SYNTHETIC
33.2,20.0,3,0,SYNTHETIC
33.2,32.0,4,0,SYNTHETIC
33.2,31.0,5,0,SYNTHETIC
33.2,34.0,6,0,SYNTHETIC
33.2,24.0,7,0,SYNTHETIC
33.2,28.0,8,0,SYNTHETIC
33.2,30.0,9,0,SYNTHETIC
33.2,36.0,10,0,SYNTHETIC
33.2,27.0,11,0,SYNTHETIC
33.2,37.0,12,0,SYNTHETIC
33.2,32.0,13,0,SYNTHETIC
33.2,24.0,14,0,SYNTHETIC
33.2,30.0,15,0,SYNTHETIC
33.2,20.0,16,0,SYNTHETIC
33.2,28.0,17,0,SYNTHETIC
33.2,34.0,18,0,SYNTHETIC
33.2,38.0,19,0,SYNTHETIC
33.2,19.0,20,0,SYNTHETIC
33.2,29.0,21,0,SYNTHETIC
33.2,40.0,22,0,SYNTHETIC
33.2,12.0,23,0,SYNTHETIC
35.41,31.0,0,0,SYNTHETIC
35.41,51.0,1,0,SYNTHETIC
35.41,36.0,2,0,SYNTHETIC
35.41,30.0,3,0,SYNTHETIC
35.41,44.0,4,0,SYNTHETIC
35.41,45.0,5,0,SYNTHETIC
35.41,41.0,6,0,SYNTHETIC
35.41,31.0,7,0,SYNTHETIC
35.41,33.0,8,0,SYNTHETIC
35.41,44.0,9,0,SYNTHETIC
35.41,55.0,10,0,SYNTHETIC
35.41,30.0,11,0,SYNTHETIC
35.41,37.0,12,0,SYNTHETIC
35.41,37.0,13,0,SYNTHETIC
35.41,49.0,14,0,SYNTHETIC
35.41,33.0,15,0,SYNTHETIC
35.41,29.0,16,0,SYNTHETIC
35.41,31.0,17,0,SYNTHETIC
35.41,43.0,18,0,SYNTHETIC
35.41,34.0,19,0,SYNTHETIC
35.41,27.0,20,0,SYNTHETIC
35.41,13.0,21,0,SYNTHETIC
35.41,39.0,22,0,SYNTHETIC
35.41,41.0,23,0,SYNTHETIC
19.1,22.0,0,0,SYNTHETIC
19.1,16.0,1,0,SYNTHETIC
19.1,20.0,2,0,SYNTHETIC
19.1,21.0,3,0,SYNTHETIC
19.1,17.0,4,0,SYNTHETIC
19.1,35.0,5,0,SYNTHETIC
19.1,17.0,6,0,SYNTHETIC
19.1,17.0,7,0,SYNTHETIC
19.1,87.0,8,1,SYNTHETIC
19.1,17.0,9,0,SYNTHETIC
19.1,77.0,10,1,SYNTHETIC
19.1,17.0,11,0,SYNTHETIC
19.1,26.0,12,0,SYNTHETIC
19.1,26.0,13,0,SYNTHETIC
19.1,13.0,14,0,SYNTHETIC
19.1,23.0,15,0,SYNTHETIC
19.1,22.0,16,0,SYNTHETIC
19.1,29.0,17,0,SYNTHETIC
19.1,29.0,18,0,SYNTHETIC
19.1,21.0,19,0,SYNTHETIC
19.1,21.0,20,0,SYNTHETIC
19.1,17.0,21,0,SYNTHETIC
19.1,24.0,22,0,SYNTHETIC
19.1,25.0,23,0,SYNTHETIC
12.18,12.0,0,0,SYNTHETIC
12.18,10.0,1,0,SYNTHETIC
12.18,9.0,2,0,SYNTHETIC
12.18,12.0,3,0,SYNTHETIC
12.18,7.0,4,0,SYNTHETIC
12.18,9.0,5,0,SYNTHETIC
12.18,12.0,6,0,SYNTHETIC
12.18,10.0,7,0,SYNTHETIC
12.18,12.0,8,0,SYNTHETIC
12.18,11.0,9,0,SYNTHETIC
12.18,12.0,10,0,SYNTHETIC
12.18,16.0,11,0,SYNTHETIC
12.18,11.0,12,0,SYNTHETIC
12.18,13.0,13,0,SYNTHETIC
12.18,15.0,14,0,SYNTHETIC
12.18,13.0,15,0,SYNTHETIC
12.18,12.0,16,0,SYNTHETIC
12.18,12.0,17,0,SYNTHETIC
12.18,10.0,18,0,SYNTHETIC
12.18,14.0,19,0,SYNTHETIC
12.18,12.0,20,0,SYNTHETIC
12.18,11.0,21,0,SYNTHETIC
12.18,11.0,22,0,SYNTHETIC
12.18,15.0,23,0,SYNTHETIC
19.88,58.0,0,1,SYNTHETIC
19.88,17.0,1,0,SYNTHETIC
19.88,21.0,2,0,SYNTHETIC
19.88,15.0,3,0,SYNTHETIC
19.88,18.0,4,0,SYNTHETIC
19.88,27.0,5,0,SYNTHETIC
19.88,8.0,6,0,SYNTHETIC
19.88,31.0,7,0,SYNTHETIC
19.88,16.0,8,0,SYNTHETIC
19.88,22.0,9,0,SYNTHETIC
19.88,22.0,10,0,SYNTHETIC
19.88,19.0,11,0,SYNTHETIC
19.88,19.0,12,0,SYNTHETIC
19.88,24.0,13,0,SYNTHETIC
19.88,21.0,14,0,SYNTHETIC
19.88,19.0,15,0,SYNTHETIC
19.88,23.0,16,0,SYNTHETIC
19.88,17.0,17,0,SYNTHETIC
19.88,18.0,18,0,SYNTHETIC
19.88,14.0,19,0,SYNTHETIC
19.88,16.0,20,0,SYNTHETIC
19.88,20.0,21,0,SYNTHETIC
19.88,73.0,22,1,SYNTHETIC
19.88,98.0,23,1,SYNTHETIC
38.23,18.0,0,0,SYNTHETIC
38.23,22.0,1,0,SYNTHETIC
38.23,178.0,2,1,SYNTHETIC
38.23,46.0,3,0,SYNTHETIC
38.23,41.0,4,0,SYNTHETIC
38.23,126.0,5,1,SYNTHETIC
38.23,48.0,6,0,SYNTHETIC
38.23,33.0,7,0,SYNTHETIC
38.23,33.0,8,0,SYNTHETIC
38.23,37.0,9,0,SYNTHETIC
38.23,28.0,10,0,SYNTHETIC
38.23,32.0,11,0,SYNTHETIC
38.23,59.0,12,0,SYNTHETIC
38.23,46.0,13,0,SYNTHETIC
38.23,42.0,14,0,SYNTHETIC
38.23,48.0,15,0,SYNTHETIC
38.23,32.0,16,0,SYNTHETIC
38.23,50.0,17,0,SYNTHETIC
38.23,41.0,18,0,SYNTHETIC
38.23,39.0,19,0,SYNTHETIC
38.23,41.0,20,0,SYNTHETIC
38.23,185.0,21,1,SYNTHETIC
38.23,20.0,22,0,SYNTHETIC
38.23,32.0,23,0,SYNTHETIC
29.44,35.0,0,0,SYNTHETIC
29.44,26.0,1,0,SYNTHETIC
29.44,36.0,2,0,SYNTHETIC
29.44,41.0,3,0,SYNTHETIC
29.44,40.0,4,0,SYNTHETIC
29.44,35.0,5,0,SYNTHETIC
29.44,40.0,6,0,SYNTHETIC
29.44,22.0,7,0,SYNTHETIC
29.44,20.0,8,0,SYNTHETIC
29.44,22.0,9,0,SYNTHETIC
29.44,33.0,10,0,SYNTHETIC
29.44,26.0,11,0,SYNTHETIC
29.44,42.0,12,0,SYNTHETIC
29.44,42.0,13,0,SYNTHETIC
29.44,22.0,14,0,SYNTHETIC
29.44,21.0,15,0,SYNTHETIC
29.44,33.0,16,0,SYNTHETIC
29.44,103.0,17,1,SYNTHETIC
29.44,26.0,18,0,SYNTHETIC
29.44,39.0,19,0,SYNTHETIC
29.44,31.0,20,0,SYNTHETIC
29.44,31.0,21,0,SYNTHETIC
29.44,24.0,22,0,SYNTHETIC
29.44,38.0,23,0,SYNTHETIC
37.95,52.0,0,0,SYNTHETIC
37.95,49.0,1,0,SYNTHETIC
37.95,37.0,2,0,SYNTHETIC
37.95,39.0,3,0,SYNTHETIC
37.95,18.0,4,0,SYNTHETIC
37.95,32.0,5,0,SYNTHETIC
37.95,55.0,6,0,SYNTHETIC
37.95,45.0,7,0,SYNTHETIC
37.95,36.0,8,0,SYNTHETIC
37.95,26.0,9,0,SYNTHETIC
37.95,31.0,10,0,SYNTHETIC
37.95,39.0,11,0,SYNTHETIC
37.95,48.0,12,0,SYNTHETIC
37.95,55.0,13,0,SYNTHETIC
37.95,34.0,14,0,SYNTHETIC
37.95,159.0,15,1,SYNTHETIC
37.95,23.0,16,0,SYNTHETIC
37.95,31.0,17,0,SYNTHETIC
37.95,28.0,18,0,SYNTHETIC
37.95,40.0,19,0,SYNTHETIC
37.95,49.0,20,0,SYNTHETIC
37.95,59.0,21,0,SYNTHETIC
37.95,40.0,22,0,SYNTHETIC
37.95,165.0,23,1,SYNTHETIC
29.87,31.0,0,0,SYNTHETIC
29.87,30.0,1,0,SYNTHETIC
29.87,29.0,2,0,SYNTHETIC
29.87,19.0,3,0,SYNTHETIC
29.87,34.0,4,0,SYNTHETIC
29.87,42.0,5,0,SYNTHETIC
29.87,113.0,6,1,SYNTHETIC
29.87,39.0,7,0,SYNTHETIC
29.87,38.0,8,0,SYNTHETIC
29.87,26.0,9,0,SYNTHETIC
29.87,26.0,10,0,SYNTHETIC
29.87,38.0,11,0,SYNTHETIC
29.87,26.0,12,0,SYNTHETIC
29.87,19.0,13,0,SYNTHETIC
29.87,123.0,14,1,SYNTHETIC
29.87,20.0,15,0,SYNTHETIC
29.87,36.0,16,0,SYNTHETIC
29.87,31.0,17,0,SYNTHETIC
29.87,36.0,18,0,SYNTHETIC
29.87,28.0,19,0,SYNTHETIC
29.87,33.0,20,0,SYNTHETIC
29.87,29.0,21,0,SYNTHETIC
29.87,24.0,22,0,SYNTHETIC
29.87,28.0,23,0,SYNTHETIC
36.43,25.0,0,0,SYNTHETIC
36.43,41.0,1,0,SYNTHETIC
36.43,36.0,2,0,SYNTHETIC
36.43,44.0,3,0,SYNTHETIC
36.43,48.0,4,0,SYNTHETIC
36.43,41.0,5,0,SYNTHETIC
36.43,43.0,6,0,SYNTHETIC
36.43,31.0,7,0,SYNTHETIC
36.43,35.0,8,0,SYNTHETIC
36.43,35.0,9,0,SYNTHETIC
36.43,47.0,10,0,SYNTHETIC
36.43,22.0,11,0,SYNTHETIC
36.43,45.0,12,0,SYNTHETIC
36.43,33.0,13,0,SYNTHETIC
36.43,30.0,14,0,SYNTHETIC
36.43,38.0,15,0,SYNTHETIC
36.43,28.0,16,0,SYNTHETIC
36.43,36.0,17,0,SYNTHETIC
36.43,57.0,18,0,SYNTHETIC
36.43,52.0,19,0,SYNTHETIC
36.43,118.0,20,1,SYNTHETIC
36.43,36.0,21,0,SYNTHETIC
36.43,30.0,22,0,SYNTHETIC
36.43,50.0,23,0,SYNTHETIC
34.22,39.0,0,0,SYNTHETIC
34.22,32.0,1,0,SYNTHETIC
34.22,37.0,2,0,SYNTHETIC
34.22,39.0,3,0,SYNTHETIC
34.22,20.0,4,0,SYNTHETIC
34.22,152.0,5,1,SYNTHETIC
34.22,21.0,6,0,SYNTHETIC
34.22,35.0,7,0,SYNTHETIC
34.22,26.0,8,0,SYNTHETIC
34.22,39.0,9,0,SYNTHETIC
34.22,35.0,10,0,SYNTHETIC
34.22,46.0,11,0,SYNTHETIC
34.22,38.0,12,0,SYNTHETIC
34.22,28.0,13,0,SYNTHETIC
34.22,31.0,14,0,SYNTHETIC
34.22,34.0,15,0,SYNTHETIC
34.22,33.0,16,0,SYNTHETIC
34.22,19.0,17,0,SYNTHETIC
34.22,17.0,18,0,SYNTHETIC
34.22,41.0,19,0,SYNTHETIC
34.22,30.0,20,0,SYNTHETIC
34.22,44.0,21,0,SYNTHETIC
34.22,40.0,22,0,SYNTHETIC
34.22,52.0,23,0,SYNTHETIC
36.92,36.0,0,0,SYNTHETIC
36.92,36.0,1,0,SYNTHETIC
36.92,50.0,2,0,SYNTHETIC
36.92,42.0,3,0,SYNTHETIC
36.92,41.0,4,0,SYNTHETIC
36.92,48.0,5,0,SYNTHETIC
36.92,28.0,6,0,SYNTHETIC
36.92,53.0,7,0,SYNTHETIC
36.92,29.0,8,0,SYNTHETIC
36.92,47.0,9,0,SYNTHETIC
36.92,39.0,10,0,SYNTHETIC
36.92,43.0,11,0,SYNTHETIC
36.92,36.0,12,0,SYNTHETIC
36.92,99.0,13,1,SYNTHETIC
36.92,42.0,14,0,SYNTHETIC
36.92,38.0,15,0,SYNTHETIC
36.92,45.0,16,0,SYNTHETIC
36.92,33.0,17,0,SYNTHETIC
36.92,52.0,18,0,SYNTHETIC
36.92,34.0,19,0,SYNTHETIC
36.92,29.0,20,0,SYNTHETIC
36.92,47.0,21,0,SYNTHETIC
36.92,40.0,22,0,SYNTHETIC
36.92,33.0,23,0,SYNTHETIC
29.5,30.0,0,0,SYNTHETIC
29.5,36.0,1,0,SYNTHETIC
29.5,24.0,2,0,SYNTHETIC
29.5,26.0,3,0,SYNTHETIC
29.5,32.0,4,0,SYNTHETIC
29.5,24.0,5,0,SYNTHETIC
29.5,31.0,6,0,SYNTHETIC
29.5,43.0,7,0,SYNTHETIC
29.5,39.0,8,0,SYNTHETIC
29.5,29.0,9,0,SYNTHETIC
29.5,27.0,10,0,SYNTHETIC
29.5,27.0,11,0,SYNTHETIC
29.5,109.0,12,1,SYNTHETIC
29.5,26.0,13,0,SYNTHETIC
29.5,27.0,14,0,SYNTHETIC
29.5,35.0,15,0,SYNTHETIC
29.5,24.0,16,0,SYNTHETIC
29.5,26.0,17,0,SYNTHETIC
29.5,31.0,18,0,SYNTHETIC
29.5,19.0,19,0,SYNTHETIC
29.5,30.0,20,0,SYNTHETIC
29.5,30.0,21,0,SYNTHETIC
29.5,21.0,22,0,SYNTHETIC
29.5,30.0,23,0,SYNTHETIC
30.2,24.0,0,0,SYNTHETIC
30.2,27.0,1,0,SYNTHETIC
30.2,31.0,2,0,SYNTHETIC
30.2,24.0,3,0,SYNTHETIC
30.2,28.0,4,0,SYNTHETIC
30.2,34.0,5,0,SYNTHETIC
30.2,37.0,6,0,SYNTHETIC
30.2,31.0,7,0,SYNTHETIC
30.2,30.0,8,0,SYNTHETIC
30.2,38.0,9,0,SYNTHETIC
30.2,36.0,10,0,SYNTHETIC
30.2,25.0,11,0,SYNTHETIC
30.2,31.0,12,0,SYNTHETIC
30.2,23.0,13,0,SYNTHETIC
30.2,33.0,14,0,SYNTHETIC
30.2,25.0,15,0,SYNTHETIC
30.2,33.0,16,0,SYNTHETIC
30.2,30.0,17,0,SYNTHETIC
30.2,43.0,18,0,SYNTHETIC
30.2,35.0,19,0,SYNTHETIC
30.2,23.0,20,0,SYNTHETIC
30.2,106.0,21,1,SYNTHETIC
30.2,16.0,22,0,SYNTHETIC
30.2,37.0,23,0,SYNTHETIC
17.46,18.0,0,0,SYNTHETIC
17.46,17.0,1,0,SYNTHETIC
17.46,20.0,2,0,SYNTHETIC
17.46,22.0,3,0,SYNTHETIC
17.46,27.0,4,0,SYNTHETIC
17.46,14.0,5,0,SYNTHETIC
17.46,23.0,6,0,SYNTHETIC
17.46,16.0,7,0,SYNTHETIC
17.46,19.0,8,0,SYNTHETIC
17.46,19.0,9,0,SYNTHETIC
17.46,18.0,10,0,SYNTHETIC
17.46,21.0,11,0,SYNTHETIC
17.46,18.0,12,0,SYNTHETIC
17.46,23.0,13,0,SYNTHETIC
17.46,20.0,14,0,SYNTHETIC
17.46,14.0,15,0,SYNTHETIC
17.46,18.0,16,0,SYNTHETIC
17.46,17.0,17,0,SYNTHETIC
17.46,10.0,18,0,SYNTHETIC
17.46,13.0,19,0,SYNTHETIC
17.46,10.0,20,0,SYNTHETIC
17.46,16.0,21,0,SYNTHETIC
17.46,12.0,22,0,SYNTHETIC
17.46,16.0,23,0,SYNTHETIC
24.84,21.0,0,0,SYNTHETIC
24.84,30.0,1,0,SYNTHETIC
24.84,33.0,2,0,SYNTHETIC
24.84,30.0,3,0,SYNTHETIC
24.84,26.0,4,0,SYNTHETIC
24.84,29.0,5,0,SYNTHETIC
24.84,33.0,6,0,SYNTHETIC
24.84,28.0,7,0,SYNTHETIC
24.84,21.0,8,0,SYNTHETIC
24.84,19.0,9,0,SYNTHETIC
24.84,27.0,10,0,SYNTHETIC
24.84,24.0,11,0,SYNTHETIC
24.84,16.0,12,0,SYNTHETIC
24.84,35.0,13,0,SYNTHETIC
24.84,29.0,14,0,SYNTHETIC
24.84,35.0,15,0,SYNTHETIC
24.84,36.0,16,0,SYNTHETIC
24.84,27.0,17,0,SYNTHETIC
24.84,14.0,18,0,SYNTHETIC
24.84,24.0,19,0,SYNTHETIC
24.84,26.0,20,0,SYNTHETIC
24.84,23.0,21,0,SYNTHETIC
24.84,18.0,22,0,SYNTHETIC
24.84,22.0,23,0,SYNTHETIC
38.68,19.0,0,0,SYNTHETIC
38.68,34.0,1,0,SYNTHETIC
38.68,37.0,2,0,SYNTHETIC
38.68,41.0,3,0,SYNTHETIC
38.68,36.0,4,0,SYNTHETIC
38.68,42.0,5,0,SYNTHETIC
38.68,34.0,6,0,SYNTHETIC
38.68,31.0,7,0,SYNTHETIC
38.68,38.0,8,0,SYNTHETIC
38.68,50.0,9,0,SYNTHETIC
38.68,37.0,10,0,SYNTHETIC
38.68,52.0,11,0,SYNTHETIC
38.68,52.0,12,0,SYNTHETIC
38.68,40.0,13,0,SYNTHETIC
38.68,39.0,14,0,SYNTHETIC
38.68,47.0,15,0,SYNTHETIC
38.68,55.0,16,0,SYNTHETIC
38.68,45.0,17,0,SYNTHETIC
38.68,44.0,18,0,SYNTHETIC
38.68,54.0,19,0,SYNTHETIC
38.68,48.0,20,0,SYNTHETIC
38.68,37.0,21,0,SYNTHETIC
38.68,23.0,22,0,SYNTHETIC
38.68,35.0,23,0,SYNTHETIC
24.43,20.0,0,0,SYNTHETIC
24.43,22.0,1,0,SYNTHETIC
24.43,14.0,2,0,SYNTHETIC
24.43,27.0,3,0,SYNTHETIC
24.43,22.0,4,0,SYNTHETIC
24.43,18.0,5,0,SYNTHETIC
24.43,27.0,6,0,SYNTHETIC
24.43,18.0,7,0,SYNTHETIC
24.43,20.0,8,0,SYNTHETIC
24.43,27.0,9,0,SYNTHETIC
24.43,31.0,10,0,SYNTHETIC
24.43,32.0,11,0,SYNTHETIC
24.43,15.0,12,0,SYNTHETIC
24.43,20.0,13,0,SYNTHETIC
24.43,26.0,14,0,SYNTHETIC
24.43,10.0,15,0,SYNTHETIC
24.43,33.0,16,0,SYNTHETIC
24.43,28.0,17,0,SYNTHETIC
24.43,24.0,18,0,SYNTHETIC
24.43,35.0,19,0,SYNTHETIC
24.43,12.0,20,0,SYNTHETIC
24.43,15.0,21,0,SYNTHETIC
24.43,35.0,22,0,SYNTHETIC
24.43,23.0,23,0,SYNTHETIC
13.57,11.0,0,0,SYNTHETIC
13.57,14.0,1,0,SYNTHETIC
13.57,15.0,2,0,SYNTHETIC
13.57,14.0,3,0,SYNTHETIC
13.57,11.0,4,0,SYNTHETIC
13.57,13.0,5,0,SYNTHETIC
13.57,13.0,6,0,SYNTHETIC
13.57,14.0,7,0,SYNTHETIC
13.57,13.0,8,0,SYNTHETIC
13.57,18.0,9,0,SYNTHETIC
13.57,12.0,10,0,SYNTHETIC
13.57,11.0,11,0,SYNTHETIC
13.57,15.0,12,0,SYNTHETIC
13.57,12.0,13,0,SYNTHETIC
13.57,12.0,14,0,SYNTHETIC
13.57,15.0,15,0,SYNTHETIC
13.57,17.0,16,0,SYNTHETIC
13.57,63.0,17,1,SYNTHETIC
13.57,7.0,18,0,SYNTHETIC
13.57,13.0,19,0,SYNTHETIC
13.57,14.0,20,0,SYNTHETIC
13.57,11.0,21,0,SYNTHETIC
13.57,12.0,22,0,SYNTHETIC
13.57,12.0,23,0,SYNTHETIC
32.56,152.0,0,1,SYNTHETIC
32.56,41.0,1,0,SYNTHETIC
32.56,34.0,2,0,SYNTHETIC
32.56,33.0,3,0,SYNTHETIC
32.56,55.0,4,0,SYNTHETIC
32.56,35.0,5,0,SYNTHETIC
32.56,43.0,6,0,SYNTHETIC
32.56,39.0,7,0,SYNTHETIC
32.56,37.0,8,0,SYNTHETIC
32.56,21.0,9,0,SYNTHETIC
32.56,20.0,10,0,SYNTHETIC
32.56,36.0,11,0,SYNTHETIC
32.56,35.0,12,0,SYNTHETIC
32.56,36.0,13,0,SYNTHETIC
32.56,34.0,14,0,SYNTHETIC
32.56,32.0,15,0,SYNTHETIC
32.56,22.0,16,0,SYNTHETIC
32.56,41.0,17,0,SYNTHETIC
32.56,30.0,18,0,SYNTHETIC
32.56,37.0,19,0,SYNTHETIC
32.56,41.0,20,0,SYNTHETIC
32.56,24.0,21,0,SYNTHETIC
32.56,22.0,22,0,SYNTHETIC
32.56,42.0,23,0,SYNTHETIC
13.6,13.0,0,0,SYNTHETIC
13.6,16.0,1,0,SYNTHETIC
13.6,12.0,2,0,SYNTHETIC
13.6,19.0,3,0,SYNTHETIC
13.6,9.0,4,0,SYNTHETIC
13.6,16.0,5,0,SYNTHETIC
13.6,13.0,6,0,SYNTHETIC
13.6,11.0,7,0,SYNTHETIC
13.6,15.0,8,0,SYNTHETIC
13.6,12.0,9,0,SYNTHETIC
13.6,18.0,10,0,SYNTHETIC
13.6,14.0,11,0,SYNTHETIC
13.6,17.0,12,0,SYNTHETIC
13.6,10.0,13,0,SYNTHETIC
13.6,5.0,14,0,SYNTHETIC
13.6,15.0,15,0,SYNTHETIC
13.6,14.0,16,0,SYNTHETIC
13.6,18.0,17,0,SYNTHETIC
13.6,7.0,18,0,SYNTHETIC
13.6,5.0,19,0,SYNTHETIC
13.6,11.0,20,0,SYNTHETIC
13.6,12.0,21,0,SYNTHETIC
13.6,23.0,22,0,SYNTHETIC
13.6,18.0,23,0,SYNTHETIC
12.54,13.0,0,0,SYNTHETIC
12.54,15.0,1,0,SYNTHETIC
12.54,8.0,2,0,SYNTHETIC
12.54,17.0,3,0,SYNTHETIC
12.54,8.0,4,0,SYNTHETIC
12.54,6.0,5,0,SYNTHETIC
12.54,11.0,6,0,SYNTHETIC
12.54,19.0,7,0,SYNTHETIC
12.54,11.0,8,0,SYNTHETIC
12.54,11.0,9,0,SYNTHETIC
12.54,16.0,10,0,SYNTHETIC
12.54,12.0,11,0,SYNTHETIC
12.54,13.0,12,0,SYNTHETIC
12.54,21.0,13,0,SYNTHETIC
12.54,21.0,14,0,SYNTHETIC
12.54,10.0,15,0,SYNTHETIC
12.54,11.0,16,0,SYNTHETIC
12.54,9.0,17,0,SYNTHETIC
12.54,10.0,18,0,SYNTHETIC
12.54,12.0,19,0,SYNTHETIC
12.54,13.0,20,0,SYNTHETIC
12.54,15.0,21,0,SYNTHETIC
12.54,10.0,22,0,SYNTHETIC
12.54,13.0,23,0,SYNTHETIC
18.21,7.0,0,0,SYNTHETIC
18.21,19.0,1,0,SYNTHETIC
18.21,19.0,2,0,SYNTHETIC
18.21,17.0,3,0,SYNTHETIC
18.21,16.0,4,0,SYNTHETIC
18.21,20.0,5,0,SYNTHETIC
18.21,12.0,6,0,SYNTHETIC
18.21,19.0,7,0,SYNTHETIC
18.21,77.0,8,1,SYNTHETIC
18.21,15.0,9,0,SYNTHETIC
18.21,14.0,10,0,SYNTHETIC
18.21,12.0,11,0,SYNTHETIC
18.21,16.0,12,0,SYNTHETIC
18.21,19.0,13,0,SYNTHETIC
18.21,21.0,14,0,SYNTHETIC
18.21,23.0,15,0,SYNTHETIC
18.21,18.0,16,0,SYNTHETIC
18.21,23.0,17,0,SYNTHETIC
18.21,17.0,18,0,SYNTHETIC
18.21,20.0,19,0,SYNTHETIC
18.21,19.0,20,0,SYNTHETIC
18.21,65.0,21,1,SYNTHETIC
18.21,51.0,22,1,SYNTHETIC
18.21,18.0,23,0,SYNTHETIC
10.73,8.0,0,0,SYNTHETIC
10.73,10.0,1,0,SYNTHETIC
10.73,14.0,2,0,SYNTHETIC
10.73,11.0,3,0,SYNTHETIC
10.73,9.0,4,0,SYNTHETIC
10.73,14.0,5,0,SYNTHETIC
10.73,31.0,6,1,SYNTHETIC
10.73,13.0,7,0,SYNTHETIC
10.73,10.0,8,0,SYNTHETIC
10.73,8.0,9,0,SYNTHETIC
10.73,8.0,10,0,SYNTHETIC
10.73,14.0,11,0,SYNTHETIC
10.73,11.0,12,0,SYNTHETIC
10.73,10.0,13,0,SYNTHETIC
10.73,9.0,14,0,SYNTHETIC
10.73,12.0,15,0,SYNTHETIC
10.73,9.0,16,0,SYNTHETIC
10.73,13.0,17,0,SYNTHETIC
10.73,9.0,18,0,SYNTHETIC
10.73,10.0,19,0,SYNTHETIC
10.73,41.0,20,1,SYNTHETIC
10.73,8.0,21,0,SYNTHETIC
10.73,10.0,22,0,SYNTHETIC
10.73,8.0,23,0,SYNTHETIC
13.25,11.0,0,0,SYNTHETIC
13.25,8.0,1,0,SYNTHETIC
13.25,14.0,2,0,SYNTHETIC
13.25,14.0,3,0,SYNTHETIC
13.25,9.0,4,0,SYNTHETIC
13.25,9.0,5,0,SYNTHETIC
13.25,8.0,6,0,SYNTHETIC
13.25,14.0,7,0,SYNTHETIC
13.25,13.0,8,0,SYNTHETIC
13.25,10.0,9,0,SYNTHETIC
13.25,12.0,10,0,SYNTHETIC
13.25,16.0,11,0,SYNTHETIC
13.25,12.0,12,0,SYNTHETIC
13.25,13.0,13,0,SYNTHETIC
13.25,17.0,14,0,SYNTHETIC
13.25,15.0,15,0,SYNTHETIC
13.25,8.0,16,0,SYNTHETIC
13.25,12.0,17,0,SYNTHETIC
13.25,10.0,18,0,SYNTHETIC
13.25,13.0,19,0,SYNTHETIC
13.25,11.0,20,0,SYNTHETIC
13.25,10.0,21,0,SYNTHETIC
13.25,8.0,22,0,SYNTHETIC
13.25,58.0,23,1,SYNTHETIC
33.78,43.0,0,0,SYNTHETIC
33.78,35.0,1,0,SYNTHETIC
33.78,40.0,2,0,SYNTHETIC
33.78,46.0,3,0,SYNTHETIC
33.78,37.0,4,0,SYNTHETIC
33.78,34.0,5,0,SYNTHETIC
33.78,33.0,6,0,SYNTHETIC
33.78,32.0,7,0,SYNTHETIC
33.78,20.0,8,0,SYNTHETIC
33.78,42.0,9,0,SYNTHETIC
33.78,45.0,10,0,SYNTHETIC
33.78,43.0,11,0,SYNTHETIC
33.78,29.0,12,0,SYNTHETIC
33.78,36.0,13,0,SYNTHETIC
33.78,14.0,14,0,SYNTHETIC
33.78,42.0,15,0,SYNTHETIC
33.78,47.0,16,0,SYNTHETIC
33.78,29.0,17,0,SYNTHETIC
33.78,46.0,18,0,SYNTHETIC
33.78,33.0,19,0,SYNTHETIC
33.78,30.0,20,0,SYNTHETIC
33.78,28.0,21,0,SYNTHETIC
33.78,27.0,22,0,SYNTHETIC
33.78,29.0,23,0,SYNTHETIC
19.97,15.0,0,0,SYNTHETIC
19.97,16.0,1,0,SYNTHETIC
19.97,25.0,2,0,SYNTHETIC
19.97,15.0,3,0,SYNTHETIC
19.97,23.0,4,0,SYNTHETIC
19.97,14.0,5,0,SYNTHETIC
19.97,22.0,6,0,SYNTHETIC
19.97,14.0,7,0,SYNTHETIC
19.97,13.0,8,0,SYNTHETIC
19.97,23.0,9,0,SYNTHETIC
19.97,75.0,10,1,SYNTHETIC
19.97,23.0,11,0,SYNTHETIC
19.97,18.0,12,0,SYNTHETIC
19.97,25.0,13,0,SYNTHETIC
19.97,20.0,14,0,SYNTHETIC
19.97,19.0,15,0,SYNTHETIC
19.97,22.0,16,0,SYNTHETIC
19.97,23.0,17,0,SYNTHETIC
19.97,11.0,18,0,SYNTHETIC
19.97,19.0,19,0,SYNTHETIC
19.97,12.0,20,0,SYNTHETIC
19.97,24.0,21,0,SYNTHETIC
19.97,22.0,22,0,SYNTHETIC
19.97,14.0,23,0,SYNTHETIC
25.81,21.0,0,0,SYNTHETIC
25.81,30.0,1,0,SYNTHETIC
25.81,25.0,2,0,SYNTHETIC
25.81,8.0,3,0,SYNTHETIC
25.81,33.0,4,0,SYNTHETIC
25.81,17.0,5,0,SYNTHETIC
25.81,19.0,6,0,SYNTHETIC
25.81,19.0,7,0,SYNTHETIC
25.81,34.0,8,0,SYNTHETIC
25.81,30.0,9,0,SYNTHETIC
25.81,26.0,10,0,SYNTHETIC
25.81,27.0,11,0,SYNTHETIC
25.81,31.0,12,0,SYNTHETIC
25.81,24.0,13,0,SYNTHETIC
25.81,34.0,14,0,SYNTHETIC
25.81,30.0,15,0,SYNTHETIC
25.81,13.0,16,0,SYNTHETIC
25.81,19.0,17,0,SYNTHETIC
25.81,30.0,18,0,SYNTHETIC
25.81,22.0,19,0,SYNTHETIC
25.81,13.0,20,0,SYNTHETIC
25.81,15.0,21,0,SYNTHETIC
25.81,19.0,22,0,SYNTHETIC
25.81,22.0,23,0,SYNTHETIC
34.68,31.0,0,0,SYNTHETIC
34.68,50.0,1,0,SYNTHETIC
34.68,24.0,2,0,SYNTHETIC
34.68,28.0,3,0,SYNTHETIC
34.68,34.0,4,0,SYNTHETIC
34.68,37.0,5,0,SYNTHETIC
34.68,46.0,6,0,SYNTHETIC
34.68,33.0,7,0,SYNTHETIC
34.68,32.0,8,0,SYNTHETIC
34.68,24.0,9,0,SYNTHETIC
34.68,21.0,10,0,SYNTHETIC
34.68,32.0,11,0,SYNTHETIC
34.68,25.0,12,0,SYNTHETIC
34.68,30.0,13,0,SYNTHETIC
34.68,39.0,14,0,SYNTHETIC
34.68,20.0,15,0,SYNTHETIC
34.68,29.0,16,0,SYNTHETIC
34.68,34.0,17,0,SYNTHETIC
34.68,48.0,18,0,SYNTHETIC
34.68,36.0,19,0,SYNTHETIC
34.68,34.0,20,0,SYNTHETIC
34.68,59.0,21,0,SYNTHETIC
34.68,36.0,22,0,SYNTHETIC
34.68,41.0,23,0,SYNTHETIC
20.94,17.0,0,0,SYNTHETIC
20.94,33.0,1,0,SYNTHETIC
20.94,19.0,2,0,SYNTHETIC
20.94,28.0,3,0,SYNTHETIC
20.94,30.0,4,0,SYNTHETIC
20.94,15.0,5,0,SYNTHETIC
20.94,19.0,6,0,SYNTHETIC
20.94,27.0,7,0,SYNTHETIC
20.94,19.0,8,0,SYNTHETIC
20.94,29.0,9,0,SYNTHETIC
20.94,25.0,10,0,SYNTHETIC
20.94,25.0,11,0,SYNTHETIC
20.94,24.0,12,0,SYNTHETIC
20.94,79.0,13,1,SYNTHETIC
20.94,17.0,14,0,SYNTHETIC
20.94,14.0,15,0,SYNTHETIC
20.94,20.0,16,0,SYNTHETIC
20.94,20.0,17,0,SYNTHETIC
20.94,16.0,18,0,SYNTHETIC
20.94,18.0,19,0,SYNTHETIC
20.94,24.0,20,0,SYNTHETIC
20.94,22.0,21,0,SYNTHETIC
20.94,102.0,22,1,SYNTHETIC
20.94,27.0,23,0,SYNTHETIC
16.23,19.0,0,0,SYNTHETIC
16.23,22.0,1,0,SYNTHETIC
16.23,24.0,2,0,SYNTHETIC
16.23,13.0,3,0,SYNTHETIC
16.23,11.0,4,0,SYNTHETIC
16.23,9.0,5,0,SYNTHETIC
16.23,14.0,6,0,SYNTHETIC
16.23,14.0,7,0,SYNTHETIC
16.23,14.0,8,0,SYNTHETIC
16.23,18.0,9,0,SYNTHETIC
16.23,17.0,10,0,SYNTHETIC
16.23,18.0,11,0,SYNTHETIC
16.23,14.0,12,0,SYNTHETIC
16.23,23.0,13,0,SYNTHETIC
16.23,20.0,14,0,SYNTHETIC
16.23,17.0,15,0,SYNTHETIC
16.23,17.0,16,0,SYNTHETIC
16.23,17.0,17,0,SYNTHETIC
16.23,22.0,18,0,SYNTHETIC
16.23,16.0,19,0,SYNTHETIC
16.23,11.0,20,0,SYNTHETIC
16.23,17.0,21,0,SYNTHETIC
16.23,14.0,22,0,SYNTHETIC
16.23,16.0,23,0,SYNTHETIC
17.38,20.0,0,0,SYNTHETIC
17.38,26.0,1,0,SYNTHETIC
17.38,21.0,2,0,SYNTHETIC
17.38,78.0,3,1,SYNTHETIC
17.38,18.0,4,0,SYNTHETIC
17.38,32.0,5,0,SYNTHETIC
17.38,13.0,6,0,SYNTHETIC
17.38,17.0,7,0,SYNTHETIC
17.38,22.0,8,0,SYNTHETIC
17.38,12.0,9,0,SYNTHETIC
17.38,62.0,10,1,SYNTHETIC
17.38,16.0,11,0,SYNTHETIC
17.38,58.0,12,1,SYNTHETIC
17.38,26.0,13,0,SYNTHETIC
17.38,19.0,14,0,SYNTHETIC
17.38,13.0,15,0,SYNTHETIC
17.38,22.0,16,0,SYNTHETIC
17.38,17.0,17,0,SYNTHETIC
17.38,13.0,18,0,SYNTHETIC
17.38,18.0,19,0,SYNTHETIC
17.38,15.0,20,0,SYNTHETIC
17.38,19.0,21,0,SYNTHETIC
17.38,17.0,22,0,SYNTHETIC
17.38,15.0,23,0,SYNTHETIC
31.84,39.0,0,0,SYNTHETIC
31.84,24.0,1,0,SYNTHETIC
31.84,33.0,2,0,SYNTHETIC
31.84,34.0,3,0,SYNTHETIC
31.84,28.0,4,0,SYNTHETIC
31.84,33.0,5,0,SYNTHETIC
31.84,28.0,6,0,SYNTHETIC
31.84,31.0,7,0,SYNTHETIC
31.84,31.0,8,0,SYNTHETIC
31.84,37.0,9,0,SYNTHETIC
31.84,36.0,10,0,SYNTHETIC
31.84,45.0,11,0,SYNTHETIC
31.84,32.0,12,0,SYNTHETIC
31.84,37.0,13,0,SYNTHETIC
31.84,34.0,14,0,SYNTHETIC
31.84,35.0,15,0,SYNTHETIC
31.84,45.0,16,0,SYNTHETIC
31.84,28.0,17,0,SYNTHETIC
31.84,48.0,18,0,SYNTHETIC
31.84,14.0,19,0,SYNTHETIC
31.84,24.0,20,0,SYNTHETIC
31.84,24.0,21,0,SYNTHETIC
31.84,31.0,22,0,SYNTHETIC
31.84,29.0,23,0,SYNTHETIC
36.16,15.0,0,0,SYNTHETIC
36.16,24.0,1,0,SYNTHETIC
36.16,54.0,2,0,SYNTHETIC
36.16,37.0,3,0,SYNTHETIC
36.16,34.0,4,0,SYNTHETIC
36.16,35.0,5,0,SYNTHETIC
36.16,23.0,6,0,SYNTHETIC
36.16,46.0,7,0,SYNTHETIC
36.16,53.0,8,0,SYNTHETIC
36.16,42.0,9,0,SYNTHETIC
36.16,45.0,10,0,SYNTHETIC
36.16,38.0,11,0,SYNTHETIC
36.16,48.0,12,0,SYNTHETIC
36.16,50.0,13,0,SYNTHETIC
36.16,41.0,14,0,SYNTHETIC
36.16,33.0,15,0,SYNTHETIC
36.16,32.0,16,0,SYNTHETIC
36.16,45.0,17,0,SYNTHETIC
36.16,34.0,18,0,SYNTHETIC
36.16,29.0,19,0,SYNTHETIC
36.16,48.0,20,0,SYNTHETIC
36.16,18.0,21,0,SYNTHETIC
36.16,39.0,22,0,SYNTHETIC
36.16,44.0,23,0,SYNTHETIC
14.44,14.0,0,0,SYNTHETIC
14.44,17.0,1,0,SYNTHETIC
14.44,19.0,2,0,SYNTHETIC
14.44,13.0,3,0,SYNTHETIC
14.44,16.0,4,0,SYNTHETIC
14.44,15.0,5,0,SYNTHETIC
14.44,12.0,6,0,SYNTHETIC
14.44,22.0,7,0,SYNTHETIC
14.44,12.0,8,0,SYNTHETIC
14.44,13.0,9,0,SYNTHETIC
14.44,17.0,10,0,SYNTHETIC
14.44,17.0,11,0,SYNTHETIC
14.44,18.0,12,0,SYNTHETIC
14.44,13.0,13,0,SYNTHETIC
14.44,11.0,14,0,SYNTHETIC
14.44,11.0,15,0,SYNTHETIC
14.44,19.0,16,0,SYNTHETIC
14.44,13.0,17,0,SYNTHETIC
14.44,17.0,18,0,SYNTHETIC
14.44,13.0,19,0,SYNTHETIC
14.44,17.0,20,0,SYNTHETIC
14.44,11.0,21,0,SYNTHETIC
14.44,8.0,22,0,SYNTHETIC
14.44,14.0,23,0,SYNTHETIC
20.06,23.0,0,0,SYNTHETIC
20.06,20.0,1,0,SYNTHETIC
20.06,15.0,2,0,SYNTHETIC
20.06,25.0,3,0,SYNTHETIC
20.06,15.0,4,0,SYNTHETIC
20.06,13.0,5,0,SYNTHETIC
20.06,54.0,6,1,SYNTHETIC
20.06,11.0,7,0,SYNTHETIC
20.06,20.0,8,0,SYNTHETIC
20.06,29.0,9,0,SYNTHETIC
20.06,25.0,10,0,SYNTHETIC
20.06,16.0,11,0,SYNTHETIC
20.06,17.0,12,0,SYNTHETIC
20.06,16.0,13,0,SYNTHETIC
20.06,18.0,14,0,SYNTHETIC
20.06,13.0,15,0,SYNTHETIC
20.06,15.0,16,0,SYNTHETIC
20.06,22.0,17,0,SYNTHETIC
20.06,15.0,18,0,SYNTHETIC
20.06,27.0,19,0,SYNTHETIC
20.06,21.0,20,0,SYNTHETIC
20.06,18.0,21,0,SYNTHETIC
20.06,12.0,22,0,SYNTHETIC
20.06,20.0,23,0,SYNTHETIC
19.09,15.0,0,0,SYNTHETIC
19.09,20.0,1,0,SYNTHETIC
19.09,17.0,2,0,SYNTHETIC
19.09,16.0,3,0,SYNTHETIC
19.09,20.0,4,0,SYNTHETIC
19.09,20.0,5,0,SYNTHETIC
19.09,15.0,6,0,SYNTHETIC
19.09,20.0,7,0,SYNTHETIC
19.09,29.0,8,0,SYNTHETIC
19.09,29.0,9,0,SYNTHETIC
19.09,18.0,10,0,SYNTHETIC
19.09,22.0,11,0,SYNTHETIC
19.09,28.0,12,0,SYNTHETIC
19.09,15.0,13,0,SYNTHETIC
19.09,22.0,14,0,SYNTHETIC
19.09,7.0,15,0,SYNTHETIC
19.09,12.0,16,0,SYNTHETIC
19.09,21.0,17,0,SYNTHETIC
19.09,12.0,18,0,SYNTHETIC
19.09,15.0,19,0,SYNTHETIC
19.09,65.0,20,1,SYNTHETIC
19.09,20.0,21,0,SYNTHETIC
19.09,10.0,22,0,SYNTHETIC
19.09,16.0,23,0,SYNTHETIC
22.97,13.0,0,0,SYNTHETIC
22.97,23.0,1,0,SYNTHETIC
22.97,20.0,2,0,SYNTHETIC
22.97,24.0,3,0,SYNTHETIC
22.97,115.0,4,1,SYNTHETIC
22.97,23.0,5,0,SYNTHETIC
22.97,28.0,6,0,SYNTHETIC
22.97,21.0,7,0,SYNTHETIC
22.97,24.0,8,0,SYNTHETIC
22.97,30.0,9,0,SYNTHETIC
22.97,23.0,10,0,SYNTHETIC
22.97,24.0,11,0,SYNTHETIC
22.97,22.0,12,0,SYNTHETIC
22.97,20.0,13,0,SYNTHETIC
22.97,30.0,14,0,SYNTHETIC
22.97,31.0,15,0,SYNTHETIC
22.97,19.0,16,0,SYNTHETIC
22.97,25.0,17,0,SYNTHETIC
22.97,34.0,18,0,SYNTHETIC
22.97,20.0,19,0,SYNTHETIC
22.97,19.0,20,0,SYNTHETIC
22.97,39.0,21,0,SYNTHETIC
22.97,21.0,22,0,SYNTHETIC
22.97,17.0,23,0,SYNTHETIC
29.67,38.0,0,0,SYNTHETIC
29.67,34.0,1,0,SYNTHETIC
29.67,39.0,2,0,SYNTHETIC
29.67,14.0,3,0,SYNTHETIC
29.67,31.0,4,0,SYNTHETIC
29.67,32.0,5,0,SYNTHETIC
29.67,28.0,6,0,SYNTHETIC
29.67,22.0,7,0,SYNTHETIC
29.67,49.0,8,0,SYNTHETIC
29.67,14.0,9,0,SYNTHETIC
29.67,25.0,10,0,SYNTHETIC
29.67,40.0,11,0,SYNTHETIC
29.67,24.0,12,0,SYNTHETIC
29.67,36.0,13,0,SYNTHETIC
29.67,28.0,14,0,SYNTHETIC
29.67,28.0,15,0,SYNTHETIC
29.67,24.0,16,0,SYNTHETIC
29.67,39.0,17,0,SYNTHETIC
29.67,17.0,18,0,SYNTHETIC
29.67,18.0,19,0,SYNTHETIC
29.67,19.0,20,0,SYNTHETIC
29.67,18.0,21,0,SYNTHETIC
29.67,18.0,22,0,SYNTHETIC
29.67,13.0,23,0,SYNTHETIC
26.42,26.0,0,0,SYNTHETIC
26.42,29.0,1,0,SYNTHETIC
26.42,28.0,2,0,SYNTHETIC
26.42,33.0,3,0,SYNTHETIC
26.42,26.0,4,0,SYNTHETIC
26.42,23.0,5,0,SYNTHETIC
26.42,29.0,6,0,SYNTHETIC
26.42,32.0,7,0,SYNTHETIC
26.42,31.0,8,0,SYNTHETIC
26.42,26.0,9,0,SYNTHETIC
26.42,17.0,10,0,SYNTHETIC
26.42,13.0,11,0,SYNTHETIC
26.42,22.0,12,0,SYNTHETIC
26.42,30.0,13,0,SYNTHETIC
26.42,44.0,14,0,SYNTHETIC
26.42,16.0,15,0,SYNTHETIC
26.42,26.0,16,0,SYNTHETIC
26.42,111.0,17,1,SYNTHETIC
26.42,35.0,18,0,SYNTHETIC
26.42,25.0,19,0,SYNTHETIC
26.42,21.0,20,0,SYNTHETIC
26.42,29.0,21,0,SYNTHETIC
26.42,31.0,22,0,SYNTHETIC
26.42,22.0,23,0,SYNTHETIC
12.42,11.0,0,0,SYNTHETIC
12.42,17.0,1,0,SYNTHETIC
12.42,13.0,2,0,SYNTHETIC
12.42,13.0,3,0,SYNTHETIC
12.42,51.0,4,1,SYNTHETIC
12.42,10.0,5,0,SYNTHETIC
12.42,17.0,6,0,SYNTHETIC
12.42,18.0,7,0,SYNTHETIC
12.42,22.0,8,0,SYNTHETIC
12.42,11.0,9,0,SYNTHETIC
12.42,12.0,10,0,SYNTHETIC
12.42,12.0,11,0,SYNTHETIC
12.42,16.0,12,0,SYNTHETIC
12.42,9.0,13,0,SYNTHETIC
12.42,9.0,14,0,SYNTHETIC
12.42,9.0,15,0,SYNTHETIC
12.42,19.0,16,0,SYNTHETIC
12.42,52.0,17,1,SYNTHETIC
12.42,12.0,18,0,SYNTHETIC
12.42,17.0,19,0,SYNTHETIC
12.42,13.0,20,0,SYNTHETIC
12.42,12.0,21,0,SYNTHETIC
12.42,13.0,22,0,SYNTHETIC
12.42,15.0,23,0,SYNTHETIC
28.53,25.0,0,0,SYNTHETIC
28.53,31.0,1,0,SYNTHETIC
28.53,33.0,2,0,SYNTHETIC
28.53,17.0,3,0,SYNTHETIC
28.53,25.0,4,0,SYNTHETIC
28.53,16.0,5,0,SYNTHETIC
28.53,31.0,6,0,SYNTHETIC
28.53,38.0,7,0,SYNTHETIC
28.53,25.0,8,0,SYNTHETIC
28.53,22.0,9,0,SYNTHETIC
28.53,42.0,10,0,SYNTHETIC
28.53,27.0,11,0,SYNTHETIC
28.53,20.0,12,0,SYNTHETIC
28.53,31.0,13,0,SYNTHETIC
28.53,14.0,14,0,SYNTHETIC
28.53,43.0,15,0,SYNTHETIC
28.53,36.0,16,0,SYNTHETIC
28.53,25.0,17,0,SYNTHETIC
28.53,29.0,18,0,SYNTHETIC
28.53,32.0,19,0,SYNTHETIC
28.53,18.0,20,0,SYNTHETIC
28.53,28.0,21,0,SYNTHETIC
28.53,28.0,22,0,SYNTHETIC
28.53,37.0,23,0,SYNTHETIC
14.67,22.0,0,0,SYNTHETIC
14.67,16.0,1,0,SYNTHETIC
14.67,16.0,2,0,SYNTHETIC
14.67,16.0,3,0,SYNTHETIC
14.67,15.0,4,0,SYNTHETIC
14.67,16.0,5,0,SYNTHETIC
14.67,6.0,6,0,SYNTHETIC
14.67,18.0,7,0,SYNTHETIC
14.67,55.0,8,1,SYNTHETIC
14.67,54.0,9,1,SYNTHETIC
14.67,16.0,10,0,SYNTHETIC
14.67,13.0,11,0,SYNTHETIC
14.67,12.0,12,0,SYNTHETIC
14.67,12.0,13,0,SYNTHETIC
14.67,12.0,14,0,SYNTHETIC
14.67,12.0,15,0,SYNTHETIC
14.67,6.0,16,0,SYNTHETIC
14.67,13.0,17,0,SYNTHETIC
14.67,19.0,18,0,SYNTHETIC
14.67,12.0,19,0,SYNTHETIC
14.67,13.0,20,0,SYNTHETIC
14.67,24.0,21,0,SYNTHETIC
14.67,15.0,22,0,SYNTHETIC
14.67,18.0,23,0,SYNTHETIC
16.31,8.0,0,0,SYNTHETIC
16.31,11.0,1,0,SYNTHETIC
16.31,17.0,2,0,SYNTHETIC
16.31,18.0,3,0,SYNTHETIC
16.31,10.0,4,0,SYNTHETIC
16.31,10.0,5,0,SYNTHETIC
16.31,7.0,6,0,SYNTHETIC
16.31,9.0,7,0,SYNTHETIC
16.31,7.0,8,0,SYNTHETIC
16.31,14.0,9,0,SYNTHETIC
16.31,12.0,10,0,SYNTHETIC
16.31,19.0,11,0,SYNTHETIC
16.31,11.0,12,0,SYNTHETIC
16.31,12.0,13,0,SYNTHETIC
16.31,22.0,14,0,SYNTHETIC
16.31,17.0,15,0,SYNTHETIC
16.31,20.0,16,0,SYNTHETIC
16.31,16.0,17,0,SYNTHETIC
16.31,9.0,18,0,SYNTHETIC
16.31,10.0,19,0,SYNTHETIC
16.31,16.0,20,0,SYNTHETIC
16.31,18.0,21,0,SYNTHETIC
16.31,66.0,22,1,SYNTHETIC
16.31,19.0,23,0,SYNTHETIC
26.92,29.0,0,0,SYNTHETIC
26.92,18.0,1,0,SYNTHETIC
26.92,29.0,2,0,SYNTHETIC
26.92,36.0,3,0,SYNTHETIC
26.92,31.0,4,0,SYNTHETIC
26.92,29.0,5,0,SYNTHETIC
26.92,27.0,6,0,SYNTHETIC
26.92,37.0,7,0,SYNTHETIC
26.92,22.0,8,0,SYNTHETIC
26.92,27.0,9,0,SYNTHETIC
26.92,101.0,10,1,SYNTHETIC
26.92,21.0,11,0,SYNTHETIC
26.92,18.0,12,0,SYNTHETIC
26.92,21.0,13,0,SYNTHETIC
26.92,28.0,14,0,SYNTHETIC
26.92,133.0,15,1,SYNTHETIC
26.92,33.0,16,0,SYNTHETIC
26.92,29.0,17,0,SYNTHETIC
26.92,30.0,18,0,SYNTHETIC
26.92,11.0,19,0,SYNTHETIC
26.92,19.0,20,0,SYNTHETIC
26.92,33.0,21,0,SYNTHETIC
26.92,29.0,22,0,SYNTHETIC
26.92,23.0,23,0,SYNTHETIC
16.29,12.0,0,0,SYNTHETIC
16.29,17.0,1,0,SYNTHETIC
16.29,16.0,2,0,SYNTHETIC
16.29,17.0,3,0,SYNTHETIC
16.29,18.0,4,0,SYNTHETIC
16.29,17.0,5,0,SYNTHETIC
16.29,13.0,6,0,SYNTHETIC
16.29,15.0,7,0,SYNTHETIC
16.29,10.0,8,0,SYNTHETIC
16.29,16.0,9,0,SYNTHETIC
16.29,21.0,10,0,SYNTHETIC
16.29,19.0,11,0,SYNTHETIC
16.29,17.0,12,0,SYNTHETIC
16.29,16.0,13,0,SYNTHETIC
16.29,11.0,14,0,SYNTHETIC
16.29,24.0,15,0,SYNTHETIC
16.29,24.0,16,0,SYNTHETIC
16.29,13.0,17,0,SYNTHETIC
16.29,10.0,18,0,SYNTHETIC
16.29,18.0,19,0,SYNTHETIC
16.29,16.0,20,0,SYNTHETIC
16.29,21.0,21,0,SYNTHETIC
16.29,14.0,22,0,SYNTHETIC
16.29,21.0,23,0,SYNTHETIC
17.08,54.0,0,1,SYNTHETIC
17.08,25.0,1,0,SYNTHETIC
17.08,11.0,2,0,SYNTHETIC
17.08,15.0,3,0,SYNTHETIC
17.08,24.0,4,0,SYNTHETIC
17.08,51.0,5,1,SYNTHETIC
17.08,15.0,6,0,SYNTHETIC
17.08,69.0,7,1,SYNTHETIC
17.08,20.0,8,0,SYNTHETIC
17.08,18.0,9,0,SYNTHETIC
17.08,23.0,10,0,SYNTHETIC
17.08,24.0,11,0,SYNTHETIC
17.08,13.0,12,0,SYNTHETIC
17.08,16.0,13,0,SYNTHETIC
17.08,16.0,14,0,SYNTHETIC
17.08,13.0,15,0,SYNTHETIC
17.08,15.0,16,0,SYNTHETIC
17.08,12.0,17,0,SYNTHETIC
17.08,20.0,18,0,SYNTHETIC
17.08,9.0,19,0,SYNTHETIC
17.08,12.0,20,0,SYNTHETIC
17.08,17.0,21,0,SYNTHETIC
17.08,12.0,22,0,SYNTHETIC
17.08,78.0,23,1,SYNTHETIC
35.12,34.0,0,0,SYNTHETIC
35.12,38.0,1,0,SYNTHETIC
35.12,33.0,2,0,SYNTHETIC
35.12,30.0,3,0,SYNTHETIC
35.12,47.0,4,0,SYNTHETIC
35.12,40.0,5,0,SYNTHETIC
35.12,36.0,6,0,SYNTHETIC
35.12,46.0,7,0,SYNTHETIC
35.12,39.0,8,0,SYNTHETIC
35.12,39.0,9,0,SYNTHETIC
35.12,51.0,10,0,SYNTHETIC
35.12,42.0,11,0,SYNTHETIC
35.12,33.0,12,0,SYNTHETIC
35.12,33.0,13,0,SYNTHETIC
35.12,22.0,14,0,SYNTHETIC
35.12,47.0,15,0,SYNTHETIC
35.12,44.0,16,0,SYNTHETIC
35.12,43.0,17,0,SYNTHETIC
35.12,40.0,18,0,SYNTHETIC
35.12,39.0,19,0,SYNTHETIC
35.12,104.0,20,1,SYNTHETIC
35.12,34.0,21,0,SYNTHETIC
35.12,45.0,22,0,SYNTHETIC
35.12,43.0,23,0,SYNTHETIC
34.24,46.0,0,0,SYNTHETIC
34.24,29.0,1,0,SYNTHETIC
34.24,35.0,2,0,SYNTHETIC
34.24,29.0,3,0,SYNTHETIC
34.24,26.0,4,0,SYNTHETIC
34.24,29.0,5,0,SYNTHETIC
34.24,27.0,6,0,SYNTHETIC
34.24,20.0,7,0,SYNTHETIC
34.24,37.0,8,0,SYNTHETIC
34.24,31.0,9,0,SYNTHETIC
34.24,31.0,10,0,SYNTHETIC
34.24,21.0,11,0,SYNTHETIC
34.24,33.0,12,0,SYNTHETIC
34.24,49.0,13,0,SYNTHETIC
34.24,48.0,14,0,SYNTHETIC
34.24,46.0,15,0,SYNTHETIC
34.24,36.0,16,0,SYNTHETIC
34.24,33.0,17,0,SYNTHETIC
34.24,33.0,18,0,SYNTHETIC
34.24,53.0,19,0,SYNTHETIC
34.24,26.0,20,0,SYNTHETIC
34.24,32.0,21,0,SYNTHETIC
34.24,32.0,22,0,SYNTHETIC
34.24,29.0,23,0,SYNTHETIC
15.09,22.0,0,0,SYNTHETIC
15.09,20.0,1,0,SYNTHETIC
15.09,12.0,2,0,SYNTHETIC
15.09,20.0,3,0,SYNTHETIC
15.09,13.0,4,0,SYNTHETIC
15.09,13.0,5,0,SYNTHETIC
15.09,14.0,6,0,SYNTHETIC
15.09,12.0,7,0,SYNTHETIC
15.09,17.0,8,0,SYNTHETIC
15.09,12.0,9,0,SYNTHETIC
15.09,12.0,10,0,SYNTHETIC
15.09,50.0,11,1,SYNTHETIC
15.09,21.0,12,0,SYNTHETIC
15.09,23.0,13,0,SYNTHETIC
15.09,14.0,14,0,SYNTHETIC
15.09,8.0,15,0,SYNTHETIC
15.09,15.0,16,0,SYNTHETIC
15.09,20.0,17,0,SYNTHETIC
15.09,17.0,18,0,SYNTHETIC
15.09,17.0,19,0,SYNTHETIC
15.09,15.0,20,0,SYNTHETIC
15.09,11.0,21,0,SYNTHETIC
15.09,21.0,22,0,SYNTHETIC
15.09,17.0,23,0,SYNTHETIC
13.78,13.0,0,0,SYNTHETIC
13.78,45.0,1,1,SYNTHETIC
13.78,13.0,2,0,SYNTHETIC
13.78,18.0,3,0,SYNTHETIC
13.78,17.0,4,0,SYNTHETIC
13.78,13.0,5,0,SYNTHETIC
13.78,9.0,6,0,SYNTHETIC
13.78,11.0,7,0,SYNTHETIC
13.78,13.0,8,0,SYNTHETIC
13.78,13.0,9,0,SYNTHETIC
13.78,12.0,10,0,SYNTHETIC
13.78,17.0,11,0,SYNTHETIC
13.78,12.0,12,0,SYNTHETIC
13.78,11.0,13,0,SYNTHETIC
13.78,15.0,14,0,SYNTHETIC
13.78,15.0,15,0,SYNTHETIC
13.78,17.0,16,0,SYNTHETIC
13.78,13.0,17,0,SYNTHETIC
13.78,38.0,18,1,SYNTHETIC
13.78,13.0,19,0,SYNTHETIC
13.78,11.0,20,0,SYNTHETIC
13.78,20.0,21,0,SYNTHETIC
13.78,10.0,22,0,SYNTHETIC
13.78,17.0,23,0,SYNTHETIC
37.41,28.0,0,0,SYNTHETIC
37.41,47.0,1,0,SYNTHETIC
37.41,39.0,2,0,SYNTHETIC
37.41,24.0,3,0,SYNTHETIC
37.41,28.0,4,0,SYNTHETIC
37.41,56.0,5,0,SYNTHETIC
37.41,44.0,6,0,SYNTHETIC
37.41,45.0,7,0,SYNTHETIC
37.41,50.0,8,0,SYNTHETIC
37.41,38.0,9,0,SYNTHETIC
37.41,36.0,10,0,SYNTHETIC
37.41,43.0,11,0,SYNTHETIC
37.41,36.0,12,0,SYNTHETIC
37.41,36.0,13,0,SYNTHETIC
37.41,35.0,14,0,SYNTHETIC
37.41,28.0,15,0,SYNTHETIC
37.41,46.0,16,0,SYNTHETIC
37.41,53.0,17,0,SYNTHETIC
37.41,40.0,18,0,SYNTHETIC
37.41,30.0,19,0,SYNTHETIC
37.41,45.0,20,0,SYNTHETIC
37.41,33.0,21,0,SYNTHETIC
37.41,37.0,22,0,SYNTHETIC
37.41,47.0,23,0,SYNTHETIC
15.11,15.0,0,0,SYNTHETIC
15.11,11.0,1,0,SYNTHETIC
15.11,10.0,2,0,SYNTHETIC
15.11,17.0,3,0,SYNTHETIC
15.11,14.0,4,0,SYNTHETIC
15.11,17.0,5,0,SYNTHETIC
15.11,26.0,6,0,SYNTHETIC
15.11,15.0,7,0,SYNTHETIC
15.11,16.0,8,0,SYNTHETIC
15.11,14.0,9,0,SYNTHETIC
15.11,19.0,10,0,SYNTHETIC
15.11,48.0,11,1,SYNTHETIC
15.11,19.0,12,0,SYNTHETIC
15.11,75.0,13,1,SYNTHETIC
15.11,11.0,14,0,SYNTHETIC
15.11,12.0,15,0,SYNTHETIC
15.11,17.0,16,0,SYNTHETIC
15.11,70.0,17,1,SYNTHETIC
15.11,14.0,18,0,SYNTHETIC
15.11,12.0,19,0,SYNTHETIC
15.11,11.0,20,0,SYNTHETIC
15.11,14.0,21,0,SYNTHETIC
15.11,20.0,22,0,SYNTHETIC
15.11,18.0,23,0,SYNTHETIC
20.58,18.0,0,0,SYNTHETIC
20.58,26.0,1,0,SYNTHETIC
20.58,21.0,2,0,SYNTHETIC
20.58,26.0,3,0,SYNTHETIC
20.58,19.0,4,0,SYNTHETIC
20.58,20.0,5,0,SYNTHETIC
20.58,102.0,6,1,SYNTHETIC
20.58,24.0,7,0,SYNTHETIC
20.58,20.0,8,0,SYNTHETIC
20.58,23.0,9,0,SYNTHETIC
20.58,16.0,10,0,SYNTHETIC
20.58,19.0,11,0,SYNTHETIC
20.58,21.0,12,0,SYNTHETIC
20.58,21.0,13,0,SYNTHETIC
20.58,16.0,14,0,SYNTHETIC
20.58,21.0,15,0,SYNTHETIC
20.58,21.0,16,0,SYNTHETIC
20.58,26.0,17,0,SYNTHETIC
20.58,25.0,18,0,SYNTHETIC
20.58,20.0,19,0,SYNTHETIC
20.58,23.0,20,0,SYNTHETIC
20.58,21.0,21,0,SYNTHETIC
20.58,61.0,22,1,SYNTHETIC
20.58,23.0,23,0,SYNTHETIC
11.48,12.0,0,0,SYNTHETIC
11.48,12.0,1,0,SYNTHETIC
11.48,13.0,2,0,SYNTHETIC
11.48,13.0,3,0,SYNTHETIC
11.48,10.0,4,0,SYNTHETIC
11.48,11.0,5,0,SYNTHETIC
11.48,8.0,6,0,SYNTHETIC
11.48,34.0,7,1,SYNTHETIC
11.48,8.0,8,0,SYNTHETIC
11.48,12.0,9,0,SYNTHETIC
11.48,5.0,10,0,SYNTHETIC
11.48,12.0,11,0,SYNTHETIC
11.48,10.0,12,0,SYNTHETIC
11.48,10.0,13,0,SYNTHETIC
11.48,13.0,14,0,SYNTHETIC
11.48,15.0,15,0,SYNTHETIC
11.48,12.0,16,0,SYNTHETIC
11.48,10.0,17,0,SYNTHETIC
11.48,17.0,18,0,SYNTHETIC
11.48,8.0,19,0,SYNTHETIC
11.48,8.0,20,0,SYNTHETIC
11.48,8.0,21,0,SYNTHETIC
11.48,10.0,22,0,SYNTHETIC
11.48,11.0,23,0,SYNTHETIC
29.88,21.0,0,0,SYNTHETIC
29.88,28.0,1,0,SYNTHETIC
29.88,24.0,2,0,SYNTHETIC
29.88,29.0,3,0,SYNTHETIC
29.88,27.0,4,0,SYNTHETIC
29.88,78.0,5,1,SYNTHETIC
29.88,30.0,6,0,SYNTHETIC
29.88,39.0,7,0,SYNTHETIC
29.88,33.0,8,0,SYNTHETIC
29.88,33.0,9,0,SYNTHETIC
29.88,33.0,10,0,SYNTHETIC
29.88,21.0,11,0,SYNTHETIC
29.88,22.0,12,0,SYNTHETIC
29.88,21.0,13,0,SYNTHETIC
29.88,33.0,14,0,SYNTHETIC
29.88,24.0,15,0,SYNTHETIC
29.88,38.0,16,0,SYNTHETIC
29.88,34.0,17,0,SYNTHETIC
29.88,42.0,18,0,SYNTHETIC
29.88,28.0,19,0,SYNTHETIC
29.88,28.0,20,0,SYNTHETIC
29.88,29.0,21,0,SYNTHETIC
29.88,29.0,22,0,SYNTHETIC
29.88,36.0,23,0,SYNTHETIC
31.31,21.0,0,0,SYNTHETIC
31.31,23.0,1,0,SYNTHETIC
31.31,27.0,2,0,SYNTHETIC
31.31,40.0,3,0,SYNTHETIC
31.31,35.0,4,0,SYNTHETIC
31.31,19.0,5,0,SYNTHETIC
31.31,37.0,6,0,SYNTHETIC
31.31,34.0,7,0,SYNTHETIC
31.31,33.0,8,0,SYNTHETIC
31.31,25.0,9,0,SYNTHETIC
31.31,54.0,10,0,SYNTHETIC
31.31,34.0,11,0,SYNTHETIC
31.31,37.0,12,0,SYNTHETIC
31.31,21.0,13,0,SYNTHETIC
31.31,34.0,14,0,SYNTHETIC
31.31,27.0,15,0,SYNTHETIC
31.31,35.0,16,0,SYNTHETIC
31.31,35.0,17,0,SYNTHETIC
31.31,18.0,18,0,SYNTHETIC
31.31,35.0,19,0,SYNTHETIC
31.31,19.0,20,0,SYNTHETIC
31.31,30.0,21,0,SYNTHETIC
31.31,29.0,22,0,SYNTHETIC
31.31,28.0,23,0,SYNTHETIC
32.92,44.0,0,0,SYNTHETIC
32.92,27.0,1,0,SYNTHETIC
32.92,35.0,2,0,SYNTHETIC
32.92,38.0,3,0,SYNTHETIC
32.92,44.0,4,0,SYNTHETIC
32.92,51.0,5,0,SYNTHETIC
32.92,46.0,6,0,SYNTHETIC
32.92,31.0,7,0,SYNTHETIC
32.92,32.0,8,0,SYNTHETIC
32.92,33.0,9,0,SYNTHETIC
32.92,30.0,10,0,SYNTHETIC
32.92,35.0,11,0,SYNTHETIC
32.92,45.0,12,0,SYNTHETIC
32.92,42.0,13,0,SYNTHETIC
32.92,12.0,14,0,SYNTHETIC
32.92,30.0,15,0,SYNTHETIC
32.92,38.0,16,0,SYNTHETIC
32.92,44.0,17,0,SYNTHETIC
32.92,25.0,18,0,SYNTHETIC
32.92,46.0,19,0,SYNTHETIC
32.92,28.0,20,0,SYNTHETIC
32.92,28.0,21,0,SYNTHETIC
32.92,18.0,22,0,SYNTHETIC
32.92,26.0,23,0,SYNTHETIC
35.3,29.0,0,0,SYNTHETIC
35.3,34.0,1,0,SYNTHETIC
35.3,28.0,2,0,SYNTHETIC
35.3,26.0,3,0,SYNTHETIC
35.3,35.0,4,0,SYNTHETIC
35.3,41.0,5,0,SYNTHETIC
35.3,150.0,6,1,SYNTHETIC
35.3,24.0,7,0,SYNTHETIC
35.3,35.0,8,0,SYNTHETIC
35.3,34.0,9,0,SYNTHETIC
35.3,45.0,10,0,SYNTHETIC
35.3,33.0,11,0,SYNTHETIC
35.3,32.0,12,0,SYNTHETIC
35.3,52.0,13,0,SYNTHETIC
35.3,43.0,14,0,SYNTHETIC
35.3,33.0,15,0,SYNTHETIC
35.3,25.0,16,0,SYNTHETIC
35.3,41.0,17,0,SYNTHETIC
35.3,122.0,18,1,SYNTHETIC
35.3,33.0,19,0,SYNTHETIC
35.3,35.0,20,0,SYNTHETIC
35.3,32.0,21,0,SYNTHETIC
35.3,42.0,22,0,SYNTHETIC
35.3,40.0,23,0,SYNTHETIC
12.3,17.0,0,0,SYNTHETIC
12.3,9.0,1,0,SYNTHETIC
12.3,8.0,2,0,SYNTHETIC
12.3,11.0,3,0,SYNTHETIC
12.3,12.0,4,0,SYNTHETIC
12.3,10.0,5,0,SYNTHETIC
12.3,12.0,6,0,SYNTHETIC
12.3,61.0,7,1,SYNTHETIC
12.3,31.0,8,1,SYNTHETIC
12.3,15.0,9,0,SYNTHETIC
12.3,15.0,10,0,SYNTHETIC
12.3,10.0,11,0,SYNTHETIC
12.3,10.0,12,0,SYNTHETIC
12.3,12.0,13,0,SYNTHETIC
12.3,10.0,14,0,SYNTHETIC
12.3,13.0,15,0,SYNTHETIC
12.3,12.0,16,0,SYNTHETIC
12.3,8.0,17,0,SYNTHETIC
12.3,8.0,18,0,SYNTHETIC
12.3,14.0,19,0,SYNTHETIC
12.3,50.0,20,1,SYNTHETIC
12.3,13.0,21,0,SYNTHETIC
12.3,10.0,22,0,SYNTHETIC
12.3,12.0,23,0,SYNTHETIC
31.31,40.0,0,0,SYNTHETIC
31.31,49.0,1,0,SYNTHETIC
31.31,14.0,2,0,SYNTHETIC
31.31,49.0,3,0,SYNTHETIC
31.31,31.0,4,0,SYNTHETIC
31.31,18.0,5,0,SYNTHETIC
31.31,31.0,6,0,SYNTHETIC
31.31,36.0,7,0,SYNTHETIC
31.31,36.0,8,0,SYNTHETIC
31.31,44.0,9,0,SYNTHETIC
31.31,38.0,10,0,SYNTHETIC
31.31,32.0,11,0,SYNTHETIC
31.31,30.0,12,0,SYNTHETIC
31.31,42.0,13,0,SYNTHETIC
31.31,30.0,14,0,SYNTHETIC
31.31,32.0,15,0,SYNTHETIC
31.31,11.0,16,0,SYNTHETIC
31.31,35.0,17,0,SYNTHETIC
31.31,24.0,18,0,SYNTHETIC
31.31,46.0,19,0,SYNTHETIC
31.31,28.0,20,0,SYNTHETIC
31.31,27.0,21,0,SYNTHETIC
31.31,44.0,22,0,SYNTHETIC
31.31,23.0,23,0,SYNTHETIC
10.03,8.0,0,0,SYNTHETIC
10.03,14.0,1,0,SYNTHETIC
10.03,5.0,2,0,SYNTHETIC
10.03,6.0,3,0,SYNTHETIC
10.03,10.0,4,0,SYNTHETIC
10.03,12.0,5,0,SYNTHETIC
10.03,9.0,6,0,SYNTHETIC
10.03,10.0,7,0,SYNTHETIC
10.03,12.0,8,0,SYNTHETIC
10.03,10.0,9,0,SYNTHETIC
10.03,7.0,10,0,SYNTHETIC
10.03,16.0,11,0,SYNTHETIC
10.03,12.0,12,0,SYNTHETIC
10.03,12.0,13,0,SYNTHETIC
10.03,9.0,14,0,SYNTHETIC
10.03,6.0,15,0,SYNTHETIC
10.03,8.0,16,0,SYNTHETIC
10.03,8.0,17,0,SYNTHETIC
10.03,11.0,18,0,SYNTHETIC
10.03,30.0,19,1,SYNTHETIC
10.03,10.0,20,0,SYNTHETIC
10.03,41.0,21,1,SYNTHETIC
10.03,10.0,22,0,SYNTHETIC
10.03,9.0,23,0,SYNTHETIC
24.57,13.0,0,0,SYNTHETIC
24.57,24.0,1,0,SYNTHETIC
24.57,35.0,2,0,SYNTHETIC
24.57,32.0,3,0,SYNTHETIC
24.57,22.0,4,0,SYNTHETIC
24.57,26.0,5,0,SYNTHETIC
24.57,27.0,6,0,SYNTHETIC
24.57,34.0,7,0,SYNTHETIC
24.57,34.0,8,0,SYNTHETIC
24.57,23.0,9,0,SYNTHETIC
24.57,68.0,10,1,SYNTHETIC
24.57,29.0,11,0,SYNTHETIC
24.57,30.0,12,0,SYNTHETIC
24.57,14.0,13,0,SYNTHETIC
24.57,26.0,14,0,SYNTHETIC
24.57,13.0,15,0,SYNTHETIC
24.57,30.0,16,0,SYNTHETIC
24.57,16.0,17,0,SYNTHETIC
24.57,29.0,18,0,SYNTHETIC
24.57,37.0,19,0,SYNTHETIC
24.57,26.0,20,0,SYNTHETIC
24.57,22.0,21,0,SYNTHETIC
24.57,13.0,22,0,SYNTHETIC
24.57,27.0,23,0,SYNTHETIC
19.0,17.0,0,0,SYNTHETIC
19.0,15.0,1,0,SYNTHETIC
19.0,17.0,2,0,SYNTHETIC
19.0,19.0,3,0,SYNTHETIC
19.0,20.0,4,0,SYNTHETIC
19.0,17.0,5,0,SYNTHETIC
19.0,23.0,6,0,SYNTHETIC
19.0,22.0,7,0,SYNTHETIC
19.0,22.0,8,0,SYNTHETIC
19.0,29.0,9,0,SYNTHETIC
19.0,85.0,10,1,SYNTHETIC
19.0,30.0,11,0,SYNTHETIC
19.0,19.0,12,0,SYNTHETIC
19.0,22.0,13,0,SYNTHETIC
19.0,29.0,14,0,SYNTHETIC
19.0,19.0,15,0,SYNTHETIC
19.0,17.0,16,0,SYNTHETIC
19.0,28.0,17,0,SYNTHETIC
19.0,25.0,18,0,SYNTHETIC
19.0,22.0,19,0,SYNTHETIC
19.0,13.0,20,0,SYNTHETIC
19.0,28.0,21,0,SYNTHETIC
19.0,19.0,22,0,SYNTHETIC
19.0,22.0,23,0,SYNTHETIC
24.8,26.0,0,0,SYNTHETIC
24.8,14.0,1,0,SYNTHETIC
24.8,29.0,2,0,SYNTHETIC
24.8,19.0,3,0,SYNTHETIC
24.8,23.0,4,0,SYNTHETIC
24.8,29.0,5,0,SYNTHETIC
24.8,26.0,6,0,SYNTHETIC
24.8,15.0,7,0,SYNTHETIC
24.8,22.0,8,0,SYNTHETIC
24.8,22.0,9,0,SYNTHETIC
24.8,24.0,10,0,SYNTHETIC
24.8,30.0,11,0,SYNTHETIC
24.8,24.0,12,0,SYNTHETIC
24.8,19.0,13,0,SYNTHETIC
24.8,20.0,14,0,SYNTHETIC
24.8,27.0,15,0,SYNTHETIC
24.8,34.0,16,0,SYNTHETIC
24.8,35.0,17,0,SYNTHETIC
24.8,17.0,18,0,SYNTHETIC
24.8,24.0,19,0,SYNTHETIC
24.8,30.0,20,0,SYNTHETIC
24.8,21.0,21,0,SYNTHETIC
24.8,24.0,22,0,SYNTHETIC
24.8,26.0,23,0,SYNTHETIC
16.39,43.0,0,1,SYNTHETIC
16.39,23.0,1,0,SYNTHETIC
16.39,23.0,2,0,SYNTHETIC
16.39,21.0,3,0,SYNTHETIC
16.39,22.0,4,0,SYNTHETIC
16.39,19.0,5,0,SYNTHETIC
16.39,12.0,6,0,SYNTHETIC
16.39,18.0,7,0,SYNTHETIC
16.39,18.0,8,0,SYNTHETIC
16.39,14.0,9,0,SYNTHETIC
16.39,17.0,10,0,SYNTHETIC
16.39,16.0,11,0,SYNTHETIC
16.39,15.0,12,0,SYNTHETIC
16.39,18.0,13,0,SYNTHETIC
16.39,17.0,14,0,SYNTHETIC
16.39,15.0,15,0,SYNTHETIC
16.39,12.0,16,0,SYNTHETIC
16.39,19.0,17,0,SYNTHETIC
16.39,12.0,18,0,SYNTHETIC
16.39,15.0,19,0,SYNTHETIC
16.39,18.0,20,0,SYNTHETIC
16.39,68.0,21,1,SYNTHETIC
16.39,22.0,22,0,SYNTHETIC
16.39,17.0,23,0,SYNTHETIC
18.63,16.0,0,0,SYNTHETIC
18.63,29.0,1,0,SYNTHETIC
18.63,26.0,2,0,SYNTHETIC
18.63,82.0,3,1,SYNTHETIC
18.63,18.0,4,0,SYNTHETIC
18.63,15.0,5,0,SYNTHETIC
18.63,15.0,6,0,SYNTHETIC
18.63,13.0,7,0,SYNTHETIC
18.63,23.0,8,0,SYNTHETIC
18.63,84.0,9,1,SYNTHETIC
18.63,23.0,10,0,SYNTHETIC
18.63,88.0,11,1,SYNTHETIC
18.63,20.0,12,0,SYNTHETIC
18.63,15.0,13,0,SYNTHETIC
18.63,19.0,14,0,SYNTHETIC
18.63,13.0,15,0,SYNTHETIC
18.63,12.0,16,0,SYNTHETIC
18.63,14.0,17,0,SYNTHETIC
18.63,21.0,18,0,SYNTHETIC
18.63,24.0,19,0,SYNTHETIC
18.63,17.0,20,0,SYNTHETIC
18.63,16.0,21,0,SYNTHETIC
18.63,13.0,22,0,SYNTHETIC
18.63,15.0,23,0,SYNTHETIC
18.86,14.0,0,0,SYNTHETIC
18.86,26.0,1,0,SYNTHETIC
18.86,12.0,2,0,SYNTHETIC
18.86,15.0,3,0,SYNTHETIC
18.86,25.0,4,0,SYNTHETIC
18.86,15.0,5,0,SYNTHETIC
18.86,22.0,6,0,SYNTHETIC
18.86,18.0,7,0,SYNTHETIC
18.86,15.0,8,0,SYNTHETIC
18.86,16.0,9,0,SYNTHETIC
18.86,22.0,10,0,SYNTHETIC
18.86,17.0,11,0,SYNTHETIC
18.86,90.0,12,1,SYNTHETIC
18.86,25.0,13,0,SYNTHETIC
18.86,23.0,14,0,SYNTHETIC
18.86,20.0,15,0,SYNTHETIC
18.86,24.0,16,0,SYNTHETIC
18.86,24.0,17,0,SYNTHETIC
18.86,80.0,18,1,SYNTHETIC
18.86,24.0,19,0,SYNTHETIC
18.86,18.0,20,0,SYNTHETIC
18.86,18.0,21,0,SYNTHETIC
18.86,22.0,22,0,SYNTHETIC
18.86,92.0,23,1,SYNTHETIC
18.56,20.0,0,0,SYNTHETIC
18.56,91.0,1,1,SYNTHETIC
18.56,15.0,2,0,SYNTHETIC
18.56,22.0,3,0,SYNTHETIC
18.56,24.0,4,0,SYNTHETIC
18.56,65.0,5,1,SYNTHETIC
18.56,15.0,6,0,SYNTHETIC
18.56,20.0,7,0,SYNTHETIC
18.56,15.0,8,0,SYNTHETIC
18.56,19.0,9,0,SYNTHETIC
18.56,18.0,10,0,SYNTHETIC
18.56,26.0,11,0,SYNTHETIC
18.56,58.0,12,1,SYNTHETIC
18.56,18.0,13,0,SYNTHETIC
18.56,17.0,14,0,SYNTHETIC
18.56,25.0,15,0,SYNTHETIC
18.56,16.0,16,0,SYNTHETIC
18.56,15.0,17,0,SYNTHETIC
18.56,23.0,18,0,SYNTHETIC
18.56,19.0,19,0,SYNTHETIC
18.56,12.0,20,0,SYNTHETIC
18.56,26.0,21,0,SYNTHETIC
18.56,51.0,22,1,SYNTHETIC
18.56,23.0,23,0,SYNTHETIC
12.84,11.0,0,0,SYNTHETIC
12.84,14.0,1,0,SYNTHETIC
12.84,12.0,2,0,SYNTHETIC
12.84,10.0,3,0,SYNTHETIC
12.84,6.0,4,0,SYNTHETIC
12.84,16.0,5,0,SYNTHETIC
12.84,17.0,6,0,SYNTHETIC
12.84,16.0,7,0,SYNTHETIC
12.84,9.0,8,0,SYNTHETIC
12.84,13.0,9,0,SYNTHETIC
12.84,15.0,10,0,SYNTHETIC
12.84,15.0,11,0,SYNTHETIC
12.84,11.0,12,0,SYNTHETIC
12.84,15.0,13,0,SYNTHETIC
12.84,21.0,14,0,SYNTHETIC
12.84,10.0,15,0,SYNTHETIC
12.84,11.0,16,0,SYNTHETIC
12.84,12.0,17,0,SYNTHETIC
12.84,15.0,18,0,SYNTHETIC
12.84,14.0,19,0,SYNTHETIC
12.84,12.0,20,0,SYNTHETIC
12.84,11.0,21,0,SYNTHETIC
12.84,10.0,22,0,SYNTHETIC
12.84,16.0,23,0,SYNTHETIC
36.43,23.0,0,0,SYNTHETIC
36.43,32.0,1,0,SYNTHETIC
36.43,102.0,2,1,SYNTHETIC
36.43,37.0,3,0,SYNTHETIC
36.43,35.0,4,0,SYNTHETIC
36.43,44.0,5,0,SYNTHETIC
36.43,39.0,6,0,SYNTHETIC
36.43,27.0,7,0,SYNTHETIC
36.43,36.0,8,0,SYNTHETIC
36.43,45.0,9,0,SYNTHETIC
36.43,47.0,10,0,SYNTHETIC
36.43,41.0,11,0,SYNTHETIC
36.43,45.0,12,0,SYNTHETIC
36.43,23.0,13,0,SYNTHETIC
36.43,42.0,14,0,SYNTHETIC
36.43,27.0,15,0,SYNTHETIC
36.43,43.0,16,0,SYNTHETIC
36.43,35.0,17,0,SYNTHETIC
36.43,52.0,18,0,SYNTHETIC
36.43,24.0,19,0,SYNTHETIC
36.43,35.0,20,0,SYNTHETIC
36.43,18.0,21,0,SYNTHETIC
36.43,29.0,22,0,SYNTHETIC
36.43,43.0,23,0,SYNTHETIC
35.44,32.0,0,0,SYNTHETIC
35.44,47.0,1,0,SYNTHETIC
35.44,33.0,2,0,SYNTHETIC
35.44,40.0,3,0,SYNTHETIC
35.44,31.0,4,0,SYNTHETIC
35.44,39.0,5,0,SYNTHETIC
35.44,31.0,6,0,SYNTHETIC
35.44,39.0,7,0,SYNTHETIC
35.44,24.0,8,0,SYNTHETIC
35.44,40.0,9,0,SYNTHETIC
35.44,31.0,10,0,SYNTHETIC
35.44,32.0,11,0,SYNTHETIC
35.44,46.0,12,0,SYNTHETIC
35.44,35.0,13,0,SYNTHETIC
35.44,37.0,14,0,SYNTHETIC
35.44,15.0,15,0,SYNTHETIC
35.44,44.0,16,0,SYNTHETIC
35.44,27.0,17,0,SYNTHETIC
35.44,35.0,18,0,SYNTHETIC
35.44,14.0,19,0,SYNTHETIC
35.44,41.0,20,0,SYNTHETIC
35.44,40.0,21,0,SYNTHETIC
35.44,34.0,22,0,SYNTHETIC
35.44,36.0,23,0,SYNTHETIC
24.26,28.0,0,0,SYNTHETIC
24.26,24.0,1,0,SYNTHETIC
24.26,32.0,2,0,SYNTHETIC
24.26,64.0,3,1,SYNTHETIC
24.26,28.0,4,0,SYNTHETIC
24.26,18.0,5,0,SYNTHETIC
24.26,26.0,6,0,SYNTHETIC
24.26,17.0,7,0,SYNTHETIC
24.26,17.0,8,0,SYNTHETIC
24.26,25.0,9,0,SYNTHETIC
24.26,17.0,10,0,SYNTHETIC
24.26,32.0,11,0,SYNTHETIC
24.26,20.0,12,0,SYNTHETIC
24.26,21.0,13,0,SYNTHETIC
24.26,10.0,14,0,SYNTHETIC
24.26,19.0,15,0,SYNTHETIC
24.26,25.0,16,0,SYNTHETIC
24.26,24.0,17,0,SYNTHETIC
24.26,30.0,18,0,SYNTHETIC
24.26,26.0,19,0,SYNTHETIC
24.26,27.0,20,0,SYNTHETIC
24.26,21.0,21,0,SYNTHETIC
24.26,23.0,22,0,SYNTHETIC
24.26,15.0,23,0,SYNTHETIC
33.8,31.0,0,0,SYNTHETIC
33.8,30.0,1,0,SYNTHETIC
33.8,35.0,2,0,SYNTHETIC
33.8,28.0,3,0,SYNTHETIC
33.8,32.0,4,0,SYNTHETIC
33.8,151.0,5,1,SYNTHETIC
33.8,31.0,6,0,SYNTHETIC
33.8,37.0,7,0,SYNTHETIC
33.8,28.0,8,0,SYNTHETIC
33.8,29.0,9,0,SYNTHETIC
33.8,16.0,10,0,SYNTHETIC
33.8,45.0,11,0,SYNTHETIC
33.8,17.0,12,0,SYNTHETIC
33.8,27.0,13,0,SYNTHETIC
33.8,30.0,14,0,SYNTHETIC
33.8,26.0,15,0,SYNTHETIC
33.8,34.0,16,0,SYNTHETIC
33.8,32.0,17,0,SYNTHETIC
33.8,45.0,18,0,SYNTHETIC
33.8,24.0,19,0,SYNTHETIC
33.8,22.0,20,0,SYNTHETIC
33.8,47.0,21,0,SYNTHETIC
33.8,29.0,22,0,SYNTHETIC
33.8,33.0,23,0,SYNTHETIC
24.19,21.0,0,0,SYNTHETIC
24.19,32.0,1,0,SYNTHETIC
24.19,25.0,2,0,SYNTHETIC
24.19,18.0,3,0,SYNTHETIC
24.19,18.0,4,0,SYNTHETIC
24.19,18.0,5,0,SYNTHETIC
24.19,26.0,6,0,SYNTHETIC
24.19,27.0,7,0,SYNTHETIC
24.19,34.0,8,0,SYNTHETIC
24.19,21.0,9,0,SYNTHETIC
24.19,14.0,10,0,SYNTHETIC
24.19,24.0,11,0,SYNTHETIC
24.19,27.0,12,0,SYNTHETIC
24.19,24.0,13,0,SYNTHETIC
24.19,31.0,14,0,SYNTHETIC
24.19,21.0,15,0,SYNTHETIC
24.19,35.0,16,0,SYNTHETIC
24.19,18.0,17,0,SYNTHETIC
24.19,34.0,18,0,SYNTHETIC
24.19,31.0,19,0,SYNTHETIC
24.19,24.0,20,0,SYNTHETIC
24.19,22.0,21,0,SYNTHETIC
24.19,14.0,22,0,SYNTHETIC
24.19,22.0,23,0,SYNTHETIC
36.3,38.0,0,0,SYNTHETIC
36.3,36.0,1,0,SYNTHETIC
36.3,23.0,2,0,SYNTHETIC
36.3,46.0,3,0,SYNTHETIC
36.3,42.0,4,0,SYNTHETIC
36.3,37.0,5,0,SYNTHETIC
36.3,52.0,6,0,SYNTHETIC
36.3,35.0,7,0,SYNTHETIC
36.3,20.0,8,0,SYNTHETIC
36.3,32.0,9,0,SYNTHETIC
36.3,27.0,10,0,SYNTHETIC
36.3,120.0,11,1,SYNTHETIC
36.3,32.0,12,0,SYNTHETIC
36.3,45.0,13,0,SYNTHETIC
36.3,29.0,14,0,SYNTHETIC
36.3,158.0,15,1,SYNTHETIC
36.3,17.0,16,0,SYNTHETIC
36.3,38.0,17,0,SYNTHETIC
36.3,36.0,18,0,SYNTHETIC
36.3,39.0,19,0,SYNTHETIC
36.3,39.0,20,0,SYNTHETIC
36.3,37.0,21,0,SYNTHETIC
36.3,31.0,22,0,SYNTHETIC
36.3,13.0,23,0,SYNTHETIC
34.96,31.0,0,0,SYNTHETIC
34.96,36.0,1,0,SYNTHETIC
34.96,27.0,2,0,SYNTHETIC
34.96,22.0,3,0,SYNTHETIC
34.96,27.0,4,0,SYNTHETIC
34.96,29.0,5,0,SYNTHETIC
34.96,34.0,6,0,SYNTHETIC
34.96,26.0,7,0,SYNTHETIC
34.96,33.0,8,0,SYNTHETIC
34.96,28.0,9,0,SYNTHETIC
34.96,38.0,10,0,SYNTHETIC
34.96,23.0,11,0,SYNTHETIC
34.96,41.0,12,0,SYNTHETIC
34.96,37.0,13,0,SYNTHETIC
34.96,36.0,14,0,SYNTHETIC
34.96,26.0,15,0,SYNTHETIC
34.96,28.0,16,0,SYNTHETIC
34.96,35.0,17,0,SYNTHETIC
34.96,32.0,18,0,SYNTHETIC
34.96,27.0,19,0,SYNTHETIC
34.96,29.0,20,0,SYNTHETIC
34.96,41.0,21,0,SYNTHETIC
34.96,10.0,22,0,SYNTHETIC
34.96,37.0,23,0,SYNTHETIC
39.77,33.0,0,0,SYNTHETIC
39.77,51.0,1,0,SYNTHETIC
39.77,37.0,2,0,SYNTHETIC
39.77,39.0,3,0,SYNTHETIC
39.77,29.0,4,0,SYNTHETIC
39.77,45.0,5,0,SYNTHETIC
39.77,48.0,6,0,SYNTHETIC
39.77,30.0,7,0,SYNTHETIC
39.77,55.0,8,0,SYNTHETIC
39.77,32.0,9,0,SYNTHETIC
39.77,40.0,10,0,SYNTHETIC
39.77,45.0,11,0,SYNTHETIC
39.77,35.0,12,0,SYNTHETIC
39.77,52.0,13,0,SYNTHETIC
39.77,32.0,14,0,SYNTHETIC
39.77,61.0,15,0,SYNTHETIC
39.77,52.0,16,0,SYNTHETIC
39.77,29.0,17,0,SYNTHETIC
39.77,39.0,18,0,SYNTHETIC
39.77,31.0,19,0,SYNTHETIC
39.77,34.0,20,0,SYNTHETIC
39.77,40.0,21,0,SYNTHETIC
39.77,54.0,22,0,SYNTHETIC
39.77,40.0,23,0,SYNTHETIC
11.29,7.0,0,0,SYNTHETIC
11.29,14.0,1,0,SYNTHETIC
11.29,9.0,2,0,SYNTHETIC
11.29,14.0,3,0,SYNTHETIC
11.29,11.0,4,0,SYNTHETIC
11.29,7.0,5,0,SYNTHETIC
11.29,9.0,6,0,SYNTHETIC
11.29,14.0,7,0,SYNTHETIC
11.29,11.0,8,0,SYNTHETIC
11.29,9.0,9,0,SYNTHETIC
11.29,14.0,10,0,SYNTHETIC
11.29,9.0,11,0,SYNTHETIC
11.29,14.0,12,0,SYNTHETIC
11.29,15.0,13,0,SYNTHETIC
11.29,10.0,14,0,SYNTHETIC
11.29,12.0,15,0,SYNTHETIC
11.29,8.0,16,0,SYNTHETIC
11.29,9.0,17,0,SYNTHETIC
11.29,7.0,18,0,SYNTHETIC
11.29,13.0,19,0,SYNTHETIC
11.29,13.0,20,0,SYNTHETIC
11.29,9.0,21,0,SYNTHETIC
11.29,12.0,22,0,SYNTHETIC
11.29,9.0,23,0,SYNTHETIC
34.26,29.0,0,0,SYNTHETIC
34.26,28.0,1,0,SYNTHETIC
34.26,33.0,2,0,SYNTHETIC
34.26,37.0,3,0,SYNTHETIC
34.26,30.0,4,0,SYNTHETIC
34.26,39.0,5,0,SYNTHETIC
34.26,41.0,6,0,SYNTHETIC
34.26,41.0,7,0,SYNTHETIC
34.26,44.0,8,0,SYNTHETIC
34.26,37.0,9,0,SYNTHETIC
34.26,28.0,10,0,SYNTHETIC
34.26,35.0,11,0,SYNTHETIC
34.26,34.0,12,0,SYNTHETIC
34.26,39.0,13,0,SYNTHETIC
34.26,49.0,14,0,SYNTHETIC
34.26,36.0,15,0,SYNTHETIC
34.26,29.0,16,0,SYNTHETIC
34.26,37.0,17,0,SYNTHETIC
34.26,43.0,18,0,SYNTHETIC
34.26,25.0,19,0,SYNTHETIC
34.26,8.0,20,0,SYNTHETIC
34.26,27.0,21,0,SYNTHETIC
34.26,35.0,22,0,SYNTHETIC
34.26,27.0,23,0,SYNTHETIC
10.52,30.0,0,1,SYNTHETIC
10.52,14.0,1,0,SYNTHETIC
10.52,9.0,2,0,SYNTHETIC
10.52,9.0,3,0,SYNTHETIC
10.52,7.0,4,0,SYNTHETIC
10.52,13.0,5,0,SYNTHETIC
10.52,15.0,6,0,SYNTHETIC
10.52,14.0,7,0,SYNTHETIC
10.52,13.0,8,0,SYNTHETIC
10.52,11.0,9,0,SYNTHETIC
10.52,39.0,10,1,SYNTHETIC
10.52,12.0,11,0,SYNTHETIC
10.52,11.0,12,0,SYNTHETIC
10.52,7.0,13,0,SYNTHETIC
10.52,10.0,14,0,SYNTHETIC
10.52,9.0,15,0,SYNTHETIC
10.52,5.0,16,0,SYNTHETIC
10.52,12.0,17,0,SYNTHETIC
10.52,10.0,18,0,SYNTHETIC
10.52,13.0,19,0,SYNTHETIC
10.52,7.0,20,0,SYNTHETIC
10.52,9.0,21,0,SYNTHETIC
10.52,5.0,22,0,SYNTHETIC
10.52,44.0,23,1,SYNTHETIC
25.62,22.0,0,0,SYNTHETIC
25.62,31.0,1,0,SYNTHETIC
25.62,27.0,2,0,SYNTHETIC
25.62,33.0,3,0,SYNTHETIC
25.62,32.0,4,0,SYNTHETIC
25.62,32.0,5,0,SYNTHETIC
25.62,30.0,6,0,SYNTHETIC
25.62,29.0,7,0,SYNTHETIC
25.62,97.0,8,1,SYNTHETIC
25.62,18.0,9,0,SYNTHETIC
25.62,28.0,10,0,SYNTHETIC
25.62,25.0,11,0,SYNTHETIC
25.62,35.0,12,0,SYNTHETIC
25.62,27.0,13,0,SYNTHETIC
25.62,16.0,14,0,SYNTHETIC
25.62,24.0,15,0,SYNTHETIC
25.62,9.0,16,0,SYNTHETIC
25.62,25.0,17,0,SYNTHETIC
25.62,24.0,18,0,SYNTHETIC
25.62,29.0,19,0,SYNTHETIC
25.62,120.0,20,1,SYNTHETIC
25.62,28.0,21,0,SYNTHETIC
25.62,27.0,22,0,SYNTHETIC
25.62,41.0,23,0,SYNTHETIC
22.35,27.0,0,0,SYNTHETIC
22.35,33.0,1,0,SYNTHETIC
22.35,27.0,2,0,SYNTHETIC
22.35,24.0,3,0,SYNTHETIC
22.35,24.0,4,0,SYNTHETIC
22.35,18.0,5,0,SYNTHETIC
22.35,24.0,6,0,SYNTHETIC
22.35,15.0,7,0,SYNTHETIC
22.35,25.0,8,0,SYNTHETIC
22.35,17.0,9,0,SYNTHETIC
22.35,22.0,10,0,SYNTHETIC
22.35,19.0,11,0,SYNTHETIC
22.35,25.0,12,0,SYNTHETIC
22.35,18.0,13,0,SYNTHETIC
22.35,33.0,14,0,SYNTHETIC
22.35,27.0,15,0,SYNTHETIC
22.35,32.0,16,0,SYNTHETIC
22.35,17.0,17,0,SYNTHETIC
22.35,23.0,18,0,SYNTHETIC
22.35,28.0,19,0,SYNTHETIC
22.35,14.0,20,0,SYNTHETIC
22.35,23.0,21,0,SYNTHETIC
22.35,18.0,22,0,SYNTHETIC
22.35,22.0,23,0,SYNTHETIC
34.76,39.0,0,0,SYNTHETIC
34.76,46.0,1,0,SYNTHETIC
34.76,42.0,2,0,SYNTHETIC
34.76,32.0,3,0,SYNTHETIC
34.76,33.0,4,0,SYNTHETIC
34.76,30.0,5,0,SYNTHETIC
34.76,26.0,6,0,SYNTHETIC
34.76,27.0,7,0,SYNTHETIC
34.76,38.0,8,0,SYNTHETIC
34.76,24.0,9,0,SYNTHETIC
34.76,25.0,10,0,SYNTHETIC
34.76,97.0,11,1,SYNTHETIC
34.76,41.0,12,0,SYNTHETIC
34.76,27.0,13,0,SYNTHETIC
34.76,25.0,14,0,SYNTHETIC
34.76,28.0,15,0,SYNTHETIC
34.76,38.0,16,0,SYNTHETIC
34.76,144.0,17,1,SYNTHETIC
34.76,40.0,18,0,SYNTHETIC
34.76,44.0,19,0,SYNTHETIC
34.76,32.0,20,0,SYNTHETIC
34.76,24.0,21,0,SYNTHETIC
34.76,51.0,22,0,SYNTHETIC
34.76,42.0,23,0,SYNTHETIC
37.61,40.0,0,0,SYNTHETIC
37.61,45.0,1,0,SYNTHETIC
37.61,41.0,2,0,SYNTHETIC
37.61,33.0,3,0,SYNTHETIC
37.61,27.0,4,0,SYNTHETIC
37.61,38.0,5,0,SYNTHETIC
37.61,36.0,6,0,SYNTHETIC
37.61,55.0,7,0,SYNTHETIC
37.61,44.0,8,0,SYNTHETIC
37.61,45.0,9,0,SYNTHETIC
37.61,50.0,10,0,SYNTHETIC
37.61,35.0,11,0,SYNTHETIC
37.61,50.0,12,0,SYNTHETIC
37.61,13.0,13,0,SYNTHETIC
37.61,50.0,14,0,SYNTHETIC
37.61,49.0,15,0,SYNTHETIC
37.61,30.0,16,0,SYNTHETIC
37.61,35.0,17,0,SYNTHETIC
37.61,40.0,18,0,SYNTHETIC
37.61,38.0,19,0,SYNTHETIC
37.61,38.0,20,0,SYNTHETIC
37.61,28.0,21,0,SYNTHETIC
37.61,27.0,22,0,SYNTHETIC
37.61,47.0,23,0,SYNTHETIC
34.25,38.0,0,0,SYNTHETIC
34.25,52.0,1,0,SYNTHETIC
34.25,33.0,2,0,SYNTHETIC
34.25,46.0,3,0,SYNTHETIC
34.25,54.0,4,0,SYNTHETIC
34.25,31.0,5,0,SYNTHETIC
34.25,26.0,6,0,SYNTHETIC
34.25,34.0,7,0,SYNTHETIC
34.25,38.0,8,0,SYNTHETIC
34.25,53.0,9,0,SYNTHETIC
34.25,36.0,10,0,SYNTHETIC
34.25,42.0,11,0,SYNTHETIC
34.25,38.0,12,0,SYNTHETIC
34.25,149.0,13,1,SYNTHETIC
34.25,31.0,14,0,SYNTHETIC
34.25,35.0,15,0,SYNTHETIC
34.25,43.0,16,0,SYNTHETIC
34.25,44.0,17,0,SYNTHETIC
34.25,30.0,18,0,SYNTHETIC
34.25,35.0,19,0,SYNTHETIC
34.25,25.0,20,0,SYNTHETIC
34.25,27.0,21,0,SYNTHETIC
34.25,38.0,22,0,SYNTHETIC
34.25,32.0,23,0,SYNTHETIC
20.55,29.0,0,0,SYNTHETIC
20.55,18.0,1,0,SYNTHETIC
20.55,22.0,2,0,SYNTHETIC
20.55,18.0,3,0,SYNTHETIC
20.55,17.0,4,0,SYNTHETIC
20.55,29.0,5,0,SYNTHETIC
20.55,88.0,6,1,SYNTHETIC
20.55,26.0,7,0,SYNTHETIC
20.55,30.0,8,0,SYNTHETIC
20.55,103.0,9,1,SYNTHETIC
20.55,20.0,10,0,SYNTHETIC
20.55,21.0,11,0,SYNTHETIC
20.55,28.0,12,0,SYNTHETIC
20.55,19.0,13,0,SYNTHETIC
20.55,20.0,14,0,SYNTHETIC
20.55,15.0,15,0,SYNTHETIC
20.55,21.0,16,0,SYNTHETIC
20.55,23.0,17,0,SYNTHETIC
20.55,18.0,18,0,SYNTHETIC
20.55,20.0,19,0,SYNTHETIC
20.55,26.0,20,0,SYNTHETIC
20.55,22.0,21,0,SYNTHETIC
20.55,27.0,22,0,SYNTHETIC
20.55,11.0,23,0,SYNTHETIC
31.24,20.0,0,0,SYNTHETIC
31.24,28.0,1,0,SYNTHETIC
31.24,28.0,2,0,SYNTHETIC
31.24,19.0,3,0,SYNTHETIC
31.24,38.0,4,0,SYNTHETIC
31.24,19.0,5,0,SYNTHETIC
31.24,16.0,6,0,SYNTHETIC
31.24,27.0,7,0,SYNTHETIC
31.24,144.0,8,1,SYNTHETIC
31.24,29.0,9,0,SYNTHETIC
31.24,28.0,10,0,SYNTHETIC
31.24,38.0,11,0,SYNTHETIC
31.24,20.0,12,0,SYNTHETIC
31.24,56.0,13,0,SYNTHETIC
31.24,24.0,14,0,SYNTHETIC
31.24,79.0,15,1,SYNTHETIC
31.24,39.0,16,0,SYNTHETIC
31.24,34.0,17,0,SYNTHETIC
31.24,45.0,18,0,SYNTHETIC
31.24,33.0,19,0,SYNTHETIC
31.24,41.0,20,0,SYNTHETIC
31.24,32.0,21,0,SYNTHETIC
31.24,39.0,22,0,SYNTHETIC
31.24,37.0,23,0,SYNTHETIC
11.53,10.0,0,0,SYNTHETIC
11.53,8.0,1,0,SYNTHETIC
11.53,8.0,2,0,SYNTHETIC
11.53,9.0,3,0,SYNTHETIC
11.53,14.0,4,0,SYNTHETIC
11.53,14.0,5,0,SYNTHETIC
11.53,13.0,6,0,SYNTHETIC
11.53,12.0,7,0,SYNTHETIC
11.53,14.0,8,0,SYNTHETIC
11.53,14.0,9,0,SYNTHETIC
11.53,18.0,10,0,SYNTHETIC
11.53,10.0,11,0,SYNTHETIC
11.53,15.0,12,0,SYNTHETIC
11.53,10.0,13,0,SYNTHETIC
11.53,9.0,14,0,SYNTHETIC
11.53,9.0,15,0,SYNTHETIC
11.53,10.0,16,0,SYNTHETIC
11.53,7.0,17,0,SYNTHETIC
11.53,12.0,18,0,SYNTHETIC
11.53,14.0,19,0,SYNTHETIC
11.53,12.0,20,0,SYNTHETIC
11.53,12.0,21,0,SYNTHETIC
11.53,9.0,22,0,SYNTHETIC
11.53,13.0,23,0,SYNTHETIC
10.66,11.0,0,0,SYNTHETIC
10.66,6.0,1,0,SYNTHETIC
10.66,12.0,2,0,SYNTHETIC
10.66,6.0,3,0,SYNTHETIC
10.66,11.0,4,0,SYNTHETIC
10.66,11.0,5,0,SYNTHETIC
10.66,7.0,6,0,SYNTHETIC
10.66,12.0,7,0,SYNTHETIC
10.66,46.0,8,1,SYNTHETIC
10.66,12.0,9,0,SYNTHETIC
10.66,13.0,10,0,SYNTHETIC
10.66,6.0,11,0,SYNTHETIC
10.66,9.0,12,0,SYNTHETIC
10.66,8.0,13,0,SYNTHETIC
10.66,14.0,14,0,SYNTHETIC
10.66,10.0,15,0,SYNTHETIC
10.66,10.0,16,0,SYNTHETIC
10.66,11.0,17,0,SYNTHETIC
10.66,16.0,18,0,SYNTHETIC
10.66,7.0,19,0,SYNTHETIC
10.66,12.0,20,0,SYNTHETIC
10.66,10.0,21,0,SYNTHETIC
10.66,10.0,22,0,SYNTHETIC
10.66,13.0,23,0,SYNTHETIC
14.31,14.0,0,0,SYNTHETIC
14.31,20.0,1,0,SYNTHETIC
14.31,18.0,2,0,SYNTHETIC
14.31,10.0,3,0,SYNTHETIC
14.31,20.0,4,0,SYNTHETIC
14.31,19.0,5,0,SYNTHETIC
14.31,14.0,6,0,SYNTHETIC
14.31,12.0,7,0,SYNTHETIC
14.31,8.0,8,0,SYNTHETIC
14.31,16.0,9,0,SYNTHETIC
14.31,15.0,10,0,SYNTHETIC
14.31,8.0,11,0,SYNTHETIC
14.31,15.0,12,0,SYNTHETIC
14.31,11.0,13,0,SYNTHETIC
14.31,14.0,14,0,SYNTHETIC
14.31,17.0,15,0,SYNTHETIC
14.31,12.0,16,0,SYNTHETIC
14.31,14.0,17,0,SYNTHETIC
14.31,21.0,18,0,SYNTHETIC
14.31,11.0,19,0,SYNTHETIC
14.31,12.0,20,0,SYNTHETIC
14.31,14.0,21,0,SYNTHETIC
14.31,13.0,22,0,SYNTHETIC
14.31,12.0,23,0,SYNTHETIC
23.08,19.0,0,0,SYNTHETIC
23.08,25.0,1,0,SYNTHETIC
23.08,22.0,2,0,SYNTHETIC
23.08,19.0,3,0,SYNTHETIC
23.08,20.0,4,0,SYNTHETIC
23.08,23.0,5,0,SYNTHETIC
23.08,31.0,6,0,SYNTHETIC
23.08,27.0,7,0,SYNTHETIC
23.08,10.0,8,0,SYNTHETIC
23.08,26.0,9,0,SYNTHETIC
23.08,20.0,10,0,SYNTHETIC
23.08,18.0,11,0,SYNTHETIC
23.08,32.0,12,0,SYNTHETIC
23.08,20.0,13,0,SYNTHETIC
23.08,31.0,14,0,SYNTHETIC
23.08,62.0,15,1,SYNTHETIC
23.08,17.0,16,0,SYNTHETIC
23.08,24.0,17,0,SYNTHETIC
23.08,24.0,18,0,SYNTHETIC
23.08,26.0,19,0,SYNTHETIC
23.08,23.0,20,0,SYNTHETIC
23.08,19.0,21,0,SYNTHETIC
23.08,26.0,22,0,SYNTHETIC
23.08,20.0,23,0,SYNTHETIC
12.55,16.0,0,0,SYNTHETIC
12.55,17.0,1,0,SYNTHETIC
12.55,18.0,2,0,SYNTHETIC
12.55,14.0,3,0,SYNTHETIC
12.55,9.0,4,0,SYNTHETIC
12.55,14.0,5,0,SYNTHETIC
12.55,8.0,6,0,SYNTHETIC
12.55,47.0,7,1,SYNTHETIC
12.55,9.0,8,0,SYNTHETIC
12.55,14.0,9,0,SYNTHETIC
12.55,12.0,10,0,SYNTHETIC
12.55,7.0,11,0,SYNTHETIC
12.55,8.0,12,0,SYNTHETIC
12.55,16.0,13,0,SYNTHETIC
12.55,14.0,14,0,SYNTHETIC
12.55,11.0,15,0,SYNTHETIC
12.55,13.0,16,0,SYNTHETIC
12.55,11.0,17,0,SYNTHETIC
12.55,58.0,18,1,SYNTHETIC
12.55,11.0,19,0,SYNTHETIC
12.55,16.0,20,0,SYNTHETIC
12.55,9.0,21,0,SYNTHETIC
12.55,11.0,22,0,SYNTHETIC
12.55,15.0,23,0,SYNTHETIC
23.97,20.0,0,0,SYNTHETIC
23.97,20.0,1,0,SYNTHETIC
23.97,18.0,2,0,SYNTHETIC
23.97,27.0,3,0,SYNTHETIC
23.97,34.0,4,0,SYNTHETIC
23.97,17.0,5,0,SYNTHETIC
23.97,23.0,6,0,SYNTHETIC
23.97,87.0,7,1,SYNTHETIC
23.97,31.0,8,0,SYNTHETIC
23.97,24.0,9,0,SYNTHETIC
23.97,15.0,10,0,SYNTHETIC
23.97,14.0,11,0,SYNTHETIC
23.97,27.0,12,0,SYNTHETIC
23.97,25.0,13,0,SYNTHETIC
23.97,84.0,14,1,SYNTHETIC
23.97,21.0,15,0,SYNTHETIC
23.97,32.0,16,0,SYNTHETIC
23.97,24.0,17,0,SYNTHETIC
23.97,25.0,18,0,SYNTHETIC
23.97,19.0,19,0,SYNTHETIC
23.97,33.0,20,0,SYNTHETIC
23.97,17.0,21,0,SYNTHETIC
23.97,18.0,22,0,SYNTHETIC
23.97,26.0,23,0,SYNTHETIC
24.08,28.0,0,0,SYNTHETIC
24.08,34.0,1,0,SYNTHETIC
24.08,34.0,2,0,SYNTHETIC
24.08,29.0,3,0,SYNTHETIC
24.08,36.0,4,0,SYNTHETIC
24.08,26.0,5,0,SYNTHETIC
24.08,28.0,6,0,SYNTHETIC
24.08,24.0,7,0,SYNTHETIC
24.08,27.0,8,0,SYNTHETIC
24.08,25.0,9,0,SYNTHETIC
24.08,23.0,10,0,SYNTHETIC
24.08,22.0,11,0,SYNTHETIC
24.08,23.0,12,0,SYNTHETIC
24.08,23.0,13,0,SYNTHETIC
24.08,21.0,14,0,SYNTHETIC
24.08,29.0,15,0,SYNTHETIC
24.08,25.0,16,0,SYNTHETIC
24.08,28.0,17,0,SYNTHETIC
24.08,20.0,18,0,SYNTHETIC
24.08,10.0,19,0,SYNTHETIC
24.08,25.0,20,0,SYNTHETIC
24.08,21.0,21,0,SYNTHETIC
24.08,24.0,22,0,SYNTHETIC
24.08,21.0,23,0,SYNTHETIC
17.1,17.0,0,0,SYNTHETIC
17.1,13.0,1,0,SYNTHETIC
17.1,15.0,2,0,SYNTHETIC
17.1,19.0,3,0,SYNTHETIC
17.1,19.0,4,0,SYNTHETIC
17.1,18.0,5,0,SYNTHETIC
17.1,15.0,6,0,SYNTHETIC
17.1,17.0,7,0,SYNTHETIC
17.1,16.0,8,0,SYNTHETIC
17.1,26.0,9,0,SYNTHETIC
17.1,20.0,10,0,SYNTHETIC
17.1,10.0,11,0,SYNTHETIC
17.1,15.0,12,0,SYNTHETIC
17.1,16.0,13,0,SYNTHETIC
17.1,15.0,14,0,SYNTHETIC
17.1,16.0,15,0,SYNTHETIC
17.1,24.0,16,0,SYNTHETIC
17.1,19.0,17,0,SYNTHETIC
17.1,20.0,18,0,SYNTHETIC
17.1,19.0,19,0,SYNTHETIC
17.1,15.0,20,0,SYNTHETIC
17.1,18.0,21,0,SYNTHETIC
17.1,10.0,22,0,SYNTHETIC
17.1,15.0,23,0,SYNTHETIC
37.91,28.0,0,0,SYNTHETIC
37.91,150.0,1,1,SYNTHETIC
37.91,49.0,2,0,SYNTHETIC
37.91,30.0,3,0,SYNTHETIC
37.91,22.0,4,0,SYNTHETIC
37.91,17.0,5,0,SYNTHETIC
37.91,22.0,6,0,SYNTHETIC
37.91,111.0,7,1,SYNTHETIC
37.91,38.0,8,0,SYNTHETIC
37.91,27.0,9,0,SYNTHETIC
37.91,33.0,10,0,SYNTHETIC
37.91,31.0,11,0,SYNTHETIC
37.91,28.0,12,0,SYNTHETIC
37.91,30.0,13,0,SYNTHETIC
37.91,29.0,14,0,SYNTHETIC
37.91,38.0,15,0,SYNTHETIC
37.91,32.0,16,0,SYNTHETIC
37.91,33.0,17,0,SYNTHETIC
37.91,24.0,18,0,SYNTHETIC
37.91,40.0,19,0,SYNTHETIC
37.91,37.0,20,0,SYNTHETIC
37.91,46.0,21,0,SYNTHETIC
37.91,25.0,22,0,SYNTHETIC
37.91,46.0,23,0,SYNTHETIC
28.31,29.0,0,0,SYNTHETIC
28.31,19.0,1,0,SYNTHETIC
28.31,28.0,2,0,SYNTHETIC
28.31,36.0,3,0,SYNTHETIC
28.31,42.0,4,0,SYNTHETIC
28.31,23.0,5,0,SYNTHETIC
28.31,29.0,6,0,SYNTHETIC
28.31,25.0,7,0,SYNTHETIC
28.31,17.0,8,0,SYNTHETIC
28.31,37.0,9,0,SYNTHETIC
28.31,22.0,10,0,SYNTHETIC
28.31,37.0,11,0,SYNTHETIC
28.31,30.0,12,0,SYNTHETIC
28.31,33.0,13,0,SYNTHETIC
28.31,26.0,14,0,SYNTHETIC
28.31,28.0,15,0,SYNTHETIC
28.31,37.0,16,0,SYNTHETIC
28.31,24.0,17,0,SYNTHETIC
28.31,24.0,18,0,SYNTHETIC
28.31,33.0,19,0,SYNTHETIC
28.31,27.0,20,0,SYNTHETIC
28.31,40.0,21,0,SYNTHETIC
28.31,25.0,22,0,SYNTHETIC
28.31,39.0,23,0,SYNTHETIC
21.7,17.0,0,0,SYNTHETIC
21.7,21.0,1,0,SYNTHETIC
21.7,20.0,2,0,SYNTHETIC
21.7,23.0,3,0,SYNTHETIC
21.7,9.0,4,0,SYNTHETIC
21.7,10.0,5,0,SYNTHETIC
21.7,17.0,6,0,SYNTHETIC
21.7,24.0,7,0,SYNTHETIC
21.7,23.0,8,0,SYNTHETIC
21.7,20.0,9,0,SYNTHETIC
21.7,23.0,10,0,SYNTHETIC
21.7,25.0,11,0,SYNTHETIC
21.7,23.0,12,0,SYNTHETIC
21.7,21.0,13,0,SYNTHETIC
21.7,31.0,14,0,SYNTHETIC
21.7,68.0,15,1,SYNTHETIC
21.7,18.0,16,0,SYNTHETIC
21.7,17.0,17,0,SYNTHETIC
21.7,8.0,18,0,SYNTHETIC
21.7,22.0,19,0,SYNTHETIC
21.7,23.0,20,0,SYNTHETIC
21.7,25.0,21,0,SYNTHETIC
21.7,14.0,22,0,SYNTHETIC
21.7,20.0,23,0,SYNTHETIC
30.13,24.0,0,0,SYNTHETIC
30.13,38.0,1,0,SYNTHETIC
30.13,24.0,2,0,SYNTHETIC
30.13,33.0,3,0,SYNTHETIC
30.13,34.0,4,0,SYNTHETIC
30.13,27.0,5,0,SYNTHETIC
30.13,35.0,6,0,SYNTHETIC
30.13,25.0,7,0,SYNTHETIC
30.13,32.0,8,0,SYNTHETIC
30.13,29.0,9,0,SYNTHETIC
30.13,24.0,10,0,SYNTHETIC
30.13,28.0,11,0,SYNTHETIC
30.13,119.0,12,1,SYNTHETIC
30.13,22.0,13,0,SYNTHETIC
30.13,34.0,14,0,SYNTHETIC
30.13,30.0,15,0,SYNTHETIC
30.13,39.0,16,0,SYNTHETIC
30.13,29.0,17,0,SYNTHETIC
30.13,30.0,18,0,SYNTHETIC
30.13,32.0,19,0,SYNTHETIC
30.13,32.0,20,0,SYNTHETIC
30.13,23.0,21,0,SYNTHETIC
30.13,42.0,22,0,SYNTHETIC
30.13,17.0,23,0,SYNTHETIC
21.95,22.0,0,0,SYNTHETIC
21.95,23.0,1,0,SYNTHETIC
21.95,23.0,2,0,SYNTHETIC
21.95,18.0,3,0,SYNTHETIC
21.95,14.0,4,0,SYNTHETIC
21.95,26.0,5,0,SYNTHETIC
21.95,18.0,6,0,SYNTHETIC
21.95,18.0,7,0,SYNTHETIC
21.95,30.0,8,0,SYNTHETIC
21.95,32.0,9,0,SYNTHETIC
21.95,31.0,10,0,SYNTHETIC
21.95,22.0,11,0,SYNTHETIC
21.95,16.0,12,0,SYNTHETIC
21.95,25.0,13,0,SYNTHETIC
21.95,58.0,14,1,SYNTHETIC
21.95,14.0,15,0,SYNTHETIC
21.95,20.0,16,0,SYNTHETIC
21.95,22.0,17,0,SYNTHETIC
21.95,22.0,18,0,SYNTHETIC
21.95,23.0,19,0,SYNTHETIC
21.95,23.0,20,0,SYNTHETIC
21.95,22.0,21,0,SYNTHETIC
21.95,11.0,22,0,SYNTHETIC
21.95,27.0,23,0,SYNTHETIC
32.3,30.0,0,0,SYNTHETIC
32.3,29.0,1,0,SYNTHETIC
32.3,29.0,2,0,SYNTHETIC
32.3,27.0,3,0,SYNTHETIC
32.3,38.0,4,0,SYNTHETIC
32.3,29.0,5,0,SYNTHETIC
32.3,39.0,6,0,SYNTHETIC
32.3,40.0,7,0,SYNTHETIC
32.3,33.0,8,0,SYNTHETIC
32.3,32.0,9,0,SYNTHETIC
32.3,35.0,10,0,SYNTHETIC
32.3,29.0,11,0,SYNTHETIC
32.3,18.0,12,0,SYNTHETIC
32.3,42.0,13,0,SYNTHETIC
32.3,37.0,14,0,SYNTHETIC
32.3,29.0,15,0,SYNTHETIC
32.3,35.0,16,0,SYNTHETIC
32.3,39.0,17,0,SYNTHETIC
32.3,38.0,18,0,SYNTHETIC
32.3,25.0,19,0,SYNTHETIC
32.3,34.0,20,0,SYNTHETIC
32.3,30.0,21,0,SYNTHETIC
32.3,47.0,22,0,SYNTHETIC
32.3,23.0,23,0,SYNTHETIC
20.67,13.0,0,0,SYNTHETIC
20.67,24.0,1,0,SYNTHETIC
20.67,23.0,2,0,SYNTHETIC
20.67,20.0,3,0,SYNTHETIC
20.67,13.0,4,0,SYNTHETIC
20.67,10.0,5,0,SYNTHETIC
20.67,15.0,6,0,SYNTHETIC
20.67,14.0,7,0,SYNTHETIC
20.67,15.0,8,0,SYNTHETIC
20.67,26.0,9,0,SYNTHETIC
20.67,16.0,10,0,SYNTHETIC
20.67,21.0,11,0,SYNTHETIC
20.67,19.0,12,0,SYNTHETIC
20.67,25.0,13,0,SYNTHETIC
20.67,26.0,14,0,SYNTHETIC
20.67,10.0,15,0,SYNTHETIC
20.67,24.0,16,0,SYNTHETIC
20.67,20.0,17,0,SYNTHETIC
20.67,21.0,18,0,SYNTHETIC
20.67,23.0,19,0,SYNTHETIC
20.67,21.0,20,0,SYNTHETIC
20.67,14.0,21,0,SYNTHETIC
20.67,18.0,22,0,SYNTHETIC
20.67,16.0,23,0,SYNTHETIC
17.87,18.0,0,0,SYNTHETIC
17.87,24.0,1,0,SYNTHETIC
17.87,18.0,2,0,SYNTHETIC
17.87,20.0,3,0,SYNTHETIC
17.87,15.0,4,0,SYNTHETIC
17.87,18.0,5,0,SYNTHETIC
17.87,29.0,6,0,SYNTHETIC
17.87,15.0,7,0,SYNTHETIC
17.87,17.0,8,0,SYNTHETIC
17.87,12.0,9,0,SYNTHETIC
17.87,21.0,10,0,SYNTHETIC
17.87,21.0,11,0,SYNTHETIC
17.87,10.0,12,0,SYNTHETIC
17.87,25.0,13,0,SYNTHETIC
17.87,26.0,14,0,SYNTHETIC
17.87,19.0,15,0,SYNTHETIC
17.87,18.0,16,0,SYNTHETIC
17.87,19.0,17,0,SYNTHETIC
17.87,21.0,18,0,SYNTHETIC
17.87,22.0,19,0,SYNTHETIC
17.87,25.0,20,0,SYNTHETIC
17.87,19.0,21,0,SYNTHETIC
17.87,18.0,22,0,SYNTHETIC
17.87,19.0,23,0,SYNTHETIC
32.4,37.0,0,0,SYNTHETIC
32.4,31.0,1,0,SYNTHETIC
32.4,26.0,2,0,SYNTHETIC
32.4,30.0,3,0,SYNTHETIC
32.4,19.0,4,0,SYNTHETIC
32.4,46.0,5,0,SYNTHETIC
32.4,33.0,6,0,SYNTHETIC
32.4,32.0,7,0,SYNTHETIC
32.4,41.0,8,0,SYNTHETIC
32.4,140.0,9,1,SYNTHETIC
32.4,29.0,10,0,SYNTHETIC
32.4,29.0,11,0,SYNTHETIC
32.4,28.0,12,0,SYNTHETIC
32.4,16.0,13,0,SYNTHETIC
32.4,32.0,14,0,SYNTHETIC
32.4,47.0,15,0,SYNTHETIC
32.4,40.0,16,0,SYNTHETIC
32.4,38.0,17,0,SYNTHETIC
32.4,89.0,18,1,SYNTHETIC
32.4,24.0,19,0,SYNTHETIC
32.4,31.0,20,0,SYNTHETIC
32.4,33.0,21,0,SYNTHETIC
32.4,27.0,22,0,SYNTHETIC
32.4,18.0,23,0,SYNTHETIC
19.86,12.0,0,0,SYNTHETIC
19.86,27.0,1,0,SYNTHETIC
19.86,23.0,2,0,SYNTHETIC
19.86,11.0,3,0,SYNTHETIC
19.86,15.0,4,0,SYNTHETIC
19.86,17.0,5,0,SYNTHETIC
19.86,17.0,6,0,SYNTHETIC
19.86,18.0,7,0,SYNTHETIC
19.86,20.0,8,0,SYNTHETIC
19.86,17.0,9,0,SYNTHETIC
19.86,19.0,10,0,SYNTHETIC
19.86,27.0,11,0,SYNTHETIC
19.86,21.0,12,0,SYNTHETIC
19.86,18.0,13,0,SYNTHETIC
19.86,20.0,14,0,SYNTHETIC
19.86,26.0,15,0,SYNTHETIC
19.86,16.0,16,0,SYNTHETIC
19.86,19.0,17,0,SYNTHETIC
19.86,13.0,18,0,SYNTHETIC
19.86,26.0,19,0,SYNTHETIC
19.86,21.0,20,0,SYNTHETIC
19.86,23.0,21,0,SYNTHETIC
19.86,26.0,22,0,SYNTHETIC
19.86,23.0,23,0,SYNTHETIC
26.07,26.0,0,0,SYNTHETIC
26.07,31.0,1,0,SYNTHETIC
26.07,36.0,2,0,SYNTHETIC
26.07,28.0,3,0,SYNTHETIC
26.07,36.0,4,0,SYNTHETIC
26.07,19.0,5,0,SYNTHETIC
26.07,32.0,6,0,SYNTHETIC
26.07,37.0,7,0,SYNTHETIC
26.07,113.0,8,1,SYNTHETIC
26.07,25.0,9,0,SYNTHETIC
26.07,31.0,10,0,SYNTHETIC
26.07,30.0,11,0,SYNTHETIC
26.07,23.0,12,0,SYNTHETIC
26.07,29.0,13,0,SYNTHETIC
26.07,37.0,14,0,SYNTHETIC
26.07,28.0,15,0,SYNTHETIC
26.07,27.0,16,0,SYNTHETIC
26.07,24.0,17,0,SYNTHETIC
26.07,19.0,18,0,SYNTHETIC
26.07,34.0,19,0,SYNTHETIC
26.07,36.0,20,0,SYNTHETIC
26.07,26.0,21,0,SYNTHETIC
26.07,18.0,22,0,SYNTHETIC
26.07,26.0,23,0,SYNTHETIC
12.47,14.0,0,0,SYNTHETIC
12.47,10.0,1,0,SYNTHETIC
12.47,11.0,2,0,SYNTHETIC
12.47,16.0,3,0,SYNTHETIC
12.47,15.0,4,0,SYNTHETIC
12.47,14.0,5,0,SYNTHETIC
12.47,15.0,6,0,SYNTHETIC
12.47,13.0,7,0,SYNTHETIC
12.47,14.0,8,0,SYNTHETIC
12.47,12.0,9,0,SYNTHETIC
12.47,9.0,10,0,SYNTHETIC
12.47,11.0,11,0,SYNTHETIC
12.47,11.0,12,0,SYNTHETIC
12.47,15.0,13,0,SYNTHETIC
12.47,15.0,14,0,SYNTHETIC
12.47,16.0,15,0,SYNTHETIC
12.47,15.0,16,0,SYNTHETIC
12.47,11.0,17,0,SYNTHETIC
12.47,11.0,18,0,SYNTHETIC
12.47,11.0,19,0,SYNTHETIC
12.47,9.0,20,0,SYNTHETIC
12.47,15.0,21,0,SYNTHETIC
12.47,14.0,22,0,SYNTHETIC
12.47,5.0,23,0,SYNTHETIC
17.49,21.0,0,0,SYNTHETIC
17.49,12.0,1,0,SYNTHETIC
17.49,20.0,2,0,SYNTHETIC
17.49,14.0,3,0,SYNTHETIC
17.49,22.0,4,0,SYNTHETIC
17.49,15.0,5,0,SYNTHETIC
17.49,25.0,6,0,SYNTHETIC
17.49,15.0,7,0,SYNTHETIC
17.49,18.0,8,0,SYNTHETIC
17.49,23.0,9,0,SYNTHETIC
17.49,13.0,10,0,SYNTHETIC
17.49,15.0,11,0,SYNTHETIC
17.49,21.0,12,0,SYNTHETIC
17.49,19.0,13,0,SYNTHETIC
17.49,21.0,14,0,SYNTHETIC
17.49,24.0,15,0,SYNTHETIC
17.49,22.0,16,0,SYNTHETIC
17.49,68.0,17,1,SYNTHETIC
17.49,17.0,18,0,SYNTHETIC
17.49,11.0,19,0,SYNTHETIC
17.49,17.0,20,0,SYNTHETIC
17.49,22.0,21,0,SYNTHETIC
17.49,18.0,22,0,SYNTHETIC
17.49,13.0,23,0,SYNTHETIC
11.87,12.0,0,0,SYNTHETIC
11.87,10.0,1,0,SYNTHETIC
11.87,13.0,2,0,SYNTHETIC
11.87,12.0,3,0,SYNTHETIC
11.87,36.0,4,1,SYNTHETIC
11.87,10.0,5,0,SYNTHETIC
11.87,15.0,6,0,SYNTHETIC
11.87,9.0,7,0,SYNTHETIC
11.87,14.0,8,0,SYNTHETIC
11.87,12.0,9,0,SYNTHETIC
11.87,17.0,10,0,SYNTHETIC
11.87,11.0,11,0,SYNTHETIC
11.87,13.0,12,0,SYNTHETIC
11.87,19.0,13,0,SYNTHETIC
11.87,19.0,14,0,SYNTHETIC
11.87,16.0,15,0,SYNTHETIC
11.87,11.0,16,0,SYNTHETIC
11.87,12.0,17,0,SYNTHETIC
11.87,16.0,18,0,SYNTHETIC
11.87,14.0,19,0,SYNTHETIC
11.87,10.0,20,0,SYNTHETIC
11.87,12.0,21,0,SYNTHETIC
11.87,12.0,22,0,SYNTHETIC
11.87,12.0,23,0,SYNTHETIC
38.29,33.0,0,0,SYNTHETIC
38.29,37.0,1,0,SYNTHETIC
38.29,31.0,2,0,SYNTHETIC
38.29,22.0,3,0,SYNTHETIC
38.29,41.0,4,0,SYNTHETIC
38.29,36.0,5,0,SYNTHETIC
38.29,25.0,6,0,SYNTHETIC
38.29,53.0,7,0,SYNTHETIC
38.29,45.0,8,0,SYNTHETIC
38.29,35.0,9,0,SYNTHETIC
38.29,23.0,10,0,SYNTHETIC
38.29,46.0,11,0,SYNTHETIC
38.29,35.0,12,0,SYNTHETIC
38.29,12.0,13,0,SYNTHETIC
38.29,40.0,14,0,SYNTHETIC
38.29,36.0,15,0,SYNTHETIC
38.29,36.0,16,0,SYNTHETIC
38.29,53.0,17,0,SYNTHETIC
38.29,123.0,18,1,SYNTHETIC
38.29,30.0,19,0,SYNTHETIC
38.29,52.0,20,0,SYNTHETIC
38.29,148.0,21,1,SYNTHETIC
38.29,36.0,22,0,SYNTHETIC
38.29,37.0,23,0,SYNTHETIC
18.04,23.0,0,0,SYNTHETIC
18.04,10.0,1,0,SYNTHETIC
18.04,15.0,2,0,SYNTHETIC
18.04,21.0,3,0,SYNTHETIC
18.04,16.0,4,0,SYNTHETIC
18.04,16.0,5,0,SYNTHETIC
18.04,14.0,6,0,SYNTHETIC
18.04,20.0,7,0,SYNTHETIC
18.04,17.0,8,0,SYNTHETIC
18.04,13.0,9,0,SYNTHETIC
18.04,21.0,10,0,SYNTHETIC
18.04,24.0,11,0,SYNTHETIC
18.04,19.0,12,0,SYNTHETIC
18.04,15.0,13,0,SYNTHETIC
18.04,20.0,14,0,SYNTHETIC
18.04,16.0,15,0,SYNTHETIC
18.04,15.0,16,0,SYNTHETIC
18.04,23.0,17,0,SYNTHETIC
18.04,18.0,18,0,SYNTHETIC
18.04,15.0,19,0,SYNTHETIC
18.04,21.0,20,0,SYNTHETIC
18.04,77.0,21,1,SYNTHETIC
18.04,17.0,22,0,SYNTHETIC
18.04,30.0,23,0,SYNTHETIC
16.01,13.0,0,0,SYNTHETIC
16.01,17.0,1,0,SYNTHETIC
16.01,10.0,2,0,SYNTHETIC
16.01,22.0,3,0,SYNTHETIC
16.01,18.0,4,0,SYNTHETIC
16.01,18.0,5,0,SYNTHETIC
16.01,20.0,6,0,SYNTHETIC
16.01,10.0,7,0,SYNTHETIC
16.01,13.0,8,0,SYNTHETIC
16.01,19.0,9,0,SYNTHETIC
16.01,19.0,10,0,SYNTHETIC
16.01,18.0,11,0,SYNTHETIC
16.01,21.0,12,0,SYNTHETIC
16.01,18.0,13,0,SYNTHETIC
16.01,17.0,14,0,SYNTHETIC
16.01,12.0,15,0,SYNTHETIC
16.01,15.0,16,0,SYNTHETIC
16.01,9.0,17,0,SYNTHETIC
16.01,12.0,18,0,SYNTHETIC
16.01,17.0,19,0,SYNTHETIC
16.01,16.0,20,0,SYNTHETIC
16.01,17.0,21,0,SYNTHETIC
16.01,13.0,22,0,SYNTHETIC
16.01,13.0,23,0,SYNTHETIC
26.53,25.0,0,0,SYNTHETIC
26.53,25.0,1,0,SYNTHETIC
26.53,18.0,2,0,SYNTHETIC
26.53,29.0,3,0,SYNTHETIC
26.53,24.0,4,0,SYNTHETIC
26.53,37.0,5,0,SYNTHETIC
26.53,26.0,6,0,SYNTHETIC
26.53,29.0,7,0,SYNTHETIC
26.53,40.0,8,0,SYNTHETIC
26.53,132.0,9,1,SYNTHETIC
26.53,25.0,10,0,SYNTHETIC
26.53,39.0,11,0,SYNTHETIC
26.53,36.0,12,0,SYNTHETIC
26.53,39.0,13,0,SYNTHETIC
26.53,21.0,14,0,SYNTHETIC
26.53,29.0,15,0,SYNTHETIC
26.53,31.0,16,0,SYNTHETIC
26.53,37.0,17,0,SYNTHETIC
26.53,30.0,18,0,SYNTHETIC
26.53,33.0,19,0,SYNTHETIC
26.53,24.0,20,0,SYNTHETIC
26.53,24.0,21,0,SYNTHETIC
26.53,13.0,22,0,SYNTHETIC
26.53,28.0,23,0,SYNTHETIC
14.79,14.0,0,0,SYNTHETIC
14.79,7.0,1,0,SYNTHETIC
14.79,11.0,2,0,SYNTHETIC
14.79,15.0,3,0,SYNTHETIC
14.79,15.0,4,0,SYNTHETIC
14.79,17.0,5,0,SYNTHETIC
14.79,37.0,6,1,SYNTHETIC
14.79,14.0,7,0,SYNTHETIC
14.79,14.0,8,0,SYNTHETIC
14.79,20.0,9,0,SYNTHETIC
14.79,18.0,10,0,SYNTHETIC
14.79,6.0,11,0,SYNTHETIC
14.79,18.0,12,0,SYNTHETIC
14.79,11.0,13,0,SYNTHETIC
14.79,19.0,14,0,SYNTHETIC
14.79,16.0,15,0,SYNTHETIC
14.79,11.0,16,0,SYNTHETIC
14.79,13.0,17,0,SYNTHETIC
14.79,15.0,18,0,SYNTHETIC
14.79,18.0,19,0,SYNTHETIC
14.79,15.0,20,0,SYNTHETIC
14.79,14.0,21,0,SYNTHETIC
14.79,23.0,22,0,SYNTHETIC
14.79,10.0,23,0,SYNTHETIC
31.46,35.0,0,0,SYNTHETIC
31.46,27.0,1,0,SYNTHETIC
31.46,36.0,2,0,SYNTHETIC
31.46,30.0,3,0,SYNTHETIC
31.46,15.0,4,0,SYNTHETIC
31.46,28.0,5,0,SYNTHETIC
31.46,31.0,6,0,SYNTHETIC
31.46,26.0,7,0,SYNTHETIC
31.46,38.0,8,0,SYNTHETIC
31.46,18.0,9,0,SYNTHETIC
31.46,36.0,10,0,SYNTHETIC
31.46,26.0,11,0,SYNTHETIC
31.46,40.0,12,0,SYNTHETIC
31.46,21.0,13,0,SYNTHETIC
31.46,25.0,14,0,SYNTHETIC
31.46,14.0,15,0,SYNTHETIC
31.46,36.0,16,0,SYNTHETIC
31.46,29.0,17,0,SYNTHETIC
31.46,28.0,18,0,SYNTHETIC
31.46,26.0,19,0,SYNTHETIC
31.46,31.0,20,0,SYNTHETIC
31.46,24.0,21,0,SYNTHETIC
31.46,19.0,22,0,SYNTHETIC
31.46,39.0,23,0,SYNTHETIC
20.58,21.0,0,0,SYNTHETIC
20.58,24.0,1,0,SYNTHETIC
20.58,17.0,2,0,SYNTHETIC
20.58,23.0,3,0,SYNTHETIC
20.58,18.0,4,0,SYNTHETIC
20.58,19.0,5,0,SYNTHETIC
20.58,20.0,6,0,SYNTHETIC
20.58,25.0,7,0,SYNTHETIC
20.58,28.0,8,0,SYNTHETIC
20.58,29.0,9,0,SYNTHETIC
20.58,19.0,10,0,SYNTHETIC
20.58,84.0,11,1,SYNTHETIC
20.58,23.0,12,0,SYNTHETIC
20.58,23.0,13,0,SYNTHETIC
20.58,23.0,14,0,SYNTHETIC
20.58,17.0,15,0,SYNTHETIC
20.58,32.0,16,0,SYNTHETIC
20.58,23.0,17,0,SYNTHETIC
20.58,16.0,18,0,SYNTHETIC
20.58,23.0,19,0,SYNTHETIC
20.58,18.0,20,0,SYNTHETIC
20.58,21.0,21,0,SYNTHETIC
20.58,23.0,22,0,SYNTHETIC
20.58,22.0,23,0,SYNTHETIC
18.38,15.0,0,0,SYNTHETIC
18.38,25.0,1,0,SYNTHETIC
18.38,20.0,2,0,SYNTHETIC
18.38,25.0,3,0,SYNTHETIC
18.38,13.0,4,0,SYNTHETIC
18.38,20.0,5,0,SYNTHETIC
18.38,25.0,6,0,SYNTHETIC
18.38,16.0,7,0,SYNTHETIC
18.38,18.0,8,0,SYNTHETIC
18.38,21.0,9,0,SYNTHETIC
18.38,17.0,10,0,SYNTHETIC
18.38,16.0,11,0,SYNTHETIC
18.38,17.0,12,0,SYNTHETIC
18.38,61.0,13,1,SYNTHETIC
18.38,15.0,14,0,SYNTHETIC
18.38,24.0,15,0,SYNTHETIC
18.38,30.0,16,0,SYNTHETIC
18.38,18.0,17,0,SYNTHETIC
18.38,26.0,18,0,SYNTHETIC
18.38,18.0,19,0,SYNTHETIC
18.38,25.0,20,0,SYNTHETIC
18.38,10.0,21,0,SYNTHETIC
18.38,67.0,22,1,SYNTHETIC
18.38,24.0,23,0,SYNTHETIC
39.18,28.0,0,0,SYNTHETIC
39.18,34.0,1,0,SYNTHETIC
39.18,54.0,2,0,SYNTHETIC
39.18,42.0,3,0,SYNTHETIC
39.18,26.0,4,0,SYNTHETIC
39.18,37.0,5,0,SYNTHETIC
39.18,41.0,6,0,SYNTHETIC
39.18,41.0,7,0,SYNTHETIC
39.18,176.0,8,1,SYNTHETIC
39.18,32.0,9,0,SYNTHETIC
39.18,44.0,10,0,SYNTHETIC
39.18,41.0,11,0,SYNTHETIC
39.18,35.0,12,0,SYNTHETIC
39.18,36.0,13,0,SYNTHETIC
39.18,31.0,14,0,SYNTHETIC
39.18,32.0,15,0,SYNTHETIC
39.18,45.0,16,0,SYNTHETIC
39.18,37.0,17,0,SYNTHETIC
39.18,52.0,18,0,SYNTHETIC
39.18,98.0,19,1,SYNTHETIC
39.18,22.0,20,0,SYNTHETIC
39.18,48.0,21,0,SYNTHETIC
39.18,34.0,22,0,SYNTHETIC
39.18,54.0,23,0,SYNTHETIC
37.24,40.0,0,0,SYNTHETIC
37.24,29.0,1,0,SYNTHETIC
37.24,31.0,2,0,SYNTHETIC
37.24,56.0,3,0,SYNTHETIC
37.24,37.0,4,0,SYNTHETIC
37.24,36.0,5,0,SYNTHETIC
37.24,26.0,6,0,SYNTHETIC
37.24,20.0,7,0,SYNTHETIC
37.24,46.0,8,0,SYNTHETIC
37.24,50.0,9,0,SYNTHETIC
37.24,44.0,10,0,SYNTHETIC
37.24,34.0,11,0,SYNTHETIC
37.24,39.0,12,0,SYNTHETIC
37.24,27.0,13,0,SYNTHETIC
37.24,36.0,14,0,SYNTHETIC
37.24,42.0,15,0,SYNTHETIC
37.24,7.0,16,0,SYNTHETIC
37.24,46.0,17,0,SYNTHETIC
37.24,131.0,18,1,SYNTHETIC
37.24,47.0,19,0,SYNTHETIC
37.24,40.0,20,0,SYNTHETIC
37.24,112.0,21,1,SYNTHETIC
37.24,43.0,22,0,SYNTHETIC
37.24,54.0,23,0,SYNTHETIC
23.31,13.0,0,0,SYNTHETIC
23.31,22.0,1,0,SYNTHETIC
23.31,26.0,2,0,SYNTHETIC
23.31,24.0,3,0,SYNTHETIC
23.31,15.0,4,0,SYNTHETIC
23.31,29.0,5,0,SYNTHETIC
23.31,15.0,6,0,SYNTHETIC
23.31,23.0,7,0,SYNTHETIC
23.31,20.0,8,0,SYNTHETIC
23.31,27.0,9,0,SYNTHETIC
23.31,26.0,10,0,SYNTHETIC
23.31,24.0,11,0,SYNTHETIC
23.31,25.0,12,0,SYNTHETIC
23.31,39.0,13,0,SYNTHETIC
23.31,27.0,14,0,SYNTHETIC
23.31,19.0,15,0,SYNTHETIC
23.31,23.0,16,0,SYNTHETIC
23.31,22.0,17,0,SYNTHETIC
23.31,30.0,18,0,SYNTHETIC
23.31,32.0,19,0,SYNTHETIC
23.31,30.0,20,0,SYNTHETIC
23.31,21.0,21,0,SYNTHETIC
23.31,24.0,22,0,SYNTHETIC
23.31,18.0,23,0,SYNTHETIC
15.27,18.0,0,0,SYNTHETIC
15.27,18.0,1,0,SYNTHETIC
15.27,11.0,2,0,SYNTHETIC
15.27,59.0,3,1,SYNTHETIC
15.27,22.0,4,0,SYNTHETIC
15.27,13.0,5,0,SYNTHETIC
15.27,15.0,6,0,SYNTHETIC
15.27,14.0,7,0,SYNTHETIC
15.27,13.0,8,0,SYNTHETIC
15.27,15.0,9,0,SYNTHETIC
15.27,15.0,10,0,SYNTHETIC
15.27,6.0,11,0,SYNTHETIC
15.27,11.0,12,0,SYNTHETIC
15.27,17.0,13,0,SYNTHETIC
15.27,22.0,14,0,SYNTHETIC
15.27,12.0,15,0,SYNTHETIC
15.27,60.0,16,1,SYNTHETIC
15.27,8.0,17,0,SYNTHETIC
15.27,14.0,18,0,SYNTHETIC
15.27,62.0,19,1,SYNTHETIC
15.27,10.0,20,0,SYNTHETIC
15.27,16.0,21,0,SYNTHETIC
15.27,10.0,22,0,SYNTHETIC
15.27,15.0,23,0,SYNTHETIC
25.54,27.0,0,0,SYNTHETIC
25.54,27.0,1,0,SYNTHETIC
25.54,28.0,2,0,SYNTHETIC
25.54,65.0,3,1,SYNTHETIC
25.54,28.0,4,0,SYNTHETIC
25.54,21.0,5,0,SYNTHETIC
25.54,30.0,6,0,SYNTHETIC
25.54,36.0,7,0,SYNTHETIC
25.54,26.0,8,0,SYNTHETIC
25.54,28.0,9,0,SYNTHETIC
25.54,25.0,10,0,SYNTHETIC
25.54,32.0,11,0,SYNTHETIC
25.54,32.0,12,0,SYNTHETIC
25.54,18.0,13,0,SYNTHETIC
25.54,17.0,14,0,SYNTHETIC
25.54,19.0,15,0,SYNTHETIC
25.54,28.0,16,0,SYNTHETIC
25.54,21.0,17,0,SYNTHETIC
25.54,19.0,18,0,SYNTHETIC
25.54,41.0,19,0,SYNTHETIC
25.54,21.0,20,0,SYNTHETIC
25.54,14.0,21,0,SYNTHETIC
25.54,14.0,22,0,SYNTHETIC
25.54,19.0,23,0,SYNTHETIC
18.3,19.0,0,0,SYNTHETIC
18.3,17.0,1,0,SYNTHETIC
18.3,18.0,2,0,SYNTHETIC
18.3,22.0,3,0,SYNTHETIC
18.3,18.0,4,0,SYNTHETIC
18.3,14.0,5,0,SYNTHETIC
18.3,17.0,6,0,SYNTHETIC
18.3,23.0,7,0,SYNTHETIC
18.3,18.0,8,0,SYNTHETIC
18.3,23.0,9,0,SYNTHETIC
18.3,24.0,10,0,SYNTHETIC
18.3,25.0,11,0,SYNTHETIC
18.3,13.0,12,0,SYNTHETIC
18.3,24.0,13,0,SYNTHETIC
18.3,26.0,14,0,SYNTHETIC
18.3,25.0,15,0,SYNTHETIC
18.3,18.0,16,0,SYNTHETIC
18.3,18.0,17,0,SYNTHETIC
18.3,19.0,18,0,SYNTHETIC
18.3,16.0,19,0,SYNTHETIC
18.3,21.0,20,0,SYNTHETIC
18.3,22.0,21,0,SYNTHETIC
18.3,21.0,22,0,SYNTHETIC
18.3,13.0,23,0,SYNTHETIC
26.79,23.0,0,0,SYNTHETIC
26.79,38.0,1,0,SYNTHETIC
26.79,28.0,2,0,SYNTHETIC
26.79,32.0,3,0,SYNTHETIC
26.79,30.0,4,0,SYNTHETIC
26.79,21.0,5,0,SYNTHETIC
26.79,33.0,6,0,SYNTHETIC
26.79,19.0,7,0,SYNTHETIC
26.79,23.0,8,0,SYNTHETIC
26.79,27.0,9,0,SYNTHETIC
26.79,29.0,10,0,SYNTHETIC
26.79,27.0,11,0,SYNTHETIC
26.79,38.0,12,0,SYNTHETIC
26.79,23.0,13,0,SYNTHETIC
26.79,21.0,14,0,SYNTHETIC
26.79,19.0,15,0,SYNTHETIC
26.79,25.0,16,0,SYNTHETIC
26.79,14.0,17,0,SYNTHETIC
26.79,34.0,18,0,SYNTHETIC
26.79,20.0,19,0,SYNTHETIC
26.79,32.0,20,0,SYNTHETIC
26.79,20.0,21,0,SYNTHETIC
26.79,31.0,22,0,SYNTHETIC
26.79,19.0,23,0,SYNTHETIC
12.15,59.0,0,1,SYNTHETIC
12.15,13.0,1,0,SYNTHETIC
12.15,12.0,2,0,SYNTHETIC
12.15,14.0,3,0,SYNTHETIC
12.15,14.0,4,0,SYNTHETIC
12.15,15.0,5,0,SYNTHETIC
12.15,20.0,6,0,SYNTHETIC
12.15,12.0,7,0,SYNTHETIC
12.15,14.0,8,0,SYNTHETIC
12.15,10.0,9,0,SYNTHETIC
12.15,18.0,10,0,SYNTHETIC
12.15,12.0,11,0,SYNTHETIC
12.15,13.0,12,0,SYNTHETIC
12.15,9.0,13,0,SYNTHETIC
12.15,11.0,14,0,SYNTHETIC
12.15,10.0,15,0,SYNTHETIC
12.15,11.0,16,0,SYNTHETIC
12.15,10.0,17,0,SYNTHETIC
12.15,14.0,18,0,SYNTHETIC
12.15,14.0,19,0,SYNTHETIC
12.15,13.0,20,0,SYNTHETIC
12.15,19.0,21,0,SYNTHETIC
12.15,18.0,22,0,SYNTHETIC
12.15,9.0,23,0,SYNTHETIC
32.13,25.0,0,0,SYNTHETIC
32.13,29.0,1,0,SYNTHETIC
32.13,40.0,2,0,SYNTHETIC
32.13,132.0,3,1,SYNTHETIC
32.13,34.0,4,0,SYNTHETIC
32.13,26.0,5,0,SYNTHETIC
32.13,31.0,6,0,SYNTHETIC
32.13,33.0,7,0,SYNTHETIC
32.13,44.0,8,0,SYNTHETIC
32.13,24.0,9,0,SYNTHETIC
32.13,28.0,10,0,SYNTHETIC
32.13,34.0,11,0,SYNTHETIC
32.13,26.0,12,0,SYNTHETIC
32.13,150.0,13,1,SYNTHETIC
32.13,20.0,14,0,SYNTHETIC
32.13,35.0,15,0,SYNTHETIC
32.13,31.0,16,0,SYNTHETIC
32.13,39.0,17,0,SYNTHETIC
32.13,28.0,18,0,SYNTHETIC
32.13,34.0,19,0,SYNTHETIC
32.13,42.0,20,0,SYNTHETIC
32.13,28.0,21,0,SYNTHETIC
32.13,39.0,22,0,SYNTHETIC
32.13,34.0,23,0,SYNTHETIC
20.96,76.0,0,1,SYNTHETIC
20.96,22.0,1,0,SYNTHETIC
20.96,24.0,2,0,SYNTHETIC
20.96,22.0,3,0,SYNTHETIC
20.96,22.0,4,0,SYNTHETIC
20.96,18.0,5,0,SYNTHETIC
20.96,32.0,6,0,SYNTHETIC
20.96,22.0,7,0,SYNTHETIC
20.96,16.0,8,0,SYNTHETIC
20.96,23.0,9,0,SYNTHETIC
20.96,18.0,10,0,SYNTHETIC
20.96,22.0,11,0,SYNTHETIC
20.96,16.0,12,0,SYNTHETIC
20.96,20.0,13,0,SYNTHETIC
20.96,19.0,14,0,SYNTHETIC
20.96,12.0,15,0,SYNTHETIC
20.96,19.0,16,0,SYNTHETIC
20.96,18.0,17,0,SYNTHETIC
20.96,22.0,18,0,SYNTHETIC
20.96,25.0,19,0,SYNTHETIC
20.96,22.0,20,0,SYNTHETIC
20.96,25.0,21,0,SYNTHETIC
20.96,27.0,22,0,SYNTHETIC
20.96,18.0,23,0,SYNTHETIC
28.74,17.0,0,0,SYNTHETIC
28.74,28.0,1,0,SYNTHETIC
28.74,23.0,2,0,SYNTHETIC
28.74,17.0,3,0,SYNTHETIC
28.74,31.0,4,0,SYNTHETIC
28.74,21.0,5,0,SYNTHETIC
28.74,36.0,6,0,SYNTHETIC
28.74,86.0,7,1,SYNTHETIC
28.74,23.0,8,0,SYNTHETIC
28.74,33.0,9,0,SYNTHETIC
28.74,28.0,10,0,SYNTHETIC
28.74,27.0,11,0,SYNTHETIC
28.74,33.0,12,0,SYNTHETIC
28.74,26.0,13,0,SYNTHETIC
28.74,43.0,14,0,SYNTHETIC
28.74,25.0,15,0,SYNTHETIC
28.74,44.0,16,0,SYNTHETIC
28.74,31.0,17,0,SYNTHETIC
28.74,25.0,18,0,SYNTHETIC
28.74,24.0,19,0,SYNTHETIC
28.74,26.0,20,0,SYNTHETIC
28.74,21.0,21,0,SYNTHETIC
28.74,27.0,22,0,SYNTHETIC
28.74,32.0,23,0,SYNTHETIC
12.29,13.0,0,0,SYNTHETIC
12.29,12.0,1,0,SYNTHETIC
12.29,14.0,2,0,SYNTHETIC
12.29,16.0,3,0,SYNTHETIC
12.29,15.0,4,0,SYNTHETIC
12.29,9.0,5,0,SYNTHETIC
12.29,12.0,6,0,SYNTHETIC
12.29,14.0,7,0,SYNTHETIC
12.29,10.0,8,0,SYNTHETIC
12.29,15.0,9,0,SYNTHETIC
12.29,12.0,10,0,SYNTHETIC
12.29,11.0,11,0,SYNTHETIC
12.29,8.0,12,0,SYNTHETIC
12.29,23.0,13,0,SYNTHETIC
12.29,14.0,14,0,SYNTHETIC
12.29,12.0,15,0,SYNTHETIC
12.29,12.0,16,0,SYNTHETIC
12.29,13.0,17,0,SYNTHETIC
12.29,8.0,18,0,SYNTHETIC
12.29,11.0,19,0,SYNTHETIC
12.29,12.0,20,0,SYNTHETIC
12.29,13.0,21,0,SYNTHETIC
12.29,7.0,22,0,SYNTHETIC
12.29,14.0,23,0,SYNTHETIC
31.85,26.0,0,0,SYNTHETIC
31.85,25.0,1,0,SYNTHETIC
31.85,28.0,2,0,SYNTHETIC
31.85,39.0,3,0,SYNTHETIC
31.85,42.0,4,0,SYNTHETIC
31.85,20.0,5,0,SYNTHETIC
31.85,22.0,6,0,SYNTHETIC
31.85,39.0,7,0,SYNTHETIC
31.85,41.0,8,0,SYNTHETIC
31.85,20.0,9,0,SYNTHETIC
31.85,24.0,10,0,SYNTHETIC
31.85,49.0,11,0,SYNTHETIC
31.85,27.0,12,0,SYNTHETIC
31.85,51.0,13,0,SYNTHETIC
31.85,41.0,14,0,SYNTHETIC
31.85,17.0,15,0,SYNTHETIC
31.85,57.0,16,0,SYNTHETIC
31.85,27.0,17,0,SYNTHETIC
31.85,31.0,18,0,SYNTHETIC
31.85,30.0,19,0,SYNTHETIC
31.85,46.0,20,0,SYNTHETIC
31.85,36.0,21,0,SYNTHETIC
31.85,40.0,22,0,SYNTHETIC
31.85,30.0,23,0,SYNTHETIC
13.5,7.0,0,0,SYNTHETIC
13.5,10.0,1,0,SYNTHETIC
13.5,14.0,2,0,SYNTHETIC
13.5,15.0,3,0,SYNTHETIC
13.5,19.0,4,0,SYNTHETIC
13.5,13.0,5,0,SYNTHETIC
13.5,11.0,6,0,SYNTHETIC
13.5,15.0,7,0,SYNTHETIC
13.5,12.0,8,0,SYNTHETIC
13.5,13.0,9,0,SYNTHETIC
13.5,13.0,10,0,SYNTHETIC
13.5,9.0,11,0,SYNTHETIC
13.5,14.0,12,0,SYNTHETIC
13.5,10.0,13,0,SYNTHETIC
13.5,13.0,14,0,SYNTHETIC
13.5,19.0,15,0,SYNTHETIC
13.5,17.0,16,0,SYNTHETIC
13.5,10.0,17,0,SYNTHETIC
13.5,15.0,18,0,SYNTHETIC
13.5,12.0,19,0,SYNTHETIC
13.5,15.0,20,0,SYNTHETIC
13.5,10.0,21,0,SYNTHETIC
13.5,16.0,22,0,SYNTHETIC
13.5,19.0,23,0,SYNTHETIC
28.03,18.0,0,0,SYNTHETIC
28.03,20.0,1,0,SYNTHETIC
28.03,31.0,2,0,SYNTHETIC
28.03,35.0,3,0,SYNTHETIC
28.03,28.0,4,0,SYNTHETIC
28.03,14.0,5,0,SYNTHETIC
28.03,39.0,6,0,SYNTHETIC
28.03,25.0,7,0,SYNTHETIC
28.03,14.0,8,0,SYNTHETIC
28.03,29.0,9,0,SYNTHETIC
28.03,21.0,10,0,SYNTHETIC
28.03,18.0,11,0,SYNTHETIC
28.03,24.0,12,0,SYNTHETIC
28.03,26.0,13,0,SYNTHETIC
28.03,36.0,14,0,SYNTHETIC
28.03,33.0,15,0,SYNTHETIC
28.03,32.0,16,0,SYNTHETIC
28.03,25.0,17,0,SYNTHETIC
28.03,31.0,18,0,SYNTHETIC
28.03,26.0,19,0,SYNTHETIC
28.03,28.0,20,0,SYNTHETIC
28.03,24.0,21,0,SYNTHETIC
28.03,31.0,22,0,SYNTHETIC
28.03,83.0,23,1,SYNTHETIC
11.83,53.0,0,1,SYNTHETIC
11.83,14.0,1,0,SYNTHETIC
11.83,48.0,2,1,SYNTHETIC
11.83,8.0,3,0,SYNTHETIC
11.83,8.0,4,0,SYNTHETIC
11.83,15.0,5,0,SYNTHETIC
11.83,16.0,6,0,SYNTHETIC
11.83,7.0,7,0,SYNTHETIC
11.83,10.0,8,0,SYNTHETIC
11.83,11.0,9,0,SYNTHETIC
11.83,10.0,10,0,SYNTHETIC
11.83,10.0,11,0,SYNTHETIC
11.83,4.0,12,0,SYNTHETIC
11.83,55.0,13,1,SYNTHETIC
11.83,8.0,14,0,SYNTHETIC
11.83,56.0,15,1,SYNTHETIC
11.83,9.0,16,0,SYNTHETIC
11.83,11.0,17,0,SYNTHETIC
11.83,11.0,18,0,SYNTHETIC
11.83,13.0,19,0,SYNTHETIC
11.83,18.0,20,0,SYNTHETIC
11.83,7.0,21,0,SYNTHETIC
11.83,9.0,22,0,SYNTHETIC
11.83,8.0,23,0,SYNTHETIC
36.34,23.0,0,0,SYNTHETIC
36.34,38.0,1,0,SYNTHETIC
36.34,21.0,2,0,SYNTHETIC
36.34,30.0,3,0,SYNTHETIC
36.34,41.0,4,0,SYNTHETIC
36.34,16.0,5,0,SYNTHETIC
36.34,34.0,6,0,SYNTHETIC
36.34,41.0,7,0,SYNTHETIC
36.34,40.0,8,0,SYNTHETIC
36.34,41.0,9,0,SYNTHETIC
36.34,40.0,10,0,SYNTHETIC
36.34,32.0,11,0,SYNTHETIC
36.34,35.0,12,0,SYNTHETIC
36.34,27.0,13,0,SYNTHETIC
36.34,127.0,14,1,SYNTHETIC
36.34,35.0,15,0,SYNTHETIC
36.34,21.0,16,0,SYNTHETIC
36.34,42.0,17,0,SYNTHETIC
36.34,39.0,18,0,SYNTHETIC
36.34,41.0,19,0,SYNTHETIC
36.34,43.0,20,0,SYNTHETIC
36.34,32.0,21,0,SYNTHETIC
36.34,13.0,22,0,SYNTHETIC
36.34,32.0,23,0,SYNTHETIC
28.76,36.0,0,0,SYNTHETIC
28.76,27.0,1,0,SYNTHETIC
28.76,31.0,2,0,SYNTHETIC
28.76,23.0,3,0,SYNTHETIC
28.76,28.0,4,0,SYNTHETIC
28.76,27.0,5,0,SYNTHETIC
28.76,38.0,6,0,SYNTHETIC
28.76,27.0,7,0,SYNTHETIC
28.76,37.0,8,0,SYNTHETIC
28.76,33.0,9,0,SYNTHETIC
28.76,42.0,10,0,SYNTHETIC
28.76,18.0,11,0,SYNTHETIC
28.76,31.0,12,0,SYNTHETIC
28.76,31.0,13,0,SYNTHETIC
28.76,35.0,14,0,SYNTHETIC
28.76,21.0,15,0,SYNTHETIC
28.76,26.0,16,0,SYNTHETIC
28.76,21.0,17,0,SYNTHETIC
28.76,122.0,18,1,SYNTHETIC
28.76,24.0,19,0,SYNTHETIC
28.76,37.0,20,0,SYNTHETIC
28.76,23.0,21,0,SYNTHETIC
28.76,15.0,22,0,SYNTHETIC
28.76,32.0,23,0,SYNTHETIC
32.81,37.0,0,0,SYNTHETIC
32.81,21.0,1,0,SYNTHETIC
32.81,40.0,2,0,SYNTHETIC
32.81,25.0,3,0,SYNTHETIC
32.81,49.0,4,0,SYNTHETIC
32.81,37.0,5,0,SYNTHETIC
32.81,12.0,6,0,SYNTHETIC
32.81,31.0,7,0,SYNTHETIC
32.81,28.0,8,0,SYNTHETIC
32.81,38.0,9,0,SYNTHETIC
32.81,83.0,10,1,SYNTHETIC
32.81,32.0,11,0,SYNTHETIC
32.81,38.0,12,0,SYNTHETIC
32.81,44.0,13,0,SYNTHETIC
32.81,38.0,14,0,SYNTHETIC
32.81,26.0,15,0,SYNTHETIC
32.81,56.0,16,0,SYNTHETIC
32.81,27.0,17,0,SYNTHETIC
32.81,22.0,18,0,SYNTHETIC
32.81,31.0,19,0,SYNTHETIC
32.81,27.0,20,0,SYNTHETIC
32.81,36.0,21,0,SYNTHETIC
32.81,26.0,22,0,SYNTHETIC
32.81,36.0,23,0,SYNTHETIC
23.24,26.0,0,0,SYNTHETIC
23.24,17.0,1,0,SYNTHETIC
23.24,35.0,2,0,SYNTHETIC
23.24,20.0,3,0,SYNTHETIC
23.24,18.0,4,0,SYNTHETIC
23.24,19.0,5,0,SYNTHETIC
23.24,90.0,6,1,SYNTHETIC
23.24,18.0,7,0,SYNTHETIC
23.24,18.0,8,0,SYNTHETIC
23.24,29.0,9,0,SYNTHETIC
23.24,24.0,10,0,SYNTHETIC
23.24,22.0,11,0,SYNTHETIC
23.24,14.0,12,0,SYNTHETIC
23.24,27.0,13,0,SYNTHETIC
23.24,26.0,14,0,SYNTHETIC
23.24,13.0,15,0,SYNTHETIC
23.24,23.0,16,0,SYNTHETIC
23.24,24.0,17,0,SYNTHETIC
23.24,18.0,18,0,SYNTHETIC
23.24,19.0,19,0,SYNTHETIC
23.24,21.0,20,0,SYNTHETIC
23.24,20.0,21,0,SYNTHETIC
23.24,29.0,22,0,SYNTHETIC
23.24,33.0,23,0,SYNTHETIC
11.8,13.0,0,0,SYNTHETIC
11.8,11.0,1,0,SYNTHETIC
11.8,9.0,2,0,SYNTHETIC
11.8,12.0,3,0,SYNTHETIC
11.8,13.0,4,0,SYNTHETIC
11.8,15.0,5,0,SYNTHETIC
11.8,11.0,6,0,SYNTHETIC
11.8,10.0,7,0,SYNTHETIC
11.8,6.0,8,0,SYNTHETIC
11.8,7.0,9,0,SYNTHETIC
11.8,15.0,10,0,SYNTHETIC
11.8,13.0,11,0,SYNTHETIC
11.8,14.0,12,0,SYNTHETIC
11.8,10.0,13,0,SYNTHETIC
11.8,9.0,14,0,SYNTHETIC
11.8,12.0,15,0,SYNTHETIC
11.8,6.0,16,0,SYNTHETIC
11.8,11.0,17,0,SYNTHETIC
11.8,9.0,18,0,SYNTHETIC
11.8,55.0,19,1,SYNTHETIC
11.8,14.0,20,0,SYNTHETIC
11.8,14.0,21,0,SYNTHETIC
11.8,16.0,22,0,SYNTHETIC
11.8,15.0,23,0,SYNTHETIC
39.17,48.0,0,0,SYNTHETIC
39.17,35.0,1,0,SYNTHETIC
39.17,46.0,2,0,SYNTHETIC
39.17,39.0,3,0,SYNTHETIC
39.17,39.0,4,0,SYNTHETIC
39.17,33.0,5,0,SYNTHETIC
39.17,56.0,6,0,SYNTHETIC
39.17,29.0,7,0,SYNTHETIC
39.17,41.0,8,0,SYNTHETIC
39.17,48.0,9,0,SYNTHETIC
39.17,55.0,10,0,SYNTHETIC
39.17,18.0,11,0,SYNTHETIC
39.17,43.0,12,0,SYNTHETIC
39.17,186.0,13,1,SYNTHETIC
39.17,37.0,14,0,SYNTHETIC
39.17,42.0,15,0,SYNTHETIC
39.17,31.0,16,0,SYNTHETIC
39.17,24.0,17,0,SYNTHETIC
39.17,40.0,18,0,SYNTHETIC
39.17,38.0,19,0,SYNTHETIC
39.17,45.0,20,0,SYNTHETIC
39.17,38.0,21,0,SYNTHETIC
39.17,28.0,22,0,SYNTHETIC
39.17,29.0,23,0,SYNTHETIC
16.65,21.0,0,0,SYNTHETIC
16.65,69.0,1,1,SYNTHETIC
16.65,19.0,2,0,SYNTHETIC
16.65,15.0,3,0,SYNTHETIC
16.65,51.0,4,1,SYNTHETIC
16.65,26.0,5,0,SYNTHETIC
16.65,16.0,6,0,SYNTHETIC
16.65,17.0,7,0,SYNTHETIC
16.65,16.0,8,0,SYNTHETIC
16.65,19.0,9,0,SYNTHETIC
16.65,15.0,10,0,SYNTHETIC
16.65,14.0,11,0,SYNTHETIC
16.65,18.0,12,0,SYNTHETIC
16.65,14.0,13,0,SYNTHETIC
16.65,8.0,14,0,SYNTHETIC
16.65,24.0,15,0,SYNTHETIC
16.65,19.0,16,0,SYNTHETIC
16.65,14.0,17,0,SYNTHETIC
16.65,15.0,18,0,SYNTHETIC
16.65,17.0,19,0,SYNTHETIC
16.65,12.0,20,0,SYNTHETIC
16.65,18.0,21,0,SYNTHETIC
16.65,15.0,22,0,SYNTHETIC
16.65,19.0,23,0,SYNTHETIC
39.95,26.0,0,0,SYNTHETIC
39.95,27.0,1,0,SYNTHETIC
39.95,35.0,2,0,SYNTHETIC
39.95,41.0,3,0,SYNTHETIC
39.95,33.0,4,0,SYNTHETIC
39.95,26.0,5,0,SYNTHETIC
39.95,46.0,6,0,SYNTHETIC
39.95,57.0,7,0,SYNTHETIC
39.95,43.0,8,0,SYNTHETIC
39.95,40.0,9,0,SYNTHETIC
39.95,58.0,10,0,SYNTHETIC
39.95,43.0,11,0,SYNTHETIC
39.95,44.0,12,0,SYNTHETIC
39.95,55.0,13,0,SYNTHETIC
39.95,22.0,14,0,SYNTHETIC
39.95,38.0,15,0,SYNTHETIC
39.95,35.0,16,0,SYNTHETIC
39.95,40.0,17,0,SYNTHETIC
39.95,147.0,18,1,SYNTHETIC
39.95,59.0,19,0,SYNTHETIC
39.95,56.0,20,0,SYNTHETIC
39.95,48.0,21,0,SYNTHETIC
39.95,35.0,22,0,SYNTHETIC
39.95,26.0,23,0,SYNTHETIC
27.72,19.0,0,0,SYNTHETIC
27.72,30.0,1,0,SYNTHETIC
27.72,31.0,2,0,SYNTHETIC
27.72,33.0,3,0,SYNTHETIC
27.72,38.0,4,0,SYNTHETIC
27.72,41.0,5,0,SYNTHETIC
27.72,28.0,6,0,SYNTHETIC
27.72,31.0,7,0,SYNTHETIC
27.72,32.0,8,0,SYNTHETIC
27.72,27.0,9,0,SYNTHETIC
27.72,25.0,10,0,SYNTHETIC
27.72,31.0,11,0,SYNTHETIC
27.72,26.0,12,0,SYNTHETIC
27.72,30.0,13,0,SYNTHETIC
27.72,25.0,14,0,SYNTHETIC
27.72,15.0,15,0,SYNTHETIC
27.72,122.0,16,1,SYNTHETIC
27.72,22.0,17,0,SYNTHETIC
27.72,26.0,18,0,SYNTHETIC
27.72,23.0,19,0,SYNTHETIC
27.72,12.0,20,0,SYNTHETIC
27.72,33.0,21,0,SYNTHETIC
27.72,28.0,22,0,SYNTHETIC
27.72,25.0,23,0,SYNTHETIC
18.86,28.0,0,0,SYNTHETIC
18.86,10.0,1,0,SYNTHETIC
18.86,13.0,2,0,SYNTHETIC
18.86,8.0,3,0,SYNTHETIC
18.86,16.0,4,0,SYNTHETIC
18.86,23.0,5,0,SYNTHETIC
18.86,20.0,6,0,SYNTHETIC
18.86,56.0,7,1,SYNTHETIC
18.86,19.0,8,0,SYNTHETIC
18.86,62.0,9,1,SYNTHETIC
18.86,26.0,10,0,SYNTHETIC
18.86,14.0,11,0,SYNTHETIC
18.86,17.0,12,0,SYNTHETIC
18.86,18.0,13,0,SYNTHETIC
18.86,24.0,14,0,SYNTHETIC
18.86,68.0,15,1,SYNTHETIC
18.86,17.0,16,0,SYNTHETIC
18.86,15.0,17,0,SYNTHETIC
18.86,13.0,18,0,SYNTHETIC
18.86,18.0,19,0,SYNTHETIC
18.86,75.0,20,1,SYNTHETIC
18.86,19.0,21,0,SYNTHETIC
18.86,26.0,22,0,SYNTHETIC
18.86,22.0,23,0,SYNTHETIC
20.65,18.0,0,0,SYNTHETIC
20.65,15.0,1,0,SYNTHETIC
20.65,22.0,2,0,SYNTHETIC
20.65,23.0,3,0,SYNTHETIC
20.65,22.0,4,0,SYNTHETIC
20.65,32.0,5,0,SYNTHETIC
20.65,61.0,6,1,SYNTHETIC
20.65,21.0,7,0,SYNTHETIC
20.65,24.0,8,0,SYNTHETIC
20.65,19.0,9,0,SYNTHETIC
20.65,22.0,10,0,SYNTHETIC
20.65,21.0,11,0,SYNTHETIC
20.65,18.0,12,0,SYNTHETIC
20.65,21.0,13,0,SYNTHETIC
20.65,20.0,14,0,SYNTHETIC
20.65,71.0,15,1,SYNTHETIC
20.65,24.0,16,0,SYNTHETIC
20.65,27.0,17,0,SYNTHETIC
20.65,14.0,18,0,SYNTHETIC
20.65,10.0,19,0,SYNTHETIC
20.65,16.0,20,0,SYNTHETIC
20.65,62.0,21,1,SYNTHETIC
20.65,8.0,22,0,SYNTHETIC
20.65,29.0,23,0,SYNTHETIC
28.56,29.0,0,0,SYNTHETIC
28.56,16.0,1,0,SYNTHETIC
28.56,28.0,2,0,SYNTHETIC
28.56,24.0,3,0,SYNTHETIC
28.56,31.0,4,0,SYNTHETIC
28.56,23.0,5,0,SYNTHETIC
28.56,32.0,6,0,SYNTHETIC
28.56,30.0,7,0,SYNTHETIC
28.56,36.0,8,0,SYNTHETIC
28.56,23.0,9,0,SYNTHETIC
28.56,26.0,10,0,SYNTHETIC
28.56,24.0,11,0,SYNTHETIC
28.56,37.0,12,0,SYNTHETIC
28.56,30.0,13,0,SYNTHETIC
28.56,29.0,14,0,SYNTHETIC
28.56,12.0,15,0,SYNTHETIC
28.56,33.0,16,0,SYNTHETIC
28.56,18.0,17,0,SYNTHETIC
28.56,26.0,18,0,SYNTHETIC
28.56,20.0,19,0,SYNTHETIC
28.56,32.0,20,0,SYNTHETIC
28.56,30.0,21,0,SYNTHETIC
28.56,22.0,22,0,SYNTHETIC
28.56,27.0,23,0,SYNTHETIC
26.65,24.0,0,0,SYNTHETIC
26.65,30.0,1,0,SYNTHETIC
26.65,25.0,2,0,SYNTHETIC
26.65,20.0,3,0,SYNTHETIC
26.65,39.0,4,0,SYNTHETIC
26.65,21.0,5,0,SYNTHETIC
26.65,90.0,6,1,SYNTHETIC
26.65,123.0,7,1,SYNTHETIC
26.65,39.0,8,0,SYNTHETIC
26.65,31.0,9,0,SYNTHETIC
26.65,15.0,10,0,SYNTHETIC
26.65,27.0,11,0,SYNTHETIC
26.65,35.0,12,0,SYNTHETIC
26.65,19.0,13,0,SYNTHETIC
26.65,16.0,14,0,SYNTHETIC
26.65,30.0,15,0,SYNTHETIC
26.65,25.0,16,0,SYNTHETIC
26.65,22.0,17,0,SYNTHETIC
26.65,32.0,18,0,SYNTHETIC
26.65,27.0,19,0,SYNTHETIC
26.65,40.0,20,0,SYNTHETIC
26.65,18.0,21,0,SYNTHETIC
26.65,26.0,22,0,SYNTHETIC
26.65,25.0,23,0,SYNTHETIC
39.13,35.0,0,0,SYNTHETIC
39.13,43.0,1,0,SYNTHETIC
39.13,38.0,2,0,SYNTHETIC
39.13,61.0,3,0,SYNTHETIC
39.13,69.0,4,0,SYNTHETIC
39.13,48.0,5,0,SYNTHETIC
39.13,38.0,6,0,SYNTHETIC
39.13,37.0,7,0,SYNTHETIC
39.13,38.0,8,0,SYNTHETIC
39.13,38.0,9,0,SYNTHETIC
39.13,27.0,10,0,SYNTHETIC
39.13,23.0,11,0,SYNTHETIC
39.13,30.0,12,0,SYNTHETIC
39.13,28.0,13,0,SYNTHETIC
39.13,41.0,14,0,SYNTHETIC
39.13,51.0,15,0,SYNTHETIC
39.13,39.0,16,0,SYNTHETIC
39.13,47.0,17,0,SYNTHETIC
39.13,22.0,18,0,SYNTHETIC
39.13,38.0,19,0,SYNTHETIC
39.13,51.0,20,0,SYNTHETIC
39.13,37.0,21,0,SYNTHETIC
39.13,48.0,22,0,SYNTHETIC
39.13,49.0,23,0,SYNTHETIC
24.46,35.0,0,0,SYNTHETIC
24.46,30.0,1,0,SYNTHETIC
24.46,30.0,2,0,SYNTHETIC
24.46,32.0,3,0,SYNTHETIC
24.46,25.0,4,0,SYNTHETIC
24.46,30.0,5,0,SYNTHETIC
24.46,35.0,6,0,SYNTHETIC
24.46,28.0,7,0,SYNTHETIC
24.46,26.0,8,0,SYNTHETIC
24.46,36.0,9,0,SYNTHETIC
24.46,17.0,10,0,SYNTHETIC
24.46,104.0,11,1,SYNTHETIC
24.46,27.0,12,0,SYNTHETIC
24.46,15.0,13,0,SYNTHETIC
24.46,24.0,14,0,SYNTHETIC
24.46,29.0,15,0,SYNTHETIC
24.46,24.0,16,0,SYNTHETIC
24.46,31.0,17,0,SYNTHETIC
24.46,18.0,18,0,SYNTHETIC
24.46,98.0,19,1,SYNTHETIC
24.46,21.0,20,0,SYNTHETIC
24.46,122.0,21,1,SYNTHETIC
24.46,18.0,22,0,SYNTHETIC
24.46,34.0,23,0,SYNTHETIC
14.68,14.0,0,0,SYNTHETIC
14.68,17.0,1,0,SYNTHETIC
14.68,13.0,2,0,SYNTHETIC
14.68,13.0,3,0,SYNTHETIC
14.68,16.0,4,0,SYNTHETIC
14.68,13.0,5,0,SYNTHETIC
14.68,14.0,6,0,SYNTHETIC
14.68,14.0,7,0,SYNTHETIC
14.68,15.0,8,0,SYNTHETIC
14.68,17.0,9,0,SYNTHETIC
14.68,13.0,10,0,SYNTHETIC
14.68,16.0,11,0,SYNTHETIC
14.68,18.0,12,0,SYNTHETIC
14.68,14.0,13,0,SYNTHETIC
14.68,6.0,14,0,SYNTHETIC
14.68,25.0,15,0,SYNTHETIC
14.68,10.0,16,0,SYNTHETIC
14.68,10.0,17,0,SYNTHETIC
14.68,16.0,18,0,SYNTHETIC
14.68,40.0,19,1,SYNTHETIC
14.68,11.0,20,0,SYNTHETIC
14.68,19.0,21,0,SYNTHETIC
14.68,16.0,22,0,SYNTHETIC
14.68,15.0,23,0,SYNTHETIC
34.87,55.0,0,0,SYNTHETIC
34.87,150.0,1,1,SYNTHETIC
34.87,27.0,2,0,SYNTHETIC
34.87,19.0,3,0,SYNTHETIC
34.87,40.0,4,0,SYNTHETIC
34.87,45.0,5,0,SYNTHETIC
34.87,33.0,6,0,SYNTHETIC
34.87,34.0,7,0,SYNTHETIC
34.87,38.0,8,0,SYNTHETIC
34.87,138.0,9,1,SYNTHETIC
34.87,49.0,10,0,SYNTHETIC
34.87,48.0,11,0,SYNTHETIC
34.87,27.0,12,0,SYNTHETIC
34.87,47.0,13,0,SYNTHETIC
34.87,37.0,14,0,SYNTHETIC
34.87,48.0,15,0,SYNTHETIC
34.87,30.0,16,0,SYNTHETIC
34.87,40.0,17,0,SYNTHETIC
34.87,37.0,18,0,SYNTHETIC
34.87,43.0,19,0,SYNTHETIC
34.87,26.0,20,0,SYNTHETIC
34.87,53.0,21,0,SYNTHETIC
34.87,39.0,22,0,SYNTHETIC
34.87,27.0,23,0,SYNTHETIC
19.79,12.0,0,0,SYNTHETIC
19.79,21.0,1,0,SYNTHETIC
19.79,18.0,2,0,SYNTHETIC
19.79,22.0,3,0,SYNTHETIC
19.79,21.0,4,0,SYNTHETIC
19.79,24.0,5,0,SYNTHETIC
19.79,20.0,6,0,SYNTHETIC
19.79,21.0,7,0,SYNTHETIC
19.79,81.0,8,1,SYNTHETIC
19.79,26.0,9,0,SYNTHETIC
19.79,13.0,10,0,SYNTHETIC
19.79,22.0,11,0,SYNTHETIC
19.79,17.0,12,0,SYNTHETIC
19.79,54.0,13,1,SYNTHETIC
19.79,66.0,14,1,SYNTHETIC
19.79,25.0,15,0,SYNTHETIC
19.79,16.0,16,0,SYNTHETIC
19.79,14.0,17,0,SYNTHETIC
19.79,15.0,18,0,SYNTHETIC
19.79,26.0,19,0,SYNTHETIC
19.79,30.0,20,0,SYNTHETIC
19.79,24.0,21,0,SYNTHETIC
19.79,30.0,22,0,SYNTHETIC
19.79,18.0,23,0,SYNTHETIC
14.39,14.0,0,0,SYNTHETIC
14.39,16.0,1,0,SYNTHETIC
14.39,13.0,2,0,SYNTHETIC
14.39,18.0,3,0,SYNTHETIC
14.39,13.0,4,0,SYNTHETIC
14.39,9.0,5,0,SYNTHETIC
14.39,17.0,6,0,SYNTHETIC
14.39,15.0,7,0,SYNTHETIC
14.39,3.0,8,0,SYNTHETIC
14.39,17.0,9,0,SYNTHETIC
14.39,14.0,10,0,SYNTHETIC
14.39,11.0,11,0,SYNTHETIC
14.39,22.0,12,0,SYNTHETIC
14.39,67.0,13,1,SYNTHETIC
14.39,15.0,14,0,SYNTHETIC
14.39,11.0,15,0,SYNTHETIC
14.39,39.0,16,1,SYNTHETIC
14.39,13.0,17,0,SYNTHETIC
14.39,17.0,18,0,SYNTHETIC
14.39,12.0,19,0,SYNTHETIC
14.39,15.0,20,0,SYNTHETIC
14.39,17.0,21,0,SYNTHETIC
14.39,11.0,22,0,SYNTHETIC
14.39,15.0,23,0,SYNTHETIC
32.67,32.0,0,0,SYNTHETIC
32.67,20.0,1,0,SYNTHETIC
32.67,38.0,2,0,SYNTHETIC
32.67,30.0,3,0,SYNTHETIC
32.67,34.0,4,0,SYNTHETIC
32.67,32.0,5,0,SYNTHETIC
32.67,36.0,6,0,SYNTHETIC
32.67,26.0,7,0,SYNTHETIC
32.67,39.0,8,0,SYNTHETIC
32.67,34.0,9,0,SYNTHETIC
32.67,157.0,10,1,SYNTHETIC
32.67,30.0,11,0,SYNTHETIC
32.67,46.0,12,0,SYNTHETIC
32.67,35.0,13,0,SYNTHETIC
32.67,29.0,14,0,SYNTHETIC
32.67,39.0,15,0,SYNTHETIC
32.67,45.0,16,0,SYNTHETIC
32.67,40.0,17,0,SYNTHETIC
32.67,42.0,18,0,SYNTHETIC
32.67,43.0,19,0,SYNTHETIC
32.67,45.0,20,0,SYNTHETIC
32.67,38.0,21,0,SYNTHETIC
32.67,39.0,22,0,SYNTHETIC
32.67,144.0,23,1,SYNTHETIC
39.0,46.0,0,0,SYNTHETIC
39.0,29.0,1,0,SYNTHETIC
39.0,41.0,2,0,SYNTHETIC
39.0,45.0,3,0,SYNTHETIC
39.0,43.0,4,0,SYNTHETIC
39.0,34.0,5,0,SYNTHETIC
39.0,28.0,6,0,SYNTHETIC
39.0,41.0,7,0,SYNTHETIC
39.0,45.0,8,0,SYNTHETIC
39.0,44.0,9,0,SYNTHETIC
39.0,18.0,10,0,SYNTHETIC
39.0,61.0,11,0,SYNTHETIC
39.0,40.0,12,0,SYNTHETIC
39.0,54.0,13,0,SYNTHETIC
39.0,41.0,14,0,SYNTHETIC
39.0,38.0,15,0,SYNTHETIC
39.0,26.0,16,0,SYNTHETIC
39.0,48.0,17,0,SYNTHETIC
39.0,47.0,18,0,SYNTHETIC
39.0,46.0,19,0,SYNTHETIC
39.0,40.0,20,0,SYNTHETIC
39.0,45.0,21,0,SYNTHETIC
39.0,50.0,22,0,SYNTHETIC
39.0,31.0,23,0,SYNTHETIC
19.18,24.0,0,0,SYNTHETIC
19.18,16.0,1,0,SYNTHETIC
19.18,19.0,2,0,SYNTHETIC
19.18,23.0,3,0,SYNTHETIC
19.18,19.0,4,0,SYNTHETIC
19.18,13.0,5,0,SYNTHETIC
19.18,15.0,6,0,SYNTHETIC
19.18,19.0,7,0,SYNTHETIC
19.18,8.0,8,0,SYNTHETIC
19.18,80.0,9,1,SYNTHETIC
19.18,27.0,10,0,SYNTHETIC
19.18,21.0,11,0,SYNTHETIC
19.18,23.0,12,0,SYNTHETIC
19.18,23.0,13,0,SYNTHETIC
19.18,22.0,14,0,SYNTHETIC
19.18,25.0,15,0,SYNTHETIC
19.18,16.0,16,0,SYNTHETIC
19.18,17.0,17,0,SYNTHETIC
19.18,16.0,18,0,SYNTHETIC
19.18,21.0,19,0,SYNTHETIC
19.18,23.0,20,0,SYNTHETIC
19.18,26.0,21,0,SYNTHETIC
19.18,21.0,22,0,SYNTHETIC
19.18,28.0,23,0,SYNTHETIC
19.46,14.0,0,0,SYNTHETIC
19.46,27.0,1,0,SYNTHETIC
19.46,16.0,2,0,SYNTHETIC
19.46,23.0,3,0,SYNTHETIC
19.46,27.0,4,0,SYNTHETIC
19.46,20.0,5,0,SYNTHETIC
19.46,19.0,6,0,SYNTHETIC
19.46,15.0,7,0,SYNTHETIC
19.46,23.0,8,0,SYNTHETIC
19.46,30.0,9,0,SYNTHETIC
19.46,24.0,10,0,SYNTHETIC
19.46,25.0,11,0,SYNTHETIC
19.46,19.0,12,0,SYNTHETIC
19.46,20.0,13,0,SYNTHETIC
19.46,19.0,14,0,SYNTHETIC
19.46,18.0,15,0,SYNTHETIC
19.46,20.0,16,0,SYNTHETIC
19.46,26.0,17,0,SYNTHETIC
19.46,14.0,18,0,SYNTHETIC
19.46,23.0,19,0,SYNTHETIC
19.46,13.0,20,0,SYNTHETIC
19.46,19.0,21,0,SYNTHETIC
19.46,23.0,22,0,SYNTHETIC
19.46,25.0,23,0,SYNTHETIC
39.32,62.0,0,0,SYNTHETIC
39.32,57.0,1,0,SYNTHETIC
39.32,38.0,2,0,SYNTHETIC
39.32,30.0,3,0,SYNTHETIC
39.32,47.0,4,0,SYNTHETIC
39.32,44.0,5,0,SYNTHETIC
39.32,34.0,6,0,SYNTHETIC
39.32,51.0,7,0,SYNTHETIC
39.32,130.0,8,1,SYNTHETIC
39.32,23.0,9,0,SYNTHETIC
39.32,36.0,10,0,SYNTHETIC
39.32,36.0,11,0,SYNTHETIC
39.32,28.0,12,0,SYNTHETIC
39.32,38.0,13,0,SYNTHETIC
39.32,15.0,14,0,SYNTHETIC
39.32,57.0,15,0,SYNTHETIC
39.32,42.0,16,0,SYNTHETIC
39.32,29.0,17,0,SYNTHETIC
39.32,40.0,18,0,SYNTHETIC
39.32,116.0,19,1,SYNTHETIC
39.32,46.0,20,0,SYNTHETIC
39.32,34.0,21,0,SYNTHETIC
39.32,33.0,22,0,SYNTHETIC
39.32,30.0,23,0,SYNTHETIC
29.99,37.0,0,0,SYNTHETIC
29.99,25.0,1,0,SYNTHETIC
29.99,25.0,2,0,SYNTHETIC
29.99,21.0,3,0,SYNTHETIC
29.99,28.0,4,0,SYNTHETIC
29.99,21.0,5,0,SYNTHETIC
29.99,30.0,6,0,SYNTHETIC
29.99,32.0,7,0,SYNTHETIC
29.99,30.0,8,0,SYNTHETIC
29.99,38.0,9,0,SYNTHETIC
29.99,25.0,10,0,SYNTHETIC
29.99,31.0,11,0,SYNTHETIC
29.99,28.0,12,0,SYNTHETIC
29.99,31.0,13,0,SYNTHETIC
29.99,24.0,14,0,SYNTHETIC
29.99,32.0,15,0,SYNTHETIC
29.99,34.0,16,0,SYNTHETIC
29.99,36.0,17,0,SYNTHETIC
29.99,26.0,18,0,SYNTHETIC
29.99,20.0,19,0,SYNTHETIC
29.99,20.0,20,0,SYNTHETIC
29.99,125.0,21,1,SYNTHETIC
29.99,31.0,22,0,SYNTHETIC
29.99,29.0,23,0,SYNTHETIC
35.4,35.0,0,0,SYNTHETIC
35.4,24.0,1,0,SYNTHETIC
35.4,33.0,2,0,SYNTHETIC
35.4,24.0,3,0,SYNTHETIC
35.4,30.0,4,0,SYNTHETIC
35.4,30.0,5,0,SYNTHETIC
35.4,41.0,6,0,SYNTHETIC
35.4,24.0,7,0,SYNTHETIC
35.4,24.0,8,0,SYNTHETIC
35.4,41.0,9,0,SYNTHETIC
35.4,47.0,10,0,SYNTHETIC
35.4,46.0,11,0,SYNTHETIC
35.4,18.0,12,0,SYNTHETIC
35.4,46.0,13,0,SYNTHETIC
35.4,39.0,14,0,SYNTHETIC
35.4,23.0,15,0,SYNTHETIC
35.4,23.0,16,0,SYNTHETIC
35.4,25.0,17,0,SYNTHETIC
35.4,116.0,18,1,SYNTHETIC
35.4,24.0,19,0,SYNTHETIC
35.4,51.0,20,0,SYNTHETIC
35.4,22.0,21,0,SYNTHETIC
35.4,19.0,22,0,SYNTHETIC
35.4,16.0,23,0,SYNTHETIC
18.16,15.0,0,0,SYNTHETIC
18.16,14.0,1,0,SYNTHETIC
18.16,49.0,2,1,SYNTHETIC
18.16,21.0,3,0,SYNTHETIC
18.16,20.0,4,0,SYNTHETIC
18.16,16.0,5,0,SYNTHETIC
18.16,12.0,6,0,SYNTHETIC
18.16,10.0,7,0,SYNTHETIC
18.16,20.0,8,0,SYNTHETIC
18.16,11.0,9,0,SYNTHETIC
18.16,13.0,10,0,SYNTHETIC
18.16,76.0,11,1,SYNTHETIC
18.16,14.0,12,0,SYNTHETIC
18.16,19.0,13,0,SYNTHETIC
18.16,18.0,14,0,SYNTHETIC
18.16,25.0,15,0,SYNTHETIC
18.16,25.0,16,0,SYNTHETIC
18.16,15.0,17,0,SYNTHETIC
18.16,21.0,18,0,SYNTHETIC
18.16,29.0,19,0,SYNTHETIC
18.16,22.0,20,0,SYNTHETIC
18.16,17.0,21,0,SYNTHETIC
18.16,23.0,22,0,SYNTHETIC
18.16,16.0,23,0,SYNTHETIC
35.29,34.0,0,0,SYNTHETIC
35.29,23.0,1,0,SYNTHETIC
35.29,33.0,2,0,SYNTHETIC
35.29,20.0,3,0,SYNTHETIC
35.29,24.0,4,0,SYNTHETIC
35.29,27.0,5,0,SYNTHETIC
35.29,29.0,6,0,SYNTHETIC
35.29,25.0,7,0,SYNTHETIC
35.29,40.0,8,0,SYNTHETIC
35.29,40.0,9,0,SYNTHETIC
35.29,31.0,10,0,SYNTHETIC
35.29,31.0,11,0,SYNTHETIC
35.29,40.0,12,0,SYNTHETIC
35.29,27.0,13,0,SYNTHETIC
35.29,31.0,14,0,SYNTHETIC
35.29,28.0,15,0,SYNTHETIC
35.29,25.0,16,0,SYNTHETIC
35.29,40.0,17,0,SYNTHETIC
35.29,26.0,18,0,SYNTHETIC
35.29,14.0,19,0,SYNTHETIC
35.29,40.0,20,0,SYNTHETIC
35.29,35.0,21,0,SYNTHETIC
35.29,48.0,22,0,SYNTHETIC
35.29,26.0,23,0,SYNTHETIC
17.88,18.0,0,0,SYNTHETIC
17.88,25.0,1,0,SYNTHETIC
17.88,22.0,2,0,SYNTHETIC
17.88,19.0,3,0,SYNTHETIC
17.88,16.0,4,0,SYNTHETIC
17.88,12.0,5,0,SYNTHETIC
17.88,19.0,6,0,SYNTHETIC
17.88,22.0,7,0,SYNTHETIC
17.88,16.0,8,0,SYNTHETIC
17.88,8.0,9,0,SYNTHETIC
17.88,12.0,10,0,SYNTHETIC
17.88,28.0,11,0,SYNTHETIC
17.88,13.0,12,0,SYNTHETIC
17.88,18.0,13,0,SYNTHETIC
17.88,10.0,14,0,SYNTHETIC
17.88,17.0,15,0,SYNTHETIC
17.88,22.0,16,0,SYNTHETIC
17.88,18.0,17,0,SYNTHETIC
17.88,21.0,18,0,SYNTHETIC
17.88,21.0,19,0,SYNTHETIC
17.88,18.0,20,0,SYNTHETIC
17.88,19.0,21,0,SYNTHETIC
17.88,15.0,22,0,SYNTHETIC
17.88,17.0,23,0,SYNTHETIC
24.54,15.0,0,0,SYNTHETIC
24.54,18.0,1,0,SYNTHETIC
24.54,26.0,2,0,SYNTHETIC
24.54,30.0,3,0,SYNTHETIC
24.54,27.0,4,0,SYNTHETIC
24.54,18.0,5,0,SYNTHETIC
24.54,28.0,6,0,SYNTHETIC
24.54,36.0,7,0,SYNTHETIC
24.54,21.0,8,0,SYNTHETIC
24.54,13.0,9,0,SYNTHETIC
24.54,26.0,10,0,SYNTHETIC
24.54,28.0,11,0,SYNTHETIC
24.54,21.0,12,0,SYNTHETIC
24.54,27.0,13,0,SYNTHETIC
24.54,30.0,14,0,SYNTHETIC
24.54,40.0,15,0,SYNTHETIC
24.54,31.0,16,0,SYNTHETIC
24.54,23.0,17,0,SYNTHETIC
24.54,22.0,18,0,SYNTHETIC
24.54,17.0,19,0,SYNTHETIC
24.54,35.0,20,0,SYNTHETIC
24.54,34.0,21,0,SYNTHETIC
24.54,30.0,22,0,SYNTHETIC
24.54,23.0,23,0,SYNTHETIC
29.05,42.0,0,0,SYNTHETIC
29.05,79.0,1,1,SYNTHETIC
29.05,31.0,2,0,SYNTHETIC
29.05,26.0,3,0,SYNTHETIC
29.05,36.0,4,0,SYNTHETIC
29.05,31.0,5,0,SYNTHETIC
29.05,31.0,6,0,SYNTHETIC
29.05,27.0,7,0,SYNTHETIC
29.05,31.0,8,0,SYNTHETIC
29.05,27.0,9,0,SYNTHETIC
29.05,38.0,10,0,SYNTHETIC
29.05,28.0,11,0,SYNTHETIC
29.05,23.0,12,0,SYNTHETIC
29.05,22.0,13,0,SYNTHETIC
29.05,33.0,14,0,SYNTHETIC
29.05,42.0,15,0,SYNTHETIC
29.05,28.0,16,0,SYNTHETIC
29.05,31.0,17,0,SYNTHETIC
29.05,20.0,18,0,SYNTHETIC
29.05,30.0,19,0,SYNTHETIC
29.05,30.0,20,0,SYNTHETIC
29.05,20.0,21,0,SYNTHETIC
29.05,23.0,22,0,SYNTHETIC
29.05,37.0,23,0,SYNTHETIC
14.59,19.0,0,0,SYNTHETIC
14.59,17.0,1,0,SYNTHETIC
14.59,41.0,2,1,SYNTHETIC
14.59,18.0,3,0,SYNTHETIC
14.59,12.0,4,0,SYNTHETIC
14.59,11.0,5,0,SYNTHETIC
14.59,9.0,6,0,SYNTHETIC
14.59,11.0,7,0,SYNTHETIC
14.59,16.0,8,0,SYNTHETIC
14.59,13.0,9,0,SYNTHETIC
14.59,18.0,10,0,SYNTHETIC
14.59,18.0,11,0,SYNTHETIC
14.59,17.0,12,0,SYNTHETIC
14.59,23.0,13,0,SYNTHETIC
14.59,15.0,14,0,SYNTHETIC
14.59,11.0,15,0,SYNTHETIC
14.59,12.0,16,0,SYNTHETIC
14.59,17.0,17,0,SYNTHETIC
14.59,13.0,18,0,SYNTHETIC
14.59,21.0,19,0,SYNTHETIC
14.59,12.0,20,0,SYNTHETIC
14.59,21.0,21,0,SYNTHETIC
14.59,15.0,22,0,SYNTHETIC
14.59,11.0,23,0,SYNTHETIC
36.85,34.0,0,0,SYNTHETIC
36.85,36.0,1,0,SYNTHETIC
36.85,37.0,2,0,SYNTHETIC
36.85,23.0,3,0,SYNTHETIC
36.85,34.0,4,0,SYNTHETIC
36.85,32.0,5,0,SYNTHETIC
36.85,30.0,6,0,SYNTHETIC
36.85,46.0,7,0,SYNTHETIC
36.85,25.0,8,0,SYNTHETIC
36.85,37.0,9,0,SYNTHETIC
36.85,33.0,10,0,SYNTHETIC
36.85,45.0,11,0,SYNTHETIC
36.85,29.0,12,0,SYNTHETIC
36.85,47.0,13,0,SYNTHETIC
36.85,37.0,14,0,SYNTHETIC
36.85,40.0,15,0,SYNTHETIC
36.85,13.0,16,0,SYNTHETIC
36.85,50.0,17,0,SYNTHETIC
36.85,31.0,18,0,SYNTHETIC
36.85,33.0,19,0,SYNTHETIC
36.85,52.0,20,0,SYNTHETIC
36.85,28.0,21,0,SYNTHETIC
36.85,25.0,22,0,SYNTHETIC
36.85,105.0,23,1,SYNTHETIC
27.72,27.0,0,0,SYNTHETIC
27.72,115.0,1,1,SYNTHETIC
27.72,34.0,2,0,SYNTHETIC
27.72,27.0,3,0,SYNTHETIC
27.72,18.0,4,0,SYNTHETIC
27.72,20.0,5,0,SYNTHETIC
27.72,15.0,6,0,SYNTHETIC
27.72,31.0,7,0,SYNTHETIC
27.72,30.0,8,0,SYNTHETIC
27.72,24.0,9,0,SYNTHETIC
27.72,25.0,10,0,SYNTHETIC
27.72,31.0,11,0,SYNTHETIC
27.72,37.0,12,0,SYNTHETIC
27.72,29.0,13,0,SYNTHETIC
27.72,31.0,14,0,SYNTHETIC
27.72,34.0,15,0,SYNTHETIC
27.72,20.0,16,0,SYNTHETIC
27.72,13.0,17,0,SYNTHETIC
27.72,26.0,18,0,SYNTHETIC
27.72,25.0,19,0,SYNTHETIC
27.72,31.0,20,0,SYNTHETIC
27.72,24.0,21,0,SYNTHETIC
27.72,41.0,22,0,SYNTHETIC
27.72,24.0,23,0,SYNTHETIC
29.34,33.0,0,0,SYNTHETIC
29.34,42.0,1,0,SYNTHETIC
29.34,22.0,2,0,SYNTHETIC
29.34,25.0,3,0,SYNTHETIC
29.34,28.0,4,0,SYNTHETIC
29.34,24.0,5,0,SYNTHETIC
29.34,27.0,6,0,SYNTHETIC
29.34,139.0,7,1,SYNTHETIC
29.34,33.0,8,0,SYNTHETIC
29.34,35.0,9,0,SYNTHETIC
29.34,26.0,10,0,SYNTHETIC
29.34,41.0,11,0,SYNTHETIC
29.34,36.0,12,0,SYNTHETIC
29.34,36.0,13,0,SYNTHETIC
29.34,25.0,14,0,SYNTHETIC
29.34,34.0,15,0,SYNTHETIC
29.34,26.0,16,0,SYNTHETIC
29.34,26.0,17,0,SYNTHETIC
29.34,36.0,18,0,SYNTHETIC
29.34,24.0,19,0,SYNTHETIC
29.34,38.0,20,0,SYNTHETIC
29.34,25.0,21,0,SYNTHETIC
29.34,42.0,22,0,SYNTHETIC
29.34,32.0,23,0,SYNTHETIC
14.04,7.0,0,0,SYNTHETIC
14.04,18.0,1,0,SYNTHETIC
14.04,13.0,2,0,SYNTHETIC
14.04,36.0,3,1,SYNTHETIC
14.04,8.0,4,0,SYNTHETIC
14.04,13.0,5,0,SYNTHETIC
14.04,11.0,6,0,SYNTHETIC
14.04,26.0,7,0,SYNTHETIC
14.04,18.0,8,0,SYNTHETIC
14.04,18.0,9,0,SYNTHETIC
14.04,16.0,10,0,SYNTHETIC
14.04,19.0,11,0,SYNTHETIC
14.04,16.0,12,0,SYNTHETIC
14.04,10.0,13,0,SYNTHETIC
14.04,9.0,14,0,SYNTHETIC
14.04,17.0,15,0,SYNTHETIC
14.04,7.0,16,0,SYNTHETIC
14.04,5.0,17,0,SYNTHETIC
14.04,15.0,18,0,SYNTHETIC
14.04,13.0,19,0,SYNTHETIC
14.04,14.0,20,0,SYNTHETIC
14.04,16.0,21,0,SYNTHETIC
14.04,11.0,22,0,SYNTHETIC
14.04,23.0,23,0,SYNTHETIC
10.89,12.0,0,0,SYNTHETIC
10.89,45.0,1,1,SYNTHETIC
10.89,6.0,2,0,SYNTHETIC
10.89,16.0,3,0,SYNTHETIC
10.89,8.0,4,0,SYNTHETIC
10.89,9.0,5,0,SYNTHETIC
10.89,12.0,6,0,SYNTHETIC
10.89,6.0,7,0,SYNTHETIC
10.89,14.0,8,0,SYNTHETIC
10.89,8.0,9,0,SYNTHETIC
10.89,13.0,10,0,SYNTHETIC
10.89,8.0,11,0,SYNTHETIC
10.89,11.0,12,0,SYNTHETIC
10.89,14.0,13,0,SYNTHETIC
10.89,6.0,14,0,SYNTHETIC
10.89,15.0,15,0,SYNTHETIC
10.89,12.0,16,0,SYNTHETIC
10.89,13.0,17,0,SYNTHETIC
10.89,8.0,18,0,SYNTHETIC
10.89,12.0,19,0,SYNTHETIC
10.89,10.0,20,0,SYNTHETIC
10.89,8.0,21,0,SYNTHETIC
10.89,10.0,22,0,SYNTHETIC
10.89,10.0,23,0,SYNTHETIC
37.75,29.0,0,0,SYNTHETIC
37.75,46.0,1,0,SYNTHETIC
37.75,44.0,2,0,SYNTHETIC
37.75,50.0,3,0,SYNTHETIC
37.75,18.0,4,0,SYNTHETIC
37.75,29.0,5,0,SYNTHETIC
37.75,180.0,6,1,SYNTHETIC
37.75,20.0,7,0,SYNTHETIC
37.75,36.0,8,0,SYNTHETIC
37.75,33.0,9,0,SYNTHETIC
37.75,43.0,10,0,SYNTHETIC
37.75,41.0,11,0,SYNTHETIC
37.75,50.0,12,0,SYNTHETIC
37.75,137.0,13,1,SYNTHETIC
37.75,39.0,14,0,SYNTHETIC
37.75,24.0,15,0,SYNTHETIC
37.75,28.0,16,0,SYNTHETIC
37.75,32.0,17,0,SYNTHETIC
37.75,33.0,18,0,SYNTHETIC
37.75,26.0,19,0,SYNTHETIC
37.75,37.0,20,0,SYNTHETIC
37.75,39.0,21,0,SYNTHETIC
37.75,33.0,22,0,SYNTHETIC
37.75,28.0,23,0,SYNTHETIC
16.86,17.0,0,0,SYNTHETIC
16.86,20.0,1,0,SYNTHETIC
16.86,16.0,2,0,SYNTHETIC
16.86,13.0,3,0,SYNTHETIC
16.86,16.0,4,0,SYNTHETIC
16.86,18.0,5,0,SYNTHETIC
16.86,22.0,6,0,SYNTHETIC
16.86,21.0,7,0,SYNTHETIC
16.86,58.0,8,1,SYNTHETIC
16.86,18.0,9,0,SYNTHETIC
16.86,21.0,10,0,SYNTHETIC
16.86,8.0,11,0,SYNTHETIC
16.86,9.0,12,0,SYNTHETIC
16.86,16.0,13,0,SYNTHETIC
16.86,17.0,14,0,SYNTHETIC
16.86,15.0,15,0,SYNTHETIC
16.86,15.0,16,0,SYNTHETIC
16.86,15.0,17,0,SYNTHETIC
16.86,18.0,18,0,SYNTHETIC
16.86,13.0,19,0,SYNTHETIC
16.86,26.0,20,0,SYNTHETIC
16.86,16.0,21,0,SYNTHETIC
16.86,12.0,22,0,SYNTHETIC
16.86,21.0,23,0,SYNTHETIC
13.53,5.0,0,0,SYNTHETIC
13.53,14.0,1,0,SYNTHETIC
13.53,21.0,2,0,SYNTHETIC
13.53,20.0,3,0,SYNTHETIC
13.53,15.0,4,0,SYNTHETIC
13.53,13.0,5,0,SYNTHETIC
13.53,10.0,6,0,SYNTHETIC
13.53,14.0,7,0,SYNTHETIC
13.53,14.0,8,0,SYNTHETIC
13.53,13.0,9,0,SYNTHETIC
13.53,20.0,10,0,SYNTHETIC
13.53,15.0,11,0,SYNTHETIC
13.53,14.0,12,0,SYNTHETIC
13.53,11.0,13,0,SYNTHETIC
13.53,16.0,14,0,SYNTHETIC
13.53,18.0,15,0,SYNTHETIC
13.53,14.0,16,0,SYNTHETIC
13.53,15.0,17,0,SYNTHETIC
13.53,13.0,18,0,SYNTHETIC
13.53,11.0,19,0,SYNTHETIC
13.53,18.0,20,0,SYNTHETIC
13.53,10.0,21,0,SYNTHETIC
13.53,15.0,22,0,SYNTHETIC
13.53,6.0,23,0,SYNTHETIC
36.86,27.0,0,0,SYNTHETIC
36.86,39.0,1,0,SYNTHETIC
36.86,22.0,2,0,SYNTHETIC
36.86,35.0,3,0,SYNTHETIC
36.86,18.0,4,0,SYNTHETIC
36.86,42.0,5,0,SYNTHETIC
36.86,34.0,6,0,SYNTHETIC
36.86,51.0,7,0,SYNTHETIC
36.86,35.0,8,0,SYNTHETIC
36.86,48.0,9,0,SYNTHETIC
36.86,33.0,10,0,SYNTHETIC
36.86,50.0,11,0,SYNTHETIC
36.86,44.0,12,0,SYNTHETIC
36.86,42.0,13,0,SYNTHETIC
36.86,26.0,14,0,SYNTHETIC
36.86,41.0,15,0,SYNTHETIC
36.86,47.0,16,0,SYNTHETIC
36.86,45.0,17,0,SYNTHETIC
36.86,37.0,18,0,SYNTHETIC
36.86,26.0,19,0,SYNTHETIC
36.86,27.0,20,0,SYNTHETIC
36.86,46.0,21,0,SYNTHETIC
36.86,44.0,22,0,SYNTHETIC
36.86,24.0,23,0,SYNTHETIC
10.6,7.0,0,0,SYNTHETIC
10.6,8.0,1,0,SYNTHETIC
10.6,11.0,2,0,SYNTHETIC
10.6,9.0,3,0,SYNTHETIC
10.6,10.0,4,0,SYNTHETIC
10.6,11.0,5,0,SYNTHETIC
10.6,12.0,6,0,SYNTHETIC
10.6,11.0,7,0,SYNTHETIC
10.6,13.0,8,0,SYNTHETIC
10.6,14.0,9,0,SYNTHETIC
10.6,12.0,10,0,SYNTHETIC
10.6,5.0,11,0,SYNTHETIC
10.6,10.0,12,0,SYNTHETIC
10.6,14.0,13,0,SYNTHETIC
10.6,13.0,14,0,SYNTHETIC
10.6,10.0,15,0,SYNTHETIC
10.6,13.0,16,0,SYNTHETIC
10.6,8.0,17,0,SYNTHETIC
10.6,8.0,18,0,SYNTHETIC
10.6,13.0,19,0,SYNTHETIC
10.6,13.0,20,0,SYNTHETIC
10.6,6.0,21,0,SYNTHETIC
10.6,10.0,22,0,SYNTHETIC
10.6,44.0,23,1,SYNTHETIC
29.65,25.0,0,0,SYNTHETIC
29.65,34.0,1,0,SYNTHETIC
29.65,31.0,2,0,SYNTHETIC
29.65,44.0,3,0,SYNTHETIC
29.65,23.0,4,0,SYNTHETIC
29.65,34.0,5,0,SYNTHETIC
29.65,35.0,6,0,SYNTHETIC
29.65,29.0,7,0,SYNTHETIC
29.65,19.0,8,0,SYNTHETIC
29.65,27.0,9,0,SYNTHETIC
29.65,36.0,10,0,SYNTHETIC
29.65,37.0,11,0,SYNTHETIC
29.65,20.0,12,0,SYNTHETIC
29.65,100.0,13,1,SYNTHETIC
29.65,39.0,14,0,SYNTHETIC
29.65,26.0,15,0,SYNTHETIC
29.65,16.0,16,0,SYNTHETIC
29.65,36.0,17,0,SYNTHETIC
29.65,34.0,18,0,SYNTHETIC
29.65,20.0,19,0,SYNTHETIC
29.65,31.0,20,0,SYNTHETIC
29.65,30.0,21,0,SYNTHETIC
29.65,30.0,22,0,SYNTHETIC
29.65,24.0,23,0,SYNTHETIC
37.21,45.0,0,0,SYNTHETIC
37.21,36.0,1,0,SYNTHETIC
37.21,39.0,2,0,SYNTHETIC
37.21,20.0,3,0,SYNTHETIC
37.21,28.0,4,0,SYNTHETIC
37.21,31.0,5,0,SYNTHETIC
37.21,27.0,6,0,SYNTHETIC
37.21,38.0,7,0,SYNTHETIC
37.21,27.0,8,0,SYNTHETIC
37.21,43.0,9,0,SYNTHETIC
37.21,23.0,10,0,SYNTHETIC
37.21,47.0,11,0,SYNTHETIC
37.21,40.0,12,0,SYNTHETIC
37.21,27.0,13,0,SYNTHETIC
37.21,42.0,14,0,SYNTHETIC
37.21,50.0,15,0,SYNTHETIC
37.21,12.0,16,0,SYNTHETIC
37.21,16.0,17,0,SYNTHETIC
37.21,32.0,18,0,SYNTHETIC
37.21,43.0,19,0,SYNTHETIC
37.21,30.0,20,0,SYNTHETIC
37.21,31.0,21,0,SYNTHETIC
37.21,43.0,22,0,SYNTHETIC
37.21,45.0,23,0,SYNTHETIC
12.69,6.0,0,0,SYNTHETIC
12.69,12.0,1,0,SYNTHETIC
12.69,11.0,2,0,SYNTHETIC
12.69,9.0,3,0,SYNTHETIC
12.69,8.0,4,0,SYNTHETIC
12.69,14.0,5,0,SYNTHETIC
12.69,10.0,6,0,SYNTHETIC
12.69,13.0,7,0,SYNTHETIC
12.69,17.0,8,0,SYNTHETIC
12.69,13.0,9,0,SYNTHETIC
12.69,10.0,10,0,SYNTHETIC
12.69,14.0,11,0,SYNTHETIC
12.69,13.0,12,0,SYNTHETIC
12.69,38.0,13,1,SYNTHETIC
12.69,10.0,14,0,SYNTHETIC
12.69,13.0,15,0,SYNTHETIC
12.69,13.0,16,0,SYNTHETIC
12.69,14.0,17,0,SYNTHETIC
12.69,14.0,18,0,SYNTHETIC
12.69,8.0,19,0,SYNTHETIC
12.69,18.0,20,0,SYNTHETIC
12.69,50.0,21,1,SYNTHETIC
12.69,41.0,22,1,SYNTHETIC
12.69,16.0,23,0,SYNTHETIC
23.85,33.0,0,0,SYNTHETIC
23.85,27.0,1,0,SYNTHETIC
23.85,27.0,2,0,SYNTHETIC
23.85,34.0,3,0,SYNTHETIC
23.85,17.0,4,0,SYNTHETIC
23.85,21.0,5,0,SYNTHETIC
23.85,25.0,6,0,SYNTHETIC
23.85,24.0,7,0,SYNTHETIC
23.85,20.0,8,0,SYNTHETIC
23.85,24.0,9,0,SYNTHETIC
23.85,27.0,10,0,SYNTHETIC
23.85,21.0,11,0,SYNTHETIC
23.85,29.0,12,0,SYNTHETIC
23.85,22.0,13,0,SYNTHETIC
23.85,19.0,14,0,SYNTHETIC
23.85,12.0,15,0,SYNTHETIC
23.85,27.0,16,0,SYNTHETIC
23.85,27.0,17,0,SYNTHETIC
23.85,26.0,18,0,SYNTHETIC
23.85,24.0,19,0,SYNTHETIC
23.85,19.0,20,0,SYNTHETIC
23.85,14.0,21,0,SYNTHETIC
23.85,14.0,22,0,SYNTHETIC
23.85,21.0,23,0,SYNTHETIC
10.64,11.0,0,0,SYNTHETIC
10.64,8.0,1,0,SYNTHETIC
10.64,11.0,2,0,SYNTHETIC
10.64,9.0,3,0,SYNTHETIC
10.64,10.0,4,0,SYNTHETIC
10.64,15.0,5,0,SYNTHETIC
10.64,8.0,6,0,SYNTHETIC
10.64,9.0,7,0,SYNTHETIC
10.64,9.0,8,0,SYNTHETIC
10.64,10.0,9,0,SYNTHETIC
10.64,17.0,10,0,SYNTHETIC
10.64,16.0,11,0,SYNTHETIC
10.64,11.0,12,0,SYNTHETIC
10.64,8.0,13,0,SYNTHETIC
10.64,9.0,14,0,SYNTHETIC
10.64,9.0,15,0,SYNTHETIC
10.64,12.0,16,0,SYNTHETIC
10.64,13.0,17,0,SYNTHETIC
10.64,10.0,18,0,SYNTHETIC
10.64,8.0,19,0,SYNTHETIC
10.64,10.0,20,0,SYNTHETIC
10.64,10.0,21,0,SYNTHETIC
10.64,14.0,22,0,SYNTHETIC
10.64,12.0,23,0,SYNTHETIC
28.76,25.0,0,0,SYNTHETIC
28.76,21.0,1,0,SYNTHETIC
28.76,35.0,2,0,SYNTHETIC
28.76,27.0,3,0,SYNTHETIC
28.76,27.0,4,0,SYNTHETIC
28.76,34.0,5,0,SYNTHETIC
28.76,38.0,6,0,SYNTHETIC
28.76,32.0,7,0,SYNTHETIC
28.76,39.0,8,0,SYNTHETIC
28.76,19.0,9,0,SYNTHETIC
28.76,45.0,10,0,SYNTHETIC
28.76,27.0,11,0,SYNTHETIC
28.76,29.0,12,0,SYNTHETIC
28.76,77.0,13,1,SYNTHETIC
28.76,24.0,14,0,SYNTHETIC
28.76,28.0,15,0,SYNTHETIC
28.76,29.0,16,0,SYNTHETIC
28.76,23.0,17,0,SYNTHETIC
28.76,29.0,18,0,SYNTHETIC
28.76,23.0,19,0,SYNTHETIC
28.76,23.0,20,0,SYNTHETIC
28.76,31.0,21,0,SYNTHETIC
28.76,34.0,22,0,SYNTHETIC
28.76,72.0,23,1,SYNTHETIC
10.03,11.0,0,0,SYNTHETIC
10.03,46.0,1,1,SYNTHETIC
10.03,13.0,2,0,SYNTHETIC
10.03,13.0,3,0,SYNTHETIC
10.03,9.0,4,0,SYNTHETIC
10.03,10.0,5,0,SYNTHETIC
10.03,7.0,6,0,SYNTHETIC
10.03,8.0,7,0,SYNTHETIC
10.03,11.0,8,0,SYNTHETIC
10.03,6.0,9,0,SYNTHETIC
10.03,7.0,10,0,SYNTHETIC
10.03,12.0,11,0,SYNTHETIC
10.03,7.0,12,0,SYNTHETIC
10.03,7.0,13,0,SYNTHETIC
10.03,9.0,14,0,SYNTHETIC
10.03,9.0,15,0,SYNTHETIC
10.03,10.0,16,0,SYNTHETIC
10.03,11.0,17,0,SYNTHETIC
10.03,12.0,18,0,SYNTHETIC
10.03,7.0,19,0,SYNTHETIC
10.03,12.0,20,0,SYNTHETIC
10.03,12.0,21,0,SYNTHETIC
10.03,13.0,22,0,SYNTHETIC
10.03,9.0,23,0,SYNTHETIC
14.05,13.0,0,0,SYNTHETIC
14.05,19.0,1,0,SYNTHETIC
14.05,12.0,2,0,SYNTHETIC
14.05,14.0,3,0,SYNTHETIC
14.05,14.0,4,0,SYNTHETIC
14.05,20.0,5,0,SYNTHETIC
14.05,17.0,6,0,SYNTHETIC
14.05,14.0,7,0,SYNTHETIC
14.05,12.0,8,0,SYNTHETIC
14.05,20.0,9,0,SYNTHETIC
14.05,13.0,10,0,SYNTHETIC
14.05,11.0,11,0,SYNTHETIC
14.05,11.0,12,0,SYNTHETIC
14.05,13.0,13,0,SYNTHETIC
14.05,15.0,14,0,SYNTHETIC
14.05,12.0,15,0,SYNTHETIC
14.05,13.0,16,0,SYNTHETIC
14.05,16.0,17,0,SYNTHETIC
14.05,14.0,18,0,SYNTHETIC
14.05,12.0,19,0,SYNTHETIC
14.05,18.0,20,0,SYNTHETIC
14.05,12.0,21,0,SYNTHETIC
14.05,9.0,22,0,SYNTHETIC
14.05,14.0,23,0,SYNTHETIC
32.58,35.0,0,0,SYNTHETIC
32.58,26.0,1,0,SYNTHETIC
32.58,130.0,2,1,SYNTHETIC
32.58,39.0,3,0,SYNTHETIC
32.58,39.0,4,0,SYNTHETIC
32.58,19.0,5,0,SYNTHETIC
32.58,46.0,6,0,SYNTHETIC
32.58,35.0,7,0,SYNTHETIC
32.58,40.0,8,0,SYNTHETIC
32.58,38.0,9,0,SYNTHETIC
32.58,29.0,10,0,SYNTHETIC
32.58,42.0,11,0,SYNTHETIC
32.58,29.0,12,0,SYNTHETIC
32.58,33.0,13,0,SYNTHETIC
32.58,46.0,14,0,SYNTHETIC
32.58,35.0,15,0,SYNTHETIC
32.58,25.0,16,0,SYNTHETIC
32.58,39.0,17,0,SYNTHETIC
32.58,98.0,18,1,SYNTHETIC
32.58,26.0,19,0,SYNTHETIC
32.58,49.0,20,0,SYNTHETIC
32.58,25.0,21,0,SYNTHETIC
32.58,23.0,22,0,SYNTHETIC
32.58,30.0,23,0,SYNTHETIC
22.25,12.0,0,0,SYNTHETIC
22.25,17.0,1,0,SYNTHETIC
22.25,26.0,2,0,SYNTHETIC
22.25,21.0,3,0,SYNTHETIC
22.25,19.0,4,0,SYNTHETIC
22.25,18.0,5,0,SYNTHETIC
22.25,24.0,6,0,SYNTHETIC
22.25,30.0,7,0,SYNTHETIC
22.25,16.0,8,0,SYNTHETIC
22.25,18.0,9,0,SYNTHETIC
22.25,12.0,10,0,SYNTHETIC
22.25,24.0,11,0,SYNTHETIC
22.25,23.0,12,0,SYNTHETIC
22.25,28.0,13,0,SYNTHETIC
22.25,15.0,14,0,SYNTHETIC
22.25,22.0,15,0,SYNTHETIC
22.25,24.0,16,0,SYNTHETIC
22.25,17.0,17,0,SYNTHETIC
22.25,17.0,18,0,SYNTHETIC
22.25,17.0,19,0,SYNTHETIC
22.25,32.0,20,0,SYNTHETIC
22.25,12.0,21,0,SYNTHETIC
22.25,20.0,22,0,SYNTHETIC
22.25,103.0,23,1,SYNTHETIC
28.21,26.0,0,0,SYNTHETIC
28.21,33.0,1,0,SYNTHETIC
28.21,26.0,2,0,SYNTHETIC
28.21,32.0,3,0,SYNTHETIC
28.21,25.0,4,0,SYNTHETIC
28.21,18.0,5,0,SYNTHETIC
28.21,29.0,6,0,SYNTHETIC
28.21,28.0,7,0,SYNTHETIC
28.21,27.0,8,0,SYNTHETIC
28.21,32.0,9,0,SYNTHETIC
28.21,31.0,10,0,SYNTHETIC
28.21,32.0,11,0,SYNTHETIC
28.21,17.0,12,0,SYNTHETIC
28.21,20.0,13,0,SYNTHETIC
28.21,37.0,14,0,SYNTHETIC
28.21,19.0,15,0,SYNTHETIC
28.21,34.0,16,0,SYNTHETIC
28.21,45.0,17,0,SYNTHETIC
28.21,21.0,18,0,SYNTHETIC
28.21,37.0,19,0,SYNTHETIC
28.21,29.0,20,0,SYNTHETIC
28.21,17.0,21,0,SYNTHETIC
28.21,125.0,22,1,SYNTHETIC
28.21,22.0,23,0,SYNTHETIC
25.81,22.0,0,0,SYNTHETIC
25.81,18.0,1,0,SYNTHETIC
25.81,17.0,2,0,SYNTHETIC
25.81,29.0,3,0,SYNTHETIC
25.81,20.0,4,0,SYNTHETIC
25.81,12.0,5,0,SYNTHETIC
25.81,69.0,6,1,SYNTHETIC
25.81,20.0,7,0,SYNTHETIC
25.81,36.0,8,0,SYNTHETIC
25.81,31.0,9,0,SYNTHETIC
25.81,15.0,10,0,SYNTHETIC
25.81,35.0,11,0,SYNTHETIC
25.81,33.0,12,0,SYNTHETIC
25.81,30.0,13,0,SYNTHETIC
25.81,123.0,14,1,SYNTHETIC
25.81,24.0,15,0,SYNTHETIC
25.81,28.0,16,0,SYNTHETIC
25.81,18.0,17,0,SYNTHETIC
25.81,34.0,18,0,SYNTHETIC
25.81,21.0,19,0,SYNTHETIC
25.81,32.0,20,0,SYNTHETIC
25.81,22.0,21,0,SYNTHETIC
25.81,28.0,22,0,SYNTHETIC
25.81,25.0,23,0,SYNTHETIC
28.61,24.0,0,0,SYNTHETIC
28.61,36.0,1,0,SYNTHETIC
28.61,28.0,2,0,SYNTHETIC
28.61,40.0,3,0,SYNTHETIC
28.61,35.0,4,0,SYNTHETIC
28.61,34.0,5,0,SYNTHETIC
28.61,38.0,6,0,SYNTHETIC
28.61,34.0,7,0,SYNTHETIC
28.61,25.0,8,0,SYNTHETIC
28.61,36.0,9,0,SYNTHETIC
28.61,43.0,10,0,SYNTHETIC
28.61,29.0,11,0,SYNTHETIC
28.61,43.0,12,0,SYNTHETIC
28.61,30.0,13,0,SYNTHETIC
28.61,25.0,14,0,SYNTHETIC
28.61,40.0,15,0,SYNTHETIC
28.61,23.0,16,0,SYNTHETIC
28.61,30.0,17,0,SYNTHETIC
28.61,25.0,18,0,SYNTHETIC
28.61,29.0,19,0,SYNTHETIC
28.61,23.0,20,0,SYNTHETIC
28.61,30.0,21,0,SYNTHETIC
28.61,37.0,22,0,SYNTHETIC
28.61,73.0,23,1,SYNTHETIC
30.09,30.0,0,0,SYNTHETIC
30.09,36.0,1,0,SYNTHETIC
30.09,36.0,2,0,SYNTHETIC
30.09,20.0,3,0,SYNTHETIC
30.09,33.0,4,0,SYNTHETIC
30.09,113.0,5,1,SYNTHETIC
30.09,31.0,6,0,SYNTHETIC
30.09,31.0,7,0,SYNTHETIC
30.09,32.0,8,0,SYNTHETIC
30.09,39.0,9,0,SYNTHETIC
30.09,39.0,10,0,SYNTHETIC
30.09,22.0,11,0,SYNTHETIC
30.09,31.0,12,0,SYNTHETIC
30.09,30.0,13,0,SYNTHETIC
30.09,36.0,14,0,SYNTHETIC
30.09,34.0,15,0,SYNTHETIC
30.09,28.0,16,0,SYNTHETIC
30.09,25.0,17,0,SYNTHETIC
30.09,39.0,18,0,SYNTHETIC
30.09,27.0,19,0,SYNTHETIC
30.09,39.0,20,0,SYNTHETIC
30.09,36.0,21,0,SYNTHETIC
30.09,25.0,22,0,SYNTHETIC
30.09,23.0,23,0,SYNTHETIC
21.75,24.0,0,0,SYNTHETIC
21.75,28.0,1,0,SYNTHETIC
21.75,27.0,2,0,SYNTHETIC
21.75,23.0,3,0,SYNTHETIC
21.75,29.0,4,0,SYNTHETIC
21.75,12.0,5,0,SYNTHETIC
21.75,32.0,6,0,SYNTHETIC
21.75,27.0,7,0,SYNTHETIC
21.75,15.0,8,0,SYNTHETIC
21.75,23.0,9,0,SYNTHETIC
21.75,26.0,10,0,SYNTHETIC
21.75,18.0,11,0,SYNTHETIC
21.75,18.0,12,0,SYNTHETIC
21.75,19.0,13,0,SYNTHETIC
21.75,20.0,14,0,SYNTHETIC
21.75,23.0,15,0,SYNTHETIC
21.75,28.0,16,0,SYNTHETIC
21.75,29.0,17,0,SYNTHETIC
21.75,28.0,18,0,SYNTHETIC
21.75,23.0,19,0,SYNTHETIC
21.75,22.0,20,0,SYNTHETIC
21.75,25.0,21,0,SYNTHETIC
21.75,18.0,22,0,SYNTHETIC
21.75,24.0,23,0,SYNTHETIC
37.86,34.0,0,0,SYNTHETIC
37.86,37.0,1,0,SYNTHETIC
37.86,39.0,2,0,SYNTHETIC
37.86,37.0,3,0,SYNTHETIC
37.86,31.0,4,0,SYNTHETIC
37.86,41.0,5,0,SYNTHETIC
37.86,137.0,6,1,SYNTHETIC
37.86,39.0,7,0,SYNTHETIC
37.86,26.0,8,0,SYNTHETIC
37.86,34.0,9,0,SYNTHETIC
37.86,46.0,10,0,SYNTHETIC
37.86,30.0,11,0,SYNTHETIC
37.86,34.0,12,0,SYNTHETIC
37.86,38.0,13,0,SYNTHETIC
37.86,43.0,14,0,SYNTHETIC
37.86,32.0,15,0,SYNTHETIC
37.86,26.0,16,0,SYNTHETIC
37.86,35.0,17,0,SYNTHETIC
37.86,41.0,18,0,SYNTHETIC
37.86,37.0,19,0,SYNTHETIC
37.86,124.0,20,1,SYNTHETIC
37.86,42.0,21,0,SYNTHETIC
37.86,20.0,22,0,SYNTHETIC
37.86,47.0,23,0,SYNTHETIC
37.26,28.0,0,0,SYNTHETIC
37.26,37.0,1,0,SYNTHETIC
37.26,34.0,2,0,SYNTHETIC
37.26,39.0,3,0,SYNTHETIC
37.26,39.0,4,0,SYNTHETIC
37.26,41.0,5,0,SYNTHETIC
37.26,127.0,6,1,SYNTHETIC
37.26,49.0,7,0,SYNTHETIC
37.26,45.0,8,0,SYNTHETIC
37.26,116.0,9,1,SYNTHETIC
37.26,46.0,10,0,SYNTHETIC
37.26,37.0,11,0,SYNTHETIC
37.26,39.0,12,0,SYNTHETIC
37.26,35.0,13,0,SYNTHETIC
37.26,35.0,14,0,SYNTHETIC
37.26,32.0,15,0,SYNTHETIC
37.26,37.0,16,0,SYNTHETIC
37.26,40.0,17,0,SYNTHETIC
37.26,26.0,18,0,SYNTHETIC
37.26,23.0,19,0,SYNTHETIC
37.26,41.0,20,0,SYNTHETIC
37.26,39.0,21,0,SYNTHETIC
37.26,37.0,22,0,SYNTHETIC
37.26,35.0,23,0,SYNTHETIC
36.84,29.0,0,0,SYNTHETIC
36.84,27.0,1,0,SYNTHETIC
36.84,26.0,2,0,SYNTHETIC
36.84,37.0,3,0,SYNTHETIC
36.84,23.0,4,0,SYNTHETIC
36.84,37.0,5,0,SYNTHETIC
36.84,38.0,6,0,SYNTHETIC
36.84,36.0,7,0,SYNTHETIC
36.84,60.0,8,0,SYNTHETIC
36.84,48.0,9,0,SYNTHETIC
36.84,43.0,10,0,SYNTHETIC
36.84,36.0,11,0,SYNTHETIC
36.84,34.0,12,0,SYNTHETIC
36.84,47.0,13,0,SYNTHETIC
36.84,37.0,14,0,SYNTHETIC
36.84,27.0,15,0,SYNTHETIC
36.84,33.0,16,0,SYNTHETIC
36.84,159.0,17,1,SYNTHETIC
36.84,27.0,18,0,SYNTHETIC
36.84,147.0,19,1,SYNTHETIC
36.84,38.0,20,0,SYNTHETIC
36.84,21.0,21,0,SYNTHETIC
36.84,29.0,22,0,SYNTHETIC
36.84,31.0,23,0,SYNTHETIC
20.57,29.0,0,0,SYNTHETIC
20.57,23.0,1,0,SYNTHETIC
20.57,22.0,2,0,SYNTHETIC
20.57,20.0,3,0,SYNTHETIC
20.57,30.0,4,0,SYNTHETIC
20.57,23.0,5,0,SYNTHETIC
20.57,67.0,6,1,SYNTHETIC
20.57,32.0,7,0,SYNTHETIC
20.57,15.0,8,0,SYNTHETIC
20.57,20.0,9,0,SYNTHETIC
20.57,16.0,10,0,SYNTHETIC
20.57,20.0,11,0,SYNTHETIC
20.57,31.0,12,0,SYNTHETIC
20.57,9.0,13,0,SYNTHETIC
20.57,12.0,14,0,SYNTHETIC
20.57,25.0,15,0,SYNTHETIC
20.57,28.0,16,0,SYNTHETIC
20.57,15.0,17,0,SYNTHETIC
20.57,25.0,18,0,SYNTHETIC
20.57,24.0,19,0,SYNTHETIC
20.57,22.0,20,0,SYNTHETIC
20.57,17.0,21,0,SYNTHETIC
20.57,12.0,22,0,SYNTHETIC
20.57,21.0,23,0,SYNTHETIC
10.79,12.0,0,0,SYNTHETIC
10.79,12.0,1,0,SYNTHETIC
10.79,10.0,2,0,SYNTHETIC
10.79,10.0,3,0,SYNTHETIC
10.79,8.0,4,0,SYNTHETIC
10.79,13.0,5,0,SYNTHETIC
10.79,10.0,6,0,SYNTHETIC
10.79,11.0,7,0,SYNTHETIC
10.79,15.0,8,0,SYNTHETIC
10.79,12.0,9,0,SYNTHETIC
10.79,12.0,10,0,SYNTHETIC
10.79,8.0,11,0,SYNTHETIC
10.79,10.0,12,0,SYNTHETIC
10.79,10.0,13,0,SYNTHETIC
10.79,9.0,14,0,SYNTHETIC
10.79,7.0,15,0,SYNTHETIC
10.79,10.0,16,0,SYNTHETIC
10.79,7.0,17,0,SYNTHETIC
10.79,14.0,18,0,SYNTHETIC
10.79,5.0,19,0,SYNTHETIC
10.79,30.0,20,1,SYNTHETIC
10.79,3.0,21,0,SYNTHETIC
10.79,11.0,22,0,SYNTHETIC
10.79,6.0,23,0,SYNTHETIC
30.97,34.0,0,0,SYNTHETIC
30.97,30.0,1,0,SYNTHETIC
30.97,36.0,2,0,SYNTHETIC
30.97,31.0,3,0,SYNTHETIC
30.97,28.0,4,0,SYNTHETIC
30.97,29.0,5,0,SYNTHETIC
30.97,42.0,6,0,SYNTHETIC
30.97,32.0,7,0,SYNTHETIC
30.97,27.0,8,0,SYNTHETIC
30.97,18.0,9,0,SYNTHETIC
30.97,33.0,10,0,SYNTHETIC
30.97,33.0,11,0,SYNTHETIC
30.97,20.0,12,0,SYNTHETIC
30.97,31.0,13,0,SYNTHETIC
30.97,41.0,14,0,SYNTHETIC
30.97,13.0,15,0,SYNTHETIC
30.97,47.0,16,0,SYNTHETIC
30.97,33.0,17,0,SYNTHETIC
30.97,27.0,18,0,SYNTHETIC
30.97,36.0,19,0,SYNTHETIC
30.97,41.0,20,0,SYNTHETIC
30.97,34.0,21,0,SYNTHETIC
30.97,24.0,22,0,SYNTHETIC
30.97,35.0,23,0,SYNTHETIC
37.57,32.0,0,0,SYNTHETIC
37.57,44.0,1,0,SYNTHETIC
37.57,32.0,2,0,SYNTHETIC
37.57,139.0,3,1,SYNTHETIC
37.57,34.0,4,0,SYNTHETIC
37.57,42.0,5,0,SYNTHETIC
37.57,110.0,6,1,SYNTHETIC
37.57,27.0,7,0,SYNTHETIC
37.57,20.0,8,0,SYNTHETIC
37.57,56.0,9,0,SYNTHETIC
37.57,33.0,10,0,SYNTHETIC
37.57,24.0,11,0,SYNTHETIC
37.57,20.0,12,0,SYNTHETIC
37.57,30.0,13,0,SYNTHETIC
37.57,41.0,14,0,SYNTHETIC
37.57,29.0,15,0,SYNTHETIC
37.57,44.0,16,0,SYNTHETIC
37.57,30.0,17,0,SYNTHETIC
37.57,30.0,18,0,SYNTHETIC
37.57,41.0,19,0,SYNTHETIC
37.57,29.0,20,0,SYNTHETIC
37.57,29.0,21,0,SYNTHETIC
37.57,30.0,22,0,SYNTHETIC
37.57,24.0,23,0,SYNTHETIC
22.69,17.0,0,0,SYNTHETIC
22.69,23.0,1,0,SYNTHETIC
22.69,13.0,2,0,SYNTHETIC
22.69,9.0,3,0,SYNTHETIC
22.69,28.0,4,0,SYNTHETIC
22.69,23.0,5,0,SYNTHETIC
22.69,17.0,6,0,SYNTHETIC
22.69,28.0,7,0,SYNTHETIC
22.69,32.0,8,0,SYNTHETIC
22.69,16.0,9,0,SYNTHETIC
22.69,87.0,10,1,SYNTHETIC
22.69,28.0,11,0,SYNTHETIC
22.69,22.0,12,0,SYNTHETIC
22.69,15.0,13,0,SYNTHETIC
22.69,15.0,14,0,SYNTHETIC
22.69,17.0,15,0,SYNTHETIC
22.69,14.0,16,0,SYNTHETIC
22.69,19.0,17,0,SYNTHETIC
22.69,19.0,18,0,SYNTHETIC
22.69,25.0,19,0,SYNTHETIC
22.69,23.0,20,0,SYNTHETIC
22.69,21.0,21,0,SYNTHETIC
22.69,22.0,22,0,SYNTHETIC
22.69,79.0,23,1,SYNTHETIC
24.19,15.0,0,0,SYNTHETIC
24.19,35.0,1,0,SYNTHETIC
24.19,17.0,2,0,SYNTHETIC
24.19,27.0,3,0,SYNTHETIC
24.19,29.0,4,0,SYNTHETIC
24.19,19.0,5,0,SYNTHETIC
24.19,30.0,6,0,SYNTHETIC
24.19,33.0,7,0,SYNTHETIC
24.19,29.0,8,0,SYNTHETIC
24.19,30.0,9,0,SYNTHETIC
24.19,23.0,10,0,SYNTHETIC
24.19,21.0,11,0,SYNTHETIC
24.19,117.0,12,1,SYNTHETIC
24.19,24.0,13,0,SYNTHETIC
24.19,20.0,14,0,SYNTHETIC
24.19,14.0,15,0,SYNTHETIC
24.19,29.0,16,0,SYNTHETIC
24.19,29.0,17,0,SYNTHETIC
24.19,26.0,18,0,SYNTHETIC
24.19,21.0,19,0,SYNTHETIC
24.19,26.0,20,0,SYNTHETIC
24.19,29.0,21,0,SYNTHETIC
24.19,22.0,22,0,SYNTHETIC
24.19,27.0,23,0,SYNTHETIC
33.95,39.0,0,0,SYNTHETIC
33.95,31.0,1,0,SYNTHETIC
33.95,48.0,2,0,SYNTHETIC
33.95,40.0,3,0,SYNTHETIC
33.95,35.0,4,0,SYNTHETIC
33.95,29.0,5,0,SYNTHETIC
33.95,35.0,6,0,SYNTHETIC
33.95,38.0,7,0,SYNTHETIC
33.95,30.0,8,0,SYNTHETIC
33.95,39.0,9,0,SYNTHETIC
33.95,16.0,10,0,SYNTHETIC
33.95,28.0,11,0,SYNTHETIC
33.95,35.0,12,0,SYNTHETIC
33.95,34.0,13,0,SYNTHETIC
33.95,41.0,14,0,SYNTHETIC
33.95,33.0,15,0,SYNTHETIC
33.95,28.0,16,0,SYNTHETIC
33.95,35.0,17,0,SYNTHETIC
33.95,40.0,18,0,SYNTHETIC
33.95,50.0,19,0,SYNTHETIC
33.95,20.0,20,0,SYNTHETIC
33.95,46.0,21,0,SYNTHETIC
33.95,33.0,22,0,SYNTHETIC
33.95,25.0,23,0,SYNTHETIC
11.6,14.0,0,0,SYNTHETIC
11.6,10.0,1,0,SYNTHETIC
11.6,10.0,2,0,SYNTHETIC
11.6,9.0,3,0,SYNTHETIC
11.6,13.0,4,0,SYNTHETIC
11.6,7.0,5,0,SYNTHETIC
11.6,10.0,6,0,SYNTHETIC
11.6,11.0,7,0,SYNTHETIC
11.6,15.0,8,0,SYNTHETIC
11.6,12.0,9,0,SYNTHETIC
11.6,12.0,10,0,SYNTHETIC
11.6,11.0,11,0,SYNTHETIC
11.6,15.0,12,0,SYNTHETIC
11.6,10.0,13,0,SYNTHETIC
11.6,11.0,14,0,SYNTHETIC
11.6,20.0,15,0,SYNTHETIC
11.6,15.0,16,0,SYNTHETIC
11.6,14.0,17,0,SYNTHETIC
11.6,14.0,18,0,SYNTHETIC
11.6,8.0,19,0,SYNTHETIC
11.6,12.0,20,0,SYNTHETIC
11.6,12.0,21,0,SYNTHETIC
11.6,15.0,22,0,SYNTHETIC
11.6,12.0,23,0,SYNTHETIC
30.9,43.0,0,0,SYNTHETIC
30.9,37.0,1,0,SYNTHETIC
30.9,23.0,2,0,SYNTHETIC
30.9,17.0,3,0,SYNTHETIC
30.9,33.0,4,0,SYNTHETIC
30.9,47.0,5,0,SYNTHETIC
30.9,28.0,6,0,SYNTHETIC
30.9,39.0,7,0,SYNTHETIC
30.9,23.0,8,0,SYNTHETIC
30.9,27.0,9,0,SYNTHETIC
30.9,22.0,10,0,SYNTHETIC
30.9,32.0,11,0,SYNTHETIC
30.9,36.0,12,0,SYNTHETIC
30.9,27.0,13,0,SYNTHETIC
30.9,25.0,14,0,SYNTHETIC
30.9,35.0,15,0,SYNTHETIC
30.9,42.0,16,0,SYNTHETIC
30.9,28.0,17,0,SYNTHETIC
30.9,30.0,18,0,SYNTHETIC
30.9,19.0,19,0,SYNTHETIC
30.9,33.0,20,0,SYNTHETIC
30.9,29.0,21,0,SYNTHETIC
30.9,34.0,22,0,SYNTHETIC
30.9,31.0,23,0,SYNTHETIC
28.71,27.0,0,0,SYNTHETIC
28.71,17.0,1,0,SYNTHETIC
28.71,38.0,2,0,SYNTHETIC
28.71,27.0,3,0,SYNTHETIC
28.71,26.0,4,0,SYNTHETIC
28.71,32.0,5,0,SYNTHETIC
28.71,25.0,6,0,SYNTHETIC
28.71,11.0,7,0,SYNTHETIC
28.71,27.0,8,0,SYNTHETIC
28.71,17.0,9,0,SYNTHETIC
28.71,39.0,10,0,SYNTHETIC
28.71,32.0,11,0,SYNTHETIC
28.71,46.0,12,0,SYNTHETIC
28.71,18.0,13,0,SYNTHETIC
28.71,23.0,14,0,SYNTHETIC
28.71,87.0,15,1,SYNTHETIC
28.71,33.0,16,0,SYNTHETIC
28.71,19.0,17,0,SYNTHETIC
28.71,36.0,18,0,SYNTHETIC
28.71,33.0,19,0,SYNTHETIC
28.71,33.0,20,0,SYNTHETIC
28.71,29.0,21,0,SYNTHETIC
28.71,37.0,22,0,SYNTHETIC
28.71,106.0,23,1,SYNTHETIC
38.93,46.0,0,0,SYNTHETIC
38.93,59.0,1,0,SYNTHETIC
38.93,62.0,2,0,SYNTHETIC
38.93,35.0,3,0,SYNTHETIC
38.93,38.0,4,0,SYNTHETIC
38.93,37.0,5,0,SYNTHETIC
38.93,45.0,6,0,SYNTHETIC
38.93,48.0,7,0,SYNTHETIC
38.93,31.0,8,0,SYNTHETIC
38.93,40.0,9,0,SYNTHETIC
38.93,56.0,10,0,SYNTHETIC
38.93,42.0,11,0,SYNTHETIC
38.93,27.0,12,0,SYNTHETIC
38.93,26.0,13,0,SYNTHETIC
38.93,32.0,14,0,SYNTHETIC
38.93,35.0,15,0,SYNTHETIC
38.93,45.0,16,0,SYNTHETIC
38.93,29.0,17,0,SYNTHETIC
38.93,42.0,18,0,SYNTHETIC
38.93,50.0,19,0,SYNTHETIC
38.93,44.0,20,0,SYNTHETIC
38.93,46.0,21,0,SYNTHETIC
38.93,30.0,22,0,SYNTHETIC
38.93,38.0,23,0,SYNTHETIC
15.0,21.0,0,0,SYNTHETIC
15.0,14.0,1,0,SYNTHETIC
15.0,14.0,2,0,SYNTHETIC
15.0,18.0,3,0,SYNTHETIC
15.0,9.0,4,0,SYNTHETIC
15.0,14.0,5,0,SYNTHETIC
15.0,21.0,6,0,SYNTHETIC
15.0,11.0,7,0,SYNTHETIC
15.0,10.0,8,0,SYNTHETIC
15.0,9.0,9,0,SYNTHETIC
15.0,14.0,10,0,SYNTHETIC
15.0,18.0,11,0,SYNTHETIC
15.0,19.0,12,0,SYNTHETIC
15.0,16.0,13,0,SYNTHETIC
15.0,16.0,14,0,SYNTHETIC
15.0,16.0,15,0,SYNTHETIC
15.0,13.0,16,0,SYNTHETIC
15.0,19.0,17,0,SYNTHETIC
15.0,11.0,18,0,SYNTHETIC
15.0,11.0,19,0,SYNTHETIC
15.0,17.0,20,0,SYNTHETIC
15.0,23.0,21,0,SYNTHETIC
15.0,11.0,22,0,SYNTHETIC
15.0,6.0,23,0,SYNTHETIC
27.1,24.0,0,0,SYNTHETIC
27.1,15.0,1,0,SYNTHETIC
27.1,120.0,2,1,SYNTHETIC
27.1,28.0,3,0,SYNTHETIC
27.1,25.0,4,0,SYNTHETIC
27.1,38.0,5,0,SYNTHETIC
27.1,21.0,6,0,SYNTHETIC
27.1,29.0,7,0,SYNTHETIC
27.1,18.0,8,0,SYNTHETIC
27.1,20.0,9,0,SYNTHETIC
27.1,24.0,10,0,SYNTHETIC
27.1,22.0,11,0,SYNTHETIC
27.1,29.0,12,0,SYNTHETIC
27.1,25.0,13,0,SYNTHETIC
27.1,34.0,14,0,SYNTHETIC
27.1,21.0,15,0,SYNTHETIC
27.1,33.0,16,0,SYNTHETIC
27.1,14.0,17,0,SYNTHETIC
27.1,20.0,18,0,SYNTHETIC
27.1,17.0,19,0,SYNTHETIC
27.1,37.0,20,0,SYNTHETIC
27.1,121.0,21,1,SYNTHETIC
27.1,13.0,22,0,SYNTHETIC
27.1,32.0,23,0,SYNTHETIC
39.26,36.0,0,0,SYNTHETIC
39.26,42.0,1,0,SYNTHETIC
39.26,32.0,2,0,SYNTHETIC
39.26,55.0,3,0,SYNTHETIC
39.26,38.0,4,0,SYNTHETIC
39.26,35.0,5,0,SYNTHETIC
39.26,61.0,6,0,SYNTHETIC
39.26,47.0,7,0,SYNTHETIC
39.26,36.0,8,0,SYNTHETIC
39.26,38.0,9,0,SYNTHETIC
39.26,28.0,10,0,SYNTHETIC
39.26,32.0,11,0,SYNTHETIC
39.26,38.0,12,0,SYNTHETIC
39.26,148.0,13,1,SYNTHETIC
39.26,25.0,14,0,SYNTHETIC
39.26,31.0,15,0,SYNTHETIC
39.26,53.0,16,0,SYNTHETIC
39.26,29.0,17,0,SYNTHETIC
39.26,33.0,18,0,SYNTHETIC
39.26,139.0,19,1,SYNTHETIC
39.26,37.0,20,0,SYNTHETIC
39.26,39.0,21,0,SYNTHETIC
39.26,45.0,22,0,SYNTHETIC
39.26,32.0,23,0,SYNTHETIC
17.0,16.0,0,0,SYNTHETIC
17.0,14.0,1,0,SYNTHETIC
17.0,13.0,2,0,SYNTHETIC
17.0,21.0,3,0,SYNTHETIC
17.0,21.0,4,0,SYNTHETIC
17.0,13.0,5,0,SYNTHETIC
17.0,16.0,6,0,SYNTHETIC
17.0,22.0,7,0,SYNTHETIC
17.0,21.0,8,0,SYNTHETIC
17.0,13.0,9,0,SYNTHETIC
17.0,71.0,10,1,SYNTHETIC
17.0,19.0,11,0,SYNTHETIC
17.0,19.0,12,0,SYNTHETIC
17.0,21.0,13,0,SYNTHETIC
17.0,19.0,14,0,SYNTHETIC
17.0,23.0,15,0,SYNTHETIC
17.0,18.0,16,0,SYNTHETIC
17.0,15.0,17,0,SYNTHETIC
17.0,15.0,18,0,SYNTHETIC
17.0,15.0,19,0,SYNTHETIC
17.0,21.0,20,0,SYNTHETIC
17.0,13.0,21,0,SYNTHETIC
17.0,19.0,22,0,SYNTHETIC
17.0,24.0,23,0,SYNTHETIC
17.0,16.0,0,0,SYNTHETIC
17.0,9.0,1,0,SYNTHETIC
17.0,16.0,2,0,SYNTHETIC
17.0,22.0,3,0,SYNTHETIC
17.0,14.0,4,0,SYNTHETIC
17.0,21.0,5,0,SYNTHETIC
17.0,15.0,6,0,SYNTHETIC
17.0,19.0,7,0,SYNTHETIC
17.0,14.0,8,0,SYNTHETIC
17.0,20.0,9,0,SYNTHETIC
17.0,15.0,10,0,SYNTHETIC
17.0,13.0,11,0,SYNTHETIC
17.0,10.0,12,0,SYNTHETIC
17.0,15.0,13,0,SYNTHETIC
17.0,18.0,14,0,SYNTHETIC
17.0,17.0,15,0,SYNTHETIC
17.0,23.0,16,0,SYNTHETIC
17.0,72.0,17,1,SYNTHETIC
17.0,20.0,18,0,SYNTHETIC
17.0,15.0,19,0,SYNTHETIC
17.0,17.0,20,0,SYNTHETIC
17.0,18.0,21,0,SYNTHETIC
17.0,12.0,22,0,SYNTHETIC
17.0,17.0,23,0,SYNTHETIC
14.77,12.0,0,0,SYNTHETIC
14.77,13.0,1,0,SYNTHETIC
14.77,13.0,2,0,SYNTHETIC
14.77,23.0,3,0,SYNTHETIC
14.77,17.0,4,0,SYNTHETIC
14.77,17.0,5,0,SYNTHETIC
14.77,14.0,6,0,SYNTHETIC
14.77,49.0,7,1,SYNTHETIC
14.77,15.0,8,0,SYNTHETIC
14.77,12.0,9,0,SYNTHETIC
14.77,7.0,10,0,SYNTHETIC
14.77,16.0,11,0,SYNTHETIC
14.77,17.0,12,0,SYNTHETIC
14.77,11.0,13,0,SYNTHETIC
14.77,18.0,14,0,SYNTHETIC
14.77,23.0,15,0,SYNTHETIC
14.77,11.0,16,0,SYNTHETIC
14.77,51.0,17,1,SYNTHETIC
14.77,18.0,18,0,SYNTHETIC
14.77,18.0,19,0,SYNTHETIC
14.77,12.0,20,0,SYNTHETIC
14.77,17.0,21,0,SYNTHETIC
14.77,12.0,22,0,SYNTHETIC
14.77,15.0,23,0,SYNTHETIC
26.81,26.0,0,0,SYNTHETIC
26.81,36.0,1,0,SYNTHETIC
26.81,21.0,2,0,SYNTHETIC
26.81,34.0,3,0,SYNTHETIC
26.81,18.0,4,0,SYNTHETIC
26.81,33.0,5,0,SYNTHETIC
26.81,26.0,6,0,SYNTHETIC
26.81,27.0,7,0,SYNTHETIC
26.81,33.0,8,0,SYNTHETIC
26.81,41.0,9,0,SYNTHETIC
26.81,37.0,10,0,SYNTHETIC
26.81,27.0,11,0,SYNTHETIC
26.81,30.0,12,0,SYNTHETIC
26.81,114.0,13,1,SYNTHETIC
26.81,21.0,14,0,SYNTHETIC
26.81,32.0,15,0,SYNTHETIC
26.81,31.0,16,0,SYNTHETIC
26.81,20.0,17,0,SYNTHETIC
26.81,16.0,18,0,SYNTHETIC
26.81,16.0,19,0,SYNTHETIC
26.81,18.0,20,0,SYNTHETIC
26.81,26.0,21,0,SYNTHETIC
26.81,9.0,22,0,SYNTHETIC
26.81,20.0,23,0,SYNTHETIC
30.55,24.0,0,0,SYNTHETIC
30.55,19.0,1,0,SYNTHETIC
30.55,29.0,2,0,SYNTHETIC
30.55,44.0,3,0,SYNTHETIC
30.55,77.0,4,1,SYNTHETIC
30.55,34.0,5,0,SYNTHETIC
30.55,35.0,6,0,SYNTHETIC
30.55,36.0,7,0,SYNTHETIC
30.55,26.0,8,0,SYNTHETIC
30.55,35.0,9,0,SYNTHETIC
30.55,26.0,10,0,SYNTHETIC
30.55,31.0,11,0,SYNTHETIC
30.55,35.0,12,0,SYNTHETIC
30.55,27.0,13,0,SYNTHETIC
30.55,39.0,14,0,SYNTHETIC
30.55,38.0,15,0,SYNTHETIC
30.55,20.0,16,0,SYNTHETIC
30.55,32.0,17,0,SYNTHETIC
30.55,35.0,18,0,SYNTHETIC
30.55,31.0,19,0,SYNTHETIC
30.55,34.0,20,0,SYNTHETIC
30.55,25.0,21,0,SYNTHETIC
30.55,34.0,22,0,SYNTHETIC
30.55,39.0,23,0,SYNTHETIC
38.44,58.0,0,0,SYNTHETIC
38.44,41.0,1,0,SYNTHETIC
38.44,43.0,2,0,SYNTHETIC
38.44,34.0,3,0,SYNTHETIC
38.44,38.0,4,0,SYNTHETIC
38.44,43.0,5,0,SYNTHETIC
38.44,45.0,6,0,SYNTHETIC
38.44,44.0,7,0,SYNTHETIC
38.44,48.0,8,0,SYNTHETIC
38.44,37.0,9,0,SYNTHETIC
38.44,46.0,10,0,SYNTHETIC
38.44,34.0,11,0,SYNTHETIC
38.44,19.0,12,0,SYNTHETIC
38.44,34.0,13,0,SYNTHETIC
38.44,36.0,14,0,SYNTHETIC
38.44,32.0,15,0,SYNTHETIC
38.44,31.0,16,0,SYNTHETIC
38.44,26.0,17,0,SYNTHETIC
38.44,40.0,18,0,SYNTHETIC
38.44,42.0,19,0,SYNTHETIC
38.44,39.0,20,0,SYNTHETIC
38.44,37.0,21,0,SYNTHETIC
38.44,45.0,22,0,SYNTHETIC
38.44,51.0,23,0,SYNTHETIC
17.83,21.0,0,0,SYNTHETIC
17.83,19.0,1,0,SYNTHETIC
17.83,24.0,2,0,SYNTHETIC
17.83,16.0,3,0,SYNTHETIC
17.83,19.0,4,0,SYNTHETIC
17.83,14.0,5,0,SYNTHETIC
17.83,14.0,6,0,SYNTHETIC
17.83,51.0,7,1,SYNTHETIC
17.83,13.0,8,0,SYNTHETIC
17.83,18.0,9,0,SYNTHETIC
17.83,16.0,10,0,SYNTHETIC
17.83,12.0,11,0,SYNTHETIC
17.83,20.0,12,0,SYNTHETIC
17.83,16.0,13,0,SYNTHETIC
17.83,14.0,14,0,SYNTHETIC
17.83,16.0,15,0,SYNTHETIC
17.83,88.0,16,1,SYNTHETIC
17.83,13.0,17,0,SYNTHETIC
17.83,21.0,18,0,SYNTHETIC
17.83,19.0,19,0,SYNTHETIC
17.83,32.0,20,0,SYNTHETIC
17.83,19.0,21,0,SYNTHETIC
17.83,13.0,22,0,SYNTHETIC
17.83,18.0,23,0,SYNTHETIC
10.62,8.0,0,0,SYNTHETIC
10.62,7.0,1,0,SYNTHETIC
10.62,13.0,2,0,SYNTHETIC
10.62,11.0,3,0,SYNTHETIC
10.62,9.0,4,0,SYNTHETIC
10.62,12.0,5,0,SYNTHETIC
10.62,8.0,6,0,SYNTHETIC
10.62,10.0,7,0,SYNTHETIC
10.62,13.0,8,0,SYNTHETIC
10.62,13.0,9,0,SYNTHETIC
10.62,10.0,10,0,SYNTHETIC
10.62,14.0,11,0,SYNTHETIC
10.62,10.0,12,0,SYNTHETIC
10.62,11.0,13,0,SYNTHETIC
10.62,9.0,14,0,SYNTHETIC
10.62,9.0,15,0,SYNTHETIC
10.62,13.0,16,0,SYNTHETIC
10.62,53.0,17,1,SYNTHETIC
10.62,12.0,18,0,SYNTHETIC
10.62,8.0,19,0,SYNTHETIC
10.62,4.0,20,0,SYNTHETIC
10.62,6.0,21,0,SYNTHETIC
10.62,10.0,22,0,SYNTHETIC
10.62,10.0,23,0,SYNTHETIC
31.39,27.0,0,0,SYNTHETIC
31.39,43.0,1,0,SYNTHETIC
31.39,32.0,2,0,SYNTHETIC
31.39,31.0,3,0,SYNTHETIC
31.39,44.0,4,0,SYNTHETIC
31.39,27.0,5,0,SYNTHETIC
31.39,23.0,6,0,SYNTHETIC
31.39,44.0,7,0,SYNTHETIC
31.39,29.0,8,0,SYNTHETIC
31.39,23.0,9,0,SYNTHETIC
31.39,23.0,10,0,SYNTHETIC
31.39,123.0,11,1,SYNTHETIC
31.39,36.0,12,0,SYNTHETIC
31.39,32.0,13,0,SYNTHETIC
31.39,36.0,14,0,SYNTHETIC
31.39,27.0,15,0,SYNTHETIC
31.39,32.0,16,0,SYNTHETIC
31.39,46.0,17,0,SYNTHETIC
31.39,149.0,18,1,SYNTHETIC
31.39,31.0,19,0,SYNTHETIC
31.39,101.0,20,1,SYNTHETIC
31.39,134.0,21,1,SYNTHETIC
31.39,41.0,22,0,SYNTHETIC
31.39,32.0,23,0,SYNTHETIC
30.63,37.0,0,0,SYNTHETIC
30.63,22.0,1,0,SYNTHETIC
30.63,43.0,2,0,SYNTHETIC
30.63,24.0,3,0,SYNTHETIC
30.63,39.0,4,0,SYNTHETIC
30.63,24.0,5,0,SYNTHETIC
30.63,31.0,6,0,SYNTHETIC
30.63,33.0,7,0,SYNTHETIC
30.63,18.0,8,0,SYNTHETIC
30.63,22.0,9,0,SYNTHETIC
30.63,30.0,10,0,SYNTHETIC
30.63,37.0,11,0,SYNTHETIC
30.63,36.0,12,0,SYNTHETIC
30.63,36.0,13,0,SYNTHETIC
30.63,26.0,14,0,SYNTHETIC
30.63,28.0,15,0,SYNTHETIC
30.63,28.0,16,0,SYNTHETIC
30.63,37.0,17,0,SYNTHETIC
30.63,29.0,18,0,SYNTHETIC
30.63,7.0,19,0,SYNTHETIC
30.63,27.0,20,0,SYNTHETIC
30.63,30.0,21,0,SYNTHETIC
30.63,123.0,22,1,SYNTHETIC
30.63,11.0,23,0,SYNTHETIC
21.66,19.0,0,0,SYNTHETIC
21.66,32.0,1,0,SYNTHETIC
21.66,20.0,2,0,SYNTHETIC
21.66,27.0,3,0,SYNTHETIC
21.66,15.0,4,0,SYNTHETIC
21.66,65.0,5,1,SYNTHETIC
21.66,24.0,6,0,SYNTHETIC
21.66,22.0,7,0,SYNTHETIC
21.66,12.0,8,0,SYNTHETIC
21.66,14.0,9,0,SYNTHETIC
21.66,27.0,10,0,SYNTHETIC
21.66,13.0,11,0,SYNTHETIC
21.66,18.0,12,0,SYNTHETIC
21.66,19.0,13,0,SYNTHETIC
21.66,21.0,14,0,SYNTHETIC
21.66,31.0,15,0,SYNTHETIC
21.66,25.0,16,0,SYNTHETIC
21.66,17.0,17,0,SYNTHETIC
21.66,22.0,18,0,SYNTHETIC
21.66,14.0,19,0,SYNTHETIC
21.66,22.0,20,0,SYNTHETIC
21.66,21.0,21,0,SYNTHETIC
21.66,20.0,22,0,SYNTHETIC
21.66,23.0,23,0,SYNTHETIC
14.68,18.0,0,0,SYNTHETIC
14.68,21.0,1,0,SYNTHETIC
14.68,18.0,2,0,SYNTHETIC
14.68,13.0,3,0,SYNTHETIC
14.68,20.0,4,0,SYNTHETIC
14.68,14.0,5,0,SYNTHETIC
14.68,16.0,6,0,SYNTHETIC
14.68,13.0,7,0,SYNTHETIC
14.68,21.0,8,0,SYNTHETIC
14.68,16.0,9,0,SYNTHETIC
14.68,38.0,10,1,SYNTHETIC
14.68,13.0,11,0,SYNTHETIC
14.68,13.0,12,0,SYNTHETIC
14.68,13.0,13,0,SYNTHETIC
14.68,16.0,14,0,SYNTHETIC
14.68,17.0,15,0,SYNTHETIC
14.68,17.0,16,0,SYNTHETIC
14.68,16.0,17,0,SYNTHETIC
14.68,17.0,18,0,SYNTHETIC
14.68,13.0,19,0,SYNTHETIC
14.68,13.0,20,0,SYNTHETIC
14.68,13.0,21,0,SYNTHETIC
14.68,21.0,22,0,SYNTHETIC
14.68,13.0,23,0,SYNTHETIC
19.57,23.0,0,0,SYNTHETIC
19.57,9.0,1,0,SYNTHETIC
19.57,23.0,2,0,SYNTHETIC
19.57,11.0,3,0,SYNTHETIC
19.57,20.0,4,0,SYNTHETIC
19.57,18.0,5,0,SYNTHETIC
19.57,21.0,6,0,SYNTHETIC
19.57,16.0,7,0,SYNTHETIC
19.57,16.0,8,0,SYNTHETIC
19.57,15.0,9,0,SYNTHETIC
19.57,17.0,10,0,SYNTHETIC
19.57,16.0,11,0,SYNTHETIC
19.57,20.0,12,0,SYNTHETIC
19.57,24.0,13,0,SYNTHETIC
19.57,22.0,14,0,SYNTHETIC
19.57,21.0,15,0,SYNTHETIC
19.57,27.0,16,0,SYNTHETIC
19.57,20.0,17,0,SYNTHETIC
19.57,24.0,18,0,SYNTHETIC
19.57,28.0,19,0,SYNTHETIC
19.57,22.0,20,0,SYNTHETIC
19.57,17.0,21,0,SYNTHETIC
19.57,15.0,22,0,SYNTHETIC
19.57,25.0,23,0,SYNTHETIC
26.7,31.0,0,0,SYNTHETIC
26.7,25.0,1,0,SYNTHETIC
26.7,19.0,2,0,SYNTHETIC
26.7,35.0,3,0,SYNTHETIC
26.7,31.0,4,0,SYNTHETIC
26.7,28.0,5,0,SYNTHETIC
26.7,34.0,6,0,SYNTHETIC
26.7,24.0,7,0,SYNTHETIC
26.7,41.0,8,0,SYNTHETIC
26.7,29.0,9,0,SYNTHETIC
26.7,6.0,10,0,SYNTHETIC
26.7,23.0,11,0,SYNTHETIC
26.7,25.0,12,0,SYNTHETIC
26.7,37.0,13,0,SYNTHETIC
26.7,30.0,14,0,SYNTHETIC
26.7,32.0,15,0,SYNTHETIC
26.7,29.0,16,0,SYNTHETIC
26.7,22.0,17,0,SYNTHETIC
26.7,43.0,18,0,SYNTHETIC
26.7,16.0,19,0,SYNTHETIC
26.7,28.0,20,0,SYNTHETIC
26.7,34.0,21,0,SYNTHETIC
26.7,27.0,22,0,SYNTHETIC
26.7,33.0,23,0,SYNTHETIC
37.66,44.0,0,0,SYNTHETIC
37.66,59.0,1,0,SYNTHETIC
37.66,32.0,2,0,SYNTHETIC
37.66,162.0,3,1,SYNTHETIC
37.66,27.0,4,0,SYNTHETIC
37.66,44.0,5,0,SYNTHETIC
37.66,179.0,6,1,SYNTHETIC
37.66,20.0,7,0,SYNTHETIC
37.66,35.0,8,0,SYNTHETIC
37.66,41.0,9,0,SYNTHETIC
37.66,39.0,10,0,SYNTHETIC
37.66,41.0,11,0,SYNTHETIC
37.66,44.0,12,0,SYNTHETIC
37.66,110.0,13,1,SYNTHETIC
37.66,46.0,14,0,SYNTHETIC
37.66,33.0,15,0,SYNTHETIC
37.66,18.0,16,0,SYNTHETIC
37.66,43.0,17,0,SYNTHETIC
37.66,39.0,18,0,SYNTHETIC
37.66,40.0,19,0,SYNTHETIC
37.66,35.0,20,0,SYNTHETIC
37.66,59.0,21,0,SYNTHETIC
37.66,52.0,22,0,SYNTHETIC
37.66,25.0,23,0,SYNTHETIC
35.42,48.0,0,0,SYNTHETIC
35.42,32.0,1,0,SYNTHETIC
35.42,39.0,2,0,SYNTHETIC
35.42,17.0,3,0,SYNTHETIC
35.42,33.0,4,0,SYNTHETIC
35.42,37.0,5,0,SYNTHETIC
35.42,32.0,6,0,SYNTHETIC
35.42,37.0,7,0,SYNTHETIC
35.42,31.0,8,0,SYNTHETIC
35.42,35.0,9,0,SYNTHETIC
35.42,30.0,10,0,SYNTHETIC
35.42,39.0,11,0,SYNTHETIC
35.42,29.0,12,0,SYNTHETIC
35.42,33.0,13,0,SYNTHETIC
35.42,27.0,14,0,SYNTHETIC
35.42,29.0,15,0,SYNTHETIC
35.42,42.0,16,0,SYNTHETIC
35.42,32.0,17,0,SYNTHETIC
35.42,23.0,18,0,SYNTHETIC
35.42,48.0,19,0,SYNTHETIC
35.42,45.0,20,0,SYNTHETIC
35.42,27.0,21,0,SYNTHETIC
35.42,33.0,22,0,SYNTHETIC
35.42,107.0,23,1,SYNTHETIC
30.84,35.0,0,0,SYNTHETIC
30.84,47.0,1,0,SYNTHETIC
30.84,31.0,2,0,SYNTHETIC
30.84,37.0,3,0,SYNTHETIC
30.84,30.0,4,0,SYNTHETIC
30.84,28.0,5,0,SYNTHETIC
30.84,23.0,6,0,SYNTHETIC
30.84,35.0,7,0,SYNTHETIC
30.84,32.0,8,0,SYNTHETIC
30.84,22.0,9,0,SYNTHETIC
30.84,23.0,10,0,SYNTHETIC
30.84,43.0,11,0,SYNTHETIC
30.84,28.0,12,0,SYNTHETIC
30.84,32.0,13,0,SYNTHETIC
30.84,20.0,14,0,SYNTHETIC
30.84,32.0,15,0,SYNTHETIC
30.84,30.0,16,0,SYNTHETIC
30.84,114.0,17,1,SYNTHETIC
30.84,30.0,18,0,SYNTHETIC
30.84,26.0,19,0,SYNTHETIC
30.84,29.0,20,0,SYNTHETIC
30.84,43.0,21,0,SYNTHETIC
30.84,20.0,22,0,SYNTHETIC
30.84,23.0,23,0,SYNTHETIC
10.18,9.0,0,0,SYNTHETIC
10.18,10.0,1,0,SYNTHETIC
10.18,8.0,2,0,SYNTHETIC
10.18,8.0,3,0,SYNTHETIC
10.18,12.0,4,0,SYNTHETIC
10.18,10.0,5,0,SYNTHETIC
10.18,12.0,6,0,SYNTHETIC
10.18,16.0,7,0,SYNTHETIC
10.18,7.0,8,0,SYNTHETIC
10.18,10.0,9,0,SYNTHETIC
10.18,11.0,10,0,SYNTHETIC
10.18,5.0,11,0,SYNTHETIC
10.18,12.0,12,0,SYNTHETIC
10.18,11.0,13,0,SYNTHETIC
10.18,8.0,14,0,SYNTHETIC
10.18,5.0,15,0,SYNTHETIC
10.18,12.0,16,0,SYNTHETIC
10.18,10.0,17,0,SYNTHETIC
10.18,12.0,18,0,SYNTHETIC
10.18,10.0,19,0,SYNTHETIC
10.18,14.0,20,0,SYNTHETIC
10.18,7.0,21,0,SYNTHETIC
10.18,9.0,22,0,SYNTHETIC
10.18,11.0,23,0,SYNTHETIC
23.63,29.0,0,0,SYNTHETIC
23.63,27.0,1,0,SYNTHETIC
23.63,28.0,2,0,SYNTHETIC
23.63,7.0,3,0,SYNTHETIC
23.63,23.0,4,0,SYNTHETIC
23.63,21.0,5,0,SYNTHETIC
23.63,18.0,6,0,SYNTHETIC
23.63,26.0,7,0,SYNTHETIC
23.63,24.0,8,0,SYNTHETIC
23.63,15.0,9,0,SYNTHETIC
23.63,25.0,10,0,SYNTHETIC
23.63,99.0,11,1,SYNTHETIC
23.63,19.0,12,0,SYNTHETIC
23.63,14.0,13,0,SYNTHETIC
23.63,27.0,14,0,SYNTHETIC
23.63,23.0,15,0,SYNTHETIC
23.63,22.0,16,0,SYNTHETIC
23.63,14.0,17,0,SYNTHETIC
23.63,24.0,18,0,SYNTHETIC
23.63,25.0,19,0,SYNTHETIC
23.63,29.0,20,0,SYNTHETIC
23.63,28.0,21,0,SYNTHETIC
23.63,19.0,22,0,SYNTHETIC
23.63,16.0,23,0,SYNTHETIC
21.1,22.0,0,0,SYNTHETIC
21.1,13.0,1,0,SYNTHETIC
21.1,17.0,2,0,SYNTHETIC
21.1,25.0,3,0,SYNTHETIC
21.1,26.0,4,0,SYNTHETIC
21.1,25.0,5,0,SYNTHETIC
21.1,18.0,6,0,SYNTHETIC
21.1,30.0,7,0,SYNTHETIC
21.1,25.0,8,0,SYNTHETIC
21.1,24.0,9,0,SYNTHETIC
21.1,19.0,10,0,SYNTHETIC
21.1,26.0,11,0,SYNTHETIC
21.1,23.0,12,0,SYNTHETIC
21.1,19.0,13,0,SYNTHETIC
21.1,25.0,14,0,SYNTHETIC
21.1,12.0,15,0,SYNTHETIC
21.1,19.0,16,0,SYNTHETIC
21.1,27.0,17,0,SYNTHETIC
21.1,22.0,18,0,SYNTHETIC
21.1,33.0,19,0,SYNTHETIC
21.1,24.0,20,0,SYNTHETIC
21.1,23.0,21,0,SYNTHETIC
21.1,14.0,22,0,SYNTHETIC
21.1,19.0,23,0,SYNTHETIC
35.68,131.0,0,1,SYNTHETIC
35.68,44.0,1,0,SYNTHETIC
35.68,37.0,2,0,SYNTHETIC
35.68,52.0,3,0,SYNTHETIC
35.68,18.0,4,0,SYNTHETIC
35.68,22.0,5,0,SYNTHETIC
35.68,34.0,6,0,SYNTHETIC
35.68,63.0,7,0,SYNTHETIC
35.68,24.0,8,0,SYNTHETIC
35.68,29.0,9,0,SYNTHETIC
35.68,33.0,10,0,SYNTHETIC
35.68,39.0,11,0,SYNTHETIC
35.68,41.0,12,0,SYNTHETIC
35.68,129.0,13,1,SYNTHETIC
35.68,168.0,14,1,SYNTHETIC
35.68,34.0,15,0,SYNTHETIC
35.68,31.0,16,0,SYNTHETIC
35.68,23.0,17,0,SYNTHETIC
35.68,118.0,18,1,SYNTHETIC
35.68,41.0,19,0,SYNTHETIC
35.68,49.0,20,0,SYNTHETIC
35.68,107.0,21,1,SYNTHETIC
35.68,35.0,22,0,SYNTHETIC
35.68,39.0,23,0,SYNTHETIC
15.6,18.0,0,0,SYNTHETIC
15.6,15.0,1,0,SYNTHETIC
15.6,17.0,2,0,SYNTHETIC
15.6,8.0,3,0,SYNTHETIC
15.6,18.0,4,0,SYNTHETIC
15.6,9.0,5,0,SYNTHETIC
15.6,12.0,6,0,SYNTHETIC
15.6,17.0,7,0,SYNTHETIC
15.6,22.0,8,0,SYNTHETIC
15.6,22.0,9,0,SYNTHETIC
15.6,40.0,10,1,SYNTHETIC
15.6,19.0,11,0,SYNTHETIC
15.6,18.0,12,0,SYNTHETIC
15.6,9.0,13,0,SYNTHETIC
15.6,18.0,14,0,SYNTHETIC
15.6,24.0,15,0,SYNTHETIC
15.6,15.0,16,0,SYNTHETIC
15.6,16.0,17,0,SYNTHETIC
15.6,22.0,18,0,SYNTHETIC
15.6,17.0,19,0,SYNTHETIC
15.6,16.0,20,0,SYNTHETIC
15.6,15.0,21,0,SYNTHETIC
15.6,17.0,22,0,SYNTHETIC
15.6,13.0,23,0,SYNTHETIC
21.05,23.0,0,0,SYNTHETIC
21.05,23.0,1,0,SYNTHETIC
21.05,21.0,2,0,SYNTHETIC
21.05,27.0,3,0,SYNTHETIC
21.05,17.0,4,0,SYNTHETIC
21.05,16.0,5,0,SYNTHETIC
21.05,23.0,6,0,SYNTHETIC
21.05,21.0,7,0,SYNTHETIC
21.05,21.0,8,0,SYNTHETIC
21.05,19.0,9,0,SYNTHETIC
21.05,17.0,10,0,SYNTHETIC
21.05,19.0,11,0,SYNTHETIC
21.05,28.0,12,0,SYNTHETIC
21.05,24.0,13,0,SYNTHETIC
21.05,96.0,14,1,SYNTHETIC
21.05,25.0,15,0,SYNTHETIC
21.05,13.0,16,0,SYNTHETIC
21.05,24.0,17,0,SYNTHETIC
21.05,21.0,18,0,SYNTHETIC
21.05,19.0,19,0,SYNTHETIC
21.05,21.0,20,0,SYNTHETIC
21.05,84.0,21,1,SYNTHETIC
21.05,20.0,22,0,SYNTHETIC
21.05,22.0,23,0,SYNTHETIC
21.29,24.0,0,0,SYNTHETIC
21.29,23.0,1,0,SYNTHETIC
21.29,20.0,2,0,SYNTHETIC
21.29,65.0,3,1,SYNTHETIC
21.29,21.0,4,0,SYNTHETIC
21.29,27.0,5,0,SYNTHETIC
21.29,12.0,6,0,SYNTHETIC
21.29,26.0,7,0,SYNTHETIC
21.29,32.0,8,0,SYNTHETIC
21.29,24.0,9,0,SYNTHETIC
21.29,24.0,10,0,SYNTHETIC
21.29,24.0,11,0,SYNTHETIC
21.29,23.0,12,0,SYNTHETIC
21.29,23.0,13,0,SYNTHETIC
21.29,28.0,14,0,SYNTHETIC
21.29,26.0,15,0,SYNTHETIC
21.29,26.0,16,0,SYNTHETIC
21.29,15.0,17,0,SYNTHETIC
21.29,23.0,18,0,SYNTHETIC
21.29,23.0,19,0,SYNTHETIC
21.29,19.0,20,0,SYNTHETIC
21.29,12.0,21,0,SYNTHETIC
21.29,28.0,22,0,SYNTHETIC
21.29,20.0,23,0,SYNTHETIC
31.49,25.0,0,0,SYNTHETIC
31.49,33.0,1,0,SYNTHETIC
31.49,33.0,2,0,SYNTHETIC
31.49,35.0,3,0,SYNTHETIC
31.49,109.0,4,1,SYNTHETIC
31.49,21.0,5,0,SYNTHETIC
31.49,33.0,6,0,SYNTHETIC
31.49,46.0,7,0,SYNTHETIC
31.49,17.0,8,0,SYNTHETIC
31.49,38.0,9,0,SYNTHETIC
31.49,39.0,10,0,SYNTHETIC
31.49,22.0,11,0,SYNTHETIC
31.49,27.0,12,0,SYNTHETIC
31.49,28.0,13,0,SYNTHETIC
31.49,33.0,14,0,SYNTHETIC
31.49,44.0,15,0,SYNTHETIC
31.49,30.0,16,0,SYNTHETIC
31.49,25.0,17,0,SYNTHETIC
31.49,38.0,18,0,SYNTHETIC
31.49,36.0,19,0,SYNTHETIC
31.49,32.0,20,0,SYNTHETIC
31.49,29.0,21,0,SYNTHETIC
31.49,20.0,22,0,SYNTHETIC
31.49,37.0,23,0,SYNTHETIC
15.39,16.0,0,0,SYNTHETIC
15.39,18.0,1,0,SYNTHETIC
15.39,19.0,2,0,SYNTHETIC
15.39,7.0,3,0,SYNTHETIC
15.39,10.0,4,0,SYNTHETIC
15.39,14.0,5,0,SYNTHETIC
15.39,20.0,6,0,SYNTHETIC
15.39,23.0,7,0,SYNTHETIC
15.39,17.0,8,0,SYNTHETIC
15.39,66.0,9,1,SYNTHETIC
15.39,13.0,10,0,SYNTHETIC
15.39,16.0,11,0,SYNTHETIC
15.39,10.0,12,0,SYNTHETIC
15.39,17.0,13,0,SYNTHETIC
15.39,13.0,14,0,SYNTHETIC
15.39,18.0,15,0,SYNTHETIC
15.39,15.0,16,0,SYNTHETIC
15.39,15.0,17,0,SYNTHETIC
15.39,16.0,18,0,SYNTHETIC
15.39,14.0,19,0,SYNTHETIC
15.39,14.0,20,0,SYNTHETIC
15.39,12.0,21,0,SYNTHETIC
15.39,14.0,22,0,SYNTHETIC
15.39,16.0,23,0,SYNTHETIC
15.42,11.0,0,0,SYNTHETIC
15.42,60.0,1,1,SYNTHETIC
15.42,16.0,2,0,SYNTHETIC
15.42,16.0,3,0,SYNTHETIC
15.42,20.0,4,0,SYNTHETIC
15.42,21.0,5,0,SYNTHETIC
15.42,22.0,6,0,SYNTHETIC
15.42,7.0,7,0,SYNTHETIC
15.42,16.0,8,0,SYNTHETIC
15.42,14.0,9,0,SYNTHETIC
15.42,10.0,10,0,SYNTHETIC
15.42,11.0,11,0,SYNTHETIC
15.42,16.0,12,0,SYNTHETIC
15.42,18.0,13,0,SYNTHETIC
15.42,8.0,14,0,SYNTHETIC
15.42,18.0,15,0,SYNTHETIC
15.42,17.0,16,0,SYNTHETIC
15.42,18.0,17,0,SYNTHETIC
15.42,13.0,18,0,SYNTHETIC
15.42,22.0,19,0,SYNTHETIC
15.42,17.0,20,0,SYNTHETIC
15.42,12.0,21,0,SYNTHETIC
15.42,18.0,22,0,SYNTHETIC
15.42,18.0,23,0,SYNTHETIC
10.38,7.0,0,0,SYNTHETIC
10.38,18.0,1,0,SYNTHETIC
10.38,9.0,2,0,SYNTHETIC
10.38,38.0,3,1,SYNTHETIC
10.38,10.0,4,0,SYNTHETIC
10.38,31.0,5,1,SYNTHETIC
10.38,8.0,6,0,SYNTHETIC
10.38,7.0,7,0,SYNTHETIC
10.38,6.0,8,0,SYNTHETIC
10.38,9.0,9,0,SYNTHETIC
10.38,8.0,10,0,SYNTHETIC
10.38,8.0,11,0,SYNTHETIC
10.38,10.0,12,0,SYNTHETIC
10.38,12.0,13,0,SYNTHETIC
10.38,11.0,14,0,SYNTHETIC
10.38,10.0,15,0,SYNTHETIC
10.38,12.0,16,0,SYNTHETIC
10.38,9.0,17,0,SYNTHETIC
10.38,11.0,18,0,SYNTHETIC
10.38,12.0,19,0,SYNTHETIC
10.38,6.0,20,0,SYNTHETIC
10.38,14.0,21,0,SYNTHETIC
10.38,15.0,22,0,SYNTHETIC
10.38,11.0,23,0,SYNTHETIC
32.51,31.0,0,0,SYNTHETIC
32.51,32.0,1,0,SYNTHETIC
32.51,46.0,2,0,SYNTHETIC
32.51,28.0,3,0,SYNTHETIC
32.51,22.0,4,0,SYNTHETIC
32.51,33.0,5,0,SYNTHETIC
32.51,43.0,6,0,SYNTHETIC
32.51,32.0,7,0,SYNTHETIC
32.51,48.0,8,0,SYNTHETIC
32.51,37.0,9,0,SYNTHETIC
32.51,39.0,10,0,SYNTHETIC
32.51,28.0,11,0,SYNTHETIC
32.51,34.0,12,0,SYNTHETIC
32.51,26.0,13,0,SYNTHETIC
32.51,37.0,14,0,SYNTHETIC
32.51,28.0,15,0,SYNTHETIC
32.51,23.0,16,0,SYNTHETIC
32.51,30.0,17,0,SYNTHETIC
32.51,39.0,18,0,SYNTHETIC
32.51,29.0,19,0,SYNTHETIC
32.51,25.0,20,0,SYNTHETIC
32.51,41.0,21,0,SYNTHETIC
32.51,31.0,22,0,SYNTHETIC
32.51,24.0,23,0,SYNTHETIC
27.49,114.0,0,1,SYNTHETIC
27.49,25.0,1,0,SYNTHETIC
27.49,23.0,2,0,SYNTHETIC
27.49,48.0,3,0,SYNTHETIC
27.49,29.0,4,0,SYNTHETIC
27.49,21.0,5,0,SYNTHETIC
27.49,101.0,6,1,SYNTHETIC
27.49,29.0,7,0,SYNTHETIC
27.49,24.0,8,0,SYNTHETIC
27.49,35.0,9,0,SYNTHETIC
27.49,31.0,10,0,SYNTHETIC
27.49,31.0,11,0,SYNTHETIC
27.49,29.0,12,0,SYNTHETIC
27.49,23.0,13,0,SYNTHETIC
27.49,33.0,14,0,SYNTHETIC
27.49,27.0,15,0,SYNTHETIC
27.49,44.0,16,0,SYNTHETIC
27.49,31.0,17,0,SYNTHETIC
27.49,10.0,18,0,SYNTHETIC
27.49,31.0,19,0,SYNTHETIC
27.49,21.0,20,0,SYNTHETIC
27.49,22.0,21,0,SYNTHETIC
27.49,35.0,22,0,SYNTHETIC
27.49,41.0,23,0,SYNTHETIC
17.47,21.0,0,0,SYNTHETIC
17.47,19.0,1,0,SYNTHETIC
17.47,15.0,2,0,SYNTHETIC
17.47,17.0,3,0,SYNTHETIC
17.47,7.0,4,0,SYNTHETIC
17.47,13.0,5,0,SYNTHETIC
17.47,18.0,6,0,SYNTHETIC
17.47,12.0,7,0,SYNTHETIC
17.47,17.0,8,0,SYNTHETIC
17.47,15.0,9,0,SYNTHETIC
17.47,12.0,10,0,SYNTHETIC
17.47,9.0,11,0,SYNTHETIC
17.47,17.0,12,0,SYNTHETIC
17.47,21.0,13,0,SYNTHETIC
17.47,20.0,14,0,SYNTHETIC
17.47,21.0,15,0,SYNTHETIC
17.47,30.0,16,0,SYNTHETIC
17.47,18.0,17,0,SYNTHETIC
17.47,22.0,18,0,SYNTHETIC
17.47,27.0,19,0,SYNTHETIC
17.47,15.0,20,0,SYNTHETIC
17.47,13.0,21,0,SYNTHETIC
17.47,18.0,22,0,SYNTHETIC
17.47,20.0,23,0,SYNTHETIC
13.58,16.0,0,0,SYNTHETIC
13.58,16.0,1,0,SYNTHETIC
13.58,15.0,2,0,SYNTHETIC
13.58,17.0,3,0,SYNTHETIC
13.58,11.0,4,0,SYNTHETIC
13.58,20.0,5,0,SYNTHETIC
13.58,16.0,6,0,SYNTHETIC
13.58,10.0,7,0,SYNTHETIC
13.58,13.0,8,0,SYNTHETIC
13.58,11.0,9,0,SYNTHETIC
13.58,14.0,10,0,SYNTHETIC
13.58,11.0,11,0,SYNTHETIC
13.58,12.0,12,0,SYNTHETIC
13.58,10.0,13,0,SYNTHETIC
13.58,13.0,14,0,SYNTHETIC
13.58,15.0,15,0,SYNTHETIC
13.58,13.0,16,0,SYNTHETIC
13.58,9.0,17,0,SYNTHETIC
13.58,13.0,18,0,SYNTHETIC
13.58,12.0,19,0,SYNTHETIC
13.58,16.0,20,0,SYNTHETIC
13.58,18.0,21,0,SYNTHETIC
13.58,15.0,22,0,SYNTHETIC
13.58,20.0,23,0,SYNTHETIC
28.07,27.0,0,0,SYNTHETIC
28.07,17.0,1,0,SYNTHETIC
28.07,32.0,2,0,SYNTHETIC
28.07,24.0,3,0,SYNTHETIC
28.07,38.0,4,0,SYNTHETIC
28.07,30.0,5,0,SYNTHETIC
28.07,32.0,6,0,SYNTHETIC
28.07,24.0,7,0,SYNTHETIC
28.07,15.0,8,0,SYNTHETIC
28.07,15.0,9,0,SYNTHETIC
28.07,30.0,10,0,SYNTHETIC
28.07,41.0,11,0,SYNTHETIC
28.07,33.0,12,0,SYNTHETIC
28.07,24.0,13,0,SYNTHETIC
28.07,17.0,14,0,SYNTHETIC
28.07,33.0,15,0,SYNTHETIC
28.07,37.0,16,0,SYNTHETIC
28.07,28.0,17,0,SYNTHETIC
28.07,26.0,18,0,SYNTHETIC
28.07,33.0,19,0,SYNTHETIC
28.07,18.0,20,0,SYNTHETIC
28.07,17.0,21,0,SYNTHETIC
28.07,29.0,22,0,SYNTHETIC
28.07,32.0,23,0,SYNTHETIC
15.46,21.0,0,0,SYNTHETIC
15.46,16.0,1,0,SYNTHETIC
15.46,16.0,2,0,SYNTHETIC
15.46,16.0,3,0,SYNTHETIC
15.46,47.0,4,1,SYNTHETIC
15.46,15.0,5,0,SYNTHETIC
15.46,15.0,6,0,SYNTHETIC
15.46,12.0,7,0,SYNTHETIC
15.46,20.0,8,0,SYNTHETIC
15.46,15.0,9,0,SYNTHETIC
15.46,12.0,10,0,SYNTHETIC
15.46,19.0,11,0,SYNTHETIC
15.46,23.0,12,0,SYNTHETIC
15.46,10.0,13,0,SYNTHETIC
15.46,12.0,14,0,SYNTHETIC
15.46,20.0,15,0,SYNTHETIC
15.46,11.0,16,0,SYNTHETIC
15.46,15.0,17,0,SYNTHETIC
15.46,12.0,18,0,SYNTHETIC
15.46,16.0,19,0,SYNTHETIC
15.46,12.0,20,0,SYNTHETIC
15.46,12.0,21,0,SYNTHETIC
15.46,14.0,22,0,SYNTHETIC
15.46,14.0,23,0,SYNTHETIC
12.52,16.0,0,0,SYNTHETIC
12.52,10.0,1,0,SYNTHETIC
12.52,15.0,2,0,SYNTHETIC
12.52,6.0,3,0,SYNTHETIC
12.52,16.0,4,0,SYNTHETIC
12.52,11.0,5,0,SYNTHETIC
12.52,16.0,6,0,SYNTHETIC
12.52,10.0,7,0,SYNTHETIC
12.52,12.0,8,0,SYNTHETIC
12.52,14.0,9,0,SYNTHETIC
12.52,11.0,10,0,SYNTHETIC
12.52,11.0,11,0,SYNTHETIC
12.52,9.0,12,0,SYNTHETIC
12.52,11.0,13,0,SYNTHETIC
12.52,13.0,14,0,SYNTHETIC
12.52,11.0,15,0,SYNTHETIC
12.52,7.0,16,0,SYNTHETIC
12.52,10.0,17,0,SYNTHETIC
12.52,55.0,18,1,SYNTHETIC
12.52,9.0,19,0,SYNTHETIC
12.52,16.0,20,0,SYNTHETIC
12.52,10.0,21,0,SYNTHETIC
12.52,7.0,22,0,SYNTHETIC
12.52,16.0,23,0,SYNTHETIC
33.12,35.0,0,0,SYNTHETIC
33.12,30.0,1,0,SYNTHETIC
33.12,26.0,2,0,SYNTHETIC
33.12,29.0,3,0,SYNTHETIC
33.12,41.0,4,0,SYNTHETIC
33.12,33.0,5,0,SYNTHETIC
33.12,41.0,6,0,SYNTHETIC
33.12,27.0,7,0,SYNTHETIC
33.12,39.0,8,0,SYNTHETIC
33.12,30.0,9,0,SYNTHETIC
33.12,46.0,10,0,SYNTHETIC
33.12,33.0,11,0,SYNTHETIC
33.12,32.0,12,0,SYNTHETIC
33.12,27.0,13,0,SYNTHETIC
33.12,42.0,14,0,SYNTHETIC
33.12,35.0,15,0,SYNTHETIC
33.12,52.0,16,0,SYNTHETIC
33.12,36.0,17,0,SYNTHETIC
33.12,33.0,18,0,SYNTHETIC
33.12,54.0,19,0,SYNTHETIC
33.12,48.0,20,0,SYNTHETIC
33.12,44.0,21,0,SYNTHETIC
33.12,42.0,22,0,SYNTHETIC
33.12,39.0,23,0,SYNTHETIC
22.04,18.0,0,0,SYNTHETIC
22.04,97.0,1,1,SYNTHETIC
22.04,23.0,2,0,SYNTHETIC
22.04,29.0,3,0,SYNTHETIC
22.04,28.0,4,0,SYNTHETIC
22.04,26.0,5,0,SYNTHETIC
22.04,21.0,6,0,SYNTHETIC
22.04,23.0,7,0,SYNTHETIC
22.04,21.0,8,0,SYNTHETIC
22.04,17.0,9,0,SYNTHETIC
22.04,17.0,10,0,SYNTHETIC
22.04,22.0,11,0,SYNTHETIC
22.04,26.0,12,0,SYNTHETIC
22.04,28.0,13,0,SYNTHETIC
22.04,32.0,14,0,SYNTHETIC
22.04,12.0,15,0,SYNTHETIC
22.04,25.0,16,0,SYNTHETIC
22.04,12.0,17,0,SYNTHETIC
22.04,22.0,18,0,SYNTHETIC
22.04,20.0,19,0,SYNTHETIC
22.04,19.0,20,0,SYNTHETIC
22.04,27.0,21,0,SYNTHETIC
22.04,20.0,22,0,SYNTHETIC
22.04,32.0,23,0,SYNTHETIC
12.06,12.0,0,0,SYNTHETIC
12.06,6.0,1,0,SYNTHETIC
12.06,11.0,2,0,SYNTHETIC
12.06,12.0,3,0,SYNTHETIC
12.06,15.0,4,0,SYNTHETIC
12.06,9.0,5,0,SYNTHETIC
12.06,10.0,6,0,SYNTHETIC
12.06,12.0,7,0,SYNTHETIC
12.06,17.0,8,0,SYNTHETIC
12.06,6.0,9,0,SYNTHETIC
12.06,13.0,10,0,SYNTHETIC
12.06,13.0,11,0,SYNTHETIC
12.06,17.0,12,0,SYNTHETIC
12.06,35.0,13,1,SYNTHETIC
12.06,10.0,14,0,SYNTHETIC
12.06,10.0,15,0,SYNTHETIC
12.06,15.0,16,0,SYNTHETIC
12.06,11.0,17,0,SYNTHETIC
12.06,15.0,18,0,SYNTHETIC
12.06,17.0,19,0,SYNTHETIC
12.06,11.0,20,0,SYNTHETIC
12.06,45.0,21,1,SYNTHETIC
12.06,14.0,22,0,SYNTHETIC
12.06,44.0,23,1,SYNTHETIC
35.23,39.0,0,0,SYNTHETIC
35.23,26.0,1,0,SYNTHETIC
35.23,35.0,2,0,SYNTHETIC
35.23,42.0,3,0,SYNTHETIC
35.23,31.0,4,0,SYNTHETIC
35.23,30.0,5,0,SYNTHETIC
35.23,48.0,6,0,SYNTHETIC
35.23,53.0,7,0,SYNTHETIC
35.23,32.0,8,0,SYNTHETIC
35.23,43.0,9,0,SYNTHETIC
35.23,170.0,10,1,SYNTHETIC
35.23,22.0,11,0,SYNTHETIC
35.23,126.0,12,1,SYNTHETIC
35.23,39.0,13,0,SYNTHETIC
35.23,88.0,14,1,SYNTHETIC
35.23,38.0,15,0,SYNTHETIC
35.23,27.0,16,0,SYNTHETIC
35.23,171.0,17,1,SYNTHETIC
35.23,31.0,18,0,SYNTHETIC
35.23,40.0,19,0,SYNTHETIC
35.23,39.0,20,0,SYNTHETIC
35.23,51.0,21,0,SYNTHETIC
35.23,138.0,22,1,SYNTHETIC
35.23,24.0,23,0,SYNTHETIC
10.41,13.0,0,0,SYNTHETIC
10.41,8.0,1,0,SYNTHETIC
10.41,4.0,2,0,SYNTHETIC
10.41,12.0,3,0,SYNTHETIC
10.41,11.0,4,0,SYNTHETIC
10.41,11.0,5,0,SYNTHETIC
10.41,10.0,6,0,SYNTHETIC
10.41,7.0,7,0,SYNTHETIC
10.41,10.0,8,0,SYNTHETIC
10.41,12.0,9,0,SYNTHETIC
10.41,5.0,10,0,SYNTHETIC
10.41,10.0,11,0,SYNTHETIC
10.41,10.0,12,0,SYNTHETIC
10.41,8.0,13,0,SYNTHETIC
10.41,7.0,14,0,SYNTHETIC
10.41,15.0,15,0,SYNTHETIC
10.41,6.0,16,0,SYNTHETIC
10.41,8.0,17,0,SYNTHETIC
10.41,10.0,18,0,SYNTHETIC
10.41,11.0,19,0,SYNTHETIC
10.41,12.0,20,0,SYNTHETIC
10.41,8.0,21,0,SYNTHETIC
10.41,12.0,22,0,SYNTHETIC
10.41,39.0,23,1,SYNTHETIC
30.13,39.0,0,0,SYNTHETIC
30.13,35.0,1,0,SYNTHETIC
30.13,33.0,2,0,SYNTHETIC
30.13,30.0,3,0,SYNTHETIC
30.13,18.0,4,0,SYNTHETIC
30.13,129.0,5,1,SYNTHETIC
30.13,27.0,6,0,SYNTHETIC
30.13,37.0,7,0,SYNTHETIC
30.13,21.0,8,0,SYNTHETIC
30.13,32.0,9,0,SYNTHETIC
30.13,22.0,10,0,SYNTHETIC
30.13,110.0,11,1,SYNTHETIC
30.13,28.0,12,0,SYNTHETIC
30.13,26.0,13,0,SYNTHETIC
30.13,41.0,14,0,SYNTHETIC
30.13,34.0,15,0,SYNTHETIC
30.13,27.0,16,0,SYNTHETIC
30.13,40.0,17,0,SYNTHETIC
30.13,53.0,18,0,SYNTHETIC
30.13,32.0,19,0,SYNTHETIC
30.13,30.0,20,0,SYNTHETIC
30.13,19.0,21,0,SYNTHETIC
30.13,25.0,22,0,SYNTHETIC
30.13,32.0,23,0,SYNTHETIC
26.43,37.0,0,0,SYNTHETIC
26.43,15.0,1,0,SYNTHETIC
26.43,22.0,2,0,SYNTHETIC
26.43,13.0,3,0,SYNTHETIC
26.43,32.0,4,0,SYNTHETIC
26.43,27.0,5,0,SYNTHETIC
26.43,13.0,6,0,SYNTHETIC
26.43,30.0,7,0,SYNTHETIC
26.43,20.0,8,0,SYNTHETIC
26.43,16.0,9,0,SYNTHETIC
26.43,25.0,10,0,SYNTHETIC
26.43,38.0,11,0,SYNTHETIC
26.43,26.0,12,0,SYNTHETIC
26.43,85.0,13,1,SYNTHETIC
26.43,20.0,14,0,SYNTHETIC
26.43,28.0,15,0,SYNTHETIC
26.43,29.0,16,0,SYNTHETIC
26.43,29.0,17,0,SYNTHETIC
26.43,29.0,18,0,SYNTHETIC
26.43,28.0,19,0,SYNTHETIC
26.43,35.0,20,0,SYNTHETIC
26.43,28.0,21,0,SYNTHETIC
26.43,22.0,22,0,SYNTHETIC
26.43,33.0,23,0,SYNTHETIC
10.06,12.0,0,0,SYNTHETIC
10.06,12.0,1,0,SYNTHETIC
10.06,11.0,2,0,SYNTHETIC
10.06,8.0,3,0,SYNTHETIC
10.06,10.0,4,0,SYNTHETIC
10.06,10.0,5,0,SYNTHETIC
10.06,13.0,6,0,SYNTHETIC
10.06,17.0,7,0,SYNTHETIC
10.06,14.0,8,0,SYNTHETIC
10.06,18.0,9,0,SYNTHETIC
10.06,11.0,10,0,SYNTHETIC
10.06,9.0,11,0,SYNTHETIC
10.06,14.0,12,0,SYNTHETIC
10.06,6.0,13,0,SYNTHETIC
10.06,9.0,14,0,SYNTHETIC
10.06,9.0,15,0,SYNTHETIC
10.06,4.0,16,0,SYNTHETIC
10.06,10.0,17,0,SYNTHETIC
10.06,10.0,18,0,SYNTHETIC
10.06,9.0,19,0,SYNTHETIC
10.06,9.0,20,0,SYNTHETIC
10.06,13.0,21,0,SYNTHETIC
10.06,13.0,22,0,SYNTHETIC
10.06,19.0,23,0,SYNTHETIC
35.17,44.0,0,0,SYNTHETIC
35.17,37.0,1,0,SYNTHETIC
35.17,47.0,2,0,SYNTHETIC
35.17,17.0,3,0,SYNTHETIC
35.17,44.0,4,0,SYNTHETIC
35.17,45.0,5,0,SYNTHETIC
35.17,18.0,6,0,SYNTHETIC
35.17,41.0,7,0,SYNTHETIC
35.17,33.0,8,0,SYNTHETIC
35.17,51.0,9,0,SYNTHETIC
35.17,26.0,10,0,SYNTHETIC
35.17,13.0,11,0,SYNTHETIC
35.17,38.0,12,0,SYNTHETIC
35.17,40.0,13,0,SYNTHETIC
35.17,29.0,14,0,SYNTHETIC
35.17,25.0,15,0,SYNTHETIC
35.17,23.0,16,0,SYNTHETIC
35.17,39.0,17,0,SYNTHETIC
35.17,18.0,18,0,SYNTHETIC
35.17,28.0,19,0,SYNTHETIC
35.17,159.0,20,1,SYNTHETIC
35.17,54.0,21,0,SYNTHETIC
35.17,45.0,22,0,SYNTHETIC
35.17,31.0,23,0,SYNTHETIC
25.9,28.0,0,0,SYNTHETIC
25.9,34.0,1,0,SYNTHETIC
25.9,35.0,2,0,SYNTHETIC
25.9,72.0,3,1,SYNTHETIC
25.9,35.0,4,0,SYNTHETIC
25.9,21.0,5,0,SYNTHETIC
25.9,17.0,6,0,SYNTHETIC
25.9,27.0,7,0,SYNTHETIC
25.9,23.0,8,0,SYNTHETIC
25.9,20.0,9,0,SYNTHETIC
25.9,26.0,10,0,SYNTHETIC
25.9,21.0,11,0,SYNTHETIC
25.9,24.0,12,0,SYNTHETIC
25.9,24.0,13,0,SYNTHETIC
25.9,30.0,14,0,SYNTHETIC
25.9,25.0,15,0,SYNTHETIC
25.9,29.0,16,0,SYNTHETIC
25.9,33.0,17,0,SYNTHETIC
25.9,29.0,18,0,SYNTHETIC
25.9,19.0,19,0,SYNTHETIC
25.9,32.0,20,0,SYNTHETIC
25.9,30.0,21,0,SYNTHETIC
25.9,28.0,22,0,SYNTHETIC
25.9,23.0,23,0,SYNTHETIC
10.54,12.0,0,0,SYNTHETIC
10.54,9.0,1,0,SYNTHETIC
10.54,7.0,2,0,SYNTHETIC
10.54,10.0,3,0,SYNTHETIC
10.54,8.0,4,0,SYNTHETIC
10.54,12.0,5,0,SYNTHETIC
10.54,14.0,6,0,SYNTHETIC
10.54,9.0,7,0,SYNTHETIC
10.54,11.0,8,0,SYNTHETIC
10.54,6.0,9,0,SYNTHETIC
10.54,36.0,10,1,SYNTHETIC
10.54,52.0,11,1,SYNTHETIC
10.54,8.0,12,0,SYNTHETIC
10.54,10.0,13,0,SYNTHETIC
10.54,10.0,14,0,SYNTHETIC
10.54,30.0,15,1,SYNTHETIC
10.54,10.0,16,0,SYNTHETIC
10.54,10.0,17,0,SYNTHETIC
10.54,6.0,18,0,SYNTHETIC
10.54,10.0,19,0,SYNTHETIC
10.54,8.0,20,0,SYNTHETIC
10.54,13.0,21,0,SYNTHETIC
10.54,18.0,22,0,SYNTHETIC
10.54,15.0,23,0,SYNTHETIC
21.3,18.0,0,0,SYNTHETIC
21.3,6.0,1,0,SYNTHETIC
21.3,35.0,2,0,SYNTHETIC
21.3,14.0,3,0,SYNTHETIC
21.3,14.0,4,0,SYNTHETIC
21.3,24.0,5,0,SYNTHETIC
21.3,69.0,6,1,SYNTHETIC
21.3,53.0,7,1,SYNTHETIC
21.3,22.0,8,0,SYNTHETIC
21.3,20.0,9,0,SYNTHETIC
21.3,27.0,10,0,SYNTHETIC
21.3,16.0,11,0,SYNTHETIC
21.3,28.0,12,0,SYNTHETIC
21.3,22.0,13,0,SYNTHETIC
21.3,25.0,14,0,SYNTHETIC
21.3,25.0,15,0,SYNTHETIC
21.3,17.0,16,0,SYNTHETIC
21.3,24.0,17,0,SYNTHETIC
21.3,18.0,18,0,SYNTHETIC
21.3,14.0,19,0,SYNTHETIC
21.3,92.0,20,1,SYNTHETIC
21.3,29.0,21,0,SYNTHETIC
21.3,23.0,22,0,SYNTHETIC
21.3,26.0,23,0,SYNTHETIC
12.95,11.0,0,0,SYNTHETIC
12.95,10.0,1,0,SYNTHETIC
12.95,16.0,2,0,SYNTHETIC
12.95,16.0,3,0,SYNTHETIC
12.95,11.0,4,0,SYNTHETIC
12.95,9.0,5,0,SYNTHETIC
12.95,16.0,6,0,SYNTHETIC
12.95,39.0,7,1,SYNTHETIC
12.95,14.0,8,0,SYNTHETIC
12.95,7.0,9,0,SYNTHETIC
12.95,16.0,10,0,SYNTHETIC
12.95,17.0,11,0,SYNTHETIC
12.95,13.0,12,0,SYNTHETIC
12.95,8.0,13,0,SYNTHETIC
12.95,10.0,14,0,SYNTHETIC
12.95,9.0,15,0,SYNTHETIC
12.95,13.0,16,0,SYNTHETIC
12.95,12.0,17,0,SYNTHETIC
12.95,14.0,18,0,SYNTHETIC
12.95,15.0,19,0,SYNTHETIC
12.95,13.0,20,0,SYNTHETIC
12.95,15.0,21,0,SYNTHETIC
12.95,14.0,22,0,SYNTHETIC
12.95,15.0,23,0,SYNTHETIC
36.44,30.0,0,0,SYNTHETIC
36.44,36.0,1,0,SYNTHETIC
36.44,27.0,2,0,SYNTHETIC
36.44,31.0,3,0,SYNTHETIC
36.44,24.0,4,0,SYNTHETIC
36.44,35.0,5,0,SYNTHETIC
36.44,45.0,6,0,SYNTHETIC
36.44,40.0,7,0,SYNTHETIC
36.44,36.0,8,0,SYNTHETIC
36.44,35.0,9,0,SYNTHETIC
36.44,47.0,10,0,SYNTHETIC
36.44,39.0,11,0,SYNTHETIC
36.44,24.0,12,0,SYNTHETIC
36.44,40.0,13,0,SYNTHETIC
36.44,46.0,14,0,SYNTHETIC
36.44,27.0,15,0,SYNTHETIC
36.44,24.0,16,0,SYNTHETIC
36.44,40.0,17,0,SYNTHETIC
36.44,23.0,18,0,SYNTHETIC
36.44,30.0,19,0,SYNTHETIC
36.44,37.0,20,0,SYNTHETIC
36.44,40.0,21,0,SYNTHETIC
36.44,25.0,22,0,SYNTHETIC
36.44,34.0,23,0,SYNTHETIC
20.98,21.0,0,0,SYNTHETIC
20.98,22.0,1,0,SYNTHETIC
20.98,21.0,2,0,SYNTHETIC
20.98,13.0,3,0,SYNTHETIC
20.98,15.0,4,0,SYNTHETIC
20.98,11.0,5,0,SYNTHETIC
20.98,21.0,6,0,SYNTHETIC
20.98,24.0,7,0,SYNTHETIC
20.98,21.0,8,0,SYNTHETIC
20.98,16.0,9,0,SYNTHETIC
20.98,28.0,10,0,SYNTHETIC
20.98,22.0,11,0,SYNTHETIC
20.98,15.0,12,0,SYNTHETIC
20.98,17.0,13,0,SYNTHETIC
20.98,20.0,14,0,SYNTHETIC
20.98,23.0,15,0,SYNTHETIC
20.98,25.0,16,0,SYNTHETIC
20.98,14.0,17,0,SYNTHETIC
20.98,23.0,18,0,SYNTHETIC
20.98,23.0,19,0,SYNTHETIC
20.98,74.0,20,1,SYNTHETIC
20.98,28.0,21,0,SYNTHETIC
20.98,21.0,22,0,SYNTHETIC
20.98,25.0,23,0,SYNTHETIC
10.29,10.0,0,0,SYNTHETIC
10.29,36.0,1,1,SYNTHETIC
10.29,10.0,2,0,SYNTHETIC
10.29,12.0,3,0,SYNTHETIC
10.29,7.0,4,0,SYNTHETIC
10.29,6.0,5,0,SYNTHETIC
10.29,39.0,6,1,SYNTHETIC
10.29,37.0,7,1,SYNTHETIC
10.29,10.0,8,0,SYNTHETIC
10.29,6.0,9,0,SYNTHETIC
10.29,8.0,10,0,SYNTHETIC
10.29,4.0,11,0,SYNTHETIC
10.29,7.0,12,0,SYNTHETIC
10.29,7.0,13,0,SYNTHETIC
10.29,14.0,14,0,SYNTHETIC
10.29,6.0,15,0,SYNTHETIC
10.29,10.0,16,0,SYNTHETIC
10.29,7.0,17,0,SYNTHETIC
10.29,13.0,18,0,SYNTHETIC
10.29,36.0,19,1,SYNTHETIC
10.29,13.0,20,0,SYNTHETIC
10.29,10.0,21,0,SYNTHETIC
10.29,10.0,22,0,SYNTHETIC
10.29,11.0,23,0,SYNTHETIC
34.82,15.0,0,0,SYNTHETIC
34.82,32.0,1,0,SYNTHETIC
34.82,36.0,2,0,SYNTHETIC
34.82,40.0,3,0,SYNTHETIC
34.82,40.0,4,0,SYNTHETIC
34.82,41.0,5,0,SYNTHETIC
34.82,33.0,6,0,SYNTHETIC
34.82,50.0,7,0,SYNTHETIC
34.82,139.0,8,1,SYNTHETIC
34.82,24.0,9,0,SYNTHETIC
34.82,34.0,10,0,SYNTHETIC
34.82,23.0,11,0,SYNTHETIC
34.82,37.0,12,0,SYNTHETIC
34.82,19.0,13,0,SYNTHETIC
34.82,30.0,14,0,SYNTHETIC
34.82,100.0,15,1,SYNTHETIC
34.82,26.0,16,0,SYNTHETIC
34.82,96.0,17,1,SYNTHETIC
34.82,37.0,18,0,SYNTHETIC
34.82,33.0,19,0,SYNTHETIC
34.82,29.0,20,0,SYNTHETIC
34.82,37.0,21,0,SYNTHETIC
34.82,18.0,22,0,SYNTHETIC
34.82,44.0,23,0,SYNTHETIC
15.19,14.0,0,0,SYNTHETIC
15.19,21.0,1,0,SYNTHETIC
15.19,15.0,2,0,SYNTHETIC
15.19,18.0,3,0,SYNTHETIC
15.19,11.0,4,0,SYNTHETIC
15.19,14.0,5,0,SYNTHETIC
15.19,8.0,6,0,SYNTHETIC
15.19,15.0,7,0,SYNTHETIC
15.19,15.0,8,0,SYNTHETIC
15.19,12.0,9,0,SYNTHETIC
15.19,21.0,10,0,SYNTHETIC
15.19,16.0,11,0,SYNTHETIC
15.19,18.0,12,0,SYNTHETIC
15.19,56.0,13,1,SYNTHETIC
15.19,17.0,14,0,SYNTHETIC
15.19,17.0,15,0,SYNTHETIC
15.19,11.0,16,0,SYNTHETIC
15.19,18.0,17,0,SYNTHETIC
15.19,11.0,18,0,SYNTHETIC
15.19,11.0,19,0,SYNTHETIC
15.19,23.0,20,0,SYNTHETIC
15.19,12.0,21,0,SYNTHETIC
15.19,13.0,22,0,SYNTHETIC
15.19,17.0,23,0,SYNTHETIC
39.23,45.0,0,0,SYNTHETIC
39.23,59.0,1,0,SYNTHETIC
39.23,45.0,2,0,SYNTHETIC
39.23,17.0,3,0,SYNTHETIC
39.23,50.0,4,0,SYNTHETIC
39.23,38.0,5,0,SYNTHETIC
39.23,31.0,6,0,SYNTHETIC
39.23,29.0,7,0,SYNTHETIC
39.23,30.0,8,0,SYNTHETIC
39.23,39.0,9,0,SYNTHETIC
39.23,39.0,10,0,SYNTHETIC
39.23,49.0,11,0,SYNTHETIC
39.23,34.0,12,0,SYNTHETIC
39.23,42.0,13,0,SYNTHETIC
39.23,43.0,14,0,SYNTHETIC
39.23,43.0,15,0,SYNTHETIC
39.23,50.0,16,0,SYNTHETIC
39.23,43.0,17,0,SYNTHETIC
39.23,36.0,18,0,SYNTHETIC
39.23,135.0,19,1,SYNTHETIC
39.23,24.0,20,0,SYNTHETIC
39.23,22.0,21,0,SYNTHETIC
39.23,32.0,22,0,SYNTHETIC
39.23,42.0,23,0,SYNTHETIC
31.35,40.0,0,0,SYNTHETIC
31.35,25.0,1,0,SYNTHETIC
31.35,26.0,2,0,SYNTHETIC
31.35,28.0,3,0,SYNTHETIC
31.35,26.0,4,0,SYNTHETIC
31.35,48.0,5,0,SYNTHETIC
31.35,27.0,6,0,SYNTHETIC
31.35,48.0,7,0,SYNTHETIC
31.35,28.0,8,0,SYNTHETIC
31.35,37.0,9,0,SYNTHETIC
31.35,14.0,10,0,SYNTHETIC
31.35,55.0,11,0,SYNTHETIC
31.35,27.0,12,0,SYNTHETIC
31.35,33.0,13,0,SYNTHETIC
31.35,33.0,14,0,SYNTHETIC
31.35,33.0,15,0,SYNTHETIC
31.35,31.0,16,0,SYNTHETIC
31.35,34.0,17,0,SYNTHETIC
31.35,49.0,18,0,SYNTHETIC
31.35,29.0,19,0,SYNTHETIC
31.35,40.0,20,0,SYNTHETIC
31.35,32.0,21,0,SYNTHETIC
31.35,31.0,22,0,SYNTHETIC
31.35,36.0,23,0,SYNTHETIC
11.49,16.0,0,0,SYNTHETIC
11.49,13.0,1,0,SYNTHETIC
11.49,12.0,2,0,SYNTHETIC
11.49,8.0,3,0,SYNTHETIC
11.49,11.0,4,0,SYNTHETIC
11.49,8.0,5,0,SYNTHETIC
11.49,7.0,6,0,SYNTHETIC
11.49,10.0,7,0,SYNTHETIC
11.49,9.0,8,0,SYNTHETIC
11.49,16.0,9,0,SYNTHETIC
11.49,12.0,10,0,SYNTHETIC
11.49,12.0,11,0,SYNTHETIC
11.49,4.0,12,0,SYNTHETIC
11.49,12.0,13,0,SYNTHETIC
11.49,15.0,14,0,SYNTHETIC
11.49,7.0,15,0,SYNTHETIC
11.49,14.0,16,0,SYNTHETIC
11.49,9.0,17,0,SYNTHETIC
11.49,9.0,18,0,SYNTHETIC
11.49,43.0,19,1,SYNTHETIC
11.49,11.0,20,0,SYNTHETIC
11.49,11.0,21,0,SYNTHETIC
11.49,16.0,22,0,SYNTHETIC
11.49,16.0,23,0,SYNTHETIC
16.57,24.0,0,0,SYNTHETIC
16.57,15.0,1,0,SYNTHETIC
16.57,16.0,2,0,SYNTHETIC
16.57,16.0,3,0,SYNTHETIC
16.57,18.0,4,0,SYNTHETIC
16.57,14.0,5,0,SYNTHETIC
16.57,74.0,6,1,SYNTHETIC
16.57,13.0,7,0,SYNTHETIC
16.57,12.0,8,0,SYNTHETIC
16.57,16.0,9,0,SYNTHETIC
16.57,11.0,10,0,SYNTHETIC
16.57,25.0,11,0,SYNTHETIC
16.57,16.0,12,0,SYNTHETIC
16.57,64.0,13,1,SYNTHETIC
16.57,23.0,14,0,SYNTHETIC
16.57,21.0,15,0,SYNTHETIC
16.57,13.0,16,0,SYNTHETIC
16.57,14.0,17,0,SYNTHETIC
16.57,19.0,18,0,SYNTHETIC
16.57,9.0,19,0,SYNTHETIC
16.57,17.0,20,0,SYNTHETIC
16.57,15.0,21,0,SYNTHETIC
16.57,13.0,22,0,SYNTHETIC
16.57,21.0,23,0,SYNTHETIC
22.69,15.0,0,0,SYNTHETIC
22.69,26.0,1,0,SYNTHETIC
22.69,18.0,2,0,SYNTHETIC
22.69,22.0,3,0,SYNTHETIC
22.69,23.0,4,0,SYNTHETIC
22.69,21.0,5,0,SYNTHETIC
22.69,10.0,6,0,SYNTHETIC
22.69,20.0,7,0,SYNTHETIC
22.69,70.0,8,1,SYNTHETIC
22.69,24.0,9,0,SYNTHETIC
22.69,23.0,10,0,SYNTHETIC
22.69,31.0,11,0,SYNTHETIC
22.69,26.0,12,0,SYNTHETIC
22.69,18.0,13,0,SYNTHETIC
22.69,20.0,14,0,SYNTHETIC
22.69,24.0,15,0,SYNTHETIC
22.69,30.0,16,0,SYNTHETIC
22.69,26.0,17,0,SYNTHETIC
22.69,30.0,18,0,SYNTHETIC
22.69,33.0,19,0,SYNTHETIC
22.69,24.0,20,0,SYNTHETIC
22.69,17.0,21,0,SYNTHETIC
22.69,71.0,22,1,SYNTHETIC
22.69,85.0,23,1,SYNTHETIC
14.81,16.0,0,0,SYNTHETIC
14.81,21.0,1,0,SYNTHETIC
14.81,14.0,2,0,SYNTHETIC
14.81,14.0,3,0,SYNTHETIC
14.81,14.0,4,0,SYNTHETIC
14.81,21.0,5,0,SYNTHETIC
14.81,12.0,6,0,SYNTHETIC
14.81,9.0,7,0,SYNTHETIC
14.81,47.0,8,1,SYNTHETIC
14.81,17.0,9,0,SYNTHETIC
14.81,20.0,10,0,SYNTHETIC
14.81,13.0,11,0,SYNTHETIC
14.81,13.0,12,0,SYNTHETIC
14.81,24.0,13,0,SYNTHETIC
14.81,13.0,14,0,SYNTHETIC
14.81,15.0,15,0,SYNTHETIC
14.81,16.0,16,0,SYNTHETIC
14.81,12.0,17,0,SYNTHETIC
14.81,8.0,18,0,SYNTHETIC
14.81,12.0,19,0,SYNTHETIC
14.81,17.0,20,0,SYNTHETIC
14.81,12.0,21,0,SYNTHETIC
14.81,11.0,22,0,SYNTHETIC
14.81,15.0,23,0,SYNTHETIC
17.44,80.0,0,1,SYNTHETIC
17.44,13.0,1,0,SYNTHETIC
17.44,15.0,2,0,SYNTHETIC
17.44,19.0,3,0,SYNTHETIC
17.44,21.0,4,0,SYNTHETIC
17.44,13.0,5,0,SYNTHETIC
17.44,20.0,6,0,SYNTHETIC
17.44,21.0,7,0,SYNTHETIC
17.44,25.0,8,0,SYNTHETIC
17.44,16.0,9,0,SYNTHETIC
17.44,18.0,10,0,SYNTHETIC
17.44,10.0,11,0,SYNTHETIC
17.44,19.0,12,0,SYNTHETIC
17.44,11.0,13,0,SYNTHETIC
17.44,13.0,14,0,SYNTHETIC
17.44,15.0,15,0,SYNTHETIC
17.44,21.0,16,0,SYNTHETIC
17.44,19.0,17,0,SYNTHETIC
17.44,18.0,18,0,SYNTHETIC
17.44,26.0,19,0,SYNTHETIC
17.44,23.0,20,0,SYNTHETIC
17.44,16.0,21,0,SYNTHETIC
17.44,9.0,22,0,SYNTHETIC
17.44,13.0,23,0,SYNTHETIC
35.26,46.0,0,0,SYNTHETIC
35.26,37.0,1,0,SYNTHETIC
35.26,44.0,2,0,SYNTHETIC
35.26,31.0,3,0,SYNTHETIC
35.26,31.0,4,0,SYNTHETIC
35.26,45.0,5,0,SYNTHETIC
35.26,40.0,6,0,SYNTHETIC
35.26,32.0,7,0,SYNTHETIC
35.26,34.0,8,0,SYNTHETIC
35.26,88.0,9,1,SYNTHETIC
35.26,42.0,10,0,SYNTHETIC
35.26,41.0,11,0,SYNTHETIC
35.26,45.0,12,0,SYNTHETIC
35.26,33.0,13,0,SYNTHETIC
35.26,28.0,14,0,SYNTHETIC
35.26,174.0,15,1,SYNTHETIC
35.26,36.0,16,0,SYNTHETIC
35.26,38.0,17,0,SYNTHETIC
35.26,38.0,18,0,SYNTHETIC
35.26,32.0,19,0,SYNTHETIC
35.26,52.0,20,0,SYNTHETIC
35.26,39.0,21,0,SYNTHETIC
35.26,32.0,22,0,SYNTHETIC
35.26,34.0,23,0,SYNTHETIC
20.91,30.0,0,0,SYNTHETIC
20.91,17.0,1,0,SYNTHETIC
20.91,19.0,2,0,SYNTHETIC
20.91,26.0,3,0,SYNTHETIC
20.91,19.0,4,0,SYNTHETIC
20.91,20.0,5,0,SYNTHETIC
20.91,81.0,6,1,SYNTHETIC
20.91,25.0,7,0,SYNTHETIC
20.91,26.0,8,0,SYNTHETIC
20.91,24.0,9,0,SYNTHETIC
20.91,25.0,10,0,SYNTHETIC
20.91,17.0,11,0,SYNTHETIC
20.91,22.0,12,0,SYNTHETIC
20.91,26.0,13,0,SYNTHETIC
20.91,25.0,14,0,SYNTHETIC
20.91,27.0,15,0,SYNTHETIC
20.91,19.0,16,0,SYNTHETIC
20.91,15.0,17,0,SYNTHETIC
20.91,21.0,18,0,SYNTHETIC
20.91,24.0,19,0,SYNTHETIC
20.91,16.0,20,0,SYNTHETIC
20.91,28.0,21,0,SYNTHETIC
20.91,23.0,22,0,SYNTHETIC
20.91,19.0,23,0,SYNTHETIC
10.27,9.0,0,0,SYNTHETIC
10.27,10.0,1,0,SYNTHETIC
10.27,7.0,2,0,SYNTHETIC
10.27,9.0,3,0,SYNTHETIC
10.27,8.0,4,0,SYNTHETIC
10.27,9.0,5,0,SYNTHETIC
10.27,12.0,6,0,SYNTHETIC
10.27,8.0,7,0,SYNTHETIC
10.27,12.0,8,0,SYNTHETIC
10.27,10.0,9,0,SYNTHETIC
10.27,12.0,10,0,SYNTHETIC
10.27,11.0,11,0,SYNTHETIC
10.27,11.0,12,0,SYNTHETIC
10.27,14.0,13,0,SYNTHETIC
10.27,8.0,14,0,SYNTHETIC
10.27,11.0,15,0,SYNTHETIC
10.27,13.0,16,0,SYNTHETIC
10.27,11.0,17,0,SYNTHETIC
10.27,10.0,18,0,SYNTHETIC
10.27,13.0,19,0,SYNTHETIC
10.27,7.0,20,0,SYNTHETIC
10.27,9.0,21,0,SYNTHETIC
10.27,9.0,22,0,SYNTHETIC
10.27,8.0,23,0,SYNTHETIC
37.43,33.0,0,0,SYNTHETIC
37.43,39.0,1,0,SYNTHETIC
37.43,33.0,2,0,SYNTHETIC
37.43,40.0,3,0,SYNTHETIC
37.43,19.0,4,0,SYNTHETIC
37.43,37.0,5,0,SYNTHETIC
37.43,45.0,6,0,SYNTHETIC
37.43,54.0,7,0,SYNTHETIC
37.43,44.0,8,0,SYNTHETIC
37.43,29.0,9,0,SYNTHETIC
37.43,41.0,10,0,SYNTHETIC
37.43,41.0,11,0,SYNTHETIC
37.43,46.0,12,0,SYNTHETIC
37.43,51.0,13,0,SYNTHETIC
37.43,41.0,14,0,SYNTHETIC
37.43,46.0,15,0,SYNTHETIC
37.43,47.0,16,0,SYNTHETIC
37.43,51.0,17,0,SYNTHETIC
37.43,44.0,18,0,SYNTHETIC
37.43,39.0,19,0,SYNTHETIC
37.43,28.0,20,0,SYNTHETIC
37.43,44.0,21,0,SYNTHETIC
37.43,19.0,22,0,SYNTHETIC
37.43,27.0,23,0,SYNTHETIC
33.56,42.0,0,0,SYNTHETIC
33.56,41.0,1,0,SYNTHETIC
33.56,24.0,2,0,SYNTHETIC
33.56,18.0,3,0,SYNTHETIC
33.56,40.0,4,0,SYNTHETIC
33.56,27.0,5,0,SYNTHETIC
33.56,88.0,6,1,SYNTHETIC
33.56,37.0,7,0,SYNTHETIC
33.56,41.0,8,0,SYNTHETIC
33.56,23.0,9,0,SYNTHETIC
33.56,42.0,10,0,SYNTHETIC
33.56,39.0,11,0,SYNTHETIC
33.56,25.0,12,0,SYNTHETIC
33.56,50.0,13,0,SYNTHETIC
33.56,39.0,14,0,SYNTHETIC
33.56,30.0,15,0,SYNTHETIC
33.56,36.0,16,0,SYNTHETIC
33.56,25.0,17,0,SYNTHETIC
33.56,42.0,18,0,SYNTHETIC
33.56,34.0,19,0,SYNTHETIC
33.56,36.0,20,0,SYNTHETIC
33.56,45.0,21,0,SYNTHETIC
33.56,38.0,22,0,SYNTHETIC
33.56,50.0,23,0,SYNTHETIC
11.82,34.0,0,1,SYNTHETIC
11.82,13.0,1,0,SYNTHETIC
11.82,13.0,2,0,SYNTHETIC
11.82,13.0,3,0,SYNTHETIC
11.82,12.0,4,0,SYNTHETIC
11.82,8.0,5,0,SYNTHETIC
11.82,7.0,6,0,SYNTHETIC
11.82,14.0,7,0,SYNTHETIC
11.82,15.0,8,0,SYNTHETIC
11.82,7.0,9,0,SYNTHETIC
11.82,7.0,10,0,SYNTHETIC
11.82,12.0,11,0,SYNTHETIC
11.82,14.0,12,0,SYNTHETIC
11.82,15.0,13,0,SYNTHETIC
11.82,10.0,14,0,SYNTHETIC
11.82,15.0,15,0,SYNTHETIC
11.82,11.0,16,0,SYNTHETIC
11.82,11.0,17,0,SYNTHETIC
11.82,10.0,18,0,SYNTHETIC
11.82,13.0,19,0,SYNTHETIC
11.82,15.0,20,0,SYNTHETIC
11.82,16.0,21,0,SYNTHETIC
11.82,12.0,22,0,SYNTHETIC
11.82,10.0,23,0,SYNTHETIC
12.26,15.0,0,0,SYNTHETIC
12.26,16.0,1,0,SYNTHETIC
12.26,11.0,2,0,SYNTHETIC
12.26,13.0,3,0,SYNTHETIC
12.26,18.0,4,0,SYNTHETIC
12.26,12.0,5,0,SYNTHETIC
12.26,13.0,6,0,SYNTHETIC
12.26,7.0,7,0,SYNTHETIC
12.26,10.0,8,0,SYNTHETIC
12.26,10.0,9,0,SYNTHETIC
12.26,16.0,10,0,SYNTHETIC
12.26,12.0,11,0,SYNTHETIC
12.26,11.0,12,0,SYNTHETIC
12.26,15.0,13,0,SYNTHETIC
12.26,9.0,14,0,SYNTHETIC
12.26,15.0,15,0,SYNTHETIC
12.26,18.0,16,0,SYNTHETIC
12.26,17.0,17,0,SYNTHETIC
12.26,11.0,18,0,SYNTHETIC
12.26,14.0,19,0,SYNTHETIC
12.26,7.0,20,0,SYNTHETIC
12.26,60.0,21,1,SYNTHETIC
12.26,14.0,22,0,SYNTHETIC
12.26,17.0,23,0,SYNTHETIC
24.94,13.0,0,0,SYNTHETIC
24.94,40.0,1,0,SYNTHETIC
24.94,26.0,2,0,SYNTHETIC
24.94,27.0,3,0,SYNTHETIC
24.94,17.0,4,0,SYNTHETIC
24.94,22.0,5,0,SYNTHETIC
24.94,20.0,6,0,SYNTHETIC
24.94,19.0,7,0,SYNTHETIC
24.94,119.0,8,1,SYNTHETIC
24.94,22.0,9,0,SYNTHETIC
24.94,15.0,10,0,SYNTHETIC
24.94,22.0,11,0,SYNTHETIC
24.94,27.0,12,0,SYNTHETIC
24.94,21.0,13,0,SYNTHETIC
24.94,29.0,14,0,SYNTHETIC
24.94,17.0,15,0,SYNTHETIC
24.94,32.0,16,0,SYNTHETIC
24.94,37.0,17,0,SYNTHETIC
24.94,18.0,18,0,SYNTHETIC
24.94,18.0,19,0,SYNTHETIC
24.94,106.0,20,1,SYNTHETIC
24.94,77.0,21,1,SYNTHETIC
24.94,28.0,22,0,SYNTHETIC
24.94,28.0,23,0,SYNTHETIC
21.76,28.0,0,0,SYNTHETIC
21.76,32.0,1,0,SYNTHETIC
21.76,19.0,2,0,SYNTHETIC
21.76,25.0,3,0,SYNTHETIC
21.76,61.0,4,1,SYNTHETIC
21.76,27.0,5,0,SYNTHETIC
21.76,23.0,6,0,SYNTHETIC
21.76,25.0,7,0,SYNTHETIC
21.76,23.0,8,0,SYNTHETIC
21.76,16.0,9,0,SYNTHETIC
21.76,19.0,10,0,SYNTHETIC
21.76,17.0,11,0,SYNTHETIC
21.76,18.0,12,0,SYNTHETIC
21.76,26.0,13,0,SYNTHETIC
21.76,14.0,14,0,SYNTHETIC
21.76,18.0,15,0,SYNTHETIC
21.76,19.0,16,0,SYNTHETIC
21.76,19.0,17,0,SYNTHETIC
21.76,10.0,18,0,SYNTHETIC
21.76,20.0,19,0,SYNTHETIC
21.76,25.0,20,0,SYNTHETIC
21.76,21.0,21,0,SYNTHETIC
21.76,27.0,22,0,SYNTHETIC
21.76,24.0,23,0,SYNTHETIC
36.83,36.0,0,0,SYNTHETIC
36.83,21.0,1,0,SYNTHETIC
36.83,29.0,2,0,SYNTHETIC
36.83,34.0,3,0,SYNTHETIC
36.83,45.0,4,0,SYNTHETIC
36.83,29.0,5,0,SYNTHETIC
36.83,61.0,6,0,SYNTHETIC
36.83,40.0,7,0,SYNTHETIC
36.83,25.0,8,0,SYNTHETIC
36.83,46.0,9,0,SYNTHETIC
36.83,26.0,10,0,SYNTHETIC
36.83,45.0,11,0,SYNTHETIC
36.83,41.0,12,0,SYNTHETIC
36.83,33.0,13,0,SYNTHETIC
36.83,57.0,14,0,SYNTHETIC
36.83,31.0,15,0,SYNTHETIC
36.83,45.0,16,0,SYNTHETIC
36.83,34.0,17,0,SYNTHETIC
36.83,34.0,18,0,SYNTHETIC
36.83,31.0,19,0,SYNTHETIC
36.83,137.0,20,1,SYNTHETIC
36.83,38.0,21,0,SYNTHETIC
36.83,41.0,22,0,SYNTHETIC
36.83,27.0,23,0,SYNTHETIC
39.03,115.0,0,1,SYNTHETIC
39.03,40.0,1,0,SYNTHETIC
39.03,48.0,2,0,SYNTHETIC
39.03,37.0,3,0,SYNTHETIC
39.03,119.0,4,1,SYNTHETIC
39.03,34.0,5,0,SYNTHETIC
39.03,36.0,6,0,SYNTHETIC
39.03,50.0,7,0,SYNTHETIC
39.03,47.0,8,0,SYNTHETIC
39.03,21.0,9,0,SYNTHETIC
39.03,42.0,10,0,SYNTHETIC
39.03,28.0,11,0,SYNTHETIC
39.03,18.0,12,0,SYNTHETIC
39.03,41.0,13,0,SYNTHETIC
39.03,50.0,14,0,SYNTHETIC
39.03,50.0,15,0,SYNTHETIC
39.03,38.0,16,0,SYNTHETIC
39.03,51.0,17,0,SYNTHETIC
39.03,43.0,18,0,SYNTHETIC
39.03,41.0,19,0,SYNTHETIC
39.03,54.0,20,0,SYNTHETIC
39.03,46.0,21,0,SYNTHETIC
39.03,40.0,22,0,SYNTHETIC
39.03,41.0,23,0,SYNTHETIC
26.59,35.0,0,0,SYNTHETIC
26.59,30.0,1,0,SYNTHETIC
26.59,24.0,2,0,SYNTHETIC
26.59,26.0,3,0,SYNTHETIC
26.59,21.0,4,0,SYNTHETIC
26.59,16.0,5,0,SYNTHETIC
26.59,24.0,6,0,SYNTHETIC
26.59,28.0,7,0,SYNTHETIC
26.59,30.0,8,0,SYNTHETIC
26.59,25.0,9,0,SYNTHETIC
26.59,26.0,10,0,SYNTHETIC
26.59,20.0,11,0,SYNTHETIC
26.59,24.0,12,0,SYNTHETIC
26.59,35.0,13,0,SYNTHETIC
26.59,17.0,14,0,SYNTHETIC
26.59,29.0,15,0,SYNTHETIC
26.59,8.0,16,0,SYNTHETIC
26.59,29.0,17,0,SYNTHETIC
26.59,25.0,18,0,SYNTHETIC
26.59,25.0,19,0,SYNTHETIC
26.59,25.0,20,0,SYNTHETIC
26.59,30.0,21,0,SYNTHETIC
26.59,28.0,22,0,SYNTHETIC
26.59,23.0,23,0,SYNTHETIC
17.38,8.0,0,0,SYNTHETIC
17.38,18.0,1,0,SYNTHETIC
17.38,21.0,2,0,SYNTHETIC
17.38,20.0,3,0,SYNTHETIC
17.38,20.0,4,0,SYNTHETIC
17.38,21.0,5,0,SYNTHETIC
17.38,17.0,6,0,SYNTHETIC
17.38,17.0,7,0,SYNTHETIC
17.38,16.0,8,0,SYNTHETIC
17.38,16.0,9,0,SYNTHETIC
17.38,12.0,10,0,SYNTHETIC
17.38,16.0,11,0,SYNTHETIC
17.38,13.0,12,0,SYNTHETIC
17.38,18.0,13,0,SYNTHETIC
17.38,15.0,14,0,SYNTHETIC
17.38,22.0,15,0,SYNTHETIC
17.38,17.0,16,0,SYNTHETIC
17.38,18.0,17,0,SYNTHETIC
17.38,13.0,18,0,SYNTHETIC
17.38,12.0,19,0,SYNTHETIC
17.38,21.0,20,0,SYNTHETIC
17.38,18.0,21,0,SYNTHETIC
17.38,19.0,22,0,SYNTHETIC
17.38,24.0,23,0,SYNTHETIC
12.06,10.0,0,0,SYNTHETIC
12.06,16.0,1,0,SYNTHETIC
12.06,11.0,2,0,SYNTHETIC
12.06,11.0,3,0,SYNTHETIC
12.06,14.0,4,0,SYNTHETIC
12.06,19.0,5,0,SYNTHETIC
12.06,15.0,6,0,SYNTHETIC
12.06,13.0,7,0,SYNTHETIC
12.06,16.0,8,0,SYNTHETIC
12.06,8.0,9,0,SYNTHETIC
12.06,7.0,10,0,SYNTHETIC
12.06,13.0,11,0,SYNTHETIC
12.06,16.0,12,0,SYNTHETIC
12.06,14.0,13,0,SYNTHETIC
12.06,11.0,14,0,SYNTHETIC
12.06,10.0,15,0,SYNTHETIC
12.06,52.0,16,1,SYNTHETIC
12.06,12.0,17,0,SYNTHETIC
12.06,13.0,18,0,SYNTHETIC
12.06,11.0,19,0,SYNTHETIC
12.06,13.0,20,0,SYNTHETIC
12.06,51.0,21,1,SYNTHETIC
12.06,15.0,22,0,SYNTHETIC
12.06,11.0,23,0,SYNTHETIC
35.79,42.0,0,0,SYNTHETIC
35.79,25.0,1,0,SYNTHETIC
35.79,24.0,2,0,SYNTHETIC
35.79,45.0,3,0,SYNTHETIC
35.79,45.0,4,0,SYNTHETIC
35.79,104.0,5,1,SYNTHETIC
35.79,30.0,6,0,SYNTHETIC
35.79,44.0,7,0,SYNTHETIC
35.79,28.0,8,0,SYNTHETIC
35.79,25.0,9,0,SYNTHETIC
35.79,32.0,10,0,SYNTHETIC
35.79,37.0,11,0,SYNTHETIC
35.79,175.0,12,1,SYNTHETIC
35.79,34.0,13,0,SYNTHETIC
35.79,37.0,14,0,SYNTHETIC
35.79,39.0,15,0,SYNTHETIC
35.79,32.0,16,0,SYNTHETIC
35.79,25.0,17,0,SYNTHETIC
35.79,37.0,18,0,SYNTHETIC
35.79,43.0,19,0,SYNTHETIC
35.79,51.0,20,0,SYNTHETIC
35.79,44.0,21,0,SYNTHETIC
35.79,37.0,22,0,SYNTHETIC
35.79,50.0,23,0,SYNTHETIC
15.5,16.0,0,0,SYNTHETIC
15.5,15.0,1,0,SYNTHETIC
15.5,20.0,2,0,SYNTHETIC
15.5,16.0,3,0,SYNTHETIC
15.5,13.0,4,0,SYNTHETIC
15.5,23.0,5,0,SYNTHETIC
15.5,19.0,6,0,SYNTHETIC
15.5,15.0,7,0,SYNTHETIC
15.5,9.0,8,0,SYNTHETIC
15.5,18.0,9,0,SYNTHETIC
15.5,15.0,10,0,SYNTHETIC
15.5,17.0,11,0,SYNTHETIC
15.5,13.0,12,0,SYNTHETIC
15.5,10.0,13,0,SYNTHETIC
15.5,12.0,14,0,SYNTHETIC
15.5,11.0,15,0,SYNTHETIC
15.5,17.0,16,0,SYNTHETIC
15.5,12.0,17,0,SYNTHETIC
15.5,17.0,18,0,SYNTHETIC
15.5,18.0,19,0,SYNTHETIC
15.5,46.0,20,1,SYNTHETIC
15.5,7.0,21,0,SYNTHETIC
15.5,16.0,22,0,SYNTHETIC
15.5,18.0,23,0,SYNTHETIC
28.9,37.0,0,0,SYNTHETIC
28.9,39.0,1,0,SYNTHETIC
28.9,28.0,2,0,SYNTHETIC
28.9,33.0,3,0,SYNTHETIC
28.9,24.0,4,0,SYNTHETIC
28.9,24.0,5,0,SYNTHETIC
28.9,24.0,6,0,SYNTHETIC
28.9,23.0,7,0,SYNTHETIC
28.9,34.0,8,0,SYNTHETIC
28.9,74.0,9,1,SYNTHETIC
28.9,32.0,10,0,SYNTHETIC
28.9,28.0,11,0,SYNTHETIC
28.9,84.0,12,1,SYNTHETIC
28.9,32.0,13,0,SYNTHETIC
28.9,39.0,14,0,SYNTHETIC
28.9,38.0,15,0,SYNTHETIC
28.9,30.0,16,0,SYNTHETIC
28.9,132.0,17,1,SYNTHETIC
28.9,33.0,18,0,SYNTHETIC
28.9,21.0,19,0,SYNTHETIC
28.9,26.0,20,0,SYNTHETIC
28.9,25.0,21,0,SYNTHETIC
28.9,23.0,22,0,SYNTHETIC
28.9,38.0,23,0,SYNTHETIC
29.41,30.0,0,0,SYNTHETIC
29.41,37.0,1,0,SYNTHETIC
29.41,37.0,2,0,SYNTHETIC
29.41,35.0,3,0,SYNTHETIC
29.41,30.0,4,0,SYNTHETIC
29.41,25.0,5,0,SYNTHETIC
29.41,35.0,6,0,SYNTHETIC
29.41,24.0,7,0,SYNTHETIC
29.41,40.0,8,0,SYNTHETIC
29.41,45.0,9,0,SYNTHETIC
29.41,19.0,10,0,SYNTHETIC
29.41,29.0,11,0,SYNTHETIC
29.41,24.0,12,0,SYNTHETIC
29.41,47.0,13,0,SYNTHETIC
29.41,38.0,14,0,SYNTHETIC
29.41,24.0,15,0,SYNTHETIC
29.41,42.0,16,0,SYNTHETIC
29.41,25.0,17,0,SYNTHETIC
29.41,17.0,18,0,SYNTHETIC
29.41,36.0,19,0,SYNTHETIC
29.41,30.0,20,0,SYNTHETIC
29.41,45.0,21,0,SYNTHETIC
29.41,22.0,22,0,SYNTHETIC
29.41,24.0,23,0,SYNTHETIC
22.66,17.0,0,0,SYNTHETIC
22.66,18.0,1,0,SYNTHETIC
22.66,17.0,2,0,SYNTHETIC
22.66,29.0,3,0,SYNTHETIC
22.66,25.0,4,0,SYNTHETIC
22.66,24.0,5,0,SYNTHETIC
22.66,19.0,6,0,SYNTHETIC
22.66,15.0,7,0,SYNTHETIC
22.66,29.0,8,0,SYNTHETIC
22.66,23.0,9,0,SYNTHETIC
22.66,18.0,10,0,SYNTHETIC
22.66,26.0,11,0,SYNTHETIC
22.66,19.0,12,0,SYNTHETIC
22.66,20.0,13,0,SYNTHETIC
22.66,26.0,14,0,SYNTHETIC
22.66,22.0,15,0,SYNTHETIC
22.66,24.0,16,0,SYNTHETIC
22.66,28.0,17,0,SYNTHETIC
22.66,91.0,18,1,SYNTHETIC
22.66,29.0,19,0,SYNTHETIC
22.66,15.0,20,0,SYNTHETIC
22.66,20.0,21,0,SYNTHETIC
22.66,29.0,22,0,SYNTHETIC
22.66,13.0,23,0,SYNTHETIC
10.08,10.0,0,0,SYNTHETIC
10.08,14.0,1,0,SYNTHETIC
10.08,10.0,2,0,SYNTHETIC
10.08,8.0,3,0,SYNTHETIC
10.08,14.0,4,0,SYNTHETIC
10.08,18.0,5,0,SYNTHETIC
10.08,4.0,6,0,SYNTHETIC
10.08,11.0,7,0,SYNTHETIC
10.08,11.0,8,0,SYNTHETIC
10.08,8.0,9,0,SYNTHETIC
10.08,10.0,10,0,SYNTHETIC
10.08,6.0,11,0,SYNTHETIC
10.08,13.0,12,0,SYNTHETIC
10.08,9.0,13,0,SYNTHETIC
10.08,16.0,14,0,SYNTHETIC
10.08,9.0,15,0,SYNTHETIC
10.08,12.0,16,0,SYNTHETIC
10.08,40.0,17,1,SYNTHETIC
10.08,8.0,18,0,SYNTHETIC
10.08,13.0,19,0,SYNTHETIC
10.08,15.0,20,0,SYNTHETIC
10.08,14.0,21,0,SYNTHETIC
10.08,8.0,22,0,SYNTHETIC
10.08,12.0,23,0,SYNTHETIC
28.6,26.0,0,0,SYNTHETIC
28.6,23.0,1,0,SYNTHETIC
28.6,34.0,2,0,SYNTHETIC
28.6,20.0,3,0,SYNTHETIC
28.6,25.0,4,0,SYNTHETIC
28.6,27.0,5,0,SYNTHETIC
28.6,30.0,6,0,SYNTHETIC
28.6,23.0,7,0,SYNTHETIC
28.6,24.0,8,0,SYNTHETIC
28.6,30.0,9,0,SYNTHETIC
28.6,28.0,10,0,SYNTHETIC
28.6,29.0,11,0,SYNTHETIC
28.6,33.0,12,0,SYNTHETIC
28.6,34.0,13,0,SYNTHETIC
28.6,16.0,14,0,SYNTHETIC
28.6,27.0,15,0,SYNTHETIC
28.6,26.0,16,0,SYNTHETIC
28.6,39.0,17,0,SYNTHETIC
28.6,36.0,18,0,SYNTHETIC
28.6,35.0,19,0,SYNTHETIC
28.6,27.0,20,0,SYNTHETIC
28.6,113.0,21,1,SYNTHETIC
28.6,41.0,22,0,SYNTHETIC
28.6,35.0,23,0,SYNTHETIC
39.87,34.0,0,0,SYNTHETIC
39.87,36.0,1,0,SYNTHETIC
39.87,37.0,2,0,SYNTHETIC
39.87,30.0,3,0,SYNTHETIC
39.87,143.0,4,1,SYNTHETIC
39.87,46.0,5,0,SYNTHETIC
39.87,44.0,6,0,SYNTHETIC
39.87,34.0,7,0,SYNTHETIC
39.87,37.0,8,0,SYNTHETIC
39.87,37.0,9,0,SYNTHETIC
39.87,23.0,10,0,SYNTHETIC
39.87,39.0,11,0,SYNTHETIC
39.87,33.0,12,0,SYNTHETIC
39.87,50.0,13,0,SYNTHETIC
39.87,37.0,14,0,SYNTHETIC
39.87,32.0,15,0,SYNTHETIC
39.87,36.0,16,0,SYNTHETIC
39.87,41.0,17,0,SYNTHETIC
39.87,41.0,18,0,SYNTHETIC
39.87,21.0,19,0,SYNTHETIC
39.87,60.0,20,0,SYNTHETIC
39.87,44.0,21,0,SYNTHETIC
39.87,47.0,22,0,SYNTHETIC
39.87,49.0,23,0,SYNTHETIC
10.49,8.0,0,0,SYNTHETIC
10.49,12.0,1,0,SYNTHETIC
10.49,11.0,2,0,SYNTHETIC
10.49,9.0,3,0,SYNTHETIC
10.49,9.0,4,0,SYNTHETIC
10.49,38.0,5,1,SYNTHETIC
10.49,9.0,6,0,SYNTHETIC
10.49,11.0,7,0,SYNTHETIC
10.49,8.0,8,0,SYNTHETIC
10.49,7.0,9,0,SYNTHETIC
10.49,12.0,10,0,SYNTHETIC
10.49,14.0,11,0,SYNTHETIC
10.49,12.0,12,0,SYNTHETIC
10.49,10.0,13,0,SYNTHETIC
10.49,13.0,14,0,SYNTHETIC
10.49,10.0,15,0,SYNTHETIC
10.49,12.0,16,0,SYNTHETIC
10.49,11.0,17,0,SYNTHETIC
10.49,6.0,18,0,SYNTHETIC
10.49,13.0,19,0,SYNTHETIC
10.49,8.0,20,0,SYNTHETIC
10.49,12.0,21,0,SYNTHETIC
10.49,13.0,22,0,SYNTHETIC
10.49,10.0,23,0,SYNTHETIC
20.14,27.0,0,0,SYNTHETIC
20.14,17.0,1,0,SYNTHETIC
20.14,16.0,2,0,SYNTHETIC
20.14,28.0,3,0,SYNTHETIC
20.14,19.0,4,0,SYNTHETIC
20.14,17.0,5,0,SYNTHETIC
20.14,16.0,6,0,SYNTHETIC
20.14,27.0,7,0,SYNTHETIC
20.14,23.0,8,0,SYNTHETIC
20.14,22.0,9,0,SYNTHETIC
20.14,21.0,10,0,SYNTHETIC
20.14,24.0,11,0,SYNTHETIC
20.14,8.0,12,0,SYNTHETIC
20.14,21.0,13,0,SYNTHETIC
20.14,25.0,14,0,SYNTHETIC
20.14,14.0,15,0,SYNTHETIC
20.14,25.0,16,0,SYNTHETIC
20.14,14.0,17,0,SYNTHETIC
20.14,27.0,18,0,SYNTHETIC
20.14,20.0,19,0,SYNTHETIC
20.14,24.0,20,0,SYNTHETIC
20.14,21.0,21,0,SYNTHETIC
20.14,22.0,22,0,SYNTHETIC
20.14,24.0,23,0,SYNTHETIC
27.17,9.0,0,0,SYNTHETIC
27.17,38.0,1,0,SYNTHETIC
27.17,28.0,2,0,SYNTHETIC
27.17,29.0,3,0,SYNTHETIC
27.17,17.0,4,0,SYNTHETIC
27.17,29.0,5,0,SYNTHETIC
27.17,24.0,6,0,SYNTHETIC
27.17,22.0,7,0,SYNTHETIC
27.17,32.0,8,0,SYNTHETIC
27.17,26.0,9,0,SYNTHETIC
27.17,32.0,10,0,SYNTHETIC
27.17,28.0,11,0,SYNTHETIC
27.17,21.0,12,0,SYNTHETIC
27.17,28.0,13,0,SYNTHETIC
27.17,26.0,14,0,SYNTHETIC
27.17,23.0,15,0,SYNTHETIC
27.17,117.0,16,1,SYNTHETIC
27.17,21.0,17,0,SYNTHETIC
27.17,8.0,18,0,SYNTHETIC
27.17,130.0,19,1,SYNTHETIC
27.17,13.0,20,0,SYNTHETIC
27.17,26.0,21,0,SYNTHETIC
27.17,16.0,22,0,SYNTHETIC
27.17,28.0,23,0,SYNTHETIC
10.82,15.0,0,0,SYNTHETIC
10.82,13.0,1,0,SYNTHETIC
10.82,9.0,2,0,SYNTHETIC
10.82,11.0,3,0,SYNTHETIC
10.82,11.0,4,0,SYNTHETIC
10.82,11.0,5,0,SYNTHETIC
10.82,9.0,6,0,SYNTHETIC
10.82,9.0,7,0,SYNTHETIC
10.82,8.0,8,0,SYNTHETIC
10.82,17.0,9,0,SYNTHETIC
10.82,10.0,10,0,SYNTHETIC
10.82,14.0,11,0,SYNTHETIC
10.82,13.0,12,0,SYNTHETIC
10.82,31.0,13,1,SYNTHETIC
10.82,15.0,14,0,SYNTHETIC
10.82,31.0,15,1,SYNTHETIC
10.82,13.0,16,0,SYNTHETIC
10.82,13.0,17,0,SYNTHETIC
10.82,10.0,18,0,SYNTHETIC
10.82,13.0,19,0,SYNTHETIC
10.82,11.0,20,0,SYNTHETIC
10.82,7.0,21,0,SYNTHETIC
10.82,12.0,22,0,SYNTHETIC
10.82,12.0,23,0,SYNTHETIC
34.17,43.0,0,0,SYNTHETIC
34.17,34.0,1,0,SYNTHETIC
34.17,23.0,2,0,SYNTHETIC
34.17,37.0,3,0,SYNTHETIC
34.17,39.0,4,0,SYNTHETIC
34.17,32.0,5,0,SYNTHETIC
34.17,36.0,6,0,SYNTHETIC
34.17,48.0,7,0,SYNTHETIC
34.17,61.0,8,0,SYNTHETIC
34.17,28.0,9,0,SYNTHETIC
34.17,35.0,10,0,SYNTHETIC
34.17,47.0,11,0,SYNTHETIC
34.17,24.0,12,0,SYNTHETIC
34.17,56.0,13,0,SYNTHETIC
34.17,44.0,14,0,SYNTHETIC
34.17,37.0,15,0,SYNTHETIC
34.17,28.0,16,0,SYNTHETIC
34.17,24.0,17,0,SYNTHETIC
34.17,26.0,18,0,SYNTHETIC
34.17,20.0,19,0,SYNTHETIC
34.17,29.0,20,0,SYNTHETIC
34.17,18.0,21,0,SYNTHETIC
34.17,26.0,22,0,SYNTHETIC
34.17,29.0,23,0,SYNTHETIC
28.56,41.0,0,0,SYNTHETIC
28.56,39.0,1,0,SYNTHETIC
28.56,39.0,2,0,SYNTHETIC
28.56,41.0,3,0,SYNTHETIC
28.56,30.0,4,0,SYNTHETIC
28.56,33.0,5,0,SYNTHETIC
28.56,25.0,6,0,SYNTHETIC
28.56,38.0,7,0,SYNTHETIC
28.56,19.0,8,0,SYNTHETIC
28.56,22.0,9,0,SYNTHETIC
28.56,32.0,10,0,SYNTHETIC
28.56,25.0,11,0,SYNTHETIC
28.56,39.0,12,0,SYNTHETIC
28.56,50.0,13,0,SYNTHETIC
28.56,23.0,14,0,SYNTHETIC
28.56,33.0,15,0,SYNTHETIC
28.56,31.0,16,0,SYNTHETIC
28.56,32.0,17,0,SYNTHETIC
28.56,32.0,18,0,SYNTHETIC
28.56,28.0,19,0,SYNTHETIC
28.56,25.0,20,0,SYNTHETIC
28.56,19.0,21,0,SYNTHETIC
28.56,15.0,22,0,SYNTHETIC
28.56,41.0,23,0,SYNTHETIC
34.26,40.0,0,0,SYNTHETIC
34.26,27.0,1,0,SYNTHETIC
34.26,32.0,2,0,SYNTHETIC
34.26,37.0,3,0,SYNTHETIC
34.26,28.0,4,0,SYNTHETIC
34.26,30.0,5,0,SYNTHETIC
34.26,11.0,6,0,SYNTHETIC
34.26,39.0,7,0,SYNTHETIC
34.26,29.0,8,0,SYNTHETIC
34.26,40.0,9,0,SYNTHETIC
34.26,35.0,10,0,SYNTHETIC
34.26,30.0,11,0,SYNTHETIC
34.26,34.0,12,0,SYNTHETIC
34.26,36.0,13,0,SYNTHETIC
34.26,35.0,14,0,SYNTHETIC
34.26,32.0,15,0,SYNTHETIC
34.26,42.0,16,0,SYNTHETIC
34.26,32.0,17,0,SYNTHETIC
34.26,149.0,18,1,SYNTHETIC
34.26,42.0,19,0,SYNTHETIC
34.26,39.0,20,0,SYNTHETIC
34.26,40.0,21,0,SYNTHETIC
34.26,37.0,22,0,SYNTHETIC
34.26,40.0,23,0,SYNTHETIC
10.85,13.0,0,0,SYNTHETIC
10.85,11.0,1,0,SYNTHETIC
10.85,9.0,2,0,SYNTHETIC
10.85,12.0,3,0,SYNTHETIC
10.85,13.0,4,0,SYNTHETIC
10.85,11.0,5,0,SYNTHETIC
10.85,14.0,6,0,SYNTHETIC
10.85,12.0,7,0,SYNTHETIC
10.85,14.0,8,0,SYNTHETIC
10.85,7.0,9,0,SYNTHETIC
10.85,12.0,10,0,SYNTHETIC
10.85,10.0,11,0,SYNTHETIC
10.85,11.0,12,0,SYNTHETIC
10.85,11.0,13,0,SYNTHETIC
10.85,11.0,14,0,SYNTHETIC
10.85,8.0,15,0,SYNTHETIC
10.85,15.0,16,0,SYNTHETIC
10.85,31.0,17,1,SYNTHETIC
10.85,15.0,18,0,SYNTHETIC
10.85,12.0,19,0,SYNTHETIC
10.85,12.0,20,0,SYNTHETIC
10.85,10.0,21,0,SYNTHETIC
10.85,14.0,22,0,SYNTHETIC
10.85,16.0,23,0,SYNTHETIC
35.31,33.0,0,0,SYNTHETIC
35.31,19.0,1,0,SYNTHETIC
35.31,164.0,2,1,SYNTHETIC
35.31,29.0,3,0,SYNTHETIC
35.31,34.0,4,0,SYNTHETIC
35.31,27.0,5,0,SYNTHETIC
35.31,51.0,6,0,SYNTHETIC
35.31,41.0,7,0,SYNTHETIC
35.31,20.0,8,0,SYNTHETIC
35.31,53.0,9,0,SYNTHETIC
35.31,35.0,10,0,SYNTHETIC
35.31,38.0,11,0,SYNTHETIC
35.31,41.0,12,0,SYNTHETIC
35.31,57.0,13,0,SYNTHETIC
35.31,32.0,14,0,SYNTHETIC
35.31,54.0,15,0,SYNTHETIC
35.31,44.0,16,0,SYNTHETIC
35.31,38.0,17,0,SYNTHETIC
35.31,38.0,18,0,SYNTHETIC
35.31,134.0,19,1,SYNTHETIC
35.31,45.0,20,0,SYNTHETIC
35.31,42.0,21,0,SYNTHETIC
35.31,41.0,22,0,SYNTHETIC
35.31,27.0,23,0,SYNTHETIC
28.1,29.0,0,0,SYNTHETIC
28.1,27.0,1,0,SYNTHETIC
28.1,33.0,2,0,SYNTHETIC
28.1,24.0,3,0,SYNTHETIC
28.1,33.0,4,0,SYNTHETIC
28.1,31.0,5,0,SYNTHETIC
28.1,27.0,6,0,SYNTHETIC
28.1,30.0,7,0,SYNTHETIC
28.1,84.0,8,1,SYNTHETIC
28.1,27.0,9,0,SYNTHETIC
28.1,28.0,10,0,SYNTHETIC
28.1,29.0,11,0,SYNTHETIC
28.1,21.0,12,0,SYNTHETIC
28.1,27.0,13,0,SYNTHETIC
28.1,15.0,14,0,SYNTHETIC
28.1,36.0,15,0,SYNTHETIC
28.1,24.0,16,0,SYNTHETIC
28.1,9.0,17,0,SYNTHETIC
28.1,27.0,18,0,SYNTHETIC
28.1,25.0,19,0,SYNTHETIC
28.1,32.0,20,0,SYNTHETIC
28.1,23.0,21,0,SYNTHETIC
28.1,31.0,22,0,SYNTHETIC
28.1,28.0,23,0,SYNTHETIC
13.8,13.0,0,0,SYNTHETIC
13.8,14.0,1,0,SYNTHETIC
13.8,12.0,2,0,SYNTHETIC
13.8,19.0,3,0,SYNTHETIC
13.8,25.0,4,0,SYNTHETIC
13.8,20.0,5,0,SYNTHETIC
13.8,8.0,6,0,SYNTHETIC
13.8,17.0,7,0,SYNTHETIC
13.8,13.0,8,0,SYNTHETIC
13.8,9.0,9,0,SYNTHETIC
13.8,17.0,10,0,SYNTHETIC
13.8,15.0,11,0,SYNTHETIC
13.8,8.0,12,0,SYNTHETIC
13.8,18.0,13,0,SYNTHETIC
13.8,12.0,14,0,SYNTHETIC
13.8,12.0,15,0,SYNTHETIC
13.8,18.0,16,0,SYNTHETIC
13.8,14.0,17,0,SYNTHETIC
13.8,10.0,18,0,SYNTHETIC
13.8,12.0,19,0,SYNTHETIC
13.8,11.0,20,0,SYNTHETIC
13.8,15.0,21,0,SYNTHETIC
13.8,14.0,22,0,SYNTHETIC
13.8,14.0,23,0,SYNTHETIC
31.48,29.0,0,0,SYNTHETIC
31.48,44.0,1,0,SYNTHETIC
31.48,37.0,2,0,SYNTHETIC
31.48,28.0,3,0,SYNTHETIC
31.48,13.0,4,0,SYNTHETIC
31.48,80.0,5,1,SYNTHETIC
31.48,46.0,6,0,SYNTHETIC
31.48,32.0,7,0,SYNTHETIC
31.48,46.0,8,0,SYNTHETIC
31.48,29.0,9,0,SYNTHETIC
31.48,43.0,10,0,SYNTHETIC
31.48,27.0,11,0,SYNTHETIC
31.48,122.0,12,1,SYNTHETIC
31.48,21.0,13,0,SYNTHETIC
31.48,37.0,14,0,SYNTHETIC
31.48,35.0,15,0,SYNTHETIC
31.48,25.0,16,0,SYNTHETIC
31.48,22.0,17,0,SYNTHETIC
31.48,32.0,18,0,SYNTHETIC
31.48,38.0,19,0,SYNTHETIC
31.48,38.0,20,0,SYNTHETIC
31.48,35.0,21,0,SYNTHETIC
31.48,35.0,22,0,SYNTHETIC
31.48,25.0,23,0,SYNTHETIC
36.49,36.0,0,0,SYNTHETIC
36.49,21.0,1,0,SYNTHETIC
36.49,28.0,2,0,SYNTHETIC
36.49,17.0,3,0,SYNTHETIC
36.49,36.0,4,0,SYNTHETIC
36.49,26.0,5,0,SYNTHETIC
36.49,40.0,6,0,SYNTHETIC
36.49,26.0,7,0,SYNTHETIC
36.49,30.0,8,0,SYNTHETIC
36.49,34.0,9,0,SYNTHETIC
36.49,49.0,10,0,SYNTHETIC
36.49,55.0,11,0,SYNTHETIC
36.49,39.0,12,0,SYNTHETIC
36.49,27.0,13,0,SYNTHETIC
36.49,34.0,14,0,SYNTHETIC
36.49,34.0,15,0,SYNTHETIC
36.49,39.0,16,0,SYNTHETIC
36.49,37.0,17,0,SYNTHETIC
36.49,30.0,18,0,SYNTHETIC
36.49,52.0,19,0,SYNTHETIC
36.49,39.0,20,0,SYNTHETIC
36.49,34.0,21,0,SYNTHETIC
36.49,46.0,22,0,SYNTHETIC
36.49,48.0,23,0,SYNTHETIC
21.63,17.0,0,0,SYNTHETIC
21.63,26.0,1,0,SYNTHETIC
21.63,19.0,2,0,SYNTHETIC
21.63,12.0,3,0,SYNTHETIC
21.63,21.0,4,0,SYNTHETIC
21.63,16.0,5,0,SYNTHETIC
21.63,18.0,6,0,SYNTHETIC
21.63,24.0,7,0,SYNTHETIC
21.63,29.0,8,0,SYNTHETIC
21.63,27.0,9,0,SYNTHETIC
21.63,23.0,10,0,SYNTHETIC
21.63,19.0,11,0,SYNTHETIC
21.63,22.0,12,0,SYNTHETIC
21.63,31.0,13,0,SYNTHETIC
21.63,36.0,14,0,SYNTHETIC
21.63,25.0,15,0,SYNTHETIC
21.63,22.0,16,0,SYNTHETIC
21.63,75.0,17,1,SYNTHETIC
21.63,20.0,18,0,SYNTHETIC
21.63,21.0,19,0,SYNTHETIC
21.63,21.0,20,0,SYNTHETIC
21.63,12.0,21,0,SYNTHETIC
21.63,19.0,22,0,SYNTHETIC
21.63,21.0,23,0,SYNTHETIC
28.29,42.0,0,0,SYNTHETIC
28.29,30.0,1,0,SYNTHETIC
28.29,37.0,2,0,SYNTHETIC
28.29,17.0,3,0,SYNTHETIC
28.29,36.0,4,0,SYNTHETIC
28.29,36.0,5,0,SYNTHETIC
28.29,30.0,6,0,SYNTHETIC
28.29,41.0,7,0,SYNTHETIC
28.29,30.0,8,0,SYNTHETIC
28.29,38.0,9,0,SYNTHETIC
28.29,25.0,10,0,SYNTHETIC
28.29,16.0,11,0,SYNTHETIC
28.29,29.0,12,0,SYNTHETIC
28.29,24.0,13,0,SYNTHETIC
28.29,38.0,14,0,SYNTHETIC
28.29,27.0,15,0,SYNTHETIC
28.29,27.0,16,0,SYNTHETIC
28.29,30.0,17,0,SYNTHETIC
28.29,131.0,18,1,SYNTHETIC
28.29,31.0,19,0,SYNTHETIC
28.29,20.0,20,0,SYNTHETIC
28.29,14.0,21,0,SYNTHETIC
28.29,26.0,22,0,SYNTHETIC
28.29,19.0,23,0,SYNTHETIC
21.05,8.0,0,0,SYNTHETIC
21.05,29.0,1,0,SYNTHETIC
21.05,28.0,2,0,SYNTHETIC
21.05,16.0,3,0,SYNTHETIC
21.05,25.0,4,0,SYNTHETIC
21.05,24.0,5,0,SYNTHETIC
21.05,26.0,6,0,SYNTHETIC
21.05,23.0,7,0,SYNTHETIC
21.05,24.0,8,0,SYNTHETIC
21.05,27.0,9,0,SYNTHETIC
21.05,15.0,10,0,SYNTHETIC
21.05,22.0,11,0,SYNTHETIC
21.05,19.0,12,0,SYNTHETIC
21.05,18.0,13,0,SYNTHETIC
21.05,26.0,14,0,SYNTHETIC
21.05,25.0,15,0,SYNTHETIC
21.05,9.0,16,0,SYNTHETIC
21.05,16.0,17,0,SYNTHETIC
21.05,23.0,18,0,SYNTHETIC
21.05,25.0,19,0,SYNTHETIC
21.05,18.0,20,0,SYNTHETIC
21.05,15.0,21,0,SYNTHETIC
21.05,22.0,22,0,SYNTHETIC
21.05,22.0,23,0,SYNTHETIC
12.91,11.0,0,0,SYNTHETIC
12.91,11.0,1,0,SYNTHETIC
12.91,10.0,2,0,SYNTHETIC
12.91,16.0,3,0,SYNTHETIC
12.91,14.0,4,0,SYNTHETIC
12.91,17.0,5,0,SYNTHETIC
12.91,7.0,6,0,SYNTHETIC
12.91,16.0,7,0,SYNTHETIC
12.91,16.0,8,0,SYNTHETIC
12.91,12.0,9,0,SYNTHETIC
12.91,15.0,10,0,SYNTHETIC
12.91,16.0,11,0,SYNTHETIC
12.91,10.0,12,0,SYNTHETIC
12.91,12.0,13,0,SYNTHETIC
12.91,12.0,14,0,SYNTHETIC
12.91,11.0,15,0,SYNTHETIC
12.91,16.0,16,0,SYNTHETIC
12.91,16.0,17,0,SYNTHETIC
12.91,10.0,18,0,SYNTHETIC
12.91,18.0,19,0,SYNTHETIC
12.91,15.0,20,0,SYNTHETIC
12.91,15.0,21,0,SYNTHETIC
12.91,13.0,22,0,SYNTHETIC
12.91,14.0,23,0,SYNTHETIC
37.18,27.0,0,0,SYNTHETIC
37.18,33.0,1,0,SYNTHETIC
37.18,45.0,2,0,SYNTHETIC
37.18,25.0,3,0,SYNTHETIC
37.18,38.0,4,0,SYNTHETIC
37.18,36.0,5,0,SYNTHETIC
37.18,31.0,6,0,SYNTHETIC
37.18,23.0,7,0,SYNTHETIC
37.18,24.0,8,0,SYNTHETIC
37.18,35.0,9,0,SYNTHETIC
37.18,32.0,10,0,SYNTHETIC
37.18,40.0,11,0,SYNTHETIC
37.18,42.0,12,0,SYNTHETIC
37.18,39.0,13,0,SYNTHETIC
37.18,31.0,14,0,SYNTHETIC
37.18,27.0,15,0,SYNTHETIC
37.18,34.0,16,0,SYNTHETIC
37.18,43.0,17,0,SYNTHETIC
37.18,24.0,18,0,SYNTHETIC
37.18,27.0,19,0,SYNTHETIC
37.18,59.0,20,0,SYNTHETIC
37.18,28.0,21,0,SYNTHETIC
37.18,154.0,22,1,SYNTHETIC
37.18,48.0,23,0,SYNTHETIC
26.25,26.0,0,0,SYNTHETIC
26.25,39.0,1,0,SYNTHETIC
26.25,36.0,2,0,SYNTHETIC
26.25,29.0,3,0,SYNTHETIC
26.25,35.0,4,0,SYNTHETIC
26.25,30.0,5,0,SYNTHETIC
26.25,14.0,6,0,SYNTHETIC
26.25,25.0,7,0,SYNTHETIC
26.25,21.0,8,0,SYNTHETIC
26.25,6.0,9,0,SYNTHETIC
26.25,14.0,10,0,SYNTHETIC
26.25,23.0,11,0,SYNTHETIC
26.25,20.0,12,0,SYNTHETIC
26.25,36.0,13,0,SYNTHETIC
26.25,26.0,14,0,SYNTHETIC
26.25,18.0,15,0,SYNTHETIC
26.25,31.0,16,0,SYNTHETIC
26.25,18.0,17,0,SYNTHETIC
26.25,24.0,18,0,SYNTHETIC
26.25,29.0,19,0,SYNTHETIC
26.25,36.0,20,0,SYNTHETIC
26.25,30.0,21,0,SYNTHETIC
26.25,31.0,22,0,SYNTHETIC
26.25,19.0,23,0,SYNTHETIC
29.02,43.0,0,0,SYNTHETIC
29.02,22.0,1,0,SYNTHETIC
29.02,21.0,2,0,SYNTHETIC
29.02,27.0,3,0,SYNTHETIC
29.02,34.0,4,0,SYNTHETIC
29.02,75.0,5,1,SYNTHETIC
29.02,42.0,6,0,SYNTHETIC
29.02,31.0,7,0,SYNTHETIC
29.02,37.0,8,0,SYNTHETIC
29.02,36.0,9,0,SYNTHETIC
29.02,27.0,10,0,SYNTHETIC
29.02,34.0,11,0,SYNTHETIC
29.02,32.0,12,0,SYNTHETIC
29.02,107.0,13,1,SYNTHETIC
29.02,32.0,14,0,SYNTHETIC
29.02,95.0,15,1,SYNTHETIC
29.02,25.0,16,0,SYNTHETIC
29.02,38.0,17,0,SYNTHETIC
29.02,27.0,18,0,SYNTHETIC
29.02,27.0,19,0,SYNTHETIC
29.02,42.0,20,0,SYNTHETIC
29.02,27.0,21,0,SYNTHETIC
29.02,31.0,22,0,SYNTHETIC
29.02,19.0,23,0,SYNTHETIC
18.94,13.0,0,0,SYNTHETIC
18.94,15.0,1,0,SYNTHETIC
18.94,28.0,2,0,SYNTHETIC
18.94,19.0,3,0,SYNTHETIC
18.94,15.0,4,0,SYNTHETIC
18.94,57.0,5,1,SYNTHETIC
18.94,21.0,6,0,SYNTHETIC
18.94,24.0,7,0,SYNTHETIC
18.94,23.0,8,0,SYNTHETIC
18.94,13.0,9,0,SYNTHETIC
18.94,20.0,10,0,SYNTHETIC
18.94,27.0,11,0,SYNTHETIC
18.94,25.0,12,0,SYNTHETIC
18.94,27.0,13,0,SYNTHETIC
18.94,18.0,14,0,SYNTHETIC
18.94,26.0,15,0,SYNTHETIC
18.94,12.0,16,0,SYNTHETIC
18.94,18.0,17,0,SYNTHETIC
18.94,22.0,18,0,SYNTHETIC
18.94,16.0,19,0,SYNTHETIC
18.94,22.0,20,0,SYNTHETIC
18.94,25.0,21,0,SYNTHETIC
18.94,18.0,22,0,SYNTHETIC
18.94,12.0,23,0,SYNTHETIC
36.7,33.0,0,0,SYNTHETIC
36.7,31.0,1,0,SYNTHETIC
36.7,39.0,2,0,SYNTHETIC
36.7,29.0,3,0,SYNTHETIC
36.7,37.0,4,0,SYNTHETIC
36.7,24.0,5,0,SYNTHETIC
36.7,49.0,6,0,SYNTHETIC
36.7,38.0,7,0,SYNTHETIC
36.7,44.0,8,0,SYNTHETIC
36.7,31.0,9,0,SYNTHETIC
36.7,156.0,10,1,SYNTHETIC
36.7,44.0,11,0,SYNTHETIC
36.7,27.0,12,0,SYNTHETIC
36.7,36.0,13,0,SYNTHETIC
36.7,39.0,14,0,SYNTHETIC
36.7,34.0,15,0,SYNTHETIC
36.7,57.0,16,0,SYNTHETIC
36.7,22.0,17,0,SYNTHETIC
36.7,33.0,18,0,SYNTHETIC
36.7,48.0,19,0,SYNTHETIC
36.7,37.0,20,0,SYNTHETIC
36.7,23.0,21,0,SYNTHETIC
36.7,55.0,22,0,SYNTHETIC
36.7,45.0,23,0,SYNTHETIC
22.87,23.0,0,0,SYNTHETIC
22.87,29.0,1,0,SYNTHETIC
22.87,31.0,2,0,SYNTHETIC
22.87,14.0,3,0,SYNTHETIC
22.87,28.0,4,0,SYNTHETIC
22.87,23.0,5,0,SYNTHETIC
22.87,25.0,6,0,SYNTHETIC
22.87,25.0,7,0,SYNTHETIC
22.87,27.0,8,0,SYNTHETIC
22.87,25.0,9,0,SYNTHETIC
22.87,17.0,10,0,SYNTHETIC
22.87,21.0,11,0,SYNTHETIC
22.87,24.0,12,0,SYNTHETIC
22.87,27.0,13,0,SYNTHETIC
22.87,31.0,14,0,SYNTHETIC
22.87,23.0,15,0,SYNTHETIC
22.87,22.0,16,0,SYNTHETIC
22.87,21.0,17,0,SYNTHETIC
22.87,35.0,18,0,SYNTHETIC
22.87,24.0,19,0,SYNTHETIC
22.87,20.0,20,0,SYNTHETIC
22.87,67.0,21,1,SYNTHETIC
22.87,19.0,22,0,SYNTHETIC
22.87,27.0,23,0,SYNTHETIC
16.96,15.0,0,0,SYNTHETIC
16.96,21.0,1,0,SYNTHETIC
16.96,22.0,2,0,SYNTHETIC
16.96,23.0,3,0,SYNTHETIC
16.96,7.0,4,0,SYNTHETIC
16.96,13.0,5,0,SYNTHETIC
16.96,23.0,6,0,SYNTHETIC
16.96,19.0,7,0,SYNTHETIC
16.96,22.0,8,0,SYNTHETIC
16.96,11.0,9,0,SYNTHETIC
16.96,26.0,10,0,SYNTHETIC
16.96,20.0,11,0,SYNTHETIC
16.96,15.0,12,0,SYNTHETIC
16.96,23.0,13,0,SYNTHETIC
16.96,12.0,14,0,SYNTHETIC
16.96,60.0,15,1,SYNTHETIC
16.96,13.0,16,0,SYNTHETIC
16.96,17.0,17,0,SYNTHETIC
16.96,17.0,18,0,SYNTHETIC
16.96,13.0,19,0,SYNTHETIC
16.96,13.0,20,0,SYNTHETIC
16.96,13.0,21,0,SYNTHETIC
16.96,15.0,22,0,SYNTHETIC
16.96,10.0,23,0,SYNTHETIC
21.67,27.0,0,0,SYNTHETIC
21.67,24.0,1,0,SYNTHETIC
21.67,21.0,2,0,SYNTHETIC
21.67,17.0,3,0,SYNTHETIC
21.67,26.0,4,0,SYNTHETIC
21.67,15.0,5,0,SYNTHETIC
21.67,92.0,6,1,SYNTHETIC
21.67,32.0,7,0,SYNTHETIC
21.67,25.0,8,0,SYNTHETIC
21.67,27.0,9,0,SYNTHETIC
21.67,22.0,10,0,SYNTHETIC
21.67,21.0,11,0,SYNTHETIC
21.67,22.0,12,0,SYNTHETIC
21.67,25.0,13,0,SYNTHETIC
21.67,28.0,14,0,SYNTHETIC
21.67,22.0,15,0,SYNTHETIC
21.67,62.0,16,1,SYNTHETIC
21.67,21.0,17,0,SYNTHETIC
21.67,26.0,18,0,SYNTHETIC
21.67,26.0,19,0,SYNTHETIC
21.67,26.0,20,0,SYNTHETIC
21.67,20.0,21,0,SYNTHETIC
21.67,20.0,22,0,SYNTHETIC
21.67,12.0,23,0,SYNTHETIC
33.22,10.0,0,0,SYNTHETIC
33.22,35.0,1,0,SYNTHETIC
33.22,26.0,2,0,SYNTHETIC
33.22,32.0,3,0,SYNTHETIC
33.22,36.0,4,0,SYNTHETIC
33.22,34.0,5,0,SYNTHETIC
33.22,26.0,6,0,SYNTHETIC
33.22,20.0,7,0,SYNTHETIC
33.22,32.0,8,0,SYNTHETIC
33.22,45.0,9,0,SYNTHETIC
33.22,30.0,10,0,SYNTHETIC
33.22,35.0,11,0,SYNTHETIC
33.22,38.0,12,0,SYNTHETIC
33.22,31.0,13,0,SYNTHETIC
33.22,30.0,14,0,SYNTHETIC
33.22,35.0,15,0,SYNTHETIC
33.22,37.0,16,0,SYNTHETIC
33.22,40.0,17,0,SYNTHETIC
33.22,21.0,18,0,SYNTHETIC
33.22,34.0,19,0,SYNTHETIC
33.22,39.0,20,0,SYNTHETIC
33.22,23.0,21,0,SYNTHETIC
33.22,46.0,22,0,SYNTHETIC
33.22,25.0,23,0,SYNTHETIC
10.05,9.0,0,0,SYNTHETIC
10.05,9.0,1,0,SYNTHETIC
10.05,13.0,2,0,SYNTHETIC
10.05,11.0,3,0,SYNTHETIC
10.05,14.0,4,0,SYNTHETIC
10.05,14.0,5,0,SYNTHETIC
10.05,9.0,6,0,SYNTHETIC
10.05,9.0,7,0,SYNTHETIC
10.05,11.0,8,0,SYNTHETIC
10.05,12.0,9,0,SYNTHETIC
10.05,9.0,10,0,SYNTHETIC
10.05,8.0,11,0,SYNTHETIC
10.05,9.0,12,0,SYNTHETIC
10.05,6.0,13,0,SYNTHETIC
10.05,11.0,14,0,SYNTHETIC
10.05,13.0,15,0,SYNTHETIC
10.05,27.0,16,1,SYNTHETIC
10.05,4.0,17,0,SYNTHETIC
10.05,14.0,18,0,SYNTHETIC
10.05,11.0,19,0,SYNTHETIC
10.05,9.0,20,0,SYNTHETIC
10.05,5.0,21,0,SYNTHETIC
10.05,12.0,22,0,SYNTHETIC
10.05,8.0,23,0,SYNTHETIC
19.07,20.0,0,0,SYNTHETIC
19.07,20.0,1,0,SYNTHETIC
19.07,23.0,2,0,SYNTHETIC
19.07,14.0,3,0,SYNTHETIC
19.07,20.0,4,0,SYNTHETIC
19.07,25.0,5,0,SYNTHETIC
19.07,25.0,6,0,SYNTHETIC
19.07,11.0,7,0,SYNTHETIC
19.07,20.0,8,0,SYNTHETIC
19.07,25.0,9,0,SYNTHETIC
19.07,10.0,10,0,SYNTHETIC
19.07,23.0,11,0,SYNTHETIC
19.07,14.0,12,0,SYNTHETIC
19.07,25.0,13,0,SYNTHETIC
19.07,13.0,14,0,SYNTHETIC
19.07,65.0,15,1,SYNTHETIC
19.07,20.0,16,0,SYNTHETIC
19.07,24.0,17,0,SYNTHETIC
19.07,18.0,18,0,SYNTHETIC
19.07,21.0,19,0,SYNTHETIC
19.07,8.0,20,0,SYNTHETIC
19.07,15.0,21,0,SYNTHETIC
19.07,18.0,22,0,SYNTHETIC
19.07,15.0,23,0,SYNTHETIC
22.11,30.0,0,0,SYNTHETIC
22.11,16.0,1,0,SYNTHETIC
22.11,22.0,2,0,SYNTHETIC
22.11,21.0,3,0,SYNTHETIC
22.11,28.0,4,0,SYNTHETIC
22.11,17.0,5,0,SYNTHETIC
22.11,24.0,6,0,SYNTHETIC
22.11,20.0,7,0,SYNTHETIC
22.11,24.0,8,0,SYNTHETIC
22.11,23.0,9,0,SYNTHETIC
22.11,23.0,10,0,SYNTHETIC
22.11,35.0,11,0,SYNTHETIC
22.11,24.0,12,0,SYNTHETIC
22.11,18.0,13,0,SYNTHETIC
22.11,21.0,14,0,SYNTHETIC
22.11,21.0,15,0,SYNTHETIC
22.11,27.0,16,0,SYNTHETIC
22.11,22.0,17,0,SYNTHETIC
22.11,21.0,18,0,SYNTHETIC
22.11,24.0,19,0,SYNTHETIC
22.11,23.0,20,0,SYNTHETIC
22.11,18.0,21,0,SYNTHETIC
22.11,57.0,22,1,SYNTHETIC
22.11,28.0,23,0,SYNTHETIC
35.43,30.0,0,0,SYNTHETIC
35.43,25.0,1,0,SYNTHETIC
35.43,35.0,2,0,SYNTHETIC
35.43,38.0,3,0,SYNTHETIC
35.43,43.0,4,0,SYNTHETIC
35.43,37.0,5,0,SYNTHETIC
35.43,26.0,6,0,SYNTHETIC
35.43,24.0,7,0,SYNTHETIC
35.43,45.0,8,0,SYNTHETIC
35.43,43.0,9,0,SYNTHETIC
35.43,33.0,10,0,SYNTHETIC
35.43,29.0,11,0,SYNTHETIC
35.43,26.0,12,0,SYNTHETIC
35.43,35.0,13,0,SYNTHETIC
35.43,17.0,14,0,SYNTHETIC
35.43,40.0,15,0,SYNTHETIC
35.43,121.0,16,1,SYNTHETIC
35.43,31.0,17,0,SYNTHETIC
35.43,36.0,18,0,SYNTHETIC
35.43,29.0,19,0,SYNTHETIC
35.43,39.0,20,0,SYNTHETIC
35.43,156.0,21,1,SYNTHETIC
35.43,44.0,22,0,SYNTHETIC
35.43,26.0,23,0,SYNTHETIC
25.43,30.0,0,0,SYNTHETIC
25.43,25.0,1,0,SYNTHETIC
25.43,14.0,2,0,SYNTHETIC
25.43,19.0,3,0,SYNTHETIC
25.43,21.0,4,0,SYNTHETIC
25.43,27.0,5,0,SYNTHETIC
25.43,15.0,6,0,SYNTHETIC
25.43,35.0,7,0,SYNTHETIC
25.43,21.0,8,0,SYNTHETIC
25.43,20.0,9,0,SYNTHETIC
25.43,30.0,10,0,SYNTHETIC
25.43,25.0,11,0,SYNTHETIC
25.43,30.0,12,0,SYNTHETIC
25.43,33.0,13,0,SYNTHETIC
25.43,92.0,14,1,SYNTHETIC
25.43,12.0,15,0,SYNTHETIC
25.43,33.0,16,0,SYNTHETIC
25.43,24.0,17,0,SYNTHETIC
25.43,35.0,18,0,SYNTHETIC
25.43,22.0,19,0,SYNTHETIC
25.43,24.0,20,0,SYNTHETIC
25.43,31.0,21,0,SYNTHETIC
25.43,27.0,22,0,SYNTHETIC
25.43,30.0,23,0,SYNTHETIC
27.33,26.0,0,0,SYNTHETIC
27.33,30.0,1,0,SYNTHETIC
27.33,16.0,2,0,SYNTHETIC
27.33,37.0,3,0,SYNTHETIC
27.33,25.0,4,0,SYNTHETIC
27.33,101.0,5,1,SYNTHETIC
27.33,20.0,6,0,SYNTHETIC
27.33,32.0,7,0,SYNTHETIC
27.33,29.0,8,0,SYNTHETIC
27.33,28.0,9,0,SYNTHETIC
27.33,18.0,10,0,SYNTHETIC
27.33,24.0,11,0,SYNTHETIC
27.33,21.0,12,0,SYNTHETIC
27.33,26.0,13,0,SYNTHETIC
27.33,32.0,14,0,SYNTHETIC
27.33,19.0,15,0,SYNTHETIC
27.33,36.0,16,0,SYNTHETIC
27.33,27.0,17,0,SYNTHETIC
27.33,28.0,18,0,SYNTHETIC
27.33,19.0,19,0,SYNTHETIC
27.33,28.0,20,0,SYNTHETIC
27.33,44.0,21,0,SYNTHETIC
27.33,19.0,22,0,SYNTHETIC
27.33,29.0,23,0,SYNTHETIC
30.6,26.0,0,0,SYNTHETIC
30.6,107.0,1,1,SYNTHETIC
30.6,107.0,2,1,SYNTHETIC
30.6,30.0,3,0,SYNTHETIC
30.6,35.0,4,0,SYNTHETIC
30.6,22.0,5,0,SYNTHETIC
30.6,113.0,6,1,SYNTHETIC
30.6,29.0,7,0,SYNTHETIC
30.6,32.0,8,0,SYNTHETIC
30.6,22.0,9,0,SYNTHETIC
30.6,30.0,10,0,SYNTHETIC
30.6,31.0,11,0,SYNTHETIC
30.6,32.0,12,0,SYNTHETIC
30.6,32.0,13,0,SYNTHETIC
30.6,29.0,14,0,SYNTHETIC
30.6,47.0,15,0,SYNTHETIC
30.6,140.0,16,1,SYNTHETIC
30.6,39.0,17,0,SYNTHETIC
30.6,29.0,18,0,SYNTHETIC
30.6,19.0,19,0,SYNTHETIC
30.6,43.0,20,0,SYNTHETIC
30.6,29.0,21,0,SYNTHETIC
30.6,12.0,22,0,SYNTHETIC
30.6,32.0,23,0,SYNTHETIC
26.52,29.0,0,0,SYNTHETIC
26.52,17.0,1,0,SYNTHETIC
26.52,31.0,2,0,SYNTHETIC
26.52,28.0,3,0,SYNTHETIC
26.52,30.0,4,0,SYNTHETIC
26.52,20.0,5,0,SYNTHETIC
26.52,20.0,6,0,SYNTHETIC
26.52,23.0,7,0,SYNTHETIC
26.52,35.0,8,0,SYNTHETIC
26.52,28.0,9,0,SYNTHETIC
26.52,22.0,10,0,SYNTHETIC
26.52,21.0,11,0,SYNTHETIC
26.52,25.0,12,0,SYNTHETIC
26.52,27.0,13,0,SYNTHETIC
26.52,19.0,14,0,SYNTHETIC
26.52,26.0,15,0,SYNTHETIC
26.52,19.0,16,0,SYNTHETIC
26.52,22.0,17,0,SYNTHETIC
26.52,29.0,18,0,SYNTHETIC
26.52,30.0,19,0,SYNTHETIC
26.52,26.0,20,0,SYNTHETIC
26.52,25.0,21,0,SYNTHETIC
26.52,35.0,22,0,SYNTHETIC
26.52,26.0,23,0,SYNTHETIC
39.13,29.0,0,0,SYNTHETIC
39.13,101.0,1,1,SYNTHETIC
39.13,41.0,2,0,SYNTHETIC
39.13,47.0,3,0,SYNTHETIC
39.13,36.0,4,0,SYNTHETIC
39.13,24.0,5,0,SYNTHETIC
39.13,35.0,6,0,SYNTHETIC
39.13,32.0,7,0,SYNTHETIC
39.13,45.0,8,0,SYNTHETIC
39.13,32.0,9,0,SYNTHETIC
39.13,11.0,10,0,SYNTHETIC
39.13,38.0,11,0,SYNTHETIC
39.13,48.0,12,0,SYNTHETIC
39.13,38.0,13,0,SYNTHETIC
39.13,40.0,14,0,SYNTHETIC
39.13,28.0,15,0,SYNTHETIC
39.13,55.0,16,0,SYNTHETIC
39.13,44.0,17,0,SYNTHETIC
39.13,43.0,18,0,SYNTHETIC
39.13,25.0,19,0,SYNTHETIC
39.13,45.0,20,0,SYNTHETIC
39.13,54.0,21,0,SYNTHETIC
39.13,41.0,22,0,SYNTHETIC
39.13,44.0,23,0,SYNTHETIC
30.77,34.0,0,0,SYNTHETIC
30.77,16.0,1,0,SYNTHETIC
30.77,29.0,2,0,SYNTHETIC
30.77,34.0,3,0,SYNTHETIC
30.77,28.0,4,0,SYNTHETIC
30.77,34.0,5,0,SYNTHETIC
30.77,25.0,6,0,SYNTHETIC
30.77,109.0,7,1,SYNTHETIC
30.77,26.0,8,0,SYNTHETIC
30.77,20.0,9,0,SYNTHETIC
30.77,43.0,10,0,SYNTHETIC
30.77,26.0,11,0,SYNTHETIC
30.77,30.0,12,0,SYNTHETIC
30.77,20.0,13,0,SYNTHETIC
30.77,44.0,14,0,SYNTHETIC
30.77,29.0,15,0,SYNTHETIC
30.77,23.0,16,0,SYNTHETIC
30.77,35.0,17,0,SYNTHETIC
30.77,42.0,18,0,SYNTHETIC
30.77,17.0,19,0,SYNTHETIC
30.77,21.0,20,0,SYNTHETIC
30.77,35.0,21,0,SYNTHETIC
30.77,27.0,22,0,SYNTHETIC
30.77,29.0,23,0,SYNTHETIC
39.93,25.0,0,0,SYNTHETIC
39.93,57.0,1,0,SYNTHETIC
39.93,177.0,2,1,SYNTHETIC
39.93,37.0,3,0,SYNTHETIC
39.93,48.0,4,0,SYNTHETIC
39.93,33.0,5,0,SYNTHETIC
39.93,36.0,6,0,SYNTHETIC
39.93,125.0,7,1,SYNTHETIC
39.93,55.0,8,0,SYNTHETIC
39.93,33.0,9,0,SYNTHETIC
39.93,32.0,10,0,SYNTHETIC
39.93,44.0,11,0,SYNTHETIC
39.93,33.0,12,0,SYNTHETIC
39.93,42.0,13,0,SYNTHETIC
39.93,59.0,14,0,SYNTHETIC
39.93,34.0,15,0,SYNTHETIC
39.93,30.0,16,0,SYNTHETIC
39.93,46.0,17,0,SYNTHETIC
39.93,21.0,18,0,SYNTHETIC
39.93,23.0,19,0,SYNTHETIC
39.93,49.0,20,0,SYNTHETIC
39.93,39.0,21,0,SYNTHETIC
39.93,36.0,22,0,SYNTHETIC
39.93,54.0,23,0,SYNTHETIC
26.43,32.0,0,0,SYNTHETIC
26.43,121.0,1,1,SYNTHETIC
26.43,33.0,2,0,SYNTHETIC
26.43,28.0,3,0,SYNTHETIC
26.43,20.0,4,0,SYNTHETIC
26.43,26.0,5,0,SYNTHETIC
26.43,21.0,6,0,SYNTHETIC
26.43,31.0,7,0,SYNTHETIC
26.43,22.0,8,0,SYNTHETIC
26.43,23.0,9,0,SYNTHETIC
26.43,41.0,10,0,SYNTHETIC
26.43,26.0,11,0,SYNTHETIC
26.43,28.0,12,0,SYNTHETIC
26.43,31.0,13,0,SYNTHETIC
26.43,34.0,14,0,SYNTHETIC
26.43,21.0,15,0,SYNTHETIC
26.43,34.0,16,0,SYNTHETIC
26.43,25.0,17,0,SYNTHETIC
26.43,25.0,18,0,SYNTHETIC
26.43,35.0,19,0,SYNTHETIC
26.43,30.0,20,0,SYNTHETIC
26.43,25.0,21,0,SYNTHETIC
26.43,21.0,22,0,SYNTHETIC
26.43,40.0,23,0,SYNTHETIC
11.12,32.0,0,1,SYNTHETIC
11.12,11.0,1,0,SYNTHETIC
11.12,7.0,2,0,SYNTHETIC
11.12,12.0,3,0,SYNTHETIC
11.12,15.0,4,0,SYNTHETIC
11.12,12.0,5,0,SYNTHETIC
11.12,8.0,6,0,SYNTHETIC
11.12,10.0,7,0,SYNTHETIC
11.12,51.0,8,1,SYNTHETIC
11.12,11.0,9,0,SYNTHETIC
11.12,9.0,10,0,SYNTHETIC
11.12,51.0,11,1,SYNTHETIC
11.12,42.0,12,1,SYNTHETIC
11.12,7.0,13,0,SYNTHETIC
11.12,13.0,14,0,SYNTHETIC
11.12,6.0,15,0,SYNTHETIC
11.12,8.0,16,0,SYNTHETIC
11.12,16.0,17,0,SYNTHETIC
11.12,15.0,18,0,SYNTHETIC
11.12,9.0,19,0,SYNTHETIC
11.12,13.0,20,0,SYNTHETIC
11.12,13.0,21,0,SYNTHETIC
11.12,15.0,22,0,SYNTHETIC
11.12,11.0,23,0,SYNTHETIC
25.36,34.0,0,0,SYNTHETIC
25.36,16.0,1,0,SYNTHETIC
25.36,16.0,2,0,SYNTHETIC
25.36,25.0,3,0,SYNTHETIC
25.36,36.0,4,0,SYNTHETIC
25.36,84.0,5,1,SYNTHETIC
25.36,21.0,6,0,SYNTHETIC
25.36,21.0,7,0,SYNTHETIC
25.36,23.0,8,0,SYNTHETIC
25.36,26.0,9,0,SYNTHETIC
25.36,27.0,10,0,SYNTHETIC
25.36,26.0,11,0,SYNTHETIC
25.36,33.0,12,0,SYNTHETIC
25.36,13.0,13,0,SYNTHETIC
25.36,20.0,14,0,SYNTHETIC
25.36,24.0,15,0,SYNTHETIC
25.36,43.0,16,0,SYNTHETIC
25.36,34.0,17,0,SYNTHETIC
25.36,25.0,18,0,SYNTHETIC
25.36,99.0,19,1,SYNTHETIC
25.36,27.0,20,0,SYNTHETIC
25.36,36.0,21,0,SYNTHETIC
25.36,25.0,22,0,SYNTHETIC
25.36,24.0,23,0,SYNTHETIC
37.14,41.0,0,0,SYNTHETIC
37.14,19.0,1,0,SYNTHETIC
37.14,43.0,2,0,SYNTHETIC
37.14,43.0,3,0,SYNTHETIC
37.14,49.0,4,0,SYNTHETIC
37.14,35.0,5,0,SYNTHETIC
37.14,35.0,6,0,SYNTHETIC
37.14,23.0,7,0,SYNTHETIC
37.14,43.0,8,0,SYNTHETIC
37.14,42.0,9,0,SYNTHETIC
37.14,25.0,10,0,SYNTHETIC
37.14,159.0,11,1,SYNTHETIC
37.14,56.0,12,0,SYNTHETIC
37.14,24.0,13,0,SYNTHETIC
37.14,42.0,14,0,SYNTHETIC
37.14,38.0,15,0,SYNTHETIC
37.14,162.0,16,1,SYNTHETIC
37.14,30.0,17,0,SYNTHETIC
37.14,54.0,18,0,SYNTHETIC
37.14,27.0,19,0,SYNTHETIC
37.14,45.0,20,0,SYNTHETIC
37.14,41.0,21,0,SYNTHETIC
37.14,53.0,22,0,SYNTHETIC
37.14,32.0,23,0,SYNTHETIC
29.88,41.0,0,0,SYNTHETIC
29.88,35.0,1,0,SYNTHETIC
29.88,36.0,2,0,SYNTHETIC
29.88,25.0,3,0,SYNTHETIC
29.88,29.0,4,0,SYNTHETIC
29.88,23.0,5,0,SYNTHETIC
29.88,31.0,6,0,SYNTHETIC
29.88,17.0,7,0,SYNTHETIC
29.88,5.0,8,0,SYNTHETIC
29.88,30.0,9,0,SYNTHETIC
29.88,29.0,10,0,SYNTHETIC
29.88,41.0,11,0,SYNTHETIC
29.88,41.0,12,0,SYNTHETIC
29.88,40.0,13,0,SYNTHETIC
29.88,21.0,14,0,SYNTHETIC
29.88,23.0,15,0,SYNTHETIC
29.88,23.0,16,0,SYNTHETIC
29.88,29.0,17,0,SYNTHETIC
29.88,34.0,18,0,SYNTHETIC
29.88,26.0,19,0,SYNTHETIC
29.88,24.0,20,0,SYNTHETIC
29.88,34.0,21,0,SYNTHETIC
29.88,31.0,22,0,SYNTHETIC
29.88,34.0,23,0,SYNTHETIC
32.68,23.0,0,0,SYNTHETIC
32.68,29.0,1,0,SYNTHETIC
32.68,39.0,2,0,SYNTHETIC
32.68,37.0,3,0,SYNTHETIC
32.68,43.0,4,0,SYNTHETIC
32.68,35.0,5,0,SYNTHETIC
32.68,33.0,6,0,SYNTHETIC
32.68,29.0,7,0,SYNTHETIC
32.68,24.0,8,0,SYNTHETIC
32.68,38.0,9,0,SYNTHETIC
32.68,21.0,10,0,SYNTHETIC
32.68,37.0,11,0,SYNTHETIC
32.68,31.0,12,0,SYNTHETIC
32.68,23.0,13,0,SYNTHETIC
32.68,33.0,14,0,SYNTHETIC
32.68,31.0,15,0,SYNTHETIC
32.68,30.0,16,0,SYNTHETIC
32.68,28.0,17,0,SYNTHETIC
32.68,37.0,18,0,SYNTHETIC
32.68,45.0,19,0,SYNTHETIC
32.68,28.0,20,0,SYNTHETIC
32.68,47.0,21,0,SYNTHETIC
32.68,39.0,22,0,SYNTHETIC
32.68,39.0,23,0,SYNTHETIC
38.02,39.0,0,0,SYNTHETIC
38.02,107.0,1,1,SYNTHETIC
38.02,27.0,2,0,SYNTHETIC
38.02,31.0,3,0,SYNTHETIC
38.02,43.0,4,0,SYNTHETIC
38.02,102.0,5,1,SYNTHETIC
38.02,37.0,6,0,SYNTHETIC
38.02,38.0,7,0,SYNTHETIC
38.02,24.0,8,0,SYNTHETIC
38.02,28.0,9,0,SYNTHETIC
38.02,42.0,10,0,SYNTHETIC
38.02,34.0,11,0,SYNTHETIC
38.02,40.0,12,0,SYNTHETIC
38.02,50.0,13,0,SYNTHETIC
38.02,32.0,14,0,SYNTHETIC
38.02,25.0,15,0,SYNTHETIC
38.02,16.0,16,0,SYNTHETIC
38.02,44.0,17,0,SYNTHETIC
38.02,42.0,18,0,SYNTHETIC
38.02,48.0,19,0,SYNTHETIC
38.02,34.0,20,0,SYNTHETIC
38.02,28.0,21,0,SYNTHETIC
38.02,50.0,22,0,SYNTHETIC
38.02,26.0,23,0,SYNTHETIC
15.14,12.0,0,0,SYNTHETIC
15.14,21.0,1,0,SYNTHETIC
15.14,12.0,2,0,SYNTHETIC
15.14,8.0,3,0,SYNTHETIC
15.14,19.0,4,0,SYNTHETIC
15.14,18.0,5,0,SYNTHETIC
15.14,13.0,6,0,SYNTHETIC
15.14,16.0,7,0,SYNTHETIC
15.14,15.0,8,0,SYNTHETIC
15.14,13.0,9,0,SYNTHETIC
15.14,18.0,10,0,SYNTHETIC
15.14,15.0,11,0,SYNTHETIC
15.14,14.0,12,0,SYNTHETIC
15.14,12.0,13,0,SYNTHETIC
15.14,19.0,14,0,SYNTHETIC
15.14,14.0,15,0,SYNTHETIC
15.14,17.0,16,0,SYNTHETIC
15.14,18.0,17,0,SYNTHETIC
15.14,17.0,18,0,SYNTHETIC
15.14,18.0,19,0,SYNTHETIC
15.14,14.0,20,0,SYNTHETIC
15.14,18.0,21,0,SYNTHETIC
15.14,15.0,22,0,SYNTHETIC
15.14,18.0,23,0,SYNTHETIC
37.12,27.0,0,0,SYNTHETIC
37.12,60.0,1,0,SYNTHETIC
37.12,63.0,2,0,SYNTHETIC
37.12,40.0,3,0,SYNTHETIC
37.12,43.0,4,0,SYNTHETIC
37.12,25.0,5,0,SYNTHETIC
37.12,33.0,6,0,SYNTHETIC
37.12,50.0,7,0,SYNTHETIC
37.12,50.0,8,0,SYNTHETIC
37.12,36.0,9,0,SYNTHETIC
37.12,29.0,10,0,SYNTHETIC
37.12,39.0,11,0,SYNTHETIC
37.12,22.0,12,0,SYNTHETIC
37.12,28.0,13,0,SYNTHETIC
37.12,18.0,14,0,SYNTHETIC
37.12,38.0,15,0,SYNTHETIC
37.12,45.0,16,0,SYNTHETIC
37.12,37.0,17,0,SYNTHETIC
37.12,38.0,18,0,SYNTHETIC
37.12,103.0,19,1,SYNTHETIC
37.12,43.0,20,0,SYNTHETIC
37.12,30.0,21,0,SYNTHETIC
37.12,36.0,22,0,SYNTHETIC
37.12,26.0,23,0,SYNTHETIC
34.0,27.0,0,0,SYNTHETIC
34.0,31.0,1,0,SYNTHETIC
34.0,47.0,2,0,SYNTHETIC
34.0,34.0,3,0,SYNTHETIC
34.0,38.0,4,0,SYNTHETIC
34.0,121.0,5,1,SYNTHETIC
34.0,11.0,6,0,SYNTHETIC
34.0,33.0,7,0,SYNTHETIC
34.0,27.0,8,0,SYNTHETIC
34.0,40.0,9,0,SYNTHETIC
34.0,36.0,10,0,SYNTHETIC
34.0,32.0,11,0,SYNTHETIC
34.0,44.0,12,0,SYNTHETIC
34.0,44.0,13,0,SYNTHETIC
34.0,43.0,14,0,SYNTHETIC
34.0,26.0,15,0,SYNTHETIC
34.0,38.0,16,0,SYNTHETIC
34.0,46.0,17,0,SYNTHETIC
34.0,32.0,18,0,SYNTHETIC
34.0,23.0,19,0,SYNTHETIC
34.0,50.0,20,0,SYNTHETIC
34.0,37.0,21,0,SYNTHETIC
34.0,52.0,22,0,SYNTHETIC
34.0,36.0,23,0,SYNTHETIC
34.48,23.0,0,0,SYNTHETIC
34.48,19.0,1,0,SYNTHETIC
34.48,23.0,2,0,SYNTHETIC
34.48,38.0,3,0,SYNTHETIC
34.48,149.0,4,1,SYNTHETIC
34.48,96.0,5,1,SYNTHETIC
34.48,35.0,6,0,SYNTHETIC
34.48,39.0,7,0,SYNTHETIC
34.48,26.0,8,0,SYNTHETIC
34.48,45.0,9,0,SYNTHETIC
34.48,25.0,10,0,SYNTHETIC
34.48,47.0,11,0,SYNTHETIC
34.48,41.0,12,0,SYNTHETIC
34.48,26.0,13,0,SYNTHETIC
34.48,40.0,14,0,SYNTHETIC
34.48,48.0,15,0,SYNTHETIC
34.48,31.0,16,0,SYNTHETIC
34.48,27.0,17,0,SYNTHETIC
34.48,33.0,18,0,SYNTHETIC
34.48,32.0,19,0,SYNTHETIC
34.48,37.0,20,0,SYNTHETIC
34.48,30.0,21,0,SYNTHETIC
34.48,33.0,22,0,SYNTHETIC
34.48,21.0,23,0,SYNTHETIC
20.64,19.0,0,0,SYNTHETIC
20.64,24.0,1,0,SYNTHETIC
20.64,54.0,2,1,SYNTHETIC
20.64,28.0,3,0,SYNTHETIC
20.64,19.0,4,0,SYNTHETIC
20.64,13.0,5,0,SYNTHETIC
20.64,26.0,6,0,SYNTHETIC
20.64,21.0,7,0,SYNTHETIC
20.64,21.0,8,0,SYNTHETIC
20.64,26.0,9,0,SYNTHETIC
20.64,24.0,10,0,SYNTHETIC
20.64,25.0,11,0,SYNTHETIC
20.64,29.0,12,0,SYNTHETIC
20.64,23.0,13,0,SYNTHETIC
20.64,16.0,14,0,SYNTHETIC
20.64,13.0,15,0,SYNTHETIC
20.64,23.0,16,0,SYNTHETIC
20.64,29.0,17,0,SYNTHETIC
20.64,96.0,18,1,SYNTHETIC
20.64,17.0,19,0,SYNTHETIC
20.64,20.0,20,0,SYNTHETIC
20.64,19.0,21,0,SYNTHETIC
20.64,21.0,22,0,SYNTHETIC
20.64,18.0,23,0,SYNTHETIC
11.02,11.0,0,0,SYNTHETIC
11.02,7.0,1,0,SYNTHETIC
11.02,12.0,2,0,SYNTHETIC
11.02,10.0,3,0,SYNTHETIC
11.02,10.0,4,0,SYNTHETIC
11.02,7.0,5,0,SYNTHETIC
11.02,11.0,6,0,SYNTHETIC
11.02,11.0,7,0,SYNTHETIC
11.02,11.0,8,0,SYNTHETIC
11.02,11.0,9,0,SYNTHETIC
11.02,19.0,10,0,SYNTHETIC
11.02,11.0,11,0,SYNTHETIC
11.02,6.0,12,0,SYNTHETIC
11.02,14.0,13,0,SYNTHETIC
11.02,9.0,14,0,SYNTHETIC
11.02,16.0,15,0,SYNTHETIC
11.02,9.0,16,0,SYNTHETIC
11.02,11.0,17,0,SYNTHETIC
11.02,16.0,18,0,SYNTHETIC
11.02,7.0,19,0,SYNTHETIC
11.02,7.0,20,0,SYNTHETIC
11.02,12.0,21,0,SYNTHETIC
11.02,6.0,22,0,SYNTHETIC
11.02,16.0,23,0,SYNTHETIC
30.51,32.0,0,0,SYNTHETIC
30.51,28.0,1,0,SYNTHETIC
30.51,34.0,2,0,SYNTHETIC
30.51,26.0,3,0,SYNTHETIC
30.51,36.0,4,0,SYNTHETIC
30.51,25.0,5,0,SYNTHETIC
30.51,30.0,6,0,SYNTHETIC
30.51,33.0,7,0,SYNTHETIC
30.51,39.0,8,0,SYNTHETIC
30.51,43.0,9,0,SYNTHETIC
30.51,20.0,10,0,SYNTHETIC
30.51,29.0,11,0,SYNTHETIC
30.51,24.0,12,0,SYNTHETIC
30.51,27.0,13,0,SYNTHETIC
30.51,27.0,14,0,SYNTHETIC
30.51,22.0,15,0,SYNTHETIC
30.51,51.0,16,0,SYNTHETIC
30.51,33.0,17,0,SYNTHETIC
30.51,21.0,18,0,SYNTHETIC
30.51,37.0,19,0,SYNTHETIC
30.51,17.0,20,0,SYNTHETIC
30.51,21.0,21,0,SYNTHETIC
30.51,38.0,22,0,SYNTHETIC
30.51,43.0,23,0,SYNTHETIC
12.73,12.0,0,0,SYNTHETIC
12.73,61.0,1,1,SYNTHETIC
12.73,15.0,2,0,SYNTHETIC
12.73,15.0,3,0,SYNTHETIC
12.73,13.0,4,0,SYNTHETIC
12.73,17.0,5,0,SYNTHETIC
12.73,13.0,6,0,SYNTHETIC
12.73,12.0,7,0,SYNTHETIC
12.73,12.0,8,0,SYNTHETIC
12.73,9.0,9,0,SYNTHETIC
12.73,12.0,10,0,SYNTHETIC
12.73,13.0,11,0,SYNTHETIC
12.73,12.0,12,0,SYNTHETIC
12.73,49.0,13,1,SYNTHETIC
12.73,11.0,14,0,SYNTHETIC
12.73,53.0,15,1,SYNTHETIC
12.73,13.0,16,0,SYNTHETIC
12.73,16.0,17,0,SYNTHETIC
12.73,12.0,18,0,SYNTHETIC
12.73,16.0,19,0,SYNTHETIC
12.73,17.0,20,0,SYNTHETIC
12.73,8.0,21,0,SYNTHETIC
12.73,18.0,22,0,SYNTHETIC
12.73,10.0,23,0,SYNTHETIC
22.31,23.0,0,0,SYNTHETIC
22.31,22.0,1,0,SYNTHETIC
22.31,25.0,2,0,SYNTHETIC
22.31,28.0,3,0,SYNTHETIC
22.31,27.0,4,0,SYNTHETIC
22.31,99.0,5,1,SYNTHETIC
22.31,17.0,6,0,SYNTHETIC
22.31,25.0,7,0,SYNTHETIC
22.31,26.0,8,0,SYNTHETIC
22.31,26.0,9,0,SYNTHETIC
22.31,4.0,10,0,SYNTHETIC
22.31,16.0,11,0,SYNTHETIC
22.31,22.0,12,0,SYNTHETIC
22.31,16.0,13,0,SYNTHETIC
22.31,20.0,14,0,SYNTHETIC
22.31,19.0,15,0,SYNTHETIC
22.31,14.0,16,0,SYNTHETIC
22.31,34.0,17,0,SYNTHETIC
22.31,13.0,18,0,SYNTHETIC
22.31,17.0,19,0,SYNTHETIC
22.31,25.0,20,0,SYNTHETIC
22.31,24.0,21,0,SYNTHETIC
22.31,22.0,22,0,SYNTHETIC
22.31,19.0,23,0,SYNTHETIC
31.73,20.0,0,0,SYNTHETIC
31.73,48.0,1,0,SYNTHETIC
31.73,145.0,2,1,SYNTHETIC
31.73,28.0,3,0,SYNTHETIC
31.73,31.0,4,0,SYNTHETIC
31.73,155.0,5,1,SYNTHETIC
31.73,83.0,6,1,SYNTHETIC
31.73,23.0,7,0,SYNTHETIC
31.73,36.0,8,0,SYNTHETIC
31.73,22.0,9,0,SYNTHETIC
31.73,37.0,10,0,SYNTHETIC
31.73,24.0,11,0,SYNTHETIC
31.73,32.0,12,0,SYNTHETIC
31.73,29.0,13,0,SYNTHETIC
31.73,37.0,14,0,SYNTHETIC
31.73,41.0,15,0,SYNTHETIC
31.73,26.0,16,0,SYNTHETIC
31.73,31.0,17,0,SYNTHETIC
31.73,13.0,18,0,SYNTHETIC
31.73,38.0,19,0,SYNTHETIC
31.73,26.0,20,0,SYNTHETIC
31.73,37.0,21,0,SYNTHETIC
31.73,37.0,22,0,SYNTHETIC
31.73,31.0,23,0,SYNTHETIC
28.53,47.0,0,0,SYNTHETIC
28.53,23.0,1,0,SYNTHETIC
28.53,37.0,2,0,SYNTHETIC
28.53,23.0,3,0,SYNTHETIC
28.53,23.0,4,0,SYNTHETIC
28.53,27.0,5,0,SYNTHETIC
28.53,114.0,6,1,SYNTHETIC
28.53,25.0,7,0,SYNTHETIC
28.53,104.0,8,1,SYNTHETIC
28.53,29.0,9,0,SYNTHETIC
28.53,30.0,10,0,SYNTHETIC
28.53,26.0,11,0,SYNTHETIC
28.53,27.0,12,0,SYNTHETIC
28.53,34.0,13,0,SYNTHETIC
28.53,22.0,14,0,SYNTHETIC
28.53,31.0,15,0,SYNTHETIC
28.53,25.0,16,0,SYNTHETIC
28.53,42.0,17,0,SYNTHETIC
28.53,23.0,18,0,SYNTHETIC
28.53,32.0,19,0,SYNTHETIC
28.53,38.0,20,0,SYNTHETIC
28.53,15.0,21,0,SYNTHETIC
28.53,24.0,22,0,SYNTHETIC
28.53,18.0,23,0,SYNTHETIC
20.36,21.0,0,0,SYNTHETIC
20.36,25.0,1,0,SYNTHETIC
20.36,12.0,2,0,SYNTHETIC
20.36,25.0,3,0,SYNTHETIC
20.36,18.0,4,0,SYNTHETIC
20.36,17.0,5,0,SYNTHETIC
20.36,13.0,6,0,SYNTHETIC
20.36,16.0,7,0,SYNTHETIC
20.36,23.0,8,0,SYNTHETIC
20.36,27.0,9,0,SYNTHETIC
20.36,23.0,10,0,SYNTHETIC
20.36,18.0,11,0,SYNTHETIC
20.36,25.0,12,0,SYNTHETIC
20.36,13.0,13,0,SYNTHETIC
20.36,28.0,14,0,SYNTHETIC
20.36,24.0,15,0,SYNTHETIC
20.36,26.0,16,0,SYNTHETIC
20.36,16.0,17,0,SYNTHETIC
20.36,33.0,18,0,SYNTHETIC
20.36,25.0,19,0,SYNTHETIC
20.36,14.0,20,0,SYNTHETIC
20.36,25.0,21,0,SYNTHETIC
20.36,18.0,22,0,SYNTHETIC
20.36,16.0,23,0,SYNTHETIC
12.23,10.0,0,0,SYNTHETIC
12.23,5.0,1,0,SYNTHETIC
12.23,14.0,2,0,SYNTHETIC
12.23,17.0,3,0,SYNTHETIC
12.23,13.0,4,0,SYNTHETIC
12.23,14.0,5,0,SYNTHETIC
12.23,13.0,6,0,SYNTHETIC
12.23,9.0,7,0,SYNTHETIC
12.23,11.0,8,0,SYNTHETIC
12.23,14.0,9,0,SYNTHETIC
12.23,15.0,10,0,SYNTHETIC
12.23,8.0,11,0,SYNTHETIC
12.23,16.0,12,0,SYNTHETIC
12.23,16.0,13,0,SYNTHETIC
12.23,15.0,14,0,SYNTHETIC
12.23,14.0,15,0,SYNTHETIC
12.23,8.0,16,0,SYNTHETIC
12.23,13.0,17,0,SYNTHETIC
12.23,17.0,18,0,SYNTHETIC
12.23,12.0,19,0,SYNTHETIC
12.23,13.0,20,0,SYNTHETIC
12.23,14.0,21,0,SYNTHETIC
12.23,11.0,22,0,SYNTHETIC
12.23,9.0,23,0,SYNTHETIC
30.74,42.0,0,0,SYNTHETIC
30.74,26.0,1,0,SYNTHETIC
30.74,106.0,2,1,SYNTHETIC
30.74,22.0,3,0,SYNTHETIC
30.74,21.0,4,0,SYNTHETIC
30.74,33.0,5,0,SYNTHETIC
30.74,19.0,6,0,SYNTHETIC
30.74,38.0,7,0,SYNTHETIC
30.74,22.0,8,0,SYNTHETIC
30.74,49.0,9,0,SYNTHETIC
30.74,39.0,10,0,SYNTHETIC
30.74,23.0,11,0,SYNTHETIC
30.74,41.0,12,0,SYNTHETIC
30.74,32.0,13,0,SYNTHETIC
30.74,17.0,14,0,SYNTHETIC
30.74,36.0,15,0,SYNTHETIC
30.74,30.0,16,0,SYNTHETIC
30.74,26.0,17,0,SYNTHETIC
30.74,28.0,18,0,SYNTHETIC
30.74,24.0,19,0,SYNTHETIC
30.74,17.0,20,0,SYNTHETIC
30.74,26.0,21,0,SYNTHETIC
30.74,28.0,22,0,SYNTHETIC
30.74,35.0,23,0,SYNTHETIC
37.25,45.0,0,0,SYNTHETIC
37.25,34.0,1,0,SYNTHETIC
37.25,160.0,2,1,SYNTHETIC
37.25,40.0,3,0,SYNTHETIC
37.25,34.0,4,0,SYNTHETIC
37.25,31.0,5,0,SYNTHETIC
37.25,40.0,6,0,SYNTHETIC
37.25,33.0,7,0,SYNTHETIC
37.25,19.0,8,0,SYNTHETIC
37.25,34.0,9,0,SYNTHETIC
37.25,37.0,10,0,SYNTHETIC
37.25,26.0,11,0,SYNTHETIC
37.25,180.0,12,1,SYNTHETIC
37.25,20.0,13,0,SYNTHETIC
37.25,38.0,14,0,SYNTHETIC
37.25,26.0,15,0,SYNTHETIC
37.25,52.0,16,0,SYNTHETIC
37.25,40.0,17,0,SYNTHETIC
37.25,56.0,18,0,SYNTHETIC
37.25,16.0,19,0,SYNTHETIC
37.25,29.0,20,0,SYNTHETIC
37.25,37.0,21,0,SYNTHETIC
37.25,50.0,22,0,SYNTHETIC
37.25,35.0,23,0,SYNTHETIC
10.75,10.0,0,0,SYNTHETIC
10.75,17.0,1,0,SYNTHETIC
10.75,8.0,2,0,SYNTHETIC
10.75,11.0,3,0,SYNTHETIC
10.75,11.0,4,0,SYNTHETIC
10.75,14.0,5,0,SYNTHETIC
10.75,12.0,6,0,SYNTHETIC
10.75,11.0,7,0,SYNTHETIC
10.75,9.0,8,0,SYNTHETIC
10.75,7.0,9,0,SYNTHETIC
10.75,10.0,10,0,SYNTHETIC
10.75,12.0,11,0,SYNTHETIC
10.75,11.0,12,0,SYNTHETIC
10.75,11.0,13,0,SYNTHETIC
10.75,46.0,14,1,SYNTHETIC
10.75,37.0,15,1,SYNTHETIC
10.75,12.0,16,0,SYNTHETIC
10.75,14.0,17,0,SYNTHETIC
10.75,10.0,18,0,SYNTHETIC
10.75,10.0,19,0,SYNTHETIC
10.75,10.0,20,0,SYNTHETIC
10.75,11.0,21,0,SYNTHETIC
10.75,18.0,22,0,SYNTHETIC
10.75,8.0,23,0,SYNTHETIC
37.3,34.0,0,0,SYNTHETIC
37.3,43.0,1,0,SYNTHETIC
37.3,21.0,2,0,SYNTHETIC
37.3,51.0,3,0,SYNTHETIC
37.3,45.0,4,0,SYNTHETIC
37.3,36.0,5,0,SYNTHETIC
37.3,23.0,6,0,SYNTHETIC
37.3,40.0,7,0,SYNTHETIC
37.3,40.0,8,0,SYNTHETIC
37.3,34.0,9,0,SYNTHETIC
37.3,47.0,10,0,SYNTHETIC
37.3,36.0,11,0,SYNTHETIC
37.3,48.0,12,0,SYNTHETIC
37.3,37.0,13,0,SYNTHETIC
37.3,34.0,14,0,SYNTHETIC
37.3,40.0,15,0,SYNTHETIC
37.3,31.0,16,0,SYNTHETIC
37.3,39.0,17,0,SYNTHETIC
37.3,37.0,18,0,SYNTHETIC
37.3,34.0,19,0,SYNTHETIC
37.3,23.0,20,0,SYNTHETIC
37.3,37.0,21,0,SYNTHETIC
37.3,45.0,22,0,SYNTHETIC
37.3,34.0,23,0,SYNTHETIC
25.05,26.0,0,0,SYNTHETIC
25.05,13.0,1,0,SYNTHETIC
25.05,24.0,2,0,SYNTHETIC
25.05,26.0,3,0,SYNTHETIC
25.05,30.0,4,0,SYNTHETIC
25.05,26.0,5,0,SYNTHETIC
25.05,25.0,6,0,SYNTHETIC
25.05,25.0,7,0,SYNTHETIC
25.05,22.0,8,0,SYNTHETIC
25.05,16.0,9,0,SYNTHETIC
25.05,20.0,10,0,SYNTHETIC
25.05,20.0,11,0,SYNTHETIC
25.05,27.0,12,0,SYNTHETIC
25.05,38.0,13,0,SYNTHETIC
25.05,24.0,14,0,SYNTHETIC
25.05,24.0,15,0,SYNTHETIC
25.05,15.0,16,0,SYNTHETIC
25.05,106.0,17,1,SYNTHETIC
25.05,20.0,18,0,SYNTHETIC
25.05,33.0,19,0,SYNTHETIC
25.05,19.0,20,0,SYNTHETIC
25.05,27.0,21,0,SYNTHETIC
25.05,25.0,22,0,SYNTHETIC
25.05,21.0,23,0,SYNTHETIC
39.03,50.0,0,0,SYNTHETIC
39.03,28.0,1,0,SYNTHETIC
39.03,44.0,2,0,SYNTHETIC
39.03,49.0,3,0,SYNTHETIC
39.03,31.0,4,0,SYNTHETIC
39.03,36.0,5,0,SYNTHETIC
39.03,37.0,6,0,SYNTHETIC
39.03,35.0,7,0,SYNTHETIC
39.03,32.0,8,0,SYNTHETIC
39.03,29.0,9,0,SYNTHETIC
39.03,38.0,10,0,SYNTHETIC
39.03,131.0,11,1,SYNTHETIC
39.03,18.0,12,0,SYNTHETIC
39.03,37.0,13,0,SYNTHETIC
39.03,46.0,14,0,SYNTHETIC
39.03,98.0,15,1,SYNTHETIC
39.03,42.0,16,0,SYNTHETIC
39.03,51.0,17,0,SYNTHETIC
39.03,56.0,18,0,SYNTHETIC
39.03,36.0,19,0,SYNTHETIC
39.03,52.0,20,0,SYNTHETIC
39.03,38.0,21,0,SYNTHETIC
39.03,102.0,22,1,SYNTHETIC
39.03,42.0,23,0,SYNTHETIC
10.33,15.0,0,0,SYNTHETIC
10.33,7.0,1,0,SYNTHETIC
10.33,47.0,2,1,SYNTHETIC
10.33,14.0,3,0,SYNTHETIC
10.33,10.0,4,0,SYNTHETIC
10.33,12.0,5,0,SYNTHETIC
10.33,10.0,6,0,SYNTHETIC
10.33,10.0,7,0,SYNTHETIC
10.33,39.0,8,1,SYNTHETIC
10.33,12.0,9,0,SYNTHETIC
10.33,12.0,10,0,SYNTHETIC
10.33,9.0,11,0,SYNTHETIC
10.33,11.0,12,0,SYNTHETIC
10.33,10.0,13,0,SYNTHETIC
10.33,15.0,14,0,SYNTHETIC
10.33,13.0,15,0,SYNTHETIC
10.33,11.0,16,0,SYNTHETIC
10.33,9.0,17,0,SYNTHETIC
10.33,12.0,18,0,SYNTHETIC
10.33,13.0,19,0,SYNTHETIC
10.33,11.0,20,0,SYNTHETIC
10.33,14.0,21,0,SYNTHETIC
10.33,11.0,22,0,SYNTHETIC
10.33,9.0,23,0,SYNTHETIC
35.8,26.0,0,0,SYNTHETIC
35.8,31.0,1,0,SYNTHETIC
35.8,34.0,2,0,SYNTHETIC
35.8,18.0,3,0,SYNTHETIC
35.8,31.0,4,0,SYNTHETIC
35.8,57.0,5,0,SYNTHETIC
35.8,47.0,6,0,SYNTHETIC
35.8,18.0,7,0,SYNTHETIC
35.8,23.0,8,0,SYNTHETIC
35.8,42.0,9,0,SYNTHETIC
35.8,35.0,10,0,SYNTHETIC
35.8,26.0,11,0,SYNTHETIC
35.8,38.0,12,0,SYNTHETIC
35.8,21.0,13,0,SYNTHETIC
35.8,18.0,14,0,SYNTHETIC
35.8,55.0,15,0,SYNTHETIC
35.8,29.0,16,0,SYNTHETIC
35.8,42.0,17,0,SYNTHETIC
35.8,32.0,18,0,SYNTHETIC
35.8,43.0,19,0,SYNTHETIC
35.8,33.0,20,0,SYNTHETIC
35.8,46.0,21,0,SYNTHETIC
35.8,34.0,22,0,SYNTHETIC
35.8,29.0,23,0,SYNTHETIC
35.25,38.0,0,0,SYNTHETIC
35.25,33.0,1,0,SYNTHETIC
35.25,34.0,2,0,SYNTHETIC
35.25,40.0,3,0,SYNTHETIC
35.25,30.0,4,0,SYNTHETIC
35.25,31.0,5,0,SYNTHETIC
35.25,34.0,6,0,SYNTHETIC
35.25,37.0,7,0,SYNTHETIC
35.25,20.0,8,0,SYNTHETIC
35.25,30.0,9,0,SYNTHETIC
35.25,32.0,10,0,SYNTHETIC
35.25,33.0,11,0,SYNTHETIC
35.25,28.0,12,0,SYNTHETIC
35.25,31.0,13,0,SYNTHETIC
35.25,28.0,14,0,SYNTHETIC
35.25,34.0,15,0,SYNTHETIC
35.25,37.0,16,0,SYNTHETIC
35.25,145.0,17,1,SYNTHETIC
35.25,42.0,18,0,SYNTHETIC
35.25,39.0,19,0,SYNTHETIC
35.25,34.0,20,0,SYNTHETIC
35.25,31.0,21,0,SYNTHETIC
35.25,25.0,22,0,SYNTHETIC
35.25,33.0,23,0,SYNTHETIC
15.6,14.0,0,0,SYNTHETIC
15.6,14.0,1,0,SYNTHETIC
15.6,17.0,2,0,SYNTHETIC
15.6,17.0,3,0,SYNTHETIC
15.6,16.0,4,0,SYNTHETIC
15.6,16.0,5,0,SYNTHETIC
15.6,14.0,6,0,SYNTHETIC
15.6,20.0,7,0,SYNTHETIC
15.6,16.0,8,0,SYNTHETIC
15.6,19.0,9,0,SYNTHETIC
15.6,18.0,10,0,SYNTHETIC
15.6,62.0,11,1,SYNTHETIC
15.6,17.0,12,0,SYNTHETIC
15.6,12.0,13,0,SYNTHETIC
15.6,13.0,14,0,SYNTHETIC
15.6,20.0,15,0,SYNTHETIC
15.6,19.0,16,0,SYNTHETIC
15.6,11.0,17,0,SYNTHETIC
15.6,20.0,18,0,SYNTHETIC
15.6,14.0,19,0,SYNTHETIC
15.6,21.0,20,0,SYNTHETIC
15.6,11.0,21,0,SYNTHETIC
15.6,13.0,22,0,SYNTHETIC
15.6,19.0,23,0,SYNTHETIC
26.79,26.0,0,0,SYNTHETIC
26.79,44.0,1,0,SYNTHETIC
26.79,33.0,2,0,SYNTHETIC
26.79,25.0,3,0,SYNTHETIC
26.79,21.0,4,0,SYNTHETIC
26.79,90.0,5,1,SYNTHETIC
26.79,40.0,6,0,SYNTHETIC
26.79,21.0,7,0,SYNTHETIC
26.79,16.0,8,0,SYNTHETIC
26.79,32.0,9,0,SYNTHETIC
26.79,22.0,10,0,SYNTHETIC
26.79,99.0,11,1,SYNTHETIC
26.79,37.0,12,0,SYNTHETIC
26.79,23.0,13,0,SYNTHETIC
26.79,21.0,14,0,SYNTHETIC
26.79,25.0,15,0,SYNTHETIC
26.79,33.0,16,0,SYNTHETIC
26.79,26.0,17,0,SYNTHETIC
26.79,31.0,18,0,SYNTHETIC
26.79,22.0,19,0,SYNTHETIC
26.79,26.0,20,0,SYNTHETIC
26.79,33.0,21,0,SYNTHETIC
26.79,29.0,22,0,SYNTHETIC
26.79,21.0,23,0,SYNTHETIC
12.33,15.0,0,0,SYNTHETIC
12.33,12.0,1,0,SYNTHETIC
12.33,13.0,2,0,SYNTHETIC
12.33,13.0,3,0,SYNTHETIC
12.33,10.0,4,0,SYNTHETIC
12.33,16.0,5,0,SYNTHETIC
12.33,11.0,6,0,SYNTHETIC
12.33,15.0,7,0,SYNTHETIC
12.33,14.0,8,0,SYNTHETIC
12.33,40.0,9,1,SYNTHETIC
12.33,13.0,10,0,SYNTHETIC
12.33,15.0,11,0,SYNTHETIC
12.33,17.0,12,0,SYNTHETIC
12.33,10.0,13,0,SYNTHETIC
12.33,50.0,14,1,SYNTHETIC
12.33,14.0,15,0,SYNTHETIC
12.33,10.0,16,0,SYNTHETIC
12.33,13.0,17,0,SYNTHETIC
12.33,12.0,18,0,SYNTHETIC
12.33,14.0,19,0,SYNTHETIC
12.33,10.0,20,0,SYNTHETIC
12.33,60.0,21,1,SYNTHETIC
12.33,32.0,22,1,SYNTHETIC
12.33,3.0,23,0,SYNTHETIC
33.88,27.0,0,0,SYNTHETIC
33.88,18.0,1,0,SYNTHETIC
33.88,35.0,2,0,SYNTHETIC
33.88,41.0,3,0,SYNTHETIC
33.88,36.0,4,0,SYNTHETIC
33.88,27.0,5,0,SYNTHETIC
33.88,26.0,6,0,SYNTHETIC
33.88,20.0,7,0,SYNTHETIC
33.88,32.0,8,0,SYNTHETIC
33.88,31.0,9,0,SYNTHETIC
33.88,41.0,10,0,SYNTHETIC
33.88,28.0,11,0,SYNTHETIC
33.88,52.0,12,0,SYNTHETIC
33.88,33.0,13,0,SYNTHETIC
33.88,27.0,14,0,SYNTHETIC
33.88,24.0,15,0,SYNTHETIC
33.88,33.0,16,0,SYNTHETIC
33.88,44.0,17,0,SYNTHETIC
33.88,25.0,18,0,SYNTHETIC
33.88,32.0,19,0,SYNTHETIC
33.88,29.0,20,0,SYNTHETIC
33.88,36.0,21,0,SYNTHETIC
33.88,42.0,22,0,SYNTHETIC
33.88,44.0,23,0,SYNTHETIC
10.54,13.0,0,0,SYNTHETIC
10.54,19.0,1,0,SYNTHETIC
10.54,13.0,2,0,SYNTHETIC
10.54,15.0,3,0,SYNTHETIC
10.54,13.0,4,0,SYNTHETIC
10.54,10.0,5,0,SYNTHETIC
10.54,7.0,6,0,SYNTHETIC
10.54,10.0,7,0,SYNTHETIC
10.54,12.0,8,0,SYNTHETIC
10.54,16.0,9,0,SYNTHETIC
10.54,9.0,10,0,SYNTHETIC
10.54,13.0,11,0,SYNTHETIC
10.54,15.0,12,0,SYNTHETIC
10.54,12.0,13,0,SYNTHETIC
10.54,9.0,14,0,SYNTHETIC
10.54,9.0,15,0,SYNTHETIC
10.54,13.0,16,0,SYNTHETIC
10.54,5.0,17,0,SYNTHETIC
10.54,6.0,18,0,SYNTHETIC
10.54,10.0,19,0,SYNTHETIC
10.54,6.0,20,0,SYNTHETIC
10.54,9.0,21,0,SYNTHETIC
10.54,9.0,22,0,SYNTHETIC
10.54,15.0,23,0,SYNTHETIC
36.0,24.0,0,0,SYNTHETIC
36.0,44.0,1,0,SYNTHETIC
36.0,31.0,2,0,SYNTHETIC
36.0,31.0,3,0,SYNTHETIC
36.0,115.0,4,1,SYNTHETIC
36.0,31.0,5,0,SYNTHETIC
36.0,48.0,6,0,SYNTHETIC
36.0,33.0,7,0,SYNTHETIC
36.0,39.0,8,0,SYNTHETIC
36.0,36.0,9,0,SYNTHETIC
36.0,50.0,10,0,SYNTHETIC
36.0,127.0,11,1,SYNTHETIC
36.0,35.0,12,0,SYNTHETIC
36.0,26.0,13,0,SYNTHETIC
36.0,46.0,14,0,SYNTHETIC
36.0,35.0,15,0,SYNTHETIC
36.0,54.0,16,0,SYNTHETIC
36.0,38.0,17,0,SYNTHETIC
36.0,32.0,18,0,SYNTHETIC
36.0,107.0,19,1,SYNTHETIC
36.0,28.0,20,0,SYNTHETIC
36.0,49.0,21,0,SYNTHETIC
36.0,39.0,22,0,SYNTHETIC
36.0,38.0,23,0,SYNTHETIC
33.51,21.0,0,0,SYNTHETIC
33.51,35.0,1,0,SYNTHETIC
33.51,31.0,2,0,SYNTHETIC
33.51,32.0,3,0,SYNTHETIC
33.51,30.0,4,0,SYNTHETIC
33.51,33.0,5,0,SYNTHETIC
33.51,26.0,6,0,SYNTHETIC
33.51,44.0,7,0,SYNTHETIC
33.51,28.0,8,0,SYNTHETIC
33.51,45.0,9,0,SYNTHETIC
33.51,37.0,10,0,SYNTHETIC
33.51,24.0,11,0,SYNTHETIC
33.51,38.0,12,0,SYNTHETIC
33.51,32.0,13,0,SYNTHETIC
33.51,44.0,14,0,SYNTHETIC
33.51,32.0,15,0,SYNTHETIC
33.51,49.0,16,0,SYNTHETIC
33.51,51.0,17,0,SYNTHETIC
33.51,34.0,18,0,SYNTHETIC
33.51,23.0,19,0,SYNTHETIC
33.51,166.0,20,1,SYNTHETIC
33.51,42.0,21,0,SYNTHETIC
33.51,22.0,22,0,SYNTHETIC
33.51,30.0,23,0,SYNTHETIC
15.86,14.0,0,0,SYNTHETIC
15.86,16.0,1,0,SYNTHETIC
15.86,20.0,2,0,SYNTHETIC
15.86,18.0,3,0,SYNTHETIC
15.86,71.0,4,1,SYNTHETIC
15.86,19.0,5,0,SYNTHETIC
15.86,16.0,6,0,SYNTHETIC
15.86,18.0,7,0,SYNTHETIC
15.86,14.0,8,0,SYNTHETIC
15.86,18.0,9,0,SYNTHETIC
15.86,18.0,10,0,SYNTHETIC
15.86,14.0,11,0,SYNTHETIC
15.86,9.0,12,0,SYNTHETIC
15.86,18.0,13,0,SYNTHETIC
15.86,21.0,14,0,SYNTHETIC
15.86,17.0,15,0,SYNTHETIC
15.86,17.0,16,0,SYNTHETIC
15.86,18.0,17,0,SYNTHETIC
15.86,24.0,18,0,SYNTHETIC
15.86,18.0,19,0,SYNTHETIC
15.86,13.0,20,0,SYNTHETIC
15.86,17.0,21,0,SYNTHETIC
15.86,15.0,22,0,SYNTHETIC
15.86,18.0,23,0,SYNTHETIC
14.38,9.0,0,0,SYNTHETIC
14.38,16.0,1,0,SYNTHETIC
14.38,14.0,2,0,SYNTHETIC
14.38,11.0,3,0,SYNTHETIC
14.38,12.0,4,0,SYNTHETIC
14.38,56.0,5,1,SYNTHETIC
14.38,12.0,6,0,SYNTHETIC
14.38,14.0,7,0,SYNTHETIC
14.38,15.0,8,0,SYNTHETIC
14.38,13.0,9,0,SYNTHETIC
14.38,10.0,10,0,SYNTHETIC
14.38,17.0,11,0,SYNTHETIC
14.38,14.0,12,0,SYNTHETIC
14.38,11.0,13,0,SYNTHETIC
14.38,21.0,14,0,SYNTHETIC
14.38,23.0,15,0,SYNTHETIC
14.38,8.0,16,0,SYNTHETIC
14.38,16.0,17,0,SYNTHETIC
14.38,9.0,18,0,SYNTHETIC
14.38,19.0,19,0,SYNTHETIC
14.38,16.0,20,0,SYNTHETIC
14.38,12.0,21,0,SYNTHETIC
14.38,12.0,22,0,SYNTHETIC
14.38,16.0,23,0,SYNTHETIC
23.81,20.0,0,0,SYNTHETIC
23.81,25.0,1,0,SYNTHETIC
23.81,19.0,2,0,SYNTHETIC
23.81,17.0,3,0,SYNTHETIC
23.81,16.0,4,0,SYNTHETIC
23.81,34.0,5,0,SYNTHETIC
23.81,22.0,6,0,SYNTHETIC
23.81,35.0,7,0,SYNTHETIC
23.81,21.0,8,0,SYNTHETIC
23.81,24.0,9,0,SYNTHETIC
23.81,31.0,10,0,SYNTHETIC
23.81,21.0,11,0,SYNTHETIC
23.81,21.0,12,0,SYNTHETIC
23.81,31.0,13,0,SYNTHETIC
23.81,29.0,14,0,SYNTHETIC
23.81,26.0,15,0,SYNTHETIC
23.81,21.0,16,0,SYNTHETIC
23.81,22.0,17,0,SYNTHETIC
23.81,28.0,18,0,SYNTHETIC
23.81,24.0,19,0,SYNTHETIC
23.81,26.0,20,0,SYNTHETIC
23.81,90.0,21,1,SYNTHETIC
23.81,26.0,22,0,SYNTHETIC
23.81,14.0,23,0,SYNTHETIC
18.73,14.0,0,0,SYNTHETIC
18.73,23.0,1,0,SYNTHETIC
18.73,19.0,2,0,SYNTHETIC
18.73,21.0,3,0,SYNTHETIC
18.73,12.0,4,0,SYNTHETIC
18.73,23.0,5,0,SYNTHETIC
18.73,25.0,6,0,SYNTHETIC
18.73,16.0,7,0,SYNTHETIC
18.73,14.0,8,0,SYNTHETIC
18.73,17.0,9,0,SYNTHETIC
18.73,16.0,10,0,SYNTHETIC
18.73,18.0,11,0,SYNTHETIC
18.73,14.0,12,0,SYNTHETIC
18.73,19.0,13,0,SYNTHETIC
18.73,11.0,14,0,SYNTHETIC
18.73,18.0,15,0,SYNTHETIC
18.73,14.0,16,0,SYNTHETIC
18.73,27.0,17,0,SYNTHETIC
18.73,15.0,18,0,SYNTHETIC
18.73,24.0,19,0,SYNTHETIC
18.73,4.0,20,0,SYNTHETIC
18.73,25.0,21,0,SYNTHETIC
18.73,15.0,22,0,SYNTHETIC
18.73,13.0,23,0,SYNTHETIC
13.03,17.0,0,0,SYNTHETIC
13.03,13.0,1,0,SYNTHETIC
13.03,14.0,2,0,SYNTHETIC
13.03,10.0,3,0,SYNTHETIC
13.03,15.0,4,0,SYNTHETIC
13.03,10.0,5,0,SYNTHETIC
13.03,11.0,6,0,SYNTHETIC
13.03,13.0,7,0,SYNTHETIC
13.03,19.0,8,0,SYNTHETIC
13.03,20.0,9,0,SYNTHETIC
13.03,43.0,10,1,SYNTHETIC
13.03,6.0,11,0,SYNTHETIC
13.03,16.0,12,0,SYNTHETIC
13.03,15.0,13,0,SYNTHETIC
13.03,8.0,14,0,SYNTHETIC
13.03,14.0,15,0,SYNTHETIC
13.03,10.0,16,0,SYNTHETIC
13.03,14.0,17,0,SYNTHETIC
13.03,49.0,18,1,SYNTHETIC
13.03,10.0,19,0,SYNTHETIC
13.03,13.0,20,0,SYNTHETIC
13.03,8.0,21,0,SYNTHETIC
13.03,11.0,22,0,SYNTHETIC
13.03,14.0,23,0,SYNTHETIC
23.63,93.0,0,1,SYNTHETIC
23.63,25.0,1,0,SYNTHETIC
23.63,34.0,2,0,SYNTHETIC
23.63,28.0,3,0,SYNTHETIC
23.63,8.0,4,0,SYNTHETIC
23.63,37.0,5,0,SYNTHETIC
23.63,16.0,6,0,SYNTHETIC
23.63,27.0,7,0,SYNTHETIC
23.63,33.0,8,0,SYNTHETIC
23.63,15.0,9,0,SYNTHETIC
23.63,26.0,10,0,SYNTHETIC
23.63,113.0,11,1,SYNTHETIC
23.63,22.0,12,0,SYNTHETIC
23.63,19.0,13,0,SYNTHETIC
23.63,29.0,14,0,SYNTHETIC
23.63,17.0,15,0,SYNTHETIC
23.63,31.0,16,0,SYNTHETIC
23.63,29.0,17,0,SYNTHETIC
23.63,19.0,18,0,SYNTHETIC
23.63,27.0,19,0,SYNTHETIC
23.63,25.0,20,0,SYNTHETIC
23.63,28.0,21,0,SYNTHETIC
23.63,21.0,22,0,SYNTHETIC
23.63,19.0,23,0,SYNTHETIC
15.13,18.0,0,0,SYNTHETIC
15.13,12.0,1,0,SYNTHETIC
15.13,16.0,2,0,SYNTHETIC
15.13,12.0,3,0,SYNTHETIC
15.13,17.0,4,0,SYNTHETIC
15.13,18.0,5,0,SYNTHETIC
15.13,22.0,6,0,SYNTHETIC
15.13,19.0,7,0,SYNTHETIC
15.13,18.0,8,0,SYNTHETIC
15.13,15.0,9,0,SYNTHETIC
15.13,8.0,10,0,SYNTHETIC
15.13,13.0,11,0,SYNTHETIC
15.13,17.0,12,0,SYNTHETIC
15.13,14.0,13,0,SYNTHETIC
15.13,15.0,14,0,SYNTHETIC
15.13,14.0,15,0,SYNTHETIC
15.13,17.0,16,0,SYNTHETIC
15.13,16.0,17,0,SYNTHETIC
15.13,17.0,18,0,SYNTHETIC
15.13,14.0,19,0,SYNTHETIC
15.13,20.0,20,0,SYNTHETIC
15.13,20.0,21,0,SYNTHETIC
15.13,68.0,22,1,SYNTHETIC
15.13,11.0,23,0,SYNTHETIC
37.93,47.0,0,0,SYNTHETIC
37.93,41.0,1,0,SYNTHETIC
37.93,32.0,2,0,SYNTHETIC
37.93,31.0,3,0,SYNTHETIC
37.93,42.0,4,0,SYNTHETIC
37.93,36.0,5,0,SYNTHETIC
37.93,55.0,6,0,SYNTHETIC
37.93,37.0,7,0,SYNTHETIC
37.93,35.0,8,0,SYNTHETIC
37.93,28.0,9,0,SYNTHETIC
37.93,38.0,10,0,SYNTHETIC
37.93,34.0,11,0,SYNTHETIC
37.93,46.0,12,0,SYNTHETIC
37.93,51.0,13,0,SYNTHETIC
37.93,39.0,14,0,SYNTHETIC
37.93,46.0,15,0,SYNTHETIC
37.93,34.0,16,0,SYNTHETIC
37.93,36.0,17,0,SYNTHETIC
37.93,46.0,18,0,SYNTHETIC
37.93,27.0,19,0,SYNTHETIC
37.93,49.0,20,0,SYNTHETIC
37.93,30.0,21,0,SYNTHETIC
37.93,36.0,22,0,SYNTHETIC
37.93,36.0,23,0,SYNTHETIC
39.46,41.0,0,0,SYNTHETIC
39.46,51.0,1,0,SYNTHETIC
39.46,37.0,2,0,SYNTHETIC
39.46,30.0,3,0,SYNTHETIC
39.46,37.0,4,0,SYNTHETIC
39.46,34.0,5,0,SYNTHETIC
39.46,31.0,6,0,SYNTHETIC
39.46,43.0,7,0,SYNTHETIC
39.46,29.0,8,0,SYNTHETIC
39.46,47.0,9,0,SYNTHETIC
39.46,42.0,10,0,SYNTHETIC
39.46,175.0,11,1,SYNTHETIC
39.46,40.0,12,0,SYNTHETIC
39.46,54.0,13,0,SYNTHETIC
39.46,37.0,14,0,SYNTHETIC
39.46,56.0,15,0,SYNTHETIC
39.46,35.0,16,0,SYNTHETIC
39.46,52.0,17,0,SYNTHETIC
39.46,51.0,18,0,SYNTHETIC
39.46,30.0,19,0,SYNTHETIC
39.46,48.0,20,0,SYNTHETIC
39.46,34.0,21,0,SYNTHETIC
39.46,54.0,22,0,SYNTHETIC
39.46,22.0,23,0,SYNTHETIC
29.12,25.0,0,0,SYNTHETIC
29.12,27.0,1,0,SYNTHETIC
29.12,25.0,2,0,SYNTHETIC
29.12,35.0,3,0,SYNTHETIC
29.12,25.0,4,0,SYNTHETIC
29.12,26.0,5,0,SYNTHETIC
29.12,24.0,6,0,SYNTHETIC
29.12,24.0,7,0,SYNTHETIC
29.12,25.0,8,0,SYNTHETIC
29.12,34.0,9,0,SYNTHETIC
29.12,42.0,10,0,SYNTHETIC
29.12,35.0,11,0,SYNTHETIC
29.12,19.0,12,0,SYNTHETIC
29.12,20.0,13,0,SYNTHETIC
29.12,34.0,14,0,SYNTHETIC
29.12,38.0,15,0,SYNTHETIC
29.12,32.0,16,0,SYNTHETIC
29.12,24.0,17,0,SYNTHETIC
29.12,20.0,18,0,SYNTHETIC
29.12,22.0,19,0,SYNTHETIC
29.12,41.0,20,0,SYNTHETIC
29.12,38.0,21,0,SYNTHETIC
29.12,21.0,22,0,SYNTHETIC
29.12,29.0,23,0,SYNTHETIC
32.03,27.0,0,0,SYNTHETIC
32.03,26.0,1,0,SYNTHETIC
32.03,105.0,2,1,SYNTHETIC
32.03,21.0,3,0,SYNTHETIC
32.03,21.0,4,0,SYNTHETIC
32.03,27.0,5,0,SYNTHETIC
32.03,43.0,6,0,SYNTHETIC
32.03,118.0,7,1,SYNTHETIC
32.03,15.0,8,0,SYNTHETIC
32.03,39.0,9,0,SYNTHETIC
32.03,27.0,10,0,SYNTHETIC
32.03,38.0,11,0,SYNTHETIC
32.03,26.0,12,0,SYNTHETIC
32.03,50.0,13,0,SYNTHETIC
32.03,30.0,14,0,SYNTHETIC
32.03,31.0,15,0,SYNTHETIC
32.03,25.0,16,0,SYNTHETIC
32.03,32.0,17,0,SYNTHETIC
32.03,30.0,18,0,SYNTHETIC
32.03,32.0,19,0,SYNTHETIC
32.03,34.0,20,0,SYNTHETIC
32.03,31.0,21,0,SYNTHETIC
32.03,34.0,22,0,SYNTHETIC
32.03,14.0,23,0,SYNTHETIC
33.53,34.0,0,0,SYNTHETIC
33.53,47.0,1,0,SYNTHETIC
33.53,28.0,2,0,SYNTHETIC
33.53,31.0,3,0,SYNTHETIC
33.53,121.0,4,1,SYNTHETIC
33.53,45.0,5,0,SYNTHETIC
33.53,39.0,6,0,SYNTHETIC
33.53,22.0,7,0,SYNTHETIC
33.53,25.0,8,0,SYNTHETIC
33.53,32.0,9,0,SYNTHETIC
33.53,34.0,10,0,SYNTHETIC
33.53,23.0,11,0,SYNTHETIC
33.53,28.0,12,0,SYNTHETIC
33.53,128.0,13,1,SYNTHETIC
33.53,33.0,14,0,SYNTHETIC
33.53,23.0,15,0,SYNTHETIC
33.53,25.0,16,0,SYNTHETIC
33.53,16.0,17,0,SYNTHETIC
33.53,42.0,18,0,SYNTHETIC
33.53,43.0,19,0,SYNTHETIC
33.53,127.0,20,1,SYNTHETIC
33.53,29.0,21,0,SYNTHETIC
33.53,33.0,22,0,SYNTHETIC
33.53,35.0,23,0,SYNTHETIC
23.72,22.0,0,0,SYNTHETIC
23.72,31.0,1,0,SYNTHETIC
23.72,31.0,2,0,SYNTHETIC
23.72,27.0,3,0,SYNTHETIC
23.72,30.0,4,0,SYNTHETIC
23.72,99.0,5,1,SYNTHETIC
23.72,19.0,6,0,SYNTHETIC
23.72,13.0,7,0,SYNTHETIC
23.72,22.0,8,0,SYNTHETIC
23.72,21.0,9,0,SYNTHETIC
23.72,32.0,10,0,SYNTHETIC
23.72,29.0,11,0,SYNTHETIC
23.72,9.0,12,0,SYNTHETIC
23.72,30.0,13,0,SYNTHETIC
23.72,32.0,14,0,SYNTHETIC
23.72,31.0,15,0,SYNTHETIC
23.72,30.0,16,0,SYNTHETIC
23.72,22.0,17,0,SYNTHETIC
23.72,21.0,18,0,SYNTHETIC
23.72,25.0,19,0,SYNTHETIC
23.72,32.0,20,0,SYNTHETIC
23.72,24.0,21,0,SYNTHETIC
23.72,23.0,22,0,SYNTHETIC
23.72,69.0,23,1,SYNTHETIC
18.89,12.0,0,0,SYNTHETIC
18.89,27.0,1,0,SYNTHETIC
18.89,11.0,2,0,SYNTHETIC
18.89,25.0,3,0,SYNTHETIC
18.89,21.0,4,0,SYNTHETIC
18.89,23.0,5,0,SYNTHETIC
18.89,15.0,6,0,SYNTHETIC
18.89,26.0,7,0,SYNTHETIC
18.89,14.0,8,0,SYNTHETIC
18.89,18.0,9,0,SYNTHETIC
18.89,18.0,10,0,SYNTHETIC
18.89,30.0,11,0,SYNTHETIC
18.89,19.0,12,0,SYNTHETIC
18.89,26.0,13,0,SYNTHETIC
18.89,21.0,14,0,SYNTHETIC
18.89,27.0,15,0,SYNTHETIC
18.89,16.0,16,0,SYNTHETIC
18.89,10.0,17,0,SYNTHETIC
18.89,30.0,18,0,SYNTHETIC
18.89,88.0,19,1,SYNTHETIC
18.89,20.0,20,0,SYNTHETIC
18.89,17.0,21,0,SYNTHETIC
18.89,17.0,22,0,SYNTHETIC
18.89,22.0,23,0,SYNTHETIC
26.4,36.0,0,0,SYNTHETIC
26.4,24.0,1,0,SYNTHETIC
26.4,25.0,2,0,SYNTHETIC
26.4,28.0,3,0,SYNTHETIC
26.4,28.0,4,0,SYNTHETIC
26.4,37.0,5,0,SYNTHETIC
26.4,8.0,6,0,SYNTHETIC
26.4,39.0,7,0,SYNTHETIC
26.4,33.0,8,0,SYNTHETIC
26.4,24.0,9,0,SYNTHETIC
26.4,21.0,10,0,SYNTHETIC
26.4,32.0,11,0,SYNTHETIC
26.4,33.0,12,0,SYNTHETIC
26.4,27.0,13,0,SYNTHETIC
26.4,29.0,14,0,SYNTHETIC
26.4,34.0,15,0,SYNTHETIC
26.4,27.0,16,0,SYNTHETIC
26.4,40.0,17,0,SYNTHETIC
26.4,19.0,18,0,SYNTHETIC
26.4,22.0,19,0,SYNTHETIC
26.4,19.0,20,0,SYNTHETIC
26.4,81.0,21,1,SYNTHETIC
26.4,40.0,22,0,SYNTHETIC
26.4,17.0,23,0,SYNTHETIC
11.6,12.0,0,0,SYNTHETIC
11.6,7.0,1,0,SYNTHETIC
11.6,9.0,2,0,SYNTHETIC
11.6,8.0,3,0,SYNTHETIC
11.6,12.0,4,0,SYNTHETIC
11.6,11.0,5,0,SYNTHETIC
11.6,14.0,6,0,SYNTHETIC
11.6,9.0,7,0,SYNTHETIC
11.6,7.0,8,0,SYNTHETIC
11.6,8.0,9,0,SYNTHETIC
11.6,8.0,10,0,SYNTHETIC
11.6,12.0,11,0,SYNTHETIC
11.6,11.0,12,0,SYNTHETIC
11.6,9.0,13,0,SYNTHETIC
11.6,11.0,14,0,SYNTHETIC
11.6,10.0,15,0,SYNTHETIC
11.6,11.0,16,0,SYNTHETIC
11.6,10.0,17,0,SYNTHETIC
11.6,53.0,18,1,SYNTHETIC
11.6,14.0,19,0,SYNTHETIC
11.6,10.0,20,0,SYNTHETIC
11.6,11.0,21,0,SYNTHETIC
11.6,7.0,22,0,SYNTHETIC
11.6,14.0,23,0,SYNTHETIC
37.94,54.0,0,0,SYNTHETIC
37.94,35.0,1,0,SYNTHETIC
37.94,31.0,2,0,SYNTHETIC
37.94,57.0,3,0,SYNTHETIC
37.94,42.0,4,0,SYNTHETIC
37.94,24.0,5,0,SYNTHETIC
37.94,31.0,6,0,SYNTHETIC
37.94,46.0,7,0,SYNTHETIC
37.94,36.0,8,0,SYNTHETIC
37.94,41.0,9,0,SYNTHETIC
37.94,46.0,10,0,SYNTHETIC
37.94,54.0,11,0,SYNTHETIC
37.94,38.0,12,0,SYNTHETIC
37.94,37.0,13,0,SYNTHETIC
37.94,23.0,14,0,SYNTHETIC
37.94,47.0,15,0,SYNTHETIC
37.94,45.0,16,0,SYNTHETIC
37.94,32.0,17,0,SYNTHETIC
37.94,36.0,18,0,SYNTHETIC
37.94,184.0,19,1,SYNTHETIC
37.94,39.0,20,0,SYNTHETIC
37.94,31.0,21,0,SYNTHETIC
37.94,30.0,22,0,SYNTHETIC
37.94,54.0,23,0,SYNTHETIC
11.17,8.0,0,0,SYNTHETIC
11.17,14.0,1,0,SYNTHETIC
11.17,8.0,2,0,SYNTHETIC
11.17,9.0,3,0,SYNTHETIC
11.17,11.0,4,0,SYNTHETIC
11.17,12.0,5,0,SYNTHETIC
11.17,13.0,6,0,SYNTHETIC
11.17,14.0,7,0,SYNTHETIC
11.17,14.0,8,0,SYNTHETIC
11.17,11.0,9,0,SYNTHETIC
11.17,10.0,10,0,SYNTHETIC
11.17,52.0,11,1,SYNTHETIC
11.17,10.0,12,0,SYNTHETIC
11.17,14.0,13,0,SYNTHETIC
11.17,14.0,14,0,SYNTHETIC
11.17,13.0,15,0,SYNTHETIC
11.17,9.0,16,0,SYNTHETIC
11.17,15.0,17,0,SYNTHETIC
11.17,15.0,18,0,SYNTHETIC
11.17,13.0,19,0,SYNTHETIC
11.17,10.0,20,0,SYNTHETIC
11.17,12.0,21,0,SYNTHETIC
11.17,8.0,22,0,SYNTHETIC
11.17,6.0,23,0,SYNTHETIC
23.21,34.0,0,0,SYNTHETIC
23.21,30.0,1,0,SYNTHETIC
23.21,26.0,2,0,SYNTHETIC
23.21,30.0,3,0,SYNTHETIC
23.21,22.0,4,0,SYNTHETIC
23.21,34.0,5,0,SYNTHETIC
23.21,27.0,6,0,SYNTHETIC
23.21,28.0,7,0,SYNTHETIC
23.21,22.0,8,0,SYNTHETIC
23.21,17.0,9,0,SYNTHETIC
23.21,22.0,10,0,SYNTHETIC
23.21,31.0,11,0,SYNTHETIC
23.21,27.0,12,0,SYNTHETIC
23.21,21.0,13,0,SYNTHETIC
23.21,19.0,14,0,SYNTHETIC
23.21,24.0,15,0,SYNTHETIC
23.21,30.0,16,0,SYNTHETIC
23.21,29.0,17,0,SYNTHETIC
23.21,19.0,18,0,SYNTHETIC
23.21,26.0,19,0,SYNTHETIC
23.21,25.0,20,0,SYNTHETIC
23.21,31.0,21,0,SYNTHETIC
23.21,32.0,22,0,SYNTHETIC
23.21,21.0,23,0,SYNTHETIC
32.11,23.0,0,0,SYNTHETIC
32.11,41.0,1,0,SYNTHETIC
32.11,50.0,2,0,SYNTHETIC
32.11,38.0,3,0,SYNTHETIC
32.11,47.0,4,0,SYNTHETIC
32.11,25.0,5,0,SYNTHETIC
32.11,137.0,6,1,SYNTHETIC
32.11,32.0,7,0,SYNTHETIC
32.11,39.0,8,0,SYNTHETIC
32.11,30.0,9,0,SYNTHETIC
32.11,25.0,10,0,SYNTHETIC
32.11,38.0,11,0,SYNTHETIC
32.11,148.0,12,1,SYNTHETIC
32.11,30.0,13,0,SYNTHETIC
32.11,31.0,14,0,SYNTHETIC
32.11,42.0,15,0,SYNTHETIC
32.11,34.0,16,0,SYNTHETIC
32.11,40.0,17,0,SYNTHETIC
32.11,131.0,18,1,SYNTHETIC
32.11,31.0,19,0,SYNTHETIC
32.11,31.0,20,0,SYNTHETIC
32.11,35.0,21,0,SYNTHETIC
32.11,28.0,22,0,SYNTHETIC
32.11,21.0,23,0,SYNTHETIC
19.92,17.0,0,0,SYNTHETIC
19.92,21.0,1,0,SYNTHETIC
19.92,18.0,2,0,SYNTHETIC
19.92,26.0,3,0,SYNTHETIC
19.92,71.0,4,1,SYNTHETIC
19.92,16.0,5,0,SYNTHETIC
19.92,22.0,6,0,SYNTHETIC
19.92,13.0,7,0,SYNTHETIC
19.92,16.0,8,0,SYNTHETIC
19.92,25.0,9,0,SYNTHETIC
19.92,24.0,10,0,SYNTHETIC
19.92,23.0,11,0,SYNTHETIC
19.92,20.0,12,0,SYNTHETIC
19.92,21.0,13,0,SYNTHETIC
19.92,82.0,14,1,SYNTHETIC
19.92,22.0,15,0,SYNTHETIC
19.92,25.0,16,0,SYNTHETIC
19.92,21.0,17,0,SYNTHETIC
19.92,10.0,18,0,SYNTHETIC
19.92,22.0,19,0,SYNTHETIC
19.92,17.0,20,0,SYNTHETIC
19.92,20.0,21,0,SYNTHETIC
19.92,26.0,22,0,SYNTHETIC
19.92,24.0,23,0,SYNTHETIC
22.5,23.0,0,0,SYNTHETIC
22.5,30.0,1,0,SYNTHETIC
22.5,29.0,2,0,SYNTHETIC
22.5,21.0,3,0,SYNTHETIC
22.5,23.0,4,0,SYNTHETIC
22.5,26.0,5,0,SYNTHETIC
22.5,21.0,6,0,SYNTHETIC
22.5,19.0,7,0,SYNTHETIC
22.5,26.0,8,0,SYNTHETIC
22.5,12.0,9,0,SYNTHETIC
22.5,24.0,10,0,SYNTHETIC
22.5,22.0,11,0,SYNTHETIC
22.5,24.0,12,0,SYNTHETIC
22.5,97.0,13,1,SYNTHETIC
22.5,16.0,14,0,SYNTHETIC
22.5,20.0,15,0,SYNTHETIC
22.5,19.0,16,0,SYNTHETIC
22.5,30.0,17,0,SYNTHETIC
22.5,21.0,18,0,SYNTHETIC
22.5,29.0,19,0,SYNTHETIC
22.5,28.0,20,0,SYNTHETIC
22.5,31.0,21,0,SYNTHETIC
22.5,111.0,22,1,SYNTHETIC
22.5,19.0,23,0,SYNTHETIC
29.06,32.0,0,0,SYNTHETIC
29.06,35.0,1,0,SYNTHETIC
29.06,27.0,2,0,SYNTHETIC
29.06,21.0,3,0,SYNTHETIC
29.06,28.0,4,0,SYNTHETIC
29.06,21.0,5,0,SYNTHETIC
29.06,28.0,6,0,SYNTHETIC
29.06,35.0,7,0,SYNTHETIC
29.06,21.0,8,0,SYNTHETIC
29.06,87.0,9,1,SYNTHETIC
29.06,24.0,10,0,SYNTHETIC
29.06,28.0,11,0,SYNTHETIC
29.06,23.0,12,0,SYNTHETIC
29.06,19.0,13,0,SYNTHETIC
29.06,27.0,14,0,SYNTHETIC
29.06,23.0,15,0,SYNTHETIC
29.06,27.0,16,0,SYNTHETIC
29.06,32.0,17,0,SYNTHETIC
29.06,39.0,18,0,SYNTHETIC
29.06,25.0,19,0,SYNTHETIC
29.06,19.0,20,0,SYNTHETIC
29.06,23.0,21,0,SYNTHETIC
29.06,42.0,22,0,SYNTHETIC
29.06,43.0,23,0,SYNTHETIC
15.44,21.0,0,0,SYNTHETIC
15.44,4.0,1,0,SYNTHETIC
15.44,14.0,2,0,SYNTHETIC
15.44,15.0,3,0,SYNTHETIC
15.44,20.0,4,0,SYNTHETIC
15.44,14.0,5,0,SYNTHETIC
15.44,9.0,6,0,SYNTHETIC
15.44,15.0,7,0,SYNTHETIC
15.44,22.0,8,0,SYNTHETIC
15.44,19.0,9,0,SYNTHETIC
15.44,13.0,10,0,SYNTHETIC
15.44,12.0,11,0,SYNTHETIC
15.44,21.0,12,0,SYNTHETIC
15.44,9.0,13,0,SYNTHETIC
15.44,14.0,14,0,SYNTHETIC
15.44,21.0,15,0,SYNTHETIC
15.44,14.0,16,0,SYNTHETIC
15.44,19.0,17,0,SYNTHETIC
15.44,21.0,18,0,SYNTHETIC
15.44,8.0,19,0,SYNTHETIC
15.44,43.0,20,1,SYNTHETIC
15.44,16.0,21,0,SYNTHETIC
15.44,9.0,22,0,SYNTHETIC
15.44,11.0,23,0,SYNTHETIC
35.75,38.0,0,0,SYNTHETIC
35.75,41.0,1,0,SYNTHETIC
35.75,35.0,2,0,SYNTHETIC
35.75,58.0,3,0,SYNTHETIC
35.75,42.0,4,0,SYNTHETIC
35.75,46.0,5,0,SYNTHETIC
35.75,25.0,6,0,SYNTHETIC
35.75,27.0,7,0,SYNTHETIC
35.75,30.0,8,0,SYNTHETIC
35.75,117.0,9,1,SYNTHETIC
35.75,24.0,10,0,SYNTHETIC
35.75,24.0,11,0,SYNTHETIC
35.75,45.0,12,0,SYNTHETIC
35.75,27.0,13,0,SYNTHETIC
35.75,27.0,14,0,SYNTHETIC
35.75,43.0,15,0,SYNTHETIC
35.75,48.0,16,0,SYNTHETIC
35.75,48.0,17,0,SYNTHETIC
35.75,49.0,18,0,SYNTHETIC
35.75,21.0,19,0,SYNTHETIC
35.75,26.0,20,0,SYNTHETIC
35.75,37.0,21,0,SYNTHETIC
35.75,39.0,22,0,SYNTHETIC
35.75,30.0,23,0,SYNTHETIC
22.0,15.0,0,0,SYNTHETIC
22.0,93.0,1,1,SYNTHETIC
22.0,19.0,2,0,SYNTHETIC
22.0,18.0,3,0,SYNTHETIC
22.0,101.0,4,1,SYNTHETIC
22.0,20.0,5,0,SYNTHETIC
22.0,25.0,6,0,SYNTHETIC
22.0,15.0,7,0,SYNTHETIC
22.0,15.0,8,0,SYNTHETIC
22.0,23.0,9,0,SYNTHETIC
22.0,23.0,10,0,SYNTHETIC
22.0,19.0,11,0,SYNTHETIC
22.0,24.0,12,0,SYNTHETIC
22.0,30.0,13,0,SYNTHETIC
22.0,22.0,14,0,SYNTHETIC
22.0,21.0,15,0,SYNTHETIC
22.0,25.0,16,0,SYNTHETIC
22.0,27.0,17,0,SYNTHETIC
22.0,110.0,18,1,SYNTHETIC
22.0,22.0,19,0,SYNTHETIC
22.0,22.0,20,0,SYNTHETIC
22.0,39.0,21,0,SYNTHETIC
22.0,27.0,22,0,SYNTHETIC
22.0,28.0,23,0,SYNTHETIC
20.57,19.0,0,0,SYNTHETIC
20.57,17.0,1,0,SYNTHETIC
20.57,19.0,2,0,SYNTHETIC
20.57,16.0,3,0,SYNTHETIC
20.57,31.0,4,0,SYNTHETIC
20.57,21.0,5,0,SYNTHETIC
20.57,14.0,6,0,SYNTHETIC
20.57,23.0,7,0,SYNTHETIC
20.57,25.0,8,0,SYNTHETIC
20.57,15.0,9,0,SYNTHETIC
20.57,24.0,10,0,SYNTHETIC
20.57,21.0,11,0,SYNTHETIC
20.57,24.0,12,0,SYNTHETIC
20.57,20.0,13,0,SYNTHETIC
20.57,22.0,14,0,SYNTHETIC
20.57,19.0,15,0,SYNTHETIC
20.57,25.0,16,0,SYNTHETIC
20.57,11.0,17,0,SYNTHETIC
20.57,25.0,18,0,SYNTHETIC
20.57,21.0,19,0,SYNTHETIC
20.57,18.0,20,0,SYNTHETIC
20.57,26.0,21,0,SYNTHETIC
20.57,17.0,22,0,SYNTHETIC
20.57,22.0,23,0,SYNTHETIC
33.34,28.0,0,0,SYNTHETIC
33.34,39.0,1,0,SYNTHETIC
33.34,18.0,2,0,SYNTHETIC
33.34,49.0,3,0,SYNTHETIC
33.34,26.0,4,0,SYNTHETIC
33.34,29.0,5,0,SYNTHETIC
33.34,21.0,6,0,SYNTHETIC
33.34,39.0,7,0,SYNTHETIC
33.34,35.0,8,0,SYNTHETIC
33.34,31.0,9,0,SYNTHETIC
33.34,16.0,10,0,SYNTHETIC
33.34,43.0,11,0,SYNTHETIC
33.34,26.0,12,0,SYNTHETIC
33.34,33.0,13,0,SYNTHETIC
33.34,130.0,14,1,SYNTHETIC
33.34,47.0,15,0,SYNTHETIC
33.34,40.0,16,0,SYNTHETIC
33.34,40.0,17,0,SYNTHETIC
33.34,37.0,18,0,SYNTHETIC
33.34,20.0,19,0,SYNTHETIC
33.34,25.0,20,0,SYNTHETIC
33.34,44.0,21,0,SYNTHETIC
33.34,38.0,22,0,SYNTHETIC
33.34,27.0,23,0,SYNTHETIC
27.51,25.0,0,0,SYNTHETIC
27.51,26.0,1,0,SYNTHETIC
27.51,32.0,2,0,SYNTHETIC
27.51,31.0,3,0,SYNTHETIC
27.51,20.0,4,0,SYNTHETIC
27.51,32.0,5,0,SYNTHETIC
27.51,38.0,6,0,SYNTHETIC
27.51,34.0,7,0,SYNTHETIC
27.51,20.0,8,0,SYNTHETIC
27.51,33.0,9,0,SYNTHETIC
27.51,30.0,10,0,SYNTHETIC
27.51,15.0,11,0,SYNTHETIC
27.51,28.0,12,0,SYNTHETIC
27.51,36.0,13,0,SYNTHETIC
27.51,23.0,14,0,SYNTHETIC
27.51,26.0,15,0,SYNTHETIC
27.51,21.0,16,0,SYNTHETIC
27.51,35.0,17,0,SYNTHETIC
27.51,23.0,18,0,SYNTHETIC
27.51,45.0,19,0,SYNTHETIC
27.51,19.0,20,0,SYNTHETIC
27.51,28.0,21,0,SYNTHETIC
27.51,34.0,22,0,SYNTHETIC
27.51,34.0,23,0,SYNTHETIC
25.46,25.0,0,0,SYNTHETIC
25.46,22.0,1,0,SYNTHETIC
25.46,27.0,2,0,SYNTHETIC
25.46,29.0,3,0,SYNTHETIC
25.46,29.0,4,0,SYNTHETIC
25.46,23.0,5,0,SYNTHETIC
25.46,33.0,6,0,SYNTHETIC
25.46,21.0,7,0,SYNTHETIC
25.46,71.0,8,1,SYNTHETIC
25.46,23.0,9,0,SYNTHETIC
25.46,24.0,10,0,SYNTHETIC
25.46,35.0,11,0,SYNTHETIC
25.46,17.0,12,0,SYNTHETIC
25.46,15.0,13,0,SYNTHETIC
25.46,84.0,14,1,SYNTHETIC
25.46,29.0,15,0,SYNTHETIC
25.46,28.0,16,0,SYNTHETIC
25.46,33.0,17,0,SYNTHETIC
25.46,19.0,18,0,SYNTHETIC
25.46,30.0,19,0,SYNTHETIC
25.46,29.0,20,0,SYNTHETIC
25.46,20.0,21,0,SYNTHETIC
25.46,22.0,22,0,SYNTHETIC
25.46,25.0,23,0,SYNTHETIC
12.03,13.0,0,0,SYNTHETIC
12.03,10.0,1,0,SYNTHETIC
12.03,10.0,2,0,SYNTHETIC
12.03,12.0,3,0,SYNTHETIC
12.03,6.0,4,0,SYNTHETIC
12.03,13.0,5,0,SYNTHETIC
12.03,15.0,6,0,SYNTHETIC
12.03,11.0,7,0,SYNTHETIC
12.03,11.0,8,0,SYNTHETIC
12.03,11.0,9,0,SYNTHETIC
12.03,10.0,10,0,SYNTHETIC
12.03,17.0,11,0,SYNTHETIC
12.03,12.0,12,0,SYNTHETIC
12.03,10.0,13,0,SYNTHETIC
12.03,8.0,14,0,SYNTHETIC
12.03,12.0,15,0,SYNTHETIC
12.03,14.0,16,0,SYNTHETIC
12.03,11.0,17,0,SYNTHETIC
12.03,15.0,18,0,SYNTHETIC
12.03,9.0,19,0,SYNTHETIC
12.03,11.0,20,0,SYNTHETIC
12.03,10.0,21,0,SYNTHETIC
12.03,11.0,22,0,SYNTHETIC
12.03,7.0,23,0,SYNTHETIC
28.07,31.0,0,0,SYNTHETIC
28.07,31.0,1,0,SYNTHETIC
28.07,30.0,2,0,SYNTHETIC
28.07,22.0,3,0,SYNTHETIC
28.07,20.0,4,0,SYNTHETIC
28.07,24.0,5,0,SYNTHETIC
28.07,37.0,6,0,SYNTHETIC
28.07,46.0,7,0,SYNTHETIC
28.07,27.0,8,0,SYNTHETIC
28.07,28.0,9,0,SYNTHETIC
28.07,34.0,10,0,SYNTHETIC
28.07,139.0,11,1,SYNTHETIC
28.07,40.0,12,0,SYNTHETIC
28.07,25.0,13,0,SYNTHETIC
28.07,29.0,14,0,SYNTHETIC
28.07,18.0,15,0,SYNTHETIC
28.07,31.0,16,0,SYNTHETIC
28.07,28.0,17,0,SYNTHETIC
28.07,26.0,18,0,SYNTHETIC
28.07,115.0,19,1,SYNTHETIC
28.07,33.0,20,0,SYNTHETIC
28.07,34.0,21,0,SYNTHETIC
28.07,29.0,22,0,SYNTHETIC
28.07,16.0,23,0,SYNTHETIC
21.08,17.0,0,0,SYNTHETIC
21.08,12.0,1,0,SYNTHETIC
21.08,25.0,2,0,SYNTHETIC
21.08,21.0,3,0,SYNTHETIC
21.08,21.0,4,0,SYNTHETIC
21.08,26.0,5,0,SYNTHETIC
21.08,19.0,6,0,SYNTHETIC
21.08,21.0,7,0,SYNTHETIC
21.08,27.0,8,0,SYNTHETIC
21.08,13.0,9,0,SYNTHETIC
21.08,22.0,10,0,SYNTHETIC
21.08,18.0,11,0,SYNTHETIC
21.08,26.0,12,0,SYNTHETIC
21.08,18.0,13,0,SYNTHETIC
21.08,13.0,14,0,SYNTHETIC
21.08,20.0,15,0,SYNTHETIC
21.08,22.0,16,0,SYNTHETIC
21.08,14.0,17,0,SYNTHETIC
21.08,18.0,18,0,SYNTHETIC
21.08,21.0,19,0,SYNTHETIC
21.08,16.0,20,0,SYNTHETIC
21.08,19.0,21,0,SYNTHETIC
21.08,18.0,22,0,SYNTHETIC
21.08,21.0,23,0,SYNTHETIC
28.65,35.0,0,0,SYNTHETIC
28.65,21.0,1,0,SYNTHETIC
28.65,34.0,2,0,SYNTHETIC
28.65,26.0,3,0,SYNTHETIC
28.65,26.0,4,0,SYNTHETIC
28.65,30.0,5,0,SYNTHETIC
28.65,22.0,6,0,SYNTHETIC
28.65,114.0,7,1,SYNTHETIC
28.65,32.0,8,0,SYNTHETIC
28.65,20.0,9,0,SYNTHETIC
28.65,101.0,10,1,SYNTHETIC
28.65,34.0,11,0,SYNTHETIC
28.65,29.0,12,0,SYNTHETIC
28.65,23.0,13,0,SYNTHETIC
28.65,24.0,14,0,SYNTHETIC
28.65,38.0,15,0,SYNTHETIC
28.65,26.0,16,0,SYNTHETIC
28.65,33.0,17,0,SYNTHETIC
28.65,31.0,18,0,SYNTHETIC
28.65,27.0,19,0,SYNTHETIC
28.65,26.0,20,0,SYNTHETIC
28.65,21.0,21,0,SYNTHETIC
28.65,28.0,22,0,SYNTHETIC
28.65,36.0,23,0,SYNTHETIC
17.94,22.0,0,0,SYNTHETIC
17.94,20.0,1,0,SYNTHETIC
17.94,21.0,2,0,SYNTHETIC
17.94,20.0,3,0,SYNTHETIC
17.94,17.0,4,0,SYNTHETIC
17.94,12.0,5,0,SYNTHETIC
17.94,17.0,6,0,SYNTHETIC
17.94,15.0,7,0,SYNTHETIC
17.94,25.0,8,0,SYNTHETIC
17.94,12.0,9,0,SYNTHETIC
17.94,13.0,10,0,SYNTHETIC
17.94,17.0,11,0,SYNTHETIC
17.94,17.0,12,0,SYNTHETIC
17.94,21.0,13,0,SYNTHETIC
17.94,15.0,14,0,SYNTHETIC
17.94,16.0,15,0,SYNTHETIC
17.94,74.0,16,1,SYNTHETIC
17.94,18.0,17,0,SYNTHETIC
17.94,17.0,18,0,SYNTHETIC
17.94,10.0,19,0,SYNTHETIC
17.94,14.0,20,0,SYNTHETIC
17.94,22.0,21,0,SYNTHETIC
17.94,16.0,22,0,SYNTHETIC
17.94,20.0,23,0,SYNTHETIC
33.1,31.0,0,0,SYNTHETIC
33.1,41.0,1,0,SYNTHETIC
33.1,26.0,2,0,SYNTHETIC
33.1,35.0,3,0,SYNTHETIC
33.1,40.0,4,0,SYNTHETIC
33.1,38.0,5,0,SYNTHETIC
33.1,21.0,6,0,SYNTHETIC
33.1,33.0,7,0,SYNTHETIC
33.1,35.0,8,0,SYNTHETIC
33.1,27.0,9,0,SYNTHETIC
33.1,41.0,10,0,SYNTHETIC
33.1,30.0,11,0,SYNTHETIC
33.1,29.0,12,0,SYNTHETIC
33.1,159.0,13,1,SYNTHETIC
33.1,39.0,14,0,SYNTHETIC
33.1,30.0,15,0,SYNTHETIC
33.1,27.0,16,0,SYNTHETIC
33.1,48.0,17,0,SYNTHETIC
33.1,26.0,18,0,SYNTHETIC
33.1,24.0,19,0,SYNTHETIC
33.1,29.0,20,0,SYNTHETIC
33.1,29.0,21,0,SYNTHETIC
33.1,48.0,22,0,SYNTHETIC
33.1,28.0,23,0,SYNTHETIC
36.54,29.0,0,0,SYNTHETIC
36.54,52.0,1,0,SYNTHETIC
36.54,35.0,2,0,SYNTHETIC
36.54,15.0,3,0,SYNTHETIC
36.54,37.0,4,0,SYNTHETIC
36.54,34.0,5,0,SYNTHETIC
36.54,39.0,6,0,SYNTHETIC
36.54,36.0,7,0,SYNTHETIC
36.54,34.0,8,0,SYNTHETIC
36.54,41.0,9,0,SYNTHETIC
36.54,28.0,10,0,SYNTHETIC
36.54,16.0,11,0,SYNTHETIC
36.54,52.0,12,0,SYNTHETIC
36.54,41.0,13,0,SYNTHETIC
36.54,50.0,14,0,SYNTHETIC
36.54,41.0,15,0,SYNTHETIC
36.54,31.0,16,0,SYNTHETIC
36.54,27.0,17,0,SYNTHETIC
36.54,39.0,18,0,SYNTHETIC
36.54,39.0,19,0,SYNTHETIC
36.54,41.0,20,0,SYNTHETIC
36.54,36.0,21,0,SYNTHETIC
36.54,34.0,22,0,SYNTHETIC
36.54,39.0,23,0,SYNTHETIC
19.67,14.0,0,0,SYNTHETIC
19.67,53.0,1,1,SYNTHETIC
19.67,17.0,2,0,SYNTHETIC
19.67,22.0,3,0,SYNTHETIC
19.67,18.0,4,0,SYNTHETIC
19.67,23.0,5,0,SYNTHETIC
19.67,25.0,6,0,SYNTHETIC
19.67,26.0,7,0,SYNTHETIC
19.67,17.0,8,0,SYNTHETIC
19.67,22.0,9,0,SYNTHETIC
19.67,24.0,10,0,SYNTHETIC
19.67,66.0,11,1,SYNTHETIC
19.67,15.0,12,0,SYNTHETIC
19.67,21.0,13,0,SYNTHETIC
19.67,8.0,14,0,SYNTHETIC
19.67,16.0,15,0,SYNTHETIC
19.67,23.0,16,0,SYNTHETIC
19.67,24.0,17,0,SYNTHETIC
19.67,13.0,18,0,SYNTHETIC
19.67,22.0,19,0,SYNTHETIC
19.67,18.0,20,0,SYNTHETIC
19.67,17.0,21,0,SYNTHETIC
19.67,29.0,22,0,SYNTHETIC
19.67,13.0,23,0,SYNTHETIC
15.94,18.0,0,0,SYNTHETIC
15.94,19.0,1,0,SYNTHETIC
15.94,13.0,2,0,SYNTHETIC
15.94,14.0,3,0,SYNTHETIC
15.94,10.0,4,0,SYNTHETIC
15.94,13.0,5,0,SYNTHETIC
15.94,20.0,6,0,SYNTHETIC
15.94,17.0,7,0,SYNTHETIC
15.94,12.0,8,0,SYNTHETIC
15.94,16.0,9,0,SYNTHETIC
15.94,20.0,10,0,SYNTHETIC
15.94,13.0,11,0,SYNTHETIC
15.94,21.0,12,0,SYNTHETIC
15.94,17.0,13,0,SYNTHETIC
15.94,19.0,14,0,SYNTHETIC
15.94,14.0,15,0,SYNTHETIC
15.94,22.0,16,0,SYNTHETIC
15.94,15.0,17,0,SYNTHETIC
15.94,56.0,18,1,SYNTHETIC
15.94,14.0,19,0,SYNTHETIC
15.94,11.0,20,0,SYNTHETIC
15.94,21.0,21,0,SYNTHETIC
15.94,11.0,22,0,SYNTHETIC
15.94,13.0,23,0,SYNTHETIC
18.23,64.0,0,1,SYNTHETIC
18.23,19.0,1,0,SYNTHETIC
18.23,53.0,2,1,SYNTHETIC
18.23,22.0,3,0,SYNTHETIC
18.23,17.0,4,0,SYNTHETIC
18.23,83.0,5,1,SYNTHETIC
18.23,24.0,6,0,SYNTHETIC
18.23,8.0,7,0,SYNTHETIC
18.23,11.0,8,0,SYNTHETIC
18.23,20.0,9,0,SYNTHETIC
18.23,19.0,10,0,SYNTHETIC
18.23,15.0,11,0,SYNTHETIC
18.23,61.0,12,1,SYNTHETIC
18.23,27.0,13,0,SYNTHETIC
18.23,17.0,14,0,SYNTHETIC
18.23,14.0,15,0,SYNTHETIC
18.23,11.0,16,0,SYNTHETIC
18.23,12.0,17,0,SYNTHETIC
18.23,17.0,18,0,SYNTHETIC
18.23,19.0,19,0,SYNTHETIC
18.23,21.0,20,0,SYNTHETIC
18.23,14.0,21,0,SYNTHETIC
18.23,21.0,22,0,SYNTHETIC
18.23,17.0,23,0,SYNTHETIC
26.38,24.0,0,0,SYNTHETIC
26.38,72.0,1,1,SYNTHETIC
26.38,31.0,2,0,SYNTHETIC
26.38,28.0,3,0,SYNTHETIC
26.38,36.0,4,0,SYNTHETIC
26.38,25.0,5,0,SYNTHETIC
26.38,25.0,6,0,SYNTHETIC
26.38,36.0,7,0,SYNTHETIC
26.38,21.0,8,0,SYNTHETIC
26.38,17.0,9,0,SYNTHETIC
26.38,32.0,10,0,SYNTHETIC
26.38,30.0,11,0,SYNTHETIC
26.38,27.0,12,0,SYNTHETIC
26.38,25.0,13,0,SYNTHETIC
26.38,23.0,14,0,SYNTHETIC
26.38,35.0,15,0,SYNTHETIC
26.38,32.0,16,0,SYNTHETIC
26.38,24.0,17,0,SYNTHETIC
26.38,14.0,18,0,SYNTHETIC
26.38,20.0,19,0,SYNTHETIC
26.38,129.0,20,1,SYNTHETIC
26.38,32.0,21,0,SYNTHETIC
26.38,16.0,22,0,SYNTHETIC
26.38,33.0,23,0,SYNTHETIC
24.62,22.0,0,0,SYNTHETIC
24.62,20.0,1,0,SYNTHETIC
24.62,28.0,2,0,SYNTHETIC
24.62,102.0,3,1,SYNTHETIC
24.62,21.0,4,0,SYNTHETIC
24.62,28.0,5,0,SYNTHETIC
24.62,16.0,6,0,SYNTHETIC
24.62,18.0,7,0,SYNTHETIC
24.62,34.0,8,0,SYNTHETIC
24.62,20.0,9,0,SYNTHETIC
24.62,29.0,10,0,SYNTHETIC
24.62,21.0,11,0,SYNTHETIC
24.62,20.0,12,0,SYNTHETIC
24.62,26.0,13,0,SYNTHETIC
24.62,31.0,14,0,SYNTHETIC
24.62,30.0,15,0,SYNTHETIC
24.62,10.0,16,0,SYNTHETIC
24.62,30.0,17,0,SYNTHETIC
24.62,18.0,18,0,SYNTHETIC
24.62,22.0,19,0,SYNTHETIC
24.62,20.0,20,0,SYNTHETIC
24.62,23.0,21,0,SYNTHETIC
24.62,28.0,22,0,SYNTHETIC
24.62,25.0,23,0,SYNTHETIC
25.56,32.0,0,0,SYNTHETIC
25.56,72.0,1,1,SYNTHETIC
25.56,11.0,2,0,SYNTHETIC
25.56,21.0,3,0,SYNTHETIC
25.56,30.0,4,0,SYNTHETIC
25.56,18.0,5,0,SYNTHETIC
25.56,31.0,6,0,SYNTHETIC
25.56,31.0,7,0,SYNTHETIC
25.56,19.0,8,0,SYNTHETIC
25.56,30.0,9,0,SYNTHETIC
25.56,30.0,10,0,SYNTHETIC
25.56,33.0,11,0,SYNTHETIC
25.56,24.0,12,0,SYNTHETIC
25.56,38.0,13,0,SYNTHETIC
25.56,28.0,14,0,SYNTHETIC
25.56,19.0,15,0,SYNTHETIC
25.56,74.0,16,1,SYNTHETIC
25.56,17.0,17,0,SYNTHETIC
25.56,45.0,18,0,SYNTHETIC
25.56,30.0,19,0,SYNTHETIC
25.56,23.0,20,0,SYNTHETIC
25.56,30.0,21,0,SYNTHETIC
25.56,29.0,22,0,SYNTHETIC
25.56,23.0,23,0,SYNTHETIC
12.79,35.0,0,1,SYNTHETIC
12.79,11.0,1,0,SYNTHETIC
12.79,8.0,2,0,SYNTHETIC
12.79,14.0,3,0,SYNTHETIC
12.79,11.0,4,0,SYNTHETIC
12.79,5.0,5,0,SYNTHETIC
12.79,16.0,6,0,SYNTHETIC
12.79,11.0,7,0,SYNTHETIC
12.79,13.0,8,0,SYNTHETIC
12.79,11.0,9,0,SYNTHETIC
12.79,6.0,10,0,SYNTHETIC
12.79,15.0,11,0,SYNTHETIC
12.79,7.0,12,0,SYNTHETIC
12.79,14.0,13,0,SYNTHETIC
12.79,10.0,14,0,SYNTHETIC
12.79,11.0,15,0,SYNTHETIC
12.79,10.0,16,0,SYNTHETIC
12.79,13.0,17,0,SYNTHETIC
12.79,18.0,18,0,SYNTHETIC
12.79,12.0,19,0,SYNTHETIC
12.79,14.0,20,0,SYNTHETIC
12.79,15.0,21,0,SYNTHETIC
12.79,16.0,22,0,SYNTHETIC
12.79,11.0,23,0,SYNTHETIC
20.39,21.0,0,0,SYNTHETIC
20.39,23.0,1,0,SYNTHETIC
20.39,18.0,2,0,SYNTHETIC
20.39,100.0,3,1,SYNTHETIC
20.39,6.0,4,0,SYNTHETIC
20.39,28.0,5,0,SYNTHETIC
20.39,16.0,6,0,SYNTHETIC
20.39,17.0,7,0,SYNTHETIC
20.39,15.0,8,0,SYNTHETIC
20.39,17.0,9,0,SYNTHETIC
20.39,22.0,10,0,SYNTHETIC
20.39,18.0,11,0,SYNTHETIC
20.39,18.0,12,0,SYNTHETIC
20.39,95.0,13,1,SYNTHETIC
20.39,95.0,14,1,SYNTHETIC
20.39,24.0,15,0,SYNTHETIC
20.39,25.0,16,0,SYNTHETIC
20.39,17.0,17,0,SYNTHETIC
20.39,18.0,18,0,SYNTHETIC
20.39,28.0,19,0,SYNTHETIC
20.39,29.0,20,0,SYNTHETIC
20.39,22.0,21,0,SYNTHETIC
20.39,23.0,22,0,SYNTHETIC
20.39,29.0,23,0,SYNTHETIC
11.87,9.0,0,0,SYNTHETIC
11.87,10.0,1,0,SYNTHETIC
11.87,13.0,2,0,SYNTHETIC
11.87,13.0,3,0,SYNTHETIC
11.87,10.0,4,0,SYNTHETIC
11.87,14.0,5,0,SYNTHETIC
11.87,10.0,6,0,SYNTHETIC
11.87,12.0,7,0,SYNTHETIC
11.87,8.0,8,0,SYNTHETIC
11.87,12.0,9,0,SYNTHETIC
11.87,14.0,10,0,SYNTHETIC
11.87,11.0,11,0,SYNTHETIC
11.87,7.0,12,0,SYNTHETIC
11.87,14.0,13,0,SYNTHETIC
11.87,7.0,14,0,SYNTHETIC
11.87,33.0,15,1,SYNTHETIC
11.87,9.0,16,0,SYNTHETIC
11.87,10.0,17,0,SYNTHETIC
11.87,14.0,18,0,SYNTHETIC
11.87,56.0,19,1,SYNTHETIC
11.87,11.0,20,0,SYNTHETIC
11.87,39.0,21,1,SYNTHETIC
11.87,7.0,22,0,SYNTHETIC
11.87,13.0,23,0,SYNTHETIC
14.26,17.0,0,0,SYNTHETIC
14.26,18.0,1,0,SYNTHETIC
14.26,16.0,2,0,SYNTHETIC
14.26,14.0,3,0,SYNTHETIC
14.26,13.0,4,0,SYNTHETIC
14.26,22.0,5,0,SYNTHETIC
14.26,17.0,6,0,SYNTHETIC
14.26,14.0,7,0,SYNTHETIC
14.26,12.0,8,0,SYNTHETIC
14.26,14.0,9,0,SYNTHETIC
14.26,15.0,10,0,SYNTHETIC
14.26,13.0,11,0,SYNTHETIC
14.26,8.0,12,0,SYNTHETIC
14.26,7.0,13,0,SYNTHETIC
14.26,18.0,14,0,SYNTHETIC
14.26,14.0,15,0,SYNTHETIC
14.26,18.0,16,0,SYNTHETIC
14.26,10.0,17,0,SYNTHETIC
14.26,19.0,18,0,SYNTHETIC
14.26,16.0,19,0,SYNTHETIC
14.26,17.0,20,0,SYNTHETIC
14.26,19.0,21,0,SYNTHETIC
14.26,67.0,22,1,SYNTHETIC
14.26,15.0,23,0,SYNTHETIC
31.99,92.0,0,1,SYNTHETIC
31.99,38.0,1,0,SYNTHETIC
31.99,25.0,2,0,SYNTHETIC
31.99,33.0,3,0,SYNTHETIC
31.99,43.0,4,0,SYNTHETIC
31.99,154.0,5,1,SYNTHETIC
31.99,30.0,6,0,SYNTHETIC
31.99,45.0,7,0,SYNTHETIC
31.99,38.0,8,0,SYNTHETIC
31.99,27.0,9,0,SYNTHETIC
31.99,40.0,10,0,SYNTHETIC
31.99,29.0,11,0,SYNTHETIC
31.99,18.0,12,0,SYNTHETIC
31.99,39.0,13,0,SYNTHETIC
31.99,27.0,14,0,SYNTHETIC
31.99,30.0,15,0,SYNTHETIC
31.99,29.0,16,0,SYNTHETIC
31.99,36.0,17,0,SYNTHETIC
31.99,40.0,18,0,SYNTHETIC
31.99,24.0,19,0,SYNTHETIC
31.99,37.0,20,0,SYNTHETIC
31.99,34.0,21,0,SYNTHETIC
31.99,40.0,22,0,SYNTHETIC
31.99,28.0,23,0,SYNTHETIC
11.12,12.0,0,0,SYNTHETIC
11.12,10.0,1,0,SYNTHETIC
11.12,15.0,2,0,SYNTHETIC
11.12,12.0,3,0,SYNTHETIC
11.12,11.0,4,0,SYNTHETIC
11.12,9.0,5,0,SYNTHETIC
11.12,8.0,6,0,SYNTHETIC
11.12,55.0,7,1,SYNTHETIC
11.12,17.0,8,0,SYNTHETIC
11.12,14.0,9,0,SYNTHETIC
11.12,13.0,10,0,SYNTHETIC
11.12,10.0,11,0,SYNTHETIC
11.12,12.0,12,0,SYNTHETIC
11.12,11.0,13,0,SYNTHETIC
11.12,8.0,14,0,SYNTHETIC
11.12,9.0,15,0,SYNTHETIC
11.12,15.0,16,0,SYNTHETIC
11.12,28.0,17,1,SYNTHETIC
11.12,13.0,18,0,SYNTHETIC
11.12,9.0,19,0,SYNTHETIC
11.12,10.0,20,0,SYNTHETIC
11.12,13.0,21,0,SYNTHETIC
11.12,11.0,22,0,SYNTHETIC
11.12,11.0,23,0,SYNTHETIC
22.42,19.0,0,0,SYNTHETIC
22.42,26.0,1,0,SYNTHETIC
22.42,24.0,2,0,SYNTHETIC
22.42,20.0,3,0,SYNTHETIC
22.42,26.0,4,0,SYNTHETIC
22.42,20.0,5,0,SYNTHETIC
22.42,20.0,6,0,SYNTHETIC
22.42,27.0,7,0,SYNTHETIC
22.42,29.0,8,0,SYNTHETIC
22.42,17.0,9,0,SYNTHETIC
22.42,16.0,10,0,SYNTHETIC
22.42,26.0,11,0,SYNTHETIC
22.42,22.0,12,0,SYNTHETIC
22.42,15.0,13,0,SYNTHETIC
22.42,21.0,14,0,SYNTHETIC
22.42,29.0,15,0,SYNTHETIC
22.42,30.0,16,0,SYNTHETIC
22.42,31.0,17,0,SYNTHETIC
22.42,13.0,18,0,SYNTHETIC
22.42,21.0,19,0,SYNTHETIC
22.42,22.0,20,0,SYNTHETIC
22.42,21.0,21,0,SYNTHETIC
22.42,22.0,22,0,SYNTHETIC
22.42,28.0,23,0,SYNTHETIC
32.77,42.0,0,0,SYNTHETIC
32.77,34.0,1,0,SYNTHETIC
32.77,38.0,2,0,SYNTHETIC
32.77,23.0,3,0,SYNTHETIC
32.77,39.0,4,0,SYNTHETIC
32.77,61.0,5,0,SYNTHETIC
32.77,39.0,6,0,SYNTHETIC
32.77,22.0,7,0,SYNTHETIC
32.77,34.0,8,0,SYNTHETIC
32.77,30.0,9,0,SYNTHETIC
32.77,13.0,10,0,SYNTHETIC
32.77,32.0,11,0,SYNTHETIC
32.77,38.0,12,0,SYNTHETIC
32.77,33.0,13,0,SYNTHETIC
32.77,22.0,14,0,SYNTHETIC
32.77,35.0,15,0,SYNTHETIC
32.77,32.0,16,0,SYNTHETIC
32.77,28.0,17,0,SYNTHETIC
32.77,34.0,18,0,SYNTHETIC
32.77,26.0,19,0,SYNTHETIC
32.77,26.0,20,0,SYNTHETIC
32.77,31.0,21,0,SYNTHETIC
32.77,28.0,22,0,SYNTHETIC
32.77,42.0,23,0,SYNTHETIC
36.89,46.0,0,0,SYNTHETIC
36.89,47.0,1,0,SYNTHETIC
36.89,44.0,2,0,SYNTHETIC
36.89,144.0,3,1,SYNTHETIC
36.89,45.0,4,0,SYNTHETIC
36.89,39.0,5,0,SYNTHETIC
36.89,14.0,6,0,SYNTHETIC
36.89,36.0,7,0,SYNTHETIC
36.89,37.0,8,0,SYNTHETIC
36.89,32.0,9,0,SYNTHETIC
36.89,45.0,10,0,SYNTHETIC
36.89,28.0,11,0,SYNTHETIC
36.89,35.0,12,0,SYNTHETIC
36.89,26.0,13,0,SYNTHETIC
36.89,48.0,14,0,SYNTHETIC
36.89,33.0,15,0,SYNTHETIC
36.89,34.0,16,0,SYNTHETIC
36.89,24.0,17,0,SYNTHETIC
36.89,171.0,18,1,SYNTHETIC
36.89,24.0,19,0,SYNTHETIC
36.89,32.0,20,0,SYNTHETIC
36.89,32.0,21,0,SYNTHETIC
36.89,40.0,22,0,SYNTHETIC
36.89,30.0,23,0,SYNTHETIC
21.23,18.0,0,0,SYNTHETIC
21.23,15.0,1,0,SYNTHETIC
21.23,24.0,2,0,SYNTHETIC
21.23,34.0,3,0,SYNTHETIC
21.23,30.0,4,0,SYNTHETIC
21.23,27.0,5,0,SYNTHETIC
21.23,14.0,6,0,SYNTHETIC
21.23,16.0,7,0,SYNTHETIC
21.23,82.0,8,1,SYNTHETIC
21.23,20.0,9,0,SYNTHETIC
21.23,21.0,10,0,SYNTHETIC
21.23,19.0,11,0,SYNTHETIC
21.23,21.0,12,0,SYNTHETIC
21.23,24.0,13,0,SYNTHETIC
21.23,21.0,14,0,SYNTHETIC
21.23,18.0,15,0,SYNTHETIC
21.23,16.0,16,0,SYNTHETIC
21.23,21.0,17,0,SYNTHETIC
21.23,28.0,18,0,SYNTHETIC
21.23,24.0,19,0,SYNTHETIC
21.23,21.0,20,0,SYNTHETIC
21.23,24.0,21,0,SYNTHETIC
21.23,99.0,22,1,SYNTHETIC
21.23,25.0,23,0,SYNTHETIC
17.66,61.0,0,1,SYNTHETIC
17.66,21.0,1,0,SYNTHETIC
17.66,18.0,2,0,SYNTHETIC
17.66,17.0,3,0,SYNTHETIC
17.66,25.0,4,0,SYNTHETIC
17.66,15.0,5,0,SYNTHETIC
17.66,25.0,6,0,SYNTHETIC
17.66,17.0,7,0,SYNTHETIC
17.66,20.0,8,0,SYNTHETIC
17.66,13.0,9,0,SYNTHETIC
17.66,73.0,10,1,SYNTHETIC
17.66,15.0,11,0,SYNTHETIC
17.66,14.0,12,0,SYNTHETIC
17.66,21.0,13,0,SYNTHETIC
17.66,19.0,14,0,SYNTHETIC
17.66,18.0,15,0,SYNTHETIC
17.66,13.0,16,0,SYNTHETIC
17.66,26.0,17,0,SYNTHETIC
17.66,25.0,18,0,SYNTHETIC
17.66,21.0,19,0,SYNTHETIC
17.66,19.0,20,0,SYNTHETIC
17.66,14.0,21,0,SYNTHETIC
17.66,14.0,22,0,SYNTHETIC
17.66,14.0,23,0,SYNTHETIC
33.9,26.0,0,0,SYNTHETIC
33.9,33.0,1,0,SYNTHETIC
33.9,26.0,2,0,SYNTHETIC
33.9,44.0,3,0,SYNTHETIC
33.9,31.0,4,0,SYNTHETIC
33.9,46.0,5,0,SYNTHETIC
33.9,54.0,6,0,SYNTHETIC
33.9,37.0,7,0,SYNTHETIC
33.9,44.0,8,0,SYNTHETIC
33.9,47.0,9,0,SYNTHETIC
33.9,158.0,10,1,SYNTHETIC
33.9,42.0,11,0,SYNTHETIC
33.9,33.0,12,0,SYNTHETIC
33.9,26.0,13,0,SYNTHETIC
33.9,15.0,14,0,SYNTHETIC
33.9,35.0,15,0,SYNTHETIC
33.9,30.0,16,0,SYNTHETIC
33.9,46.0,17,0,SYNTHETIC
33.9,40.0,18,0,SYNTHETIC
33.9,45.0,19,0,SYNTHETIC
33.9,25.0,20,0,SYNTHETIC
33.9,38.0,21,0,SYNTHETIC
33.9,39.0,22,0,SYNTHETIC
33.9,26.0,23,0,SYNTHETIC
15.78,21.0,0,0,SYNTHETIC
15.78,53.0,1,1,SYNTHETIC
15.78,25.0,2,0,SYNTHETIC
15.78,15.0,3,0,SYNTHETIC
15.78,19.0,4,0,SYNTHETIC
15.78,15.0,5,0,SYNTHETIC
15.78,14.0,6,0,SYNTHETIC
15.78,63.0,7,1,SYNTHETIC
15.78,12.0,8,0,SYNTHETIC
15.78,16.0,9,0,SYNTHETIC
15.78,11.0,10,0,SYNTHETIC
15.78,12.0,11,0,SYNTHETIC
15.78,17.0,12,0,SYNTHETIC
15.78,17.0,13,0,SYNTHETIC
15.78,18.0,14,0,SYNTHETIC
15.78,18.0,15,0,SYNTHETIC
15.78,17.0,16,0,SYNTHETIC
15.78,19.0,17,0,SYNTHETIC
15.78,18.0,18,0,SYNTHETIC
15.78,11.0,19,0,SYNTHETIC
15.78,13.0,20,0,SYNTHETIC
15.78,14.0,21,0,SYNTHETIC
15.78,19.0,22,0,SYNTHETIC
15.78,23.0,23,0,SYNTHETIC
27.63,37.0,0,0,SYNTHETIC
27.63,20.0,1,0,SYNTHETIC
27.63,24.0,2,0,SYNTHETIC
27.63,27.0,3,0,SYNTHETIC
27.63,16.0,4,0,SYNTHETIC
27.63,27.0,5,0,SYNTHETIC
27.63,19.0,6,0,SYNTHETIC
27.63,19.0,7,0,SYNTHETIC
27.63,35.0,8,0,SYNTHETIC
27.63,23.0,9,0,SYNTHETIC
27.63,20.0,10,0,SYNTHETIC
27.63,31.0,11,0,SYNTHETIC
27.63,34.0,12,0,SYNTHETIC
27.63,22.0,13,0,SYNTHETIC
27.63,35.0,14,0,SYNTHETIC
27.63,37.0,15,0,SYNTHETIC
27.63,18.0,16,0,SYNTHETIC
27.63,27.0,17,0,SYNTHETIC
27.63,25.0,18,0,SYNTHETIC
27.63,24.0,19,0,SYNTHETIC
27.63,31.0,20,0,SYNTHETIC
27.63,34.0,21,0,SYNTHETIC
27.63,92.0,22,1,SYNTHETIC
27.63,26.0,23,0,SYNTHETIC
16.56,22.0,0,0,SYNTHETIC
16.56,17.0,1,0,SYNTHETIC
16.56,16.0,2,0,SYNTHETIC
16.56,11.0,3,0,SYNTHETIC
16.56,17.0,4,0,SYNTHETIC
16.56,18.0,5,0,SYNTHETIC
16.56,16.0,6,0,SYNTHETIC
16.56,17.0,7,0,SYNTHETIC
16.56,18.0,8,0,SYNTHETIC
16.56,17.0,9,0,SYNTHETIC
16.56,12.0,10,0,SYNTHETIC
16.56,18.0,11,0,SYNTHETIC
16.56,20.0,12,0,SYNTHETIC
16.56,14.0,13,0,SYNTHETIC
16.56,17.0,14,0,SYNTHETIC
16.56,55.0,15,1,SYNTHETIC
16.56,19.0,16,0,SYNTHETIC
16.56,16.0,17,0,SYNTHETIC
16.56,18.0,18,0,SYNTHETIC
16.56,12.0,19,0,SYNTHETIC
16.56,22.0,20,0,SYNTHETIC
16.56,51.0,21,1,SYNTHETIC
16.56,17.0,22,0,SYNTHETIC
16.56,17.0,23,0,SYNTHETIC
15.98,17.0,0,0,SYNTHETIC
15.98,16.0,1,0,SYNTHETIC
15.98,9.0,2,0,SYNTHETIC
15.98,15.0,3,0,SYNTHETIC
15.98,17.0,4,0,SYNTHETIC
15.98,13.0,5,0,SYNTHETIC
15.98,18.0,6,0,SYNTHETIC
15.98,15.0,7,0,SYNTHETIC
15.98,17.0,8,0,SYNTHETIC
15.98,9.0,9,0,SYNTHETIC
15.98,14.0,10,0,SYNTHETIC
15.98,21.0,11,0,SYNTHETIC
15.98,21.0,12,0,SYNTHETIC
15.98,10.0,13,0,SYNTHETIC
15.98,21.0,14,0,SYNTHETIC
15.98,12.0,15,0,SYNTHETIC
15.98,14.0,16,0,SYNTHETIC
15.98,22.0,17,0,SYNTHETIC
15.98,21.0,18,0,SYNTHETIC
15.98,71.0,19,1,SYNTHETIC
15.98,16.0,20,0,SYNTHETIC
15.98,14.0,21,0,SYNTHETIC
15.98,15.0,22,0,SYNTHETIC
15.98,13.0,23,0,SYNTHETIC
38.01,33.0,0,0,SYNTHETIC
38.01,44.0,1,0,SYNTHETIC
38.01,31.0,2,0,SYNTHETIC
38.01,104.0,3,1,SYNTHETIC
38.01,172.0,4,1,SYNTHETIC
38.01,31.0,5,0,SYNTHETIC
38.01,31.0,6,0,SYNTHETIC
38.01,44.0,7,0,SYNTHETIC
38.01,34.0,8,0,SYNTHETIC
38.01,46.0,9,0,SYNTHETIC
38.01,45.0,10,0,SYNTHETIC
38.01,28.0,11,0,SYNTHETIC
38.01,40.0,12,0,SYNTHETIC
38.01,51.0,13,0,SYNTHETIC
38.01,34.0,14,0,SYNTHETIC
38.01,33.0,15,0,SYNTHETIC
38.01,42.0,16,0,SYNTHETIC
38.01,52.0,17,0,SYNTHETIC
38.01,25.0,18,0,SYNTHETIC
38.01,44.0,19,0,SYNTHETIC
38.01,23.0,20,0,SYNTHETIC
38.01,49.0,21,0,SYNTHETIC
38.01,29.0,22,0,SYNTHETIC
38.01,65.0,23,0,SYNTHETIC
25.67,35.0,0,0,SYNTHETIC
25.67,19.0,1,0,SYNTHETIC
25.67,30.0,2,0,SYNTHETIC
25.67,30.0,3,0,SYNTHETIC
25.67,31.0,4,0,SYNTHETIC
25.67,29.0,5,0,SYNTHETIC
25.67,28.0,6,0,SYNTHETIC
25.67,37.0,7,0,SYNTHETIC
25.67,20.0,8,0,SYNTHETIC
25.67,27.0,9,0,SYNTHETIC
25.67,30.0,10,0,SYNTHETIC
25.67,11.0,11,0,SYNTHETIC
25.67,22.0,12,0,SYNTHETIC
25.67,29.0,13,0,SYNTHETIC
25.67,23.0,14,0,SYNTHETIC
25.67,26.0,15,0,SYNTHETIC
25.67,25.0,16,0,SYNTHETIC
25.67,24.0,17,0,SYNTHETIC
25.67,26.0,18,0,SYNTHETIC
25.67,27.0,19,0,SYNTHETIC
25.67,23.0,20,0,SYNTHETIC
25.67,30.0,21,0,SYNTHETIC
25.67,28.0,22,0,SYNTHETIC
25.67,16.0,23,0,SYNTHETIC
28.95,25.0,0,0,SYNTHETIC
28.95,24.0,1,0,SYNTHETIC
28.95,21.0,2,0,SYNTHETIC
28.95,30.0,3,0,SYNTHETIC
28.95,42.0,4,0,SYNTHETIC
28.95,22.0,5,0,SYNTHETIC
28.95,31.0,6,0,SYNTHETIC
28.95,123.0,7,1,SYNTHETIC
28.95,33.0,8,0,SYNTHETIC
28.95,32.0,9,0,SYNTHETIC
28.95,33.0,10,0,SYNTHETIC
28.95,18.0,11,0,SYNTHETIC
28.95,34.0,12,0,SYNTHETIC
28.95,29.0,13,0,SYNTHETIC
28.95,32.0,14,0,SYNTHETIC
28.95,34.0,15,0,SYNTHETIC
28.95,44.0,16,0,SYNTHETIC
28.95,30.0,17,0,SYNTHETIC
28.95,29.0,18,0,SYNTHETIC
28.95,22.0,19,0,SYNTHETIC
28.95,24.0,20,0,SYNTHETIC
28.95,15.0,21,0,SYNTHETIC
28.95,32.0,22,0,SYNTHETIC
28.95,27.0,23,0,SYNTHETIC
17.21,16.0,0,0,SYNTHETIC
17.21,13.0,1,0,SYNTHETIC
17.21,7.0,2,0,SYNTHETIC
17.21,22.0,3,0,SYNTHETIC
17.21,13.0,4,0,SYNTHETIC
17.21,19.0,5,0,SYNTHETIC
17.21,11.0,6,0,SYNTHETIC
17.21,20.0,7,0,SYNTHETIC
17.21,15.0,8,0,SYNTHETIC
17.21,18.0,9,0,SYNTHETIC
17.21,29.0,10,0,SYNTHETIC
17.21,22.0,11,0,SYNTHETIC
17.21,15.0,12,0,SYNTHETIC
17.21,14.0,13,0,SYNTHETIC
17.21,17.0,14,0,SYNTHETIC
17.21,20.0,15,0,SYNTHETIC
17.21,21.0,16,0,SYNTHETIC
17.21,29.0,17,0,SYNTHETIC
17.21,13.0,18,0,SYNTHETIC
17.21,13.0,19,0,SYNTHETIC
17.21,14.0,20,0,SYNTHETIC
17.21,16.0,21,0,SYNTHETIC
17.21,10.0,22,0,SYNTHETIC
17.21,13.0,23,0,SYNTHETIC
30.53,27.0,0,0,SYNTHETIC
30.53,25.0,1,0,SYNTHETIC
30.53,31.0,2,0,SYNTHETIC
30.53,29.0,3,0,SYNTHETIC
30.53,27.0,4,0,SYNTHETIC
30.53,36.0,5,0,SYNTHETIC
30.53,19.0,6,0,SYNTHETIC
30.53,25.0,7,0,SYNTHETIC
30.53,17.0,8,0,SYNTHETIC
30.53,19.0,9,0,SYNTHETIC
30.53,36.0,10,0,SYNTHETIC
30.53,31.0,11,0,SYNTHETIC
30.53,30.0,12,0,SYNTHETIC
30.53,25.0,13,0,SYNTHETIC
30.53,28.0,14,0,SYNTHETIC
30.53,34.0,15,0,SYNTHETIC
30.53,34.0,16,0,SYNTHETIC
30.53,39.0,17,0,SYNTHETIC
30.53,44.0,18,0,SYNTHETIC
30.53,26.0,19,0,SYNTHETIC
30.53,27.0,20,0,SYNTHETIC
30.53,36.0,21,0,SYNTHETIC
30.53,26.0,22,0,SYNTHETIC
30.53,29.0,23,0,SYNTHETIC
36.05,31.0,0,0,SYNTHETIC
36.05,49.0,1,0,SYNTHETIC
36.05,38.0,2,0,SYNTHETIC
36.05,35.0,3,0,SYNTHETIC
36.05,30.0,4,0,SYNTHETIC
36.05,38.0,5,0,SYNTHETIC
36.05,41.0,6,0,SYNTHETIC
36.05,39.0,7,0,SYNTHETIC
36.05,35.0,8,0,SYNTHETIC
36.05,27.0,9,0,SYNTHETIC
36.05,124.0,10,1,SYNTHETIC
36.05,177.0,11,1,SYNTHETIC
36.05,24.0,12,0,SYNTHETIC
36.05,36.0,13,0,SYNTHETIC
36.05,30.0,14,0,SYNTHETIC
36.05,36.0,15,0,SYNTHETIC
36.05,31.0,16,0,SYNTHETIC
36.05,44.0,17,0,SYNTHETIC
36.05,64.0,18,0,SYNTHETIC
36.05,34.0,19,0,SYNTHETIC
36.05,94.0,20,1,SYNTHETIC
36.05,46.0,21,0,SYNTHETIC
36.05,38.0,22,0,SYNTHETIC
36.05,29.0,23,0,SYNTHETIC
34.74,125.0,0,1,SYNTHETIC
34.74,26.0,1,0,SYNTHETIC
34.74,42.0,2,0,SYNTHETIC
34.74,26.0,3,0,SYNTHETIC
34.74,55.0,4,0,SYNTHETIC
34.74,28.0,5,0,SYNTHETIC
34.74,30.0,6,0,SYNTHETIC
34.74,36.0,7,0,SYNTHETIC
34.74,33.0,8,0,SYNTHETIC
34.74,36.0,9,0,SYNTHETIC
34.74,31.0,10,0,SYNTHETIC
34.74,46.0,11,0,SYNTHETIC
34.74,48.0,12,0,SYNTHETIC
34.74,32.0,13,0,SYNTHETIC
34.74,33.0,14,0,SYNTHETIC
34.74,33.0,15,0,SYNTHETIC
34.74,22.0,16,0,SYNTHETIC
34.74,18.0,17,0,SYNTHETIC
34.74,31.0,18,0,SYNTHETIC
34.74,43.0,19,0,SYNTHETIC
34.74,38.0,20,0,SYNTHETIC
34.74,51.0,21,0,SYNTHETIC
34.74,36.0,22,0,SYNTHETIC
34.74,34.0,23,0,SYNTHETIC
33.36,30.0,0,0,SYNTHETIC
33.36,25.0,1,0,SYNTHETIC
33.36,10.0,2,0,SYNTHETIC
33.36,44.0,3,0,SYNTHETIC
33.36,42.0,4,0,SYNTHETIC
33.36,45.0,5,0,SYNTHETIC
33.36,107.0,6,1,SYNTHETIC
33.36,32.0,7,0,SYNTHETIC
33.36,20.0,8,0,SYNTHETIC
33.36,38.0,9,0,SYNTHETIC
33.36,30.0,10,0,SYNTHETIC
33.36,9.0,11,0,SYNTHETIC
33.36,45.0,12,0,SYNTHETIC
33.36,29.0,13,0,SYNTHETIC
33.36,13.0,14,0,SYNTHETIC
33.36,27.0,15,0,SYNTHETIC
33.36,27.0,16,0,SYNTHETIC
33.36,36.0,17,0,SYNTHETIC
33.36,30.0,18,0,SYNTHETIC
33.36,42.0,19,0,SYNTHETIC
33.36,37.0,20,0,SYNTHETIC
33.36,38.0,21,0,SYNTHETIC
33.36,41.0,22,0,SYNTHETIC
33.36,33.0,23,0,SYNTHETIC
37.66,43.0,0,0,SYNTHETIC
37.66,56.0,1,0,SYNTHETIC
37.66,48.0,2,0,SYNTHETIC
37.66,25.0,3,0,SYNTHETIC
37.66,36.0,4,0,SYNTHETIC
37.66,34.0,5,0,SYNTHETIC
37.66,27.0,6,0,SYNTHETIC
37.66,37.0,7,0,SYNTHETIC
37.66,35.0,8,0,SYNTHETIC
37.66,29.0,9,0,SYNTHETIC
37.66,126.0,10,1,SYNTHETIC
37.66,29.0,11,0,SYNTHETIC
37.66,167.0,12,1,SYNTHETIC
37.66,35.0,13,0,SYNTHETIC
37.66,183.0,14,1,SYNTHETIC
37.66,38.0,15,0,SYNTHETIC
37.66,31.0,16,0,SYNTHETIC
37.66,39.0,17,0,SYNTHETIC
37.66,11.0,18,0,SYNTHETIC
37.66,29.0,19,0,SYNTHETIC
37.66,53.0,20,0,SYNTHETIC
37.66,43.0,21,0,SYNTHETIC
37.66,46.0,22,0,SYNTHETIC
37.66,18.0,23,0,SYNTHETIC
33.12,37.0,0,0,SYNTHETIC
33.12,35.0,1,0,SYNTHETIC
33.12,29.0,2,0,SYNTHETIC
33.12,38.0,3,0,SYNTHETIC
33.12,41.0,4,0,SYNTHETIC
33.12,40.0,5,0,SYNTHETIC
33.12,39.0,6,0,SYNTHETIC
33.12,26.0,7,0,SYNTHETIC
33.12,39.0,8,0,SYNTHETIC
33.12,27.0,9,0,SYNTHETIC
33.12,37.0,10,0,SYNTHETIC
33.12,32.0,11,0,SYNTHETIC
33.12,34.0,12,0,SYNTHETIC
33.12,12.0,13,0,SYNTHETIC
33.12,25.0,14,0,SYNTHETIC
33.12,30.0,15,0,SYNTHETIC
33.12,37.0,16,0,SYNTHETIC
33.12,37.0,17,0,SYNTHETIC
33.12,39.0,18,0,SYNTHETIC
33.12,39.0,19,0,SYNTHETIC
33.12,28.0,20,0,SYNTHETIC
33.12,34.0,21,0,SYNTHETIC
33.12,38.0,22,0,SYNTHETIC
33.12,45.0,23,0,SYNTHETIC
16.37,19.0,0,0,SYNTHETIC
16.37,15.0,1,0,SYNTHETIC
16.37,11.0,2,0,SYNTHETIC
16.37,13.0,3,0,SYNTHETIC
16.37,13.0,4,0,SYNTHETIC
16.37,22.0,5,0,SYNTHETIC
16.37,13.0,6,0,SYNTHETIC
16.37,54.0,7,1,SYNTHETIC
16.37,18.0,8,0,SYNTHETIC
16.37,22.0,9,0,SYNTHETIC
16.37,12.0,10,0,SYNTHETIC
16.37,16.0,11,0,SYNTHETIC
16.37,16.0,12,0,SYNTHETIC
16.37,11.0,13,0,SYNTHETIC
16.37,16.0,14,0,SYNTHETIC
16.37,17.0,15,0,SYNTHETIC
16.37,16.0,16,0,SYNTHETIC
16.37,15.0,17,0,SYNTHETIC
16.37,16.0,18,0,SYNTHETIC
16.37,21.0,19,0,SYNTHETIC
16.37,9.0,20,0,SYNTHETIC
16.37,15.0,21,0,SYNTHETIC
16.37,61.0,22,1,SYNTHETIC
16.37,13.0,23,0,SYNTHETIC
18.22,21.0,0,0,SYNTHETIC
18.22,15.0,1,0,SYNTHETIC
18.22,21.0,2,0,SYNTHETIC
18.22,23.0,3,0,SYNTHETIC
18.22,26.0,4,0,SYNTHETIC
18.22,16.0,5,0,SYNTHETIC
18.22,10.0,6,0,SYNTHETIC
18.22,17.0,7,0,SYNTHETIC
18.22,12.0,8,0,SYNTHETIC
18.22,17.0,9,0,SYNTHETIC
18.22,76.0,10,1,SYNTHETIC
18.22,15.0,11,0,SYNTHETIC
18.22,21.0,12,0,SYNTHETIC
18.22,70.0,13,1,SYNTHETIC
18.22,16.0,14,0,SYNTHETIC
18.22,13.0,15,0,SYNTHETIC
18.22,10.0,16,0,SYNTHETIC
18.22,11.0,17,0,SYNTHETIC
18.22,19.0,18,0,SYNTHETIC
18.22,13.0,19,0,SYNTHETIC
18.22,18.0,20,0,SYNTHETIC
18.22,13.0,21,0,SYNTHETIC
18.22,23.0,22,0,SYNTHETIC
18.22,26.0,23,0,SYNTHETIC
29.99,35.0,0,0,SYNTHETIC
29.99,19.0,1,0,SYNTHETIC
29.99,30.0,2,0,SYNTHETIC
29.99,22.0,3,0,SYNTHETIC
29.99,32.0,4,0,SYNTHETIC
29.99,150.0,5,1,SYNTHETIC
29.99,17.0,6,0,SYNTHETIC
29.99,20.0,7,0,SYNTHETIC
29.99,25.0,8,0,SYNTHETIC
29.99,25.0,9,0,SYNTHETIC
29.99,30.0,10,0,SYNTHETIC
29.99,22.0,11,0,SYNTHETIC
29.99,25.0,12,0,SYNTHETIC
29.99,27.0,13,0,SYNTHETIC
29.99,45.0,14,0,SYNTHETIC
29.99,129.0,15,1,SYNTHETIC
29.99,94.0,16,1,SYNTHETIC
29.99,31.0,17,0,SYNTHETIC
29.99,25.0,18,0,SYNTHETIC
29.99,36.0,19,0,SYNTHETIC
29.99,33.0,20,0,SYNTHETIC
29.99,109.0,21,1,SYNTHETIC
29.99,31.0,22,0,SYNTHETIC
29.99,40.0,23,0,SYNTHETIC
16.23,19.0,0,0,SYNTHETIC
16.23,21.0,1,0,SYNTHETIC
16.23,17.0,2,0,SYNTHETIC
16.23,24.0,3,0,SYNTHETIC
16.23,14.0,4,0,SYNTHETIC
16.23,17.0,5,0,SYNTHETIC
16.23,14.0,6,0,SYNTHETIC
16.23,15.0,7,0,SYNTHETIC
16.23,18.0,8,0,SYNTHETIC
16.23,15.0,9,0,SYNTHETIC
16.23,16.0,10,0,SYNTHETIC
16.23,22.0,11,0,SYNTHETIC
16.23,12.0,12,0,SYNTHETIC
16.23,19.0,13,0,SYNTHETIC
16.23,10.0,14,0,SYNTHETIC
16.23,18.0,15,0,SYNTHETIC
16.23,17.0,16,0,SYNTHETIC
16.23,58.0,17,1,SYNTHETIC
16.23,14.0,18,0,SYNTHETIC
16.23,13.0,19,0,SYNTHETIC
16.23,19.0,20,0,SYNTHETIC
16.23,19.0,21,0,SYNTHETIC
16.23,19.0,22,0,SYNTHETIC
16.23,21.0,23,0,SYNTHETIC
17.99,15.0,0,0,SYNTHETIC
17.99,19.0,1,0,SYNTHETIC
17.99,13.0,2,0,SYNTHETIC
17.99,15.0,3,0,SYNTHETIC
17.99,15.0,4,0,SYNTHETIC
17.99,21.0,5,0,SYNTHETIC
17.99,13.0,6,0,SYNTHETIC
17.99,21.0,7,0,SYNTHETIC
17.99,23.0,8,0,SYNTHETIC
17.99,27.0,9,0,SYNTHETIC
17.99,18.0,10,0,SYNTHETIC
17.99,19.0,11,0,SYNTHETIC
17.99,11.0,12,0,SYNTHETIC
17.99,52.0,13,1,SYNTHETIC
17.99,19.0,14,0,SYNTHETIC
17.99,17.0,15,0,SYNTHETIC
17.99,18.0,16,0,SYNTHETIC
17.99,19.0,17,0,SYNTHETIC
17.99,12.0,18,0,SYNTHETIC
17.99,18.0,19,0,SYNTHETIC
17.99,15.0,20,0,SYNTHETIC
17.99,24.0,21,0,SYNTHETIC
17.99,22.0,22,0,SYNTHETIC
17.99,18.0,23,0,SYNTHETIC
23.7,20.0,0,0,SYNTHETIC
23.7,26.0,1,0,SYNTHETIC
23.7,16.0,2,0,SYNTHETIC
23.7,31.0,3,0,SYNTHETIC
23.7,24.0,4,0,SYNTHETIC
23.7,12.0,5,0,SYNTHETIC
23.7,25.0,6,0,SYNTHETIC
23.7,89.0,7,1,SYNTHETIC
23.7,24.0,8,0,SYNTHETIC
23.7,24.0,9,0,SYNTHETIC
23.7,18.0,10,0,SYNTHETIC
23.7,27.0,11,0,SYNTHETIC
23.7,25.0,12,0,SYNTHETIC
23.7,29.0,13,0,SYNTHETIC
23.7,59.0,14,1,SYNTHETIC
23.7,91.0,15,1,SYNTHETIC
23.7,23.0,16,0,SYNTHETIC
23.7,11.0,17,0,SYNTHETIC
23.7,23.0,18,0,SYNTHETIC
23.7,21.0,19,0,SYNTHETIC
23.7,21.0,20,0,SYNTHETIC
23.7,28.0,21,0,SYNTHETIC
23.7,31.0,22,0,SYNTHETIC
23.7,22.0,23,0,SYNTHETIC
10.45,13.0,0,0,SYNTHETIC
10.45,10.0,1,0,SYNTHETIC
10.45,9.0,2,0,SYNTHETIC
10.45,10.0,3,0,SYNTHETIC
10.45,8.0,4,0,SYNTHETIC
10.45,14.0,5,0,SYNTHETIC
10.45,12.0,6,0,SYNTHETIC
10.45,11.0,7,0,SYNTHETIC
10.45,8.0,8,0,SYNTHETIC
10.45,13.0,9,0,SYNTHETIC
10.45,7.0,10,0,SYNTHETIC
10.45,12.0,11,0,SYNTHETIC
10.45,8.0,12,0,SYNTHETIC
10.45,9.0,13,0,SYNTHETIC
10.45,13.0,14,0,SYNTHETIC
10.45,11.0,15,0,SYNTHETIC
10.45,13.0,16,0,SYNTHETIC
10.45,14.0,17,0,SYNTHETIC
10.45,9.0,18,0,SYNTHETIC
10.45,11.0,19,0,SYNTHETIC
10.45,12.0,20,0,SYNTHETIC
10.45,7.0,21,0,SYNTHETIC
10.45,12.0,22,0,SYNTHETIC
10.45,10.0,23,0,SYNTHETIC
39.87,42.0,0,0,SYNTHETIC
39.87,52.0,1,0,SYNTHETIC
39.87,30.0,2,0,SYNTHETIC
39.87,37.0,3,0,SYNTHETIC
39.87,47.0,4,0,SYNTHETIC
39.87,39.0,5,0,SYNTHETIC
39.87,137.0,6,1,SYNTHETIC
39.87,48.0,7,0,SYNTHETIC
39.87,42.0,8,0,SYNTHETIC
39.87,50.0,9,0,SYNTHETIC
39.87,29.0,10,0,SYNTHETIC
39.87,20.0,11,0,SYNTHETIC
39.87,28.0,12,0,SYNTHETIC
39.87,59.0,13,0,SYNTHETIC
39.87,47.0,14,0,SYNTHETIC
39.87,16.0,15,0,SYNTHETIC
39.87,31.0,16,0,SYNTHETIC
39.87,67.0,17,0,SYNTHETIC
39.87,27.0,18,0,SYNTHETIC
39.87,44.0,19,0,SYNTHETIC
39.87,41.0,20,0,SYNTHETIC
39.87,42.0,21,0,SYNTHETIC
39.87,27.0,22,0,SYNTHETIC
39.87,38.0,23,0,SYNTHETIC
37.96,48.0,0,0,SYNTHETIC
37.96,30.0,1,0,SYNTHETIC
37.96,35.0,2,0,SYNTHETIC
37.96,42.0,3,0,SYNTHETIC
37.96,39.0,4,0,SYNTHETIC
37.96,41.0,5,0,SYNTHETIC
37.96,43.0,6,0,SYNTHETIC
37.96,44.0,7,0,SYNTHETIC
37.96,41.0,8,0,SYNTHETIC
37.96,42.0,9,0,SYNTHETIC
37.96,40.0,10,0,SYNTHETIC
37.96,37.0,11,0,SYNTHETIC
37.96,32.0,12,0,SYNTHETIC
37.96,47.0,13,0,SYNTHETIC
37.96,39.0,14,0,SYNTHETIC
37.96,38.0,15,0,SYNTHETIC
37.96,27.0,16,0,SYNTHETIC
37.96,31.0,17,0,SYNTHETIC
37.96,55.0,18,0,SYNTHETIC
37.96,36.0,19,0,SYNTHETIC
37.96,38.0,20,0,SYNTHETIC
37.96,34.0,21,0,SYNTHETIC
37.96,32.0,22,0,SYNTHETIC
37.96,55.0,23,0,SYNTHETIC
30.66,23.0,0,0,SYNTHETIC
30.66,25.0,1,0,SYNTHETIC
30.66,35.0,2,0,SYNTHETIC
30.66,30.0,3,0,SYNTHETIC
30.66,23.0,4,0,SYNTHETIC
30.66,37.0,5,0,SYNTHETIC
30.66,22.0,6,0,SYNTHETIC
30.66,19.0,7,0,SYNTHETIC
30.66,28.0,8,0,SYNTHETIC
30.66,30.0,9,0,SYNTHETIC
30.66,33.0,10,0,SYNTHETIC
30.66,26.0,11,0,SYNTHETIC
30.66,23.0,12,0,SYNTHETIC
30.66,38.0,13,0,SYNTHETIC
30.66,25.0,14,0,SYNTHETIC
30.66,35.0,15,0,SYNTHETIC
30.66,31.0,16,0,SYNTHETIC
30.66,23.0,17,0,SYNTHETIC
30.66,37.0,18,0,SYNTHETIC
30.66,33.0,19,0,SYNTHETIC
30.66,37.0,20,0,SYNTHETIC
30.66,44.0,21,0,SYNTHETIC
30.66,38.0,22,0,SYNTHETIC
30.66,37.0,23,0,SYNTHETIC
30.06,40.0,0,0,SYNTHETIC
30.06,26.0,1,0,SYNTHETIC
30.06,34.0,2,0,SYNTHETIC
30.06,34.0,3,0,SYNTHETIC
30.06,27.0,4,0,SYNTHETIC
30.06,29.0,5,0,SYNTHETIC
30.06,30.0,6,0,SYNTHETIC
30.06,29.0,7,0,SYNTHETIC
30.06,20.0,8,0,SYNTHETIC
30.06,32.0,9,0,SYNTHETIC
30.06,34.0,10,0,SYNTHETIC
30.06,32.0,11,0,SYNTHETIC
30.06,29.0,12,0,SYNTHETIC
30.06,22.0,13,0,SYNTHETIC
30.06,32.0,14,0,SYNTHETIC
30.06,135.0,15,1,SYNTHETIC
30.06,29.0,16,0,SYNTHETIC
30.06,25.0,17,0,SYNTHETIC
30.06,39.0,18,0,SYNTHETIC
30.06,26.0,19,0,SYNTHETIC
30.06,42.0,20,0,SYNTHETIC
30.06,30.0,21,0,SYNTHETIC
30.06,37.0,22,0,SYNTHETIC
30.06,24.0,23,0,SYNTHETIC
10.87,13.0,0,0,SYNTHETIC
10.87,8.0,1,0,SYNTHETIC
10.87,11.0,2,0,SYNTHETIC
10.87,11.0,3,0,SYNTHETIC
10.87,12.0,4,0,SYNTHETIC
10.87,48.0,5,1,SYNTHETIC
10.87,9.0,6,0,SYNTHETIC
10.87,11.0,7,0,SYNTHETIC
10.87,14.0,8,0,SYNTHETIC
10.87,12.0,9,0,SYNTHETIC
10.87,11.0,10,0,SYNTHETIC
10.87,12.0,11,0,SYNTHETIC
10.87,3.0,12,0,SYNTHETIC
10.87,11.0,13,0,SYNTHETIC
10.87,11.0,14,0,SYNTHETIC
10.87,11.0,15,0,SYNTHETIC
10.87,11.0,16,0,SYNTHETIC
10.87,13.0,17,0,SYNTHETIC
10.87,9.0,18,0,SYNTHETIC
10.87,16.0,19,0,SYNTHETIC
10.87,5.0,20,0,SYNTHETIC
10.87,10.0,21,0,SYNTHETIC
10.87,8.0,22,0,SYNTHETIC
10.87,14.0,23,0,SYNTHETIC
21.84,29.0,0,0,SYNTHETIC
21.84,77.0,1,1,SYNTHETIC
21.84,28.0,2,0,SYNTHETIC
21.84,20.0,3,0,SYNTHETIC
21.84,62.0,4,1,SYNTHETIC
21.84,31.0,5,0,SYNTHETIC
21.84,19.0,6,0,SYNTHETIC
21.84,26.0,7,0,SYNTHETIC
21.84,25.0,8,0,SYNTHETIC
21.84,66.0,9,1,SYNTHETIC
21.84,23.0,10,0,SYNTHETIC
21.84,21.0,11,0,SYNTHETIC
21.84,22.0,12,0,SYNTHETIC
21.84,19.0,13,0,SYNTHETIC
21.84,17.0,14,0,SYNTHETIC
21.84,20.0,15,0,SYNTHETIC
21.84,25.0,16,0,SYNTHETIC
21.84,27.0,17,0,SYNTHETIC
21.84,28.0,18,0,SYNTHETIC
21.84,18.0,19,0,SYNTHETIC
21.84,11.0,20,0,SYNTHETIC
21.84,21.0,21,0,SYNTHETIC
21.84,22.0,22,0,SYNTHETIC
21.84,19.0,23,0,SYNTHETIC
20.95,25.0,0,0,SYNTHETIC
20.95,24.0,1,0,SYNTHETIC
20.95,16.0,2,0,SYNTHETIC
20.95,29.0,3,0,SYNTHETIC
20.95,25.0,4,0,SYNTHETIC
20.95,21.0,5,0,SYNTHETIC
20.95,22.0,6,0,SYNTHETIC
20.95,22.0,7,0,SYNTHETIC
20.95,21.0,8,0,SYNTHETIC
20.95,33.0,9,0,SYNTHETIC
20.95,26.0,10,0,SYNTHETIC
20.95,25.0,11,0,SYNTHETIC
20.95,35.0,12,0,SYNTHETIC
20.95,14.0,13,0,SYNTHETIC
20.95,19.0,14,0,SYNTHETIC
20.95,17.0,15,0,SYNTHETIC
20.95,22.0,16,0,SYNTHETIC
20.95,18.0,17,0,SYNTHETIC
20.95,20.0,18,0,SYNTHETIC
20.95,20.0,19,0,SYNTHETIC
20.95,17.0,20,0,SYNTHETIC
20.95,22.0,21,0,SYNTHETIC
20.95,24.0,22,0,SYNTHETIC
20.95,23.0,23,0,SYNTHETIC
23.04,18.0,0,0,SYNTHETIC
23.04,18.0,1,0,SYNTHETIC
23.04,14.0,2,0,SYNTHETIC
23.04,27.0,3,0,SYNTHETIC
23.04,25.0,4,0,SYNTHETIC
23.04,26.0,5,0,SYNTHETIC
23.04,33.0,6,0,SYNTHETIC
23.04,19.0,7,0,SYNTHETIC
23.04,25.0,8,0,SYNTHETIC
23.04,19.0,9,0,SYNTHETIC
23.04,23.0,10,0,SYNTHETIC
23.04,9.0,11,0,SYNTHETIC
23.04,21.0,12,0,SYNTHETIC
23.04,20.0,13,0,SYNTHETIC
23.04,29.0,14,0,SYNTHETIC
23.04,30.0,15,0,SYNTHETIC
23.04,21.0,16,0,SYNTHETIC
23.04,19.0,17,0,SYNTHETIC
23.04,21.0,18,0,SYNTHETIC
23.04,26.0,19,0,SYNTHETIC
23.04,78.0,20,1,SYNTHETIC
23.04,21.0,21,0,SYNTHETIC
23.04,35.0,22,0,SYNTHETIC
23.04,32.0,23,0,SYNTHETIC
28.08,30.0,0,0,SYNTHETIC
28.08,25.0,1,0,SYNTHETIC
28.08,19.0,2,0,SYNTHETIC
28.08,45.0,3,0,SYNTHETIC
28.08,22.0,4,0,SYNTHETIC
28.08,16.0,5,0,SYNTHETIC
28.08,44.0,6,0,SYNTHETIC
28.08,36.0,7,0,SYNTHETIC
28.08,34.0,8,0,SYNTHETIC
28.08,34.0,9,0,SYNTHETIC
28.08,28.0,10,0,SYNTHETIC
28.08,21.0,11,0,SYNTHETIC
28.08,107.0,12,1,SYNTHETIC
28.08,26.0,13,0,SYNTHETIC
28.08,18.0,14,0,SYNTHETIC
28.08,33.0,15,0,SYNTHETIC
28.08,32.0,16,0,SYNTHETIC
28.08,29.0,17,0,SYNTHETIC
28.08,21.0,18,0,SYNTHETIC
28.08,38.0,19,0,SYNTHETIC
28.08,15.0,20,0,SYNTHETIC
28.08,29.0,21,0,SYNTHETIC
28.08,22.0,22,0,SYNTHETIC
28.08,94.0,23,1,SYNTHETIC
33.87,39.0,0,0,SYNTHETIC
33.87,29.0,1,0,SYNTHETIC
33.87,43.0,2,0,SYNTHETIC
33.87,34.0,3,0,SYNTHETIC
33.87,54.0,4,0,SYNTHETIC
33.87,38.0,5,0,SYNTHETIC
33.87,8.0,6,0,SYNTHETIC
33.87,27.0,7,0,SYNTHETIC
33.87,39.0,8,0,SYNTHETIC
33.87,43.0,9,0,SYNTHETIC
33.87,28.0,10,0,SYNTHETIC
33.87,36.0,11,0,SYNTHETIC
33.87,27.0,12,0,SYNTHETIC
33.87,18.0,13,0,SYNTHETIC
33.87,34.0,14,0,SYNTHETIC
33.87,34.0,15,0,SYNTHETIC
33.87,40.0,16,0,SYNTHETIC
33.87,34.0,17,0,SYNTHETIC
33.87,25.0,18,0,SYNTHETIC
33.87,41.0,19,0,SYNTHETIC
33.87,33.0,20,0,SYNTHETIC
33.87,30.0,21,0,SYNTHETIC
33.87,41.0,22,0,SYNTHETIC
33.87,36.0,23,0,SYNTHETIC
13.51,18.0,0,0,SYNTHETIC
13.51,16.0,1,0,SYNTHETIC
13.51,18.0,2,0,SYNTHETIC
13.51,14.0,3,0,SYNTHETIC
13.51,7.0,4,0,SYNTHETIC
13.51,9.0,5,0,SYNTHETIC
13.51,15.0,6,0,SYNTHETIC
13.51,16.0,7,0,SYNTHETIC
13.51,13.0,8,0,SYNTHETIC
13.51,11.0,9,0,SYNTHETIC
13.51,14.0,10,0,SYNTHETIC
13.51,16.0,11,0,SYNTHETIC
13.51,14.0,12,0,SYNTHETIC
13.51,16.0,13,0,SYNTHETIC
13.51,13.0,14,0,SYNTHETIC
13.51,15.0,15,0,SYNTHETIC
13.51,9.0,16,0,SYNTHETIC
13.51,14.0,17,0,SYNTHETIC
13.51,15.0,18,0,SYNTHETIC
13.51,17.0,19,0,SYNTHETIC
13.51,52.0,20,1,SYNTHETIC
13.51,16.0,21,0,SYNTHETIC
13.51,11.0,22,0,SYNTHETIC
13.51,9.0,23,0,SYNTHETIC
29.57,37.0,0,0,SYNTHETIC
29.57,36.0,1,0,SYNTHETIC
29.57,36.0,2,0,SYNTHETIC
29.57,21.0,3,0,SYNTHETIC
29.57,29.0,4,0,SYNTHETIC
29.57,82.0,5,1,SYNTHETIC
29.57,31.0,6,0,SYNTHETIC
29.57,43.0,7,0,SYNTHETIC
29.57,138.0,8,1,SYNTHETIC
29.57,33.0,9,0,SYNTHETIC
29.57,34.0,10,0,SYNTHETIC
29.57,41.0,11,0,SYNTHETIC
29.57,27.0,12,0,SYNTHETIC
29.57,37.0,13,0,SYNTHETIC
29.57,27.0,14,0,SYNTHETIC
29.57,41.0,15,0,SYNTHETIC
29.57,29.0,16,0,SYNTHETIC
29.57,33.0,17,0,SYNTHETIC
29.57,32.0,18,0,SYNTHETIC
29.57,34.0,19,0,SYNTHETIC
29.57,26.0,20,0,SYNTHETIC
29.57,36.0,21,0,SYNTHETIC
29.57,26.0,22,0,SYNTHETIC
29.57,28.0,23,0,SYNTHETIC
12.66,14.0,0,0,SYNTHETIC
12.66,15.0,1,0,SYNTHETIC
12.66,14.0,2,0,SYNTHETIC
12.66,14.0,3,0,SYNTHETIC
12.66,13.0,4,0,SYNTHETIC
12.66,42.0,5,1,SYNTHETIC
12.66,12.0,6,0,SYNTHETIC
12.66,13.0,7,0,SYNTHETIC
12.66,17.0,8,0,SYNTHETIC
12.66,10.0,9,0,SYNTHETIC
12.66,17.0,10,0,SYNTHETIC
12.66,17.0,11,0,SYNTHETIC
12.66,11.0,12,0,SYNTHETIC
12.66,62.0,13,1,SYNTHETIC
12.66,9.0,14,0,SYNTHETIC
12.66,34.0,15,1,SYNTHETIC
12.66,16.0,16,0,SYNTHETIC
12.66,35.0,17,1,SYNTHETIC
12.66,14.0,18,0,SYNTHETIC
12.66,17.0,19,0,SYNTHETIC
12.66,17.0,20,0,SYNTHETIC
12.66,20.0,21,0,SYNTHETIC
12.66,12.0,22,0,SYNTHETIC
12.66,13.0,23,0,SYNTHETIC
17.44,23.0,0,0,SYNTHETIC
17.44,15.0,1,0,SYNTHETIC
17.44,18.0,2,0,SYNTHETIC
17.44,17.0,3,0,SYNTHETIC
17.44,16.0,4,0,SYNTHETIC
17.44,12.0,5,0,SYNTHETIC
17.44,19.0,6,0,SYNTHETIC
17.44,15.0,7,0,SYNTHETIC
17.44,15.0,8,0,SYNTHETIC
17.44,72.0,9,1,SYNTHETIC
17.44,73.0,10,1,SYNTHETIC
17.44,19.0,11,0,SYNTHETIC
17.44,17.0,12,0,SYNTHETIC
17.44,26.0,13,0,SYNTHETIC
17.44,17.0,14,0,SYNTHETIC
17.44,19.0,15,0,SYNTHETIC
17.44,24.0,16,0,SYNTHETIC
17.44,12.0,17,0,SYNTHETIC
17.44,20.0,18,0,SYNTHETIC
17.44,17.0,19,0,SYNTHETIC
17.44,25.0,20,0,SYNTHETIC
17.44,21.0,21,0,SYNTHETIC
17.44,17.0,22,0,SYNTHETIC
17.44,16.0,23,0,SYNTHETIC
23.0,108.0,0,1,SYNTHETIC
23.0,15.0,1,0,SYNTHETIC
23.0,24.0,2,0,SYNTHETIC
23.0,22.0,3,0,SYNTHETIC
23.0,24.0,4,0,SYNTHETIC
23.0,28.0,5,0,SYNTHETIC
23.0,28.0,6,0,SYNTHETIC
23.0,21.0,7,0,SYNTHETIC
23.0,73.0,8,1,SYNTHETIC
23.0,25.0,9,0,SYNTHETIC
23.0,12.0,10,0,SYNTHETIC
23.0,31.0,11,0,SYNTHETIC
23.0,33.0,12,0,SYNTHETIC
23.0,22.0,13,0,SYNTHETIC
23.0,34.0,14,0,SYNTHETIC
23.0,30.0,15,0,SYNTHETIC
23.0,26.0,16,0,SYNTHETIC
23.0,28.0,17,0,SYNTHETIC
23.0,31.0,18,0,SYNTHETIC
23.0,22.0,19,0,SYNTHETIC
23.0,17.0,20,0,SYNTHETIC
23.0,27.0,21,0,SYNTHETIC
23.0,18.0,22,0,SYNTHETIC
23.0,13.0,23,0,SYNTHETIC
12.98,14.0,0,0,SYNTHETIC
12.98,16.0,1,0,SYNTHETIC
12.98,12.0,2,0,SYNTHETIC
12.98,12.0,3,0,SYNTHETIC
12.98,16.0,4,0,SYNTHETIC
12.98,46.0,5,1,SYNTHETIC
12.98,13.0,6,0,SYNTHETIC
12.98,14.0,7,0,SYNTHETIC
12.98,12.0,8,0,SYNTHETIC
12.98,14.0,9,0,SYNTHETIC
12.98,10.0,10,0,SYNTHETIC
12.98,10.0,11,0,SYNTHETIC
12.98,8.0,12,0,SYNTHETIC
12.98,9.0,13,0,SYNTHETIC
12.98,13.0,14,0,SYNTHETIC
12.98,16.0,15,0,SYNTHETIC
12.98,8.0,16,0,SYNTHETIC
12.98,11.0,17,0,SYNTHETIC
12.98,11.0,18,0,SYNTHETIC
12.98,9.0,19,0,SYNTHETIC
12.98,15.0,20,0,SYNTHETIC
12.98,13.0,21,0,SYNTHETIC
12.98,16.0,22,0,SYNTHETIC
12.98,16.0,23,0,SYNTHETIC
36.1,118.0,0,1,SYNTHETIC
36.1,25.0,1,0,SYNTHETIC
36.1,50.0,2,0,SYNTHETIC
36.1,50.0,3,0,SYNTHETIC
36.1,23.0,4,0,SYNTHETIC
36.1,32.0,5,0,SYNTHETIC
36.1,21.0,6,0,SYNTHETIC
36.1,24.0,7,0,SYNTHETIC
36.1,33.0,8,0,SYNTHETIC
36.1,46.0,9,0,SYNTHETIC
36.1,23.0,10,0,SYNTHETIC
36.1,57.0,11,0,SYNTHETIC
36.1,150.0,12,1,SYNTHETIC
36.1,31.0,13,0,SYNTHETIC
36.1,41.0,14,0,SYNTHETIC
36.1,33.0,15,0,SYNTHETIC
36.1,42.0,16,0,SYNTHETIC
36.1,38.0,17,0,SYNTHETIC
36.1,40.0,18,0,SYNTHETIC
36.1,33.0,19,0,SYNTHETIC
36.1,36.0,20,0,SYNTHETIC
36.1,40.0,21,0,SYNTHETIC
36.1,31.0,22,0,SYNTHETIC
36.1,35.0,23,0,SYNTHETIC
13.45,15.0,0,0,SYNTHETIC
13.45,10.0,1,0,SYNTHETIC
13.45,13.0,2,0,SYNTHETIC
13.45,46.0,3,1,SYNTHETIC
13.45,17.0,4,0,SYNTHETIC
13.45,11.0,5,0,SYNTHETIC
13.45,13.0,6,0,SYNTHETIC
13.45,14.0,7,0,SYNTHETIC
13.45,11.0,8,0,SYNTHETIC
13.45,13.0,9,0,SYNTHETIC
13.45,14.0,10,0,SYNTHETIC
13.45,14.0,11,0,SYNTHETIC
13.45,17.0,12,0,SYNTHETIC
13.45,9.0,13,0,SYNTHETIC
13.45,11.0,14,0,SYNTHETIC
13.45,9.0,15,0,SYNTHETIC
13.45,11.0,16,0,SYNTHETIC
13.45,14.0,17,0,SYNTHETIC
13.45,11.0,18,0,SYNTHETIC
13.45,13.0,19,0,SYNTHETIC
13.45,7.0,20,0,SYNTHETIC
13.45,21.0,21,0,SYNTHETIC
13.45,20.0,22,0,SYNTHETIC
13.45,18.0,23,0,SYNTHETIC
25.98,31.0,0,0,SYNTHETIC
25.98,30.0,1,0,SYNTHETIC
25.98,22.0,2,0,SYNTHETIC
25.98,25.0,3,0,SYNTHETIC
25.98,28.0,4,0,SYNTHETIC
25.98,19.0,5,0,SYNTHETIC
25.98,24.0,6,0,SYNTHETIC
25.98,31.0,7,0,SYNTHETIC
25.98,30.0,8,0,SYNTHETIC
25.98,25.0,9,0,SYNTHETIC
25.98,27.0,10,0,SYNTHETIC
25.98,26.0,11,0,SYNTHETIC
25.98,28.0,12,0,SYNTHETIC
25.98,32.0,13,0,SYNTHETIC
25.98,39.0,14,0,SYNTHETIC
25.98,30.0,15,0,SYNTHETIC
25.98,15.0,16,0,SYNTHETIC
25.98,24.0,17,0,SYNTHETIC
25.98,32.0,18,0,SYNTHETIC
25.98,32.0,19,0,SYNTHETIC
25.98,25.0,20,0,SYNTHETIC
25.98,17.0,21,0,SYNTHETIC
25.98,20.0,22,0,SYNTHETIC
25.98,114.0,23,1,SYNTHETIC
33.87,39.0,0,0,SYNTHETIC
33.87,37.0,1,0,SYNTHETIC
33.87,25.0,2,0,SYNTHETIC
33.87,34.0,3,0,SYNTHETIC
33.87,46.0,4,0,SYNTHETIC
33.87,32.0,5,0,SYNTHETIC
33.87,104.0,6,1,SYNTHETIC
33.87,43.0,7,0,SYNTHETIC
33.87,38.0,8,0,SYNTHETIC
33.87,48.0,9,0,SYNTHETIC
33.87,38.0,10,0,SYNTHETIC
33.87,34.0,11,0,SYNTHETIC
33.87,36.0,12,0,SYNTHETIC
33.87,41.0,13,0,SYNTHETIC
33.87,36.0,14,0,SYNTHETIC
33.87,34.0,15,0,SYNTHETIC
33.87,40.0,16,0,SYNTHETIC
33.87,26.0,17,0,SYNTHETIC
33.87,150.0,18,1,SYNTHETIC
33.87,25.0,19,0,SYNTHETIC
33.87,38.0,20,0,SYNTHETIC
33.87,39.0,21,0,SYNTHETIC
33.87,40.0,22,0,SYNTHETIC
33.87,37.0,23,0,SYNTHETIC
36.93,39.0,0,0,SYNTHETIC
36.93,50.0,1,0,SYNTHETIC
36.93,27.0,2,0,SYNTHETIC
36.93,23.0,3,0,SYNTHETIC
36.93,36.0,4,0,SYNTHETIC
36.93,48.0,5,0,SYNTHETIC
36.93,44.0,6,0,SYNTHETIC
36.93,54.0,7,0,SYNTHETIC
36.93,47.0,8,0,SYNTHETIC
36.93,55.0,9,0,SYNTHETIC
36.93,34.0,10,0,SYNTHETIC
36.93,40.0,11,0,SYNTHETIC
36.93,51.0,12,0,SYNTHETIC
36.93,42.0,13,0,SYNTHETIC
36.93,33.0,14,0,SYNTHETIC
36.93,36.0,15,0,SYNTHETIC
36.93,44.0,16,0,SYNTHETIC
36.93,34.0,17,0,SYNTHETIC
36.93,30.0,18,0,SYNTHETIC
36.93,34.0,19,0,SYNTHETIC
36.93,23.0,20,0,SYNTHETIC
36.93,28.0,21,0,SYNTHETIC
36.93,32.0,22,0,SYNTHETIC
36.93,29.0,23,0,SYNTHETIC
22.44,14.0,0,0,SYNTHETIC
22.44,25.0,1,0,SYNTHETIC
22.44,31.0,2,0,SYNTHETIC
22.44,26.0,3,0,SYNTHETIC
22.44,14.0,4,0,SYNTHETIC
22.44,32.0,5,0,SYNTHETIC
22.44,26.0,6,0,SYNTHETIC
22.44,19.0,7,0,SYNTHETIC
22.44,21.0,8,0,SYNTHETIC
22.44,22.0,9,0,SYNTHETIC
22.44,85.0,10,1,SYNTHETIC
22.44,23.0,11,0,SYNTHETIC
22.44,13.0,12,0,SYNTHETIC
22.44,31.0,13,0,SYNTHETIC
22.44,27.0,14,0,SYNTHETIC
22.44,12.0,15,0,SYNTHETIC
22.44,28.0,16,0,SYNTHETIC
22.44,20.0,17,0,SYNTHETIC
22.44,14.0,18,0,SYNTHETIC
22.44,20.0,19,0,SYNTHETIC
22.44,31.0,20,0,SYNTHETIC
22.44,21.0,21,0,SYNTHETIC
22.44,19.0,22,0,SYNTHETIC
22.44,67.0,23,1,SYNTHETIC
22.77,30.0,0,0,SYNTHETIC
22.77,28.0,1,0,SYNTHETIC
22.77,25.0,2,0,SYNTHETIC
22.77,23.0,3,0,SYNTHETIC
22.77,22.0,4,0,SYNTHETIC
22.77,17.0,5,0,SYNTHETIC
22.77,21.0,6,0,SYNTHETIC
22.77,23.0,7,0,SYNTHETIC
22.77,19.0,8,0,SYNTHETIC
22.77,25.0,9,0,SYNTHETIC
22.77,18.0,10,0,SYNTHETIC
22.77,19.0,11,0,SYNTHETIC
22.77,31.0,12,0,SYNTHETIC
22.77,32.0,13,0,SYNTHETIC
22.77,25.0,14,0,SYNTHETIC
22.77,25.0,15,0,SYNTHETIC
22.77,30.0,16,0,SYNTHETIC
22.77,22.0,17,0,SYNTHETIC
22.77,18.0,18,0,SYNTHETIC
22.77,29.0,19,0,SYNTHETIC
22.77,24.0,20,0,SYNTHETIC
22.77,108.0,21,1,SYNTHETIC
22.77,23.0,22,0,SYNTHETIC
22.77,15.0,23,0,SYNTHETIC
12.41,12.0,0,0,SYNTHETIC
12.41,10.0,1,0,SYNTHETIC
12.41,16.0,2,0,SYNTHETIC
12.41,51.0,3,1,SYNTHETIC
12.41,13.0,4,0,SYNTHETIC
12.41,7.0,5,0,SYNTHETIC
12.41,18.0,6,0,SYNTHETIC
12.41,17.0,7,0,SYNTHETIC
12.41,9.0,8,0,SYNTHETIC
12.41,12.0,9,0,SYNTHETIC
12.41,10.0,10,0,SYNTHETIC
12.41,12.0,11,0,SYNTHETIC
12.41,11.0,12,0,SYNTHETIC
12.41,12.0,13,0,SYNTHETIC
12.41,11.0,14,0,SYNTHETIC
12.41,18.0,15,0,SYNTHETIC
12.41,17.0,16,0,SYNTHETIC
12.41,11.0,17,0,SYNTHETIC
12.41,12.0,18,0,SYNTHETIC
12.41,9.0,19,0,SYNTHETIC
12.41,20.0,20,0,SYNTHETIC
12.41,12.0,21,0,SYNTHETIC
12.41,10.0,22,0,SYNTHETIC
12.41,14.0,23,0,SYNTHETIC
11.34,7.0,0,0,SYNTHETIC
11.34,13.0,1,0,SYNTHETIC
11.34,16.0,2,0,SYNTHETIC
11.34,16.0,3,0,SYNTHETIC
11.34,9.0,4,0,SYNTHETIC
11.34,29.0,5,1,SYNTHETIC
11.34,9.0,6,0,SYNTHETIC
11.34,14.0,7,0,SYNTHETIC
11.34,10.0,8,0,SYNTHETIC
11.34,10.0,9,0,SYNTHETIC
11.34,12.0,10,0,SYNTHETIC
11.34,14.0,11,0,SYNTHETIC
11.34,7.0,12,0,SYNTHETIC
11.34,12.0,13,0,SYNTHETIC
11.34,13.0,14,0,SYNTHETIC
11.34,12.0,15,0,SYNTHETIC
11.34,11.0,16,0,SYNTHETIC
11.34,14.0,17,0,SYNTHETIC
11.34,14.0,18,0,SYNTHETIC
11.34,12.0,19,0,SYNTHETIC
11.34,5.0,20,0,SYNTHETIC
11.34,14.0,21,0,SYNTHETIC
11.34,16.0,22,0,SYNTHETIC
11.34,11.0,23,0,SYNTHETIC
19.27,23.0,0,0,SYNTHETIC
19.27,15.0,1,0,SYNTHETIC
19.27,23.0,2,0,SYNTHETIC
19.27,15.0,3,0,SYNTHETIC
19.27,20.0,4,0,SYNTHETIC
19.27,24.0,5,0,SYNTHETIC
19.27,23.0,6,0,SYNTHETIC
19.27,12.0,7,0,SYNTHETIC
19.27,18.0,8,0,SYNTHETIC
19.27,22.0,9,0,SYNTHETIC
19.27,16.0,10,0,SYNTHETIC
19.27,12.0,11,0,SYNTHETIC
19.27,18.0,12,0,SYNTHETIC
19.27,13.0,13,0,SYNTHETIC
19.27,17.0,14,0,SYNTHETIC
19.27,20.0,15,0,SYNTHETIC
19.27,15.0,16,0,SYNTHETIC
19.27,10.0,17,0,SYNTHETIC
19.27,18.0,18,0,SYNTHETIC
19.27,25.0,19,0,SYNTHETIC
19.27,19.0,20,0,SYNTHETIC
19.27,17.0,21,0,SYNTHETIC
19.27,18.0,22,0,SYNTHETIC
19.27,21.0,23,0,SYNTHETIC
34.96,33.0,0,0,SYNTHETIC
34.96,32.0,1,0,SYNTHETIC
34.96,29.0,2,0,SYNTHETIC
34.96,53.0,3,0,SYNTHETIC
34.96,37.0,4,0,SYNTHETIC
34.96,46.0,5,0,SYNTHETIC
34.96,43.0,6,0,SYNTHETIC
34.96,32.0,7,0,SYNTHETIC
34.96,46.0,8,0,SYNTHETIC
34.96,29.0,9,0,SYNTHETIC
34.96,31.0,10,0,SYNTHETIC
34.96,34.0,11,0,SYNTHETIC
34.96,32.0,12,0,SYNTHETIC
34.96,43.0,13,0,SYNTHETIC
34.96,32.0,14,0,SYNTHETIC
34.96,47.0,15,0,SYNTHETIC
34.96,38.0,16,0,SYNTHETIC
34.96,41.0,17,0,SYNTHETIC
34.96,35.0,18,0,SYNTHETIC
34.96,31.0,19,0,SYNTHETIC
34.96,40.0,20,0,SYNTHETIC
34.96,30.0,21,0,SYNTHETIC
34.96,49.0,22,0,SYNTHETIC
34.96,27.0,23,0,SYNTHETIC
18.86,23.0,0,0,SYNTHETIC
18.86,25.0,1,0,SYNTHETIC
18.86,14.0,2,0,SYNTHETIC
18.86,20.0,3,0,SYNTHETIC
18.86,17.0,4,0,SYNTHETIC
18.86,15.0,5,0,SYNTHETIC
18.86,21.0,6,0,SYNTHETIC
18.86,15.0,7,0,SYNTHETIC
18.86,20.0,8,0,SYNTHETIC
18.86,22.0,9,0,SYNTHETIC
18.86,10.0,10,0,SYNTHETIC
18.86,19.0,11,0,SYNTHETIC
18.86,26.0,12,0,SYNTHETIC
18.86,28.0,13,0,SYNTHETIC
18.86,16.0,14,0,SYNTHETIC
18.86,25.0,15,0,SYNTHETIC
18.86,23.0,16,0,SYNTHETIC
18.86,13.0,17,0,SYNTHETIC
18.86,20.0,18,0,SYNTHETIC
18.86,20.0,19,0,SYNTHETIC
18.86,16.0,20,0,SYNTHETIC
18.86,17.0,21,0,SYNTHETIC
18.86,16.0,22,0,SYNTHETIC
18.86,21.0,23,0,SYNTHETIC
29.39,27.0,0,0,SYNTHETIC
29.39,24.0,1,0,SYNTHETIC
29.39,28.0,2,0,SYNTHETIC
29.39,109.0,3,1,SYNTHETIC
29.39,42.0,4,0,SYNTHETIC
29.39,27.0,5,0,SYNTHETIC
29.39,29.0,6,0,SYNTHETIC
29.39,29.0,7,0,SYNTHETIC
29.39,23.0,8,0,SYNTHETIC
29.39,37.0,9,0,SYNTHETIC
29.39,28.0,10,0,SYNTHETIC
29.39,23.0,11,0,SYNTHETIC
29.39,32.0,12,0,SYNTHETIC
29.39,26.0,13,0,SYNTHETIC
29.39,14.0,14,0,SYNTHETIC
29.39,21.0,15,0,SYNTHETIC
29.39,30.0,16,0,SYNTHETIC
29.39,34.0,17,0,SYNTHETIC
29.39,24.0,18,0,SYNTHETIC
29.39,28.0,19,0,SYNTHETIC
29.39,33.0,20,0,SYNTHETIC
29.39,18.0,21,0,SYNTHETIC
29.39,37.0,22,0,SYNTHETIC
29.39,23.0,23,0,SYNTHETIC
21.07,20.0,0,0,SYNTHETIC
21.07,17.0,1,0,SYNTHETIC
21.07,16.0,2,0,SYNTHETIC
21.07,27.0,3,0,SYNTHETIC
21.07,19.0,4,0,SYNTHETIC
21.07,19.0,5,0,SYNTHETIC
21.07,27.0,6,0,SYNTHETIC
21.07,29.0,7,0,SYNTHETIC
21.07,19.0,8,0,SYNTHETIC
21.07,23.0,9,0,SYNTHETIC
21.07,27.0,10,0,SYNTHETIC
21.07,105.0,11,1,SYNTHETIC
21.07,17.0,12,0,SYNTHETIC
21.07,25.0,13,0,SYNTHETIC
21.07,23.0,14,0,SYNTHETIC
21.07,13.0,15,0,SYNTHETIC
21.07,20.0,16,0,SYNTHETIC
21.07,53.0,17,1,SYNTHETIC
21.07,9.0,18,0,SYNTHETIC
21.07,26.0,19,0,SYNTHETIC
21.07,21.0,20,0,SYNTHETIC
21.07,16.0,21,0,SYNTHETIC
21.07,16.0,22,0,SYNTHETIC
21.07,28.0,23,0,SYNTHETIC
32.19,25.0,0,0,SYNTHETIC
32.19,18.0,1,0,SYNTHETIC
32.19,39.0,2,0,SYNTHETIC
32.19,44.0,3,0,SYNTHETIC
32.19,23.0,4,0,SYNTHETIC
32.19,146.0,5,1,SYNTHETIC
32.19,21.0,6,0,SYNTHETIC
32.19,16.0,7,0,SYNTHETIC
32.19,39.0,8,0,SYNTHETIC
32.19,18.0,9,0,SYNTHETIC
32.19,26.0,10,0,SYNTHETIC
32.19,39.0,11,0,SYNTHETIC
32.19,36.0,12,0,SYNTHETIC
32.19,34.0,13,0,SYNTHETIC
32.19,39.0,14,0,SYNTHETIC
32.19,29.0,15,0,SYNTHETIC
32.19,128.0,16,1,SYNTHETIC
32.19,23.0,17,0,SYNTHETIC
32.19,42.0,18,0,SYNTHETIC
32.19,23.0,19,0,SYNTHETIC
32.19,24.0,20,0,SYNTHETIC
32.19,20.0,21,0,SYNTHETIC
32.19,42.0,22,0,SYNTHETIC
32.19,10.0,23,0,SYNTHETIC
35.44,37.0,0,0,SYNTHETIC
35.44,29.0,1,0,SYNTHETIC
35.44,50.0,2,0,SYNTHETIC
35.44,10.0,3,0,SYNTHETIC
35.44,42.0,4,0,SYNTHETIC
35.44,30.0,5,0,SYNTHETIC
35.44,158.0,6,1,SYNTHETIC
35.44,32.0,7,0,SYNTHETIC
35.44,44.0,8,0,SYNTHETIC
35.44,31.0,9,0,SYNTHETIC
35.44,31.0,10,0,SYNTHETIC
35.44,28.0,11,0,SYNTHETIC
35.44,34.0,12,0,SYNTHETIC
35.44,39.0,13,0,SYNTHETIC
35.44,40.0,14,0,SYNTHETIC
35.44,54.0,15,0,SYNTHETIC
35.44,44.0,16,0,SYNTHETIC
35.44,35.0,17,0,SYNTHETIC
35.44,142.0,18,1,SYNTHETIC
35.44,39.0,19,0,SYNTHETIC
35.44,28.0,20,0,SYNTHETIC
35.44,48.0,21,0,SYNTHETIC
35.44,39.0,22,0,SYNTHETIC
35.44,37.0,23,0,SYNTHETIC
33.02,32.0,0,0,SYNTHETIC
33.02,19.0,1,0,SYNTHETIC
33.02,27.0,2,0,SYNTHETIC
33.02,45.0,3,0,SYNTHETIC
33.02,29.0,4,0,SYNTHETIC
33.02,14.0,5,0,SYNTHETIC
33.02,36.0,6,0,SYNTHETIC
33.02,39.0,7,0,SYNTHETIC
33.02,45.0,8,0,SYNTHETIC
33.02,44.0,9,0,SYNTHETIC
33.02,19.0,10,0,SYNTHETIC
33.02,37.0,11,0,SYNTHETIC
33.02,33.0,12,0,SYNTHETIC
33.02,32.0,13,0,SYNTHETIC
33.02,31.0,14,0,SYNTHETIC
33.02,35.0,15,0,SYNTHETIC
33.02,28.0,16,0,SYNTHETIC
33.02,29.0,17,0,SYNTHETIC
33.02,28.0,18,0,SYNTHETIC
33.02,26.0,19,0,SYNTHETIC
33.02,24.0,20,0,SYNTHETIC
33.02,29.0,21,0,SYNTHETIC
33.02,40.0,22,0,SYNTHETIC
33.02,19.0,23,0,SYNTHETIC
39.93,35.0,0,0,SYNTHETIC
39.93,40.0,1,0,SYNTHETIC
39.93,47.0,2,0,SYNTHETIC
39.93,41.0,3,0,SYNTHETIC
39.93,35.0,4,0,SYNTHETIC
39.93,34.0,5,0,SYNTHETIC
39.93,54.0,6,0,SYNTHETIC
39.93,54.0,7,0,SYNTHETIC
39.93,25.0,8,0,SYNTHETIC
39.93,37.0,9,0,SYNTHETIC
39.93,39.0,10,0,SYNTHETIC
39.93,31.0,11,0,SYNTHETIC
39.93,27.0,12,0,SYNTHETIC
39.93,34.0,13,0,SYNTHETIC
39.93,49.0,14,0,SYNTHETIC
39.93,36.0,15,0,SYNTHETIC
39.93,43.0,16,0,SYNTHETIC
39.93,40.0,17,0,SYNTHETIC
39.93,57.0,18,0,SYNTHETIC
39.93,41.0,19,0,SYNTHETIC
39.93,25.0,20,0,SYNTHETIC
39.93,53.0,21,0,SYNTHETIC
39.93,45.0,22,0,SYNTHETIC
39.93,40.0,23,0,SYNTHETIC
38.95,63.0,0,0,SYNTHETIC
38.95,40.0,1,0,SYNTHETIC
38.95,36.0,2,0,SYNTHETIC
38.95,26.0,3,0,SYNTHETIC
38.95,40.0,4,0,SYNTHETIC
38.95,52.0,5,0,SYNTHETIC
38.95,35.0,6,0,SYNTHETIC
38.95,40.0,7,0,SYNTHETIC
38.95,38.0,8,0,SYNTHETIC
38.95,38.0,9,0,SYNTHETIC
38.95,38.0,10,0,SYNTHETIC
38.95,35.0,11,0,SYNTHETIC
38.95,34.0,12,0,SYNTHETIC
38.95,28.0,13,0,SYNTHETIC
38.95,51.0,14,0,SYNTHETIC
38.95,49.0,15,0,SYNTHETIC
38.95,50.0,16,0,SYNTHETIC
38.95,16.0,17,0,SYNTHETIC
38.95,32.0,18,0,SYNTHETIC
38.95,35.0,19,0,SYNTHETIC
38.95,124.0,20,1,SYNTHETIC
38.95,40.0,21,0,SYNTHETIC
38.95,41.0,22,0,SYNTHETIC
38.95,34.0,23,0,SYNTHETIC
39.73,35.0,0,0,SYNTHETIC
39.73,49.0,1,0,SYNTHETIC
39.73,43.0,2,0,SYNTHETIC
39.73,64.0,3,0,SYNTHETIC
39.73,32.0,4,0,SYNTHETIC
39.73,107.0,5,1,SYNTHETIC
39.73,50.0,6,0,SYNTHETIC
39.73,26.0,7,0,SYNTHETIC
39.73,29.0,8,0,SYNTHETIC
39.73,27.0,9,0,SYNTHETIC
39.73,46.0,10,0,SYNTHETIC
39.73,32.0,11,0,SYNTHETIC
39.73,44.0,12,0,SYNTHETIC
39.73,47.0,13,0,SYNTHETIC
39.73,34.0,14,0,SYNTHETIC
39.73,50.0,15,0,SYNTHETIC
39.73,39.0,16,0,SYNTHETIC
39.73,38.0,17,0,SYNTHETIC
39.73,20.0,18,0,SYNTHETIC
39.73,40.0,19,0,SYNTHETIC
39.73,30.0,20,0,SYNTHETIC
39.73,57.0,21,0,SYNTHETIC
39.73,41.0,22,0,SYNTHETIC
39.73,54.0,23,0,SYNTHETIC
11.61,13.0,0,0,SYNTHETIC
11.61,16.0,1,0,SYNTHETIC
11.61,10.0,2,0,SYNTHETIC
11.61,12.0,3,0,SYNTHETIC
11.61,15.0,4,0,SYNTHETIC
11.61,17.0,5,0,SYNTHETIC
11.61,32.0,6,1,SYNTHETIC
11.61,32.0,7,1,SYNTHETIC
11.61,17.0,8,0,SYNTHETIC
11.61,14.0,9,0,SYNTHETIC
11.61,16.0,10,0,SYNTHETIC
11.61,9.0,11,0,SYNTHETIC
11.61,17.0,12,0,SYNTHETIC
11.61,14.0,13,0,SYNTHETIC
11.61,12.0,14,0,SYNTHETIC
11.61,42.0,15,1,SYNTHETIC
11.61,7.0,16,0,SYNTHETIC
11.61,11.0,17,0,SYNTHETIC
11.61,5.0,18,0,SYNTHETIC
11.61,38.0,19,1,SYNTHETIC
11.61,15.0,20,0,SYNTHETIC
11.61,16.0,21,0,SYNTHETIC
11.61,12.0,22,0,SYNTHETIC
11.61,13.0,23,0,SYNTHETIC
28.7,32.0,0,0,SYNTHETIC
28.7,32.0,1,0,SYNTHETIC
28.7,27.0,2,0,SYNTHETIC
28.7,33.0,3,0,SYNTHETIC
28.7,23.0,4,0,SYNTHETIC
28.7,32.0,5,0,SYNTHETIC
28.7,32.0,6,0,SYNTHETIC
28.7,27.0,7,0,SYNTHETIC
28.7,33.0,8,0,SYNTHETIC
28.7,27.0,9,0,SYNTHETIC
28.7,35.0,10,0,SYNTHETIC
28.7,46.0,11,0,SYNTHETIC
28.7,19.0,12,0,SYNTHETIC
28.7,37.0,13,0,SYNTHETIC
28.7,31.0,14,0,SYNTHETIC
28.7,104.0,15,1,SYNTHETIC
28.7,38.0,16,0,SYNTHETIC
28.7,31.0,17,0,SYNTHETIC
28.7,29.0,18,0,SYNTHETIC
28.7,6.0,19,0,SYNTHETIC
28.7,38.0,20,0,SYNTHETIC
28.7,31.0,21,0,SYNTHETIC
28.7,35.0,22,0,SYNTHETIC
28.7,26.0,23,0,SYNTHETIC
16.52,9.0,0,0,SYNTHETIC
16.52,18.0,1,0,SYNTHETIC
16.52,42.0,2,1,SYNTHETIC
16.52,17.0,3,0,SYNTHETIC
16.52,16.0,4,0,SYNTHETIC
16.52,17.0,5,0,SYNTHETIC
16.52,16.0,6,0,SYNTHETIC
16.52,15.0,7,0,SYNTHETIC
16.52,18.0,8,0,SYNTHETIC
16.52,73.0,9,1,SYNTHETIC
16.52,25.0,10,0,SYNTHETIC
16.52,14.0,11,0,SYNTHETIC
16.52,19.0,12,0,SYNTHETIC
16.52,19.0,13,0,SYNTHETIC
16.52,18.0,14,0,SYNTHETIC
16.52,16.0,15,0,SYNTHETIC
16.52,20.0,16,0,SYNTHETIC
16.52,15.0,17,0,SYNTHETIC
16.52,17.0,18,0,SYNTHETIC
16.52,7.0,19,0,SYNTHETIC
16.52,9.0,20,0,SYNTHETIC
16.52,23.0,21,0,SYNTHETIC
16.52,16.0,22,0,SYNTHETIC
16.52,21.0,23,0,SYNTHETIC
38.5,35.0,0,0,SYNTHETIC
38.5,50.0,1,0,SYNTHETIC
38.5,31.0,2,0,SYNTHETIC
38.5,23.0,3,0,SYNTHETIC
38.5,45.0,4,0,SYNTHETIC
38.5,38.0,5,0,SYNTHETIC
38.5,32.0,6,0,SYNTHETIC
38.5,53.0,7,0,SYNTHETIC
38.5,28.0,8,0,SYNTHETIC
38.5,46.0,9,0,SYNTHETIC
38.5,29.0,10,0,SYNTHETIC
38.5,42.0,11,0,SYNTHETIC
38.5,27.0,12,0,SYNTHETIC
38.5,48.0,13,0,SYNTHETIC
38.5,40.0,14,0,SYNTHETIC
38.5,23.0,15,0,SYNTHETIC
38.5,105.0,16,1,SYNTHETIC
38.5,53.0,17,0,SYNTHETIC
38.5,50.0,18,0,SYNTHETIC
38.5,35.0,19,0,SYNTHETIC
38.5,51.0,20,0,SYNTHETIC
38.5,47.0,21,0,SYNTHETIC
38.5,37.0,22,0,SYNTHETIC
38.5,33.0,23,0,SYNTHETIC
19.15,22.0,0,0,SYNTHETIC
19.15,29.0,1,0,SYNTHETIC
19.15,54.0,2,1,SYNTHETIC
19.15,27.0,3,0,SYNTHETIC
19.15,13.0,4,0,SYNTHETIC
19.15,25.0,5,0,SYNTHETIC
19.15,8.0,6,0,SYNTHETIC
19.15,16.0,7,0,SYNTHETIC
19.15,26.0,8,0,SYNTHETIC
19.15,19.0,9,0,SYNTHETIC
19.15,10.0,10,0,SYNTHETIC
19.15,15.0,11,0,SYNTHETIC
19.15,19.0,12,0,SYNTHETIC
19.15,26.0,13,0,SYNTHETIC
19.15,19.0,14,0,SYNTHETIC
19.15,14.0,15,0,SYNTHETIC
19.15,56.0,16,1,SYNTHETIC
19.15,20.0,17,0,SYNTHETIC
19.15,20.0,18,0,SYNTHETIC
19.15,7.0,19,0,SYNTHETIC
19.15,21.0,20,0,SYNTHETIC
19.15,22.0,21,0,SYNTHETIC
19.15,16.0,22,0,SYNTHETIC
19.15,16.0,23,0,SYNTHETIC
34.51,36.0,0,0,SYNTHETIC
34.51,49.0,1,0,SYNTHETIC
34.51,32.0,2,0,SYNTHETIC
34.51,44.0,3,0,SYNTHETIC
34.51,32.0,4,0,SYNTHETIC
34.51,27.0,5,0,SYNTHETIC
34.51,43.0,6,0,SYNTHETIC
34.51,36.0,7,0,SYNTHETIC
34.51,108.0,8,1,SYNTHETIC
34.51,7.0,9,0,SYNTHETIC
34.51,37.0,10,0,SYNTHETIC
34.51,37.0,11,0,SYNTHETIC
34.51,41.0,12,0,SYNTHETIC
34.51,18.0,13,0,SYNTHETIC
34.51,42.0,14,0,SYNTHETIC
34.51,26.0,15,0,SYNTHETIC
34.51,34.0,16,0,SYNTHETIC
34.51,48.0,17,0,SYNTHETIC
34.51,26.0,18,0,SYNTHETIC
34.51,36.0,19,0,SYNTHETIC
34.51,47.0,20,0,SYNTHETIC
34.51,34.0,21,0,SYNTHETIC
34.51,37.0,22,0,SYNTHETIC
34.51,42.0,23,0,SYNTHETIC
10.8,15.0,0,0,SYNTHETIC
10.8,11.0,1,0,SYNTHETIC
10.8,9.0,2,0,SYNTHETIC
10.8,10.0,3,0,SYNTHETIC
10.8,10.0,4,0,SYNTHETIC
10.8,6.0,5,0,SYNTHETIC
10.8,8.0,6,0,SYNTHETIC
10.8,8.0,7,0,SYNTHETIC
10.8,12.0,8,0,SYNTHETIC
10.8,14.0,9,0,SYNTHETIC
10.8,8.0,10,0,SYNTHETIC
10.8,7.0,11,0,SYNTHETIC
10.8,10.0,12,0,SYNTHETIC
10.8,46.0,13,1,SYNTHETIC
10.8,10.0,14,0,SYNTHETIC
10.8,7.0,15,0,SYNTHETIC
10.8,8.0,16,0,SYNTHETIC
10.8,10.0,17,0,SYNTHETIC
10.8,10.0,18,0,SYNTHETIC
10.8,5.0,19,0,SYNTHETIC
10.8,12.0,20,0,SYNTHETIC
10.8,7.0,21,0,SYNTHETIC
10.8,15.0,22,0,SYNTHETIC
10.8,16.0,23,0,SYNTHETIC
25.56,18.0,0,0,SYNTHETIC
25.56,97.0,1,1,SYNTHETIC
25.56,20.0,2,0,SYNTHETIC
25.56,39.0,3,0,SYNTHETIC
25.56,35.0,4,0,SYNTHETIC
25.56,29.0,5,0,SYNTHETIC
25.56,109.0,6,1,SYNTHETIC
25.56,33.0,7,0,SYNTHETIC
25.56,29.0,8,0,SYNTHETIC
25.56,19.0,9,0,SYNTHETIC
25.56,14.0,10,0,SYNTHETIC
25.56,23.0,11,0,SYNTHETIC
25.56,26.0,12,0,SYNTHETIC
25.56,17.0,13,0,SYNTHETIC
25.56,24.0,14,0,SYNTHETIC
25.56,32.0,15,0,SYNTHETIC
25.56,122.0,16,1,SYNTHETIC
25.56,29.0,17,0,SYNTHETIC
25.56,23.0,18,0,SYNTHETIC
25.56,27.0,19,0,SYNTHETIC
25.56,22.0,20,0,SYNTHETIC
25.56,18.0,21,0,SYNTHETIC
25.56,23.0,22,0,SYNTHETIC
25.56,33.0,23,0,SYNTHETIC
22.54,27.0,0,0,SYNTHETIC
22.54,65.0,1,1,SYNTHETIC
22.54,25.0,2,0,SYNTHETIC
22.54,21.0,3,0,SYNTHETIC
22.54,22.0,4,0,SYNTHETIC
22.54,37.0,5,0,SYNTHETIC
22.54,18.0,6,0,SYNTHETIC
22.54,14.0,7,0,SYNTHETIC
22.54,14.0,8,0,SYNTHETIC
22.54,23.0,9,0,SYNTHETIC
22.54,17.0,10,0,SYNTHETIC
22.54,21.0,11,0,SYNTHETIC
22.54,25.0,12,0,SYNTHETIC
22.54,25.0,13,0,SYNTHETIC
22.54,19.0,14,0,SYNTHETIC
22.54,32.0,15,0,SYNTHETIC
22.54,24.0,16,0,SYNTHETIC
22.54,14.0,17,0,SYNTHETIC
22.54,28.0,18,0,SYNTHETIC
22.54,20.0,19,0,SYNTHETIC
22.54,19.0,20,0,SYNTHETIC
22.54,32.0,21,0,SYNTHETIC
22.54,27.0,22,0,SYNTHETIC
22.54,21.0,23,0,SYNTHETIC
18.36,21.0,0,0,SYNTHETIC
18.36,15.0,1,0,SYNTHETIC
18.36,11.0,2,0,SYNTHETIC
18.36,20.0,3,0,SYNTHETIC
18.36,12.0,4,0,SYNTHETIC
18.36,15.0,5,0,SYNTHETIC
18.36,20.0,6,0,SYNTHETIC
18.36,47.0,7,1,SYNTHETIC
18.36,25.0,8,0,SYNTHETIC
18.36,13.0,9,0,SYNTHETIC
18.36,19.0,10,0,SYNTHETIC
18.36,9.0,11,0,SYNTHETIC
18.36,18.0,12,0,SYNTHETIC
18.36,11.0,13,0,SYNTHETIC
18.36,22.0,14,0,SYNTHETIC
18.36,26.0,15,0,SYNTHETIC
18.36,19.0,16,0,SYNTHETIC
18.36,27.0,17,0,SYNTHETIC
18.36,16.0,18,0,SYNTHETIC
18.36,18.0,19,0,SYNTHETIC
18.36,20.0,20,0,SYNTHETIC
18.36,11.0,21,0,SYNTHETIC
18.36,19.0,22,0,SYNTHETIC
18.36,23.0,23,0,SYNTHETIC
10.63,15.0,0,0,SYNTHETIC
10.63,13.0,1,0,SYNTHETIC
10.63,10.0,2,0,SYNTHETIC
10.63,9.0,3,0,SYNTHETIC
10.63,30.0,4,1,SYNTHETIC
10.63,5.0,5,0,SYNTHETIC
10.63,11.0,6,0,SYNTHETIC
10.63,8.0,7,0,SYNTHETIC
10.63,37.0,8,1,SYNTHETIC
10.63,7.0,9,0,SYNTHETIC
10.63,11.0,10,0,SYNTHETIC
10.63,8.0,11,0,SYNTHETIC
10.63,10.0,12,0,SYNTHETIC
10.63,9.0,13,0,SYNTHETIC
10.63,28.0,14,1,SYNTHETIC
10.63,6.0,15,0,SYNTHETIC
10.63,13.0,16,0,SYNTHETIC
10.63,11.0,17,0,SYNTHETIC
10.63,14.0,18,0,SYNTHETIC
10.63,13.0,19,0,SYNTHETIC
10.63,7.0,20,0,SYNTHETIC
10.63,13.0,21,0,SYNTHETIC
10.63,9.0,22,0,SYNTHETIC
10.63,13.0,23,0,SYNTHETIC
18.96,17.0,0,0,SYNTHETIC
18.96,12.0,1,0,SYNTHETIC
18.96,13.0,2,0,SYNTHETIC
18.96,13.0,3,0,SYNTHETIC
18.96,17.0,4,0,SYNTHETIC
18.96,15.0,5,0,SYNTHETIC
18.96,22.0,6,0,SYNTHETIC
18.96,10.0,7,0,SYNTHETIC
18.96,22.0,8,0,SYNTHETIC
18.96,9.0,9,0,SYNTHETIC
18.96,19.0,10,0,SYNTHETIC
18.96,24.0,11,0,SYNTHETIC
18.96,13.0,12,0,SYNTHETIC
18.96,25.0,13,0,SYNTHETIC
18.96,20.0,14,0,SYNTHETIC
18.96,21.0,15,0,SYNTHETIC
18.96,18.0,16,0,SYNTHETIC
18.96,18.0,17,0,SYNTHETIC
18.96,20.0,18,0,SYNTHETIC
18.96,9.0,19,0,SYNTHETIC
18.96,24.0,20,0,SYNTHETIC
18.96,21.0,21,0,SYNTHETIC
18.96,22.0,22,0,SYNTHETIC
18.96,24.0,23,0,SYNTHETIC
39.06,58.0,0,0,SYNTHETIC
39.06,37.0,1,0,SYNTHETIC
39.06,20.0,2,0,SYNTHETIC
39.06,42.0,3,0,SYNTHETIC
39.06,50.0,4,0,SYNTHETIC
39.06,34.0,5,0,SYNTHETIC
39.06,48.0,6,0,SYNTHETIC
39.06,44.0,7,0,SYNTHETIC
39.06,38.0,8,0,SYNTHETIC
39.06,36.0,9,0,SYNTHETIC
39.06,39.0,10,0,SYNTHETIC
39.06,28.0,11,0,SYNTHETIC
39.06,36.0,12,0,SYNTHETIC
39.06,27.0,13,0,SYNTHETIC
39.06,27.0,14,0,SYNTHETIC
39.06,20.0,15,0,SYNTHETIC
39.06,43.0,16,0,SYNTHETIC
39.06,38.0,17,0,SYNTHETIC
39.06,31.0,18,0,SYNTHETIC
39.06,35.0,19,0,SYNTHETIC
39.06,31.0,20,0,SYNTHETIC
39.06,35.0,21,0,SYNTHETIC
39.06,38.0,22,0,SYNTHETIC
39.06,36.0,23,0,SYNTHETIC
34.47,25.0,0,0,SYNTHETIC
34.47,39.0,1,0,SYNTHETIC
34.47,24.0,2,0,SYNTHETIC
34.47,25.0,3,0,SYNTHETIC
34.47,47.0,4,0,SYNTHETIC
34.47,27.0,5,0,SYNTHETIC
34.47,30.0,6,0,SYNTHETIC
34.47,40.0,7,0,SYNTHETIC
34.47,47.0,8,0,SYNTHETIC
34.47,26.0,9,0,SYNTHETIC
34.47,29.0,10,0,SYNTHETIC
34.47,49.0,11,0,SYNTHETIC
34.47,34.0,12,0,SYNTHETIC
34.47,31.0,13,0,SYNTHETIC
34.47,27.0,14,0,SYNTHETIC
34.47,46.0,15,0,SYNTHETIC
34.47,25.0,16,0,SYNTHETIC
34.47,40.0,17,0,SYNTHETIC
34.47,32.0,18,0,SYNTHETIC
34.47,45.0,19,0,SYNTHETIC
34.47,37.0,20,0,SYNTHETIC
34.47,44.0,21,0,SYNTHETIC
34.47,26.0,22,0,SYNTHETIC
34.47,38.0,23,0,SYNTHETIC
38.55,27.0,0,0,SYNTHETIC
38.55,36.0,1,0,SYNTHETIC
38.55,48.0,2,0,SYNTHETIC
38.55,44.0,3,0,SYNTHETIC
38.55,19.0,4,0,SYNTHETIC
38.55,36.0,5,0,SYNTHETIC
38.55,18.0,6,0,SYNTHETIC
38.55,36.0,7,0,SYNTHETIC
38.55,51.0,8,0,SYNTHETIC
38.55,50.0,9,0,SYNTHETIC
38.55,33.0,10,0,SYNTHETIC
38.55,37.0,11,0,SYNTHETIC
38.55,36.0,12,0,SYNTHETIC
38.55,27.0,13,0,SYNTHETIC
38.55,29.0,14,0,SYNTHETIC
38.55,38.0,15,0,SYNTHETIC
38.55,33.0,16,0,SYNTHETIC
38.55,53.0,17,0,SYNTHETIC
38.55,22.0,18,0,SYNTHETIC
38.55,22.0,19,0,SYNTHETIC
38.55,35.0,20,0,SYNTHETIC
38.55,36.0,21,0,SYNTHETIC
38.55,44.0,22,0,SYNTHETIC
38.55,135.0,23,1,SYNTHETIC
33.29,29.0,0,0,SYNTHETIC
33.29,50.0,1,0,SYNTHETIC
33.29,26.0,2,0,SYNTHETIC
33.29,43.0,3,0,SYNTHETIC
33.29,32.0,4,0,SYNTHETIC
33.29,32.0,5,0,SYNTHETIC
33.29,29.0,6,0,SYNTHETIC
33.29,37.0,7,0,SYNTHETIC
33.29,33.0,8,0,SYNTHETIC
33.29,50.0,9,0,SYNTHETIC
33.29,34.0,10,0,SYNTHETIC
33.29,29.0,11,0,SYNTHETIC
33.29,26.0,12,0,SYNTHETIC
33.29,48.0,13,0,SYNTHETIC
33.29,44.0,14,0,SYNTHETIC
33.29,129.0,15,1,SYNTHETIC
33.29,33.0,16,0,SYNTHETIC
33.29,31.0,17,0,SYNTHETIC
33.29,34.0,18,0,SYNTHETIC
33.29,49.0,19,0,SYNTHETIC
33.29,26.0,20,0,SYNTHETIC
33.29,43.0,21,0,SYNTHETIC
33.29,34.0,22,0,SYNTHETIC
33.29,28.0,23,0,SYNTHETIC
28.27,18.0,0,0,SYNTHETIC
28.27,34.0,1,0,SYNTHETIC
28.27,33.0,2,0,SYNTHETIC
28.27,17.0,3,0,SYNTHETIC
28.27,25.0,4,0,SYNTHETIC
28.27,27.0,5,0,SYNTHETIC
28.27,23.0,6,0,SYNTHETIC
28.27,45.0,7,0,SYNTHETIC
28.27,21.0,8,0,SYNTHETIC
28.27,40.0,9,0,SYNTHETIC
28.27,21.0,10,0,SYNTHETIC
28.27,31.0,11,0,SYNTHETIC
28.27,38.0,12,0,SYNTHETIC
28.27,28.0,13,0,SYNTHETIC
28.27,28.0,14,0,SYNTHETIC
28.27,31.0,15,0,SYNTHETIC
28.27,40.0,16,0,SYNTHETIC
28.27,28.0,17,0,SYNTHETIC
28.27,33.0,18,0,SYNTHETIC
28.27,26.0,19,0,SYNTHETIC
28.27,37.0,20,0,SYNTHETIC
28.27,25.0,21,0,SYNTHETIC
28.27,24.0,22,0,SYNTHETIC
28.27,81.0,23,1,SYNTHETIC
19.7,24.0,0,0,SYNTHETIC
19.7,20.0,1,0,SYNTHETIC
19.7,13.0,2,0,SYNTHETIC
19.7,5.0,3,0,SYNTHETIC
19.7,11.0,4,0,SYNTHETIC
19.7,19.0,5,0,SYNTHETIC
19.7,15.0,6,0,SYNTHETIC
19.7,22.0,7,0,SYNTHETIC
19.7,23.0,8,0,SYNTHETIC
19.7,21.0,9,0,SYNTHETIC
19.7,22.0,10,0,SYNTHETIC
19.7,28.0,11,0,SYNTHETIC
19.7,22.0,12,0,SYNTHETIC
19.7,21.0,13,0,SYNTHETIC
19.7,29.0,14,0,SYNTHETIC
19.7,18.0,15,0,SYNTHETIC
19.7,15.0,16,0,SYNTHETIC
19.7,17.0,17,0,SYNTHETIC
19.7,19.0,18,0,SYNTHETIC
19.7,53.0,19,1,SYNTHETIC
19.7,24.0,20,0,SYNTHETIC
19.7,32.0,21,0,SYNTHETIC
19.7,28.0,22,0,SYNTHETIC
19.7,15.0,23,0,SYNTHETIC
26.39,28.0,0,0,SYNTHETIC
26.39,79.0,1,1,SYNTHETIC
26.39,24.0,2,0,SYNTHETIC
26.39,36.0,3,0,SYNTHETIC
26.39,37.0,4,0,SYNTHETIC
26.39,39.0,5,0,SYNTHETIC
26.39,22.0,6,0,SYNTHETIC
26.39,32.0,7,0,SYNTHETIC
26.39,28.0,8,0,SYNTHETIC
26.39,36.0,9,0,SYNTHETIC
26.39,31.0,10,0,SYNTHETIC
26.39,24.0,11,0,SYNTHETIC
26.39,15.0,12,0,SYNTHETIC
26.39,24.0,13,0,SYNTHETIC
26.39,32.0,14,0,SYNTHETIC
26.39,29.0,15,0,SYNTHETIC
26.39,16.0,16,0,SYNTHETIC
26.39,23.0,17,0,SYNTHETIC
26.39,18.0,18,0,SYNTHETIC
26.39,30.0,19,0,SYNTHETIC
26.39,22.0,20,0,SYNTHETIC
26.39,15.0,21,0,SYNTHETIC
26.39,16.0,22,0,SYNTHETIC
26.39,24.0,23,0,SYNTHETIC
25.02,24.0,0,0,SYNTHETIC
25.02,30.0,1,0,SYNTHETIC
25.02,19.0,2,0,SYNTHETIC
25.02,19.0,3,0,SYNTHETIC
25.02,14.0,4,0,SYNTHETIC
25.02,35.0,5,0,SYNTHETIC
25.02,30.0,6,0,SYNTHETIC
25.02,29.0,7,0,SYNTHETIC
25.02,28.0,8,0,SYNTHETIC
25.02,24.0,9,0,SYNTHETIC
25.02,22.0,10,0,SYNTHETIC
25.02,43.0,11,0,SYNTHETIC
25.02,28.0,12,0,SYNTHETIC
25.02,27.0,13,0,SYNTHETIC
25.02,22.0,14,0,SYNTHETIC
25.02,38.0,15,0,SYNTHETIC
25.02,20.0,16,0,SYNTHETIC
25.02,17.0,17,0,SYNTHETIC
25.02,29.0,18,0,SYNTHETIC
25.02,21.0,19,0,SYNTHETIC
25.02,35.0,20,0,SYNTHETIC
25.02,28.0,21,0,SYNTHETIC
25.02,18.0,22,0,SYNTHETIC
25.02,25.0,23,0,SYNTHETIC
24.93,25.0,0,0,SYNTHETIC
24.93,25.0,1,0,SYNTHETIC
24.93,13.0,2,0,SYNTHETIC
24.93,77.0,3,1,SYNTHETIC
24.93,106.0,4,1,SYNTHETIC
24.93,22.0,5,0,SYNTHETIC
24.93,29.0,6,0,SYNTHETIC
24.93,35.0,7,0,SYNTHETIC
24.93,101.0,8,1,SYNTHETIC
24.93,26.0,9,0,SYNTHETIC
24.93,21.0,10,0,SYNTHETIC
24.93,31.0,11,0,SYNTHETIC
24.93,19.0,12,0,SYNTHETIC
24.93,24.0,13,0,SYNTHETIC
24.93,70.0,14,1,SYNTHETIC
24.93,16.0,15,0,SYNTHETIC
24.93,35.0,16,0,SYNTHETIC
24.93,24.0,17,0,SYNTHETIC
24.93,23.0,18,0,SYNTHETIC
24.93,22.0,19,0,SYNTHETIC
24.93,33.0,20,0,SYNTHETIC
24.93,33.0,21,0,SYNTHETIC
24.93,30.0,22,0,SYNTHETIC
24.93,33.0,23,0,SYNTHETIC
29.3,31.0,0,0,SYNTHETIC
29.3,17.0,1,0,SYNTHETIC
29.3,40.0,2,0,SYNTHETIC
29.3,41.0,3,0,SYNTHETIC
29.3,30.0,4,0,SYNTHETIC
29.3,35.0,5,0,SYNTHETIC
29.3,26.0,6,0,SYNTHETIC
29.3,37.0,7,0,SYNTHETIC
29.3,32.0,8,0,SYNTHETIC
29.3,22.0,9,0,SYNTHETIC
29.3,32.0,10,0,SYNTHETIC
29.3,18.0,11,0,SYNTHETIC
29.3,38.0,12,0,SYNTHETIC
29.3,19.0,13,0,SYNTHETIC
29.3,27.0,14,0,SYNTHETIC
29.3,36.0,15,0,SYNTHETIC
29.3,34.0,16,0,SYNTHETIC
29.3,26.0,17,0,SYNTHETIC
29.3,33.0,18,0,SYNTHETIC
29.3,31.0,19,0,SYNTHETIC
29.3,20.0,20,0,SYNTHETIC
29.3,33.0,21,0,SYNTHETIC
29.3,29.0,22,0,SYNTHETIC
29.3,26.0,23,0,SYNTHETIC
33.53,41.0,0,0,SYNTHETIC
33.53,33.0,1,0,SYNTHETIC
33.53,39.0,2,0,SYNTHETIC
33.53,42.0,3,0,SYNTHETIC
33.53,85.0,4,1,SYNTHETIC
33.53,39.0,5,0,SYNTHETIC
33.53,100.0,6,1,SYNTHETIC
33.53,33.0,7,0,SYNTHETIC
33.53,32.0,8,0,SYNTHETIC
33.53,42.0,9,0,SYNTHETIC
33.53,26.0,10,0,SYNTHETIC
33.53,29.0,11,0,SYNTHETIC
33.53,27.0,12,0,SYNTHETIC
33.53,37.0,13,0,SYNTHETIC
33.53,161.0,14,1,SYNTHETIC
33.53,24.0,15,0,SYNTHETIC
33.53,21.0,16,0,SYNTHETIC
33.53,16.0,17,0,SYNTHETIC
33.53,41.0,18,0,SYNTHETIC
33.53,21.0,19,0,SYNTHETIC
33.53,42.0,20,0,SYNTHETIC
33.53,24.0,21,0,SYNTHETIC
33.53,41.0,22,0,SYNTHETIC
33.53,101.0,23,1,SYNTHETIC
15.54,16.0,0,0,SYNTHETIC
15.54,13.0,1,0,SYNTHETIC
15.54,18.0,2,0,SYNTHETIC
15.54,14.0,3,0,SYNTHETIC
15.54,56.0,4,1,SYNTHETIC
15.54,14.0,5,0,SYNTHETIC
15.54,15.0,6,0,SYNTHETIC
15.54,19.0,7,0,SYNTHETIC
15.54,16.0,8,0,SYNTHETIC
15.54,13.0,9,0,SYNTHETIC
15.54,11.0,10,0,SYNTHETIC
15.54,19.0,11,0,SYNTHETIC
15.54,15.0,12,0,SYNTHETIC
15.54,20.0,13,0,SYNTHETIC
15.54,10.0,14,0,SYNTHETIC
15.54,13.0,15,0,SYNTHETIC
15.54,9.0,16,0,SYNTHETIC
15.54,15.0,17,0,SYNTHETIC
15.54,7.0,18,0,SYNTHETIC
15.54,21.0,19,0,SYNTHETIC
15.54,12.0,20,0,SYNTHETIC
15.54,14.0,21,0,SYNTHETIC
15.54,11.0,22,0,SYNTHETIC
15.54,12.0,23,0,SYNTHETIC
23.73,28.0,0,0,SYNTHETIC
23.73,19.0,1,0,SYNTHETIC
23.73,28.0,2,0,SYNTHETIC
23.73,23.0,3,0,SYNTHETIC
23.73,32.0,4,0,SYNTHETIC
23.73,26.0,5,0,SYNTHETIC
23.73,23.0,6,0,SYNTHETIC
23.73,15.0,7,0,SYNTHETIC
23.73,31.0,8,0,SYNTHETIC
23.73,17.0,9,0,SYNTHETIC
23.73,29.0,10,0,SYNTHETIC
23.73,19.0,11,0,SYNTHETIC
23.73,25.0,12,0,SYNTHETIC
23.73,25.0,13,0,SYNTHETIC
23.73,18.0,14,0,SYNTHETIC
23.73,17.0,15,0,SYNTHETIC
23.73,23.0,16,0,SYNTHETIC
23.73,23.0,17,0,SYNTHETIC
23.73,28.0,18,0,SYNTHETIC
23.73,29.0,19,0,SYNTHETIC
23.73,82.0,20,1,SYNTHETIC
23.73,26.0,21,0,SYNTHETIC
23.73,23.0,22,0,SYNTHETIC
23.73,23.0,23,0,SYNTHETIC
33.06,25.0,0,0,SYNTHETIC
33.06,52.0,1,0,SYNTHETIC
33.06,45.0,2,0,SYNTHETIC
33.06,35.0,3,0,SYNTHETIC
33.06,32.0,4,0,SYNTHETIC
33.06,104.0,5,1,SYNTHETIC
33.06,30.0,6,0,SYNTHETIC
33.06,124.0,7,1,SYNTHETIC
33.06,36.0,8,0,SYNTHETIC
33.06,31.0,9,0,SYNTHETIC
33.06,27.0,10,0,SYNTHETIC
33.06,31.0,11,0,SYNTHETIC
33.06,27.0,12,0,SYNTHETIC
33.06,154.0,13,1,SYNTHETIC
33.06,44.0,14,0,SYNTHETIC
33.06,50.0,15,0,SYNTHETIC
33.06,27.0,16,0,SYNTHETIC
33.06,17.0,17,0,SYNTHETIC
33.06,35.0,18,0,SYNTHETIC
33.06,49.0,19,0,SYNTHETIC
33.06,19.0,20,0,SYNTHETIC
33.06,28.0,21,0,SYNTHETIC
33.06,24.0,22,0,SYNTHETIC
33.06,47.0,23,0,SYNTHETIC
12.21,10.0,0,0,SYNTHETIC
12.21,4.0,1,0,SYNTHETIC
12.21,12.0,2,0,SYNTHETIC
12.21,14.0,3,0,SYNTHETIC
12.21,14.0,4,0,SYNTHETIC
12.21,15.0,5,0,SYNTHETIC
12.21,13.0,6,0,SYNTHETIC
12.21,11.0,7,0,SYNTHETIC
12.21,6.0,8,0,SYNTHETIC
12.21,12.0,9,0,SYNTHETIC
12.21,8.0,10,0,SYNTHETIC
12.21,18.0,11,0,SYNTHETIC
12.21,17.0,12,0,SYNTHETIC
12.21,13.0,13,0,SYNTHETIC
12.21,15.0,14,0,SYNTHETIC
12.21,10.0,15,0,SYNTHETIC
12.21,33.0,16,1,SYNTHETIC
12.21,12.0,17,0,SYNTHETIC
12.21,12.0,18,0,SYNTHETIC
12.21,6.0,19,0,SYNTHETIC
12.21,14.0,20,0,SYNTHETIC
12.21,11.0,21,0,SYNTHETIC
12.21,16.0,22,0,SYNTHETIC
12.21,14.0,23,0,SYNTHETIC
39.21,49.0,0,0,SYNTHETIC
39.21,42.0,1,0,SYNTHETIC
39.21,46.0,2,0,SYNTHETIC
39.21,30.0,3,0,SYNTHETIC
39.21,38.0,4,0,SYNTHETIC
39.21,52.0,5,0,SYNTHETIC
39.21,56.0,6,0,SYNTHETIC
39.21,41.0,7,0,SYNTHETIC
39.21,19.0,8,0,SYNTHETIC
39.21,41.0,9,0,SYNTHETIC
39.21,39.0,10,0,SYNTHETIC
39.21,47.0,11,0,SYNTHETIC
39.21,26.0,12,0,SYNTHETIC
39.21,59.0,13,0,SYNTHETIC
39.21,36.0,14,0,SYNTHETIC
39.21,43.0,15,0,SYNTHETIC
39.21,47.0,16,0,SYNTHETIC
39.21,36.0,17,0,SYNTHETIC
39.21,34.0,18,0,SYNTHETIC
39.21,35.0,19,0,SYNTHETIC
39.21,31.0,20,0,SYNTHETIC
39.21,19.0,21,0,SYNTHETIC
39.21,45.0,22,0,SYNTHETIC
39.21,50.0,23,0,SYNTHETIC
27.01,28.0,0,0,SYNTHETIC
27.01,26.0,1,0,SYNTHETIC
27.01,32.0,2,0,SYNTHETIC
27.01,35.0,3,0,SYNTHETIC
27.01,31.0,4,0,SYNTHETIC
27.01,28.0,5,0,SYNTHETIC
27.01,19.0,6,0,SYNTHETIC
27.01,36.0,7,0,SYNTHETIC
27.01,133.0,8,1,SYNTHETIC
27.01,28.0,9,0,SYNTHETIC
27.01,33.0,10,0,SYNTHETIC
27.01,27.0,11,0,SYNTHETIC
27.01,16.0,12,0,SYNTHETIC
27.01,29.0,13,0,SYNTHETIC
27.01,37.0,14,0,SYNTHETIC
27.01,69.0,15,1,SYNTHETIC
27.01,21.0,16,0,SYNTHETIC
27.01,33.0,17,0,SYNTHETIC
27.01,27.0,18,0,SYNTHETIC
27.01,127.0,19,1,SYNTHETIC
27.01,34.0,20,0,SYNTHETIC
27.01,30.0,21,0,SYNTHETIC
27.01,97.0,22,1,SYNTHETIC
27.01,27.0,23,0,SYNTHETIC
36.41,27.0,0,0,SYNTHETIC
36.41,177.0,1,1,SYNTHETIC
36.41,44.0,2,0,SYNTHETIC
36.41,126.0,3,1,SYNTHETIC
36.41,25.0,4,0,SYNTHETIC
36.41,38.0,5,0,SYNTHETIC
36.41,167.0,6,1,SYNTHETIC
36.41,36.0,7,0,SYNTHETIC
36.41,30.0,8,0,SYNTHETIC
36.41,35.0,9,0,SYNTHETIC
36.41,47.0,10,0,SYNTHETIC
36.41,36.0,11,0,SYNTHETIC
36.41,40.0,12,0,SYNTHETIC
36.41,31.0,13,0,SYNTHETIC
36.41,164.0,14,1,SYNTHETIC
36.41,29.0,15,0,SYNTHETIC
36.41,25.0,16,0,SYNTHETIC
36.41,116.0,17,1,SYNTHETIC
36.41,45.0,18,0,SYNTHETIC
36.41,15.0,19,0,SYNTHETIC
36.41,33.0,20,0,SYNTHETIC
36.41,35.0,21,0,SYNTHETIC
36.41,28.0,22,0,SYNTHETIC
36.41,24.0,23,0,SYNTHETIC
37.47,51.0,0,0,SYNTHETIC
37.47,143.0,1,1,SYNTHETIC
37.47,46.0,2,0,SYNTHETIC
37.47,36.0,3,0,SYNTHETIC
37.47,41.0,4,0,SYNTHETIC
37.47,28.0,5,0,SYNTHETIC
37.47,46.0,6,0,SYNTHETIC
37.47,39.0,7,0,SYNTHETIC
37.47,39.0,8,0,SYNTHETIC
37.47,36.0,9,0,SYNTHETIC
37.47,54.0,10,0,SYNTHETIC
37.47,49.0,11,0,SYNTHETIC
37.47,48.0,12,0,SYNTHETIC
37.47,31.0,13,0,SYNTHETIC
37.47,32.0,14,0,SYNTHETIC
37.47,37.0,15,0,SYNTHETIC
37.47,44.0,16,0,SYNTHETIC
37.47,32.0,17,0,SYNTHETIC
37.47,45.0,18,0,SYNTHETIC
37.47,36.0,19,0,SYNTHETIC
37.47,18.0,20,0,SYNTHETIC
37.47,122.0,21,1,SYNTHETIC
37.47,38.0,22,0,SYNTHETIC
37.47,41.0,23,0,SYNTHETIC
10.64,10.0,0,0,SYNTHETIC
10.64,14.0,1,0,SYNTHETIC
10.64,9.0,2,0,SYNTHETIC
10.64,9.0,3,0,SYNTHETIC
10.64,9.0,4,0,SYNTHETIC
10.64,8.0,5,0,SYNTHETIC
10.64,9.0,6,0,SYNTHETIC
10.64,13.0,7,0,SYNTHETIC
10.64,12.0,8,0,SYNTHETIC
10.64,10.0,9,0,SYNTHETIC
10.64,6.0,10,0,SYNTHETIC
10.64,8.0,11,0,SYNTHETIC
10.64,7.0,12,0,SYNTHETIC
10.64,11.0,13,0,SYNTHETIC
10.64,7.0,14,0,SYNTHETIC
10.64,8.0,15,0,SYNTHETIC
10.64,8.0,16,0,SYNTHETIC
10.64,12.0,17,0,SYNTHETIC
10.64,9.0,18,0,SYNTHETIC
10.64,6.0,19,0,SYNTHETIC
10.64,12.0,20,0,SYNTHETIC
10.64,10.0,21,0,SYNTHETIC
10.64,10.0,22,0,SYNTHETIC
10.64,10.0,23,0,SYNTHETIC
28.67,34.0,0,0,SYNTHETIC
28.67,34.0,1,0,SYNTHETIC
28.67,24.0,2,0,SYNTHETIC
28.67,22.0,3,0,SYNTHETIC
28.67,29.0,4,0,SYNTHETIC
28.67,40.0,5,0,SYNTHETIC
28.67,25.0,6,0,SYNTHETIC
28.67,30.0,7,0,SYNTHETIC
28.67,33.0,8,0,SYNTHETIC
28.67,18.0,9,0,SYNTHETIC
28.67,33.0,10,0,SYNTHETIC
28.67,31.0,11,0,SYNTHETIC
28.67,34.0,12,0,SYNTHETIC
28.67,43.0,13,0,SYNTHETIC
28.67,36.0,14,0,SYNTHETIC
28.67,24.0,15,0,SYNTHETIC
28.67,33.0,16,0,SYNTHETIC
28.67,29.0,17,0,SYNTHETIC
28.67,13.0,18,0,SYNTHETIC
28.67,42.0,19,0,SYNTHETIC
28.67,12.0,20,0,SYNTHETIC
28.67,29.0,21,0,SYNTHETIC
28.67,32.0,22,0,SYNTHETIC
28.67,24.0,23,0,SYNTHETIC
26.78,31.0,0,0,SYNTHETIC
26.78,111.0,1,1,SYNTHETIC
26.78,26.0,2,0,SYNTHETIC
26.78,36.0,3,0,SYNTHETIC
26.78,15.0,4,0,SYNTHETIC
26.78,36.0,5,0,SYNTHETIC
26.78,21.0,6,0,SYNTHETIC
26.78,27.0,7,0,SYNTHETIC
26.78,23.0,8,0,SYNTHETIC
26.78,24.0,9,0,SYNTHETIC
26.78,23.0,10,0,SYNTHETIC
26.78,68.0,11,1,SYNTHETIC
26.78,36.0,12,0,SYNTHETIC
26.78,32.0,13,0,SYNTHETIC
26.78,33.0,14,0,SYNTHETIC
26.78,28.0,15,0,SYNTHETIC
26.78,28.0,16,0,SYNTHETIC
26.78,32.0,17,0,SYNTHETIC
26.78,25.0,18,0,SYNTHETIC
26.78,6.0,19,0,SYNTHETIC
26.78,42.0,20,0,SYNTHETIC
26.78,25.0,21,0,SYNTHETIC
26.78,27.0,22,0,SYNTHETIC
26.78,37.0,23,0,SYNTHETIC
26.68,26.0,0,0,SYNTHETIC
26.68,19.0,1,0,SYNTHETIC
26.68,27.0,2,0,SYNTHETIC
26.68,25.0,3,0,SYNTHETIC
26.68,27.0,4,0,SYNTHETIC
26.68,19.0,5,0,SYNTHETIC
26.68,40.0,6,0,SYNTHETIC
26.68,24.0,7,0,SYNTHETIC
26.68,28.0,8,0,SYNTHETIC
26.68,10.0,9,0,SYNTHETIC
26.68,26.0,10,0,SYNTHETIC
26.68,25.0,11,0,SYNTHETIC
26.68,16.0,12,0,SYNTHETIC
26.68,25.0,13,0,SYNTHETIC
26.68,24.0,14,0,SYNTHETIC
26.68,30.0,15,0,SYNTHETIC
26.68,24.0,16,0,SYNTHETIC
26.68,17.0,17,0,SYNTHETIC
26.68,29.0,18,0,SYNTHETIC
26.68,21.0,19,0,SYNTHETIC
26.68,23.0,20,0,SYNTHETIC
26.68,97.0,21,1,SYNTHETIC
26.68,27.0,22,0,SYNTHETIC
26.68,28.0,23,0,SYNTHETIC
36.76,28.0,0,0,SYNTHETIC
36.76,32.0,1,0,SYNTHETIC
36.76,27.0,2,0,SYNTHETIC
36.76,43.0,3,0,SYNTHETIC
36.76,52.0,4,0,SYNTHETIC
36.76,39.0,5,0,SYNTHETIC
36.76,39.0,6,0,SYNTHETIC
36.76,24.0,7,0,SYNTHETIC
36.76,43.0,8,0,SYNTHETIC
36.76,34.0,9,0,SYNTHETIC
36.76,48.0,10,0,SYNTHETIC
36.76,34.0,11,0,SYNTHETIC
36.76,26.0,12,0,SYNTHETIC
36.76,28.0,13,0,SYNTHETIC
36.76,34.0,14,0,SYNTHETIC
36.76,40.0,15,0,SYNTHETIC
36.76,31.0,16,0,SYNTHETIC
36.76,39.0,17,0,SYNTHETIC
36.76,46.0,18,0,SYNTHETIC
36.76,41.0,19,0,SYNTHETIC
36.76,47.0,20,0,SYNTHETIC
36.76,33.0,21,0,SYNTHETIC
36.76,35.0,22,0,SYNTHETIC
36.76,112.0,23,1,SYNTHETIC
30.3,39.0,0,0,SYNTHETIC
30.3,24.0,1,0,SYNTHETIC
30.3,36.0,2,0,SYNTHETIC
30.3,24.0,3,0,SYNTHETIC
30.3,118.0,4,1,SYNTHETIC
30.3,34.0,5,0,SYNTHETIC
30.3,34.0,6,0,SYNTHETIC
30.3,22.0,7,0,SYNTHETIC
30.3,35.0,8,0,SYNTHETIC
30.3,24.0,9,0,SYNTHETIC
30.3,31.0,10,0,SYNTHETIC
30.3,36.0,11,0,SYNTHETIC
30.3,24.0,12,0,SYNTHETIC
30.3,41.0,13,0,SYNTHETIC
30.3,38.0,14,0,SYNTHETIC
30.3,51.0,15,0,SYNTHETIC
30.3,27.0,16,0,SYNTHETIC
30.3,25.0,17,0,SYNTHETIC
30.3,27.0,18,0,SYNTHETIC
30.3,21.0,19,0,SYNTHETIC
30.3,30.0,20,0,SYNTHETIC
30.3,39.0,21,0,SYNTHETIC
30.3,26.0,22,0,SYNTHETIC
30.3,18.0,23,0,SYNTHETIC
35.43,35.0,0,0,SYNTHETIC
35.43,41.0,1,0,SYNTHETIC
35.43,46.0,2,0,SYNTHETIC
35.43,30.0,3,0,SYNTHETIC
35.43,40.0,4,0,SYNTHETIC
35.43,173.0,5,1,SYNTHETIC
35.43,45.0,6,0,SYNTHETIC
35.43,33.0,7,0,SYNTHETIC
35.43,34.0,8,0,SYNTHETIC
35.43,38.0,9,0,SYNTHETIC
35.43,35.0,10,0,SYNTHETIC
35.43,42.0,11,0,SYNTHETIC
35.43,56.0,12,0,SYNTHETIC
35.43,37.0,13,0,SYNTHETIC
35.43,23.0,14,0,SYNTHETIC
35.43,35.0,15,0,SYNTHETIC
35.43,30.0,16,0,SYNTHETIC
35.43,89.0,17,1,SYNTHETIC
35.43,36.0,18,0,SYNTHETIC
35.43,42.0,19,0,SYNTHETIC
35.43,113.0,20,1,SYNTHETIC
35.43,36.0,21,0,SYNTHETIC
35.43,27.0,22,0,SYNTHETIC
35.43,36.0,23,0,SYNTHETIC
38.99,117.0,0,1,SYNTHETIC
38.99,37.0,1,0,SYNTHETIC
38.99,57.0,2,0,SYNTHETIC
38.99,32.0,3,0,SYNTHETIC
38.99,51.0,4,0,SYNTHETIC
38.99,33.0,5,0,SYNTHETIC
38.99,32.0,6,0,SYNTHETIC
38.99,52.0,7,0,SYNTHETIC
38.99,54.0,8,0,SYNTHETIC
38.99,32.0,9,0,SYNTHETIC
38.99,37.0,10,0,SYNTHETIC
38.99,36.0,11,0,SYNTHETIC
38.99,39.0,12,0,SYNTHETIC
38.99,40.0,13,0,SYNTHETIC
38.99,19.0,14,0,SYNTHETIC
38.99,40.0,15,0,SYNTHETIC
38.99,48.0,16,0,SYNTHETIC
38.99,35.0,17,0,SYNTHETIC
38.99,36.0,18,0,SYNTHETIC
38.99,48.0,19,0,SYNTHETIC
38.99,51.0,20,0,SYNTHETIC
38.99,55.0,21,0,SYNTHETIC
38.99,24.0,22,0,SYNTHETIC
38.99,31.0,23,0,SYNTHETIC
21.26,16.0,0,0,SYNTHETIC
21.26,21.0,1,0,SYNTHETIC
21.26,22.0,2,0,SYNTHETIC
21.26,17.0,3,0,SYNTHETIC
21.26,11.0,4,0,SYNTHETIC
21.26,24.0,5,0,SYNTHETIC
21.26,17.0,6,0,SYNTHETIC
21.26,23.0,7,0,SYNTHETIC
21.26,26.0,8,0,SYNTHETIC
21.26,22.0,9,0,SYNTHETIC
21.26,23.0,10,0,SYNTHETIC
21.26,27.0,11,0,SYNTHETIC
21.26,19.0,12,0,SYNTHETIC
21.26,17.0,13,0,SYNTHETIC
21.26,20.0,14,0,SYNTHETIC
21.26,22.0,15,0,SYNTHETIC
21.26,91.0,16,1,SYNTHETIC
21.26,18.0,17,0,SYNTHETIC
21.26,16.0,18,0,SYNTHETIC
21.26,24.0,19,0,SYNTHETIC
21.26,17.0,20,0,SYNTHETIC
21.26,16.0,21,0,SYNTHETIC
21.26,20.0,22,0,SYNTHETIC
21.26,22.0,23,0,SYNTHETIC
25.76,27.0,0,0,SYNTHETIC
25.76,22.0,1,0,SYNTHETIC
25.76,35.0,2,0,SYNTHETIC
25.76,30.0,3,0,SYNTHETIC
25.76,35.0,4,0,SYNTHETIC
25.76,33.0,5,0,SYNTHETIC
25.76,32.0,6,0,SYNTHETIC
25.76,25.0,7,0,SYNTHETIC
25.76,23.0,8,0,SYNTHETIC
25.76,19.0,9,0,SYNTHETIC
25.76,118.0,10,1,SYNTHETIC
25.76,19.0,11,0,SYNTHETIC
25.76,30.0,12,0,SYNTHETIC
25.76,26.0,13,0,SYNTHETIC
25.76,30.0,14,0,SYNTHETIC
25.76,23.0,15,0,SYNTHETIC
25.76,24.0,16,0,SYNTHETIC
25.76,14.0,17,0,SYNTHETIC
25.76,21.0,18,0,SYNTHETIC
25.76,25.0,19,0,SYNTHETIC
25.76,21.0,20,0,SYNTHETIC
25.76,32.0,21,0,SYNTHETIC
25.76,27.0,22,0,SYNTHETIC
25.76,29.0,23,0,SYNTHETIC
37.66,51.0,0,0,SYNTHETIC
37.66,32.0,1,0,SYNTHETIC
37.66,32.0,2,0,SYNTHETIC
37.66,28.0,3,0,SYNTHETIC
37.66,37.0,4,0,SYNTHETIC
37.66,31.0,5,0,SYNTHETIC
37.66,34.0,6,0,SYNTHETIC
37.66,49.0,7,0,SYNTHETIC
37.66,27.0,8,0,SYNTHETIC
37.66,39.0,9,0,SYNTHETIC
37.66,43.0,10,0,SYNTHETIC
37.66,35.0,11,0,SYNTHETIC
37.66,26.0,12,0,SYNTHETIC
37.66,42.0,13,0,SYNTHETIC
37.66,35.0,14,0,SYNTHETIC
37.66,48.0,15,0,SYNTHETIC
37.66,23.0,16,0,SYNTHETIC
37.66,33.0,17,0,SYNTHETIC
37.66,45.0,18,0,SYNTHETIC
37.66,50.0,19,0,SYNTHETIC
37.66,43.0,20,0,SYNTHETIC
37.66,34.0,21,0,SYNTHETIC
37.66,27.0,22,0,SYNTHETIC
37.66,35.0,23,0,SYNTHETIC
38.04,48.0,0,0,SYNTHETIC
38.04,27.0,1,0,SYNTHETIC
38.04,42.0,2,0,SYNTHETIC
38.04,30.0,3,0,SYNTHETIC
38.04,44.0,4,0,SYNTHETIC
38.04,28.0,5,0,SYNTHETIC
38.04,21.0,6,0,SYNTHETIC
38.04,31.0,7,0,SYNTHETIC
38.04,39.0,8,0,SYNTHETIC
38.04,39.0,9,0,SYNTHETIC
38.04,38.0,10,0,SYNTHETIC
38.04,39.0,11,0,SYNTHETIC
38.04,39.0,12,0,SYNTHETIC
38.04,36.0,13,0,SYNTHETIC
38.04,33.0,14,0,SYNTHETIC
38.04,35.0,15,0,SYNTHETIC
38.04,45.0,16,0,SYNTHETIC
38.04,32.0,17,0,SYNTHETIC
38.04,17.0,18,0,SYNTHETIC
38.04,43.0,19,0,SYNTHETIC
38.04,44.0,20,0,SYNTHETIC
38.04,28.0,21,0,SYNTHETIC
38.04,46.0,22,0,SYNTHETIC
38.04,29.0,23,0,SYNTHETIC
35.41,32.0,0,0,SYNTHETIC
35.41,50.0,1,0,SYNTHETIC
35.41,34.0,2,0,SYNTHETIC
35.41,42.0,3,0,SYNTHETIC
35.41,36.0,4,0,SYNTHETIC
35.41,32.0,5,0,SYNTHETIC
35.41,47.0,6,0,SYNTHETIC
35.41,52.0,7,0,SYNTHETIC
35.41,42.0,8,0,SYNTHETIC
35.41,28.0,9,0,SYNTHETIC
35.41,45.0,10,0,SYNTHETIC
35.41,36.0,11,0,SYNTHETIC
35.41,53.0,12,0,SYNTHETIC
35.41,40.0,13,0,SYNTHETIC
35.41,14.0,14,0,SYNTHETIC
35.41,31.0,15,0,SYNTHETIC
35.41,50.0,16,0,SYNTHETIC
35.41,43.0,17,0,SYNTHETIC
35.41,23.0,18,0,SYNTHETIC
35.41,41.0,19,0,SYNTHETIC
35.41,35.0,20,0,SYNTHETIC
35.41,27.0,21,0,SYNTHETIC
35.41,42.0,22,0,SYNTHETIC
35.41,45.0,23,0,SYNTHETIC
15.16,13.0,0,0,SYNTHETIC
15.16,14.0,1,0,SYNTHETIC
15.16,16.0,2,0,SYNTHETIC
15.16,17.0,3,0,SYNTHETIC
15.16,8.0,4,0,SYNTHETIC
15.16,16.0,5,0,SYNTHETIC
15.16,13.0,6,0,SYNTHETIC
15.16,22.0,7,0,SYNTHETIC
15.16,13.0,8,0,SYNTHETIC
15.16,15.0,9,0,SYNTHETIC
15.16,16.0,10,0,SYNTHETIC
15.16,10.0,11,0,SYNTHETIC
15.16,20.0,12,0,SYNTHETIC
15.16,18.0,13,0,SYNTHETIC
15.16,18.0,14,0,SYNTHETIC
15.16,13.0,15,0,SYNTHETIC
15.16,17.0,16,0,SYNTHETIC
15.16,14.0,17,0,SYNTHETIC
15.16,17.0,18,0,SYNTHETIC
15.16,13.0,19,0,SYNTHETIC
15.16,15.0,20,0,SYNTHETIC
15.16,14.0,21,0,SYNTHETIC
15.16,18.0,22,0,SYNTHETIC
15.16,54.0,23,1,SYNTHETIC
27.51,14.0,0,0,SYNTHETIC
27.51,28.0,1,0,SYNTHETIC
27.51,25.0,2,0,SYNTHETIC
27.51,30.0,3,0,SYNTHETIC
27.51,35.0,4,0,SYNTHETIC
27.51,35.0,5,0,SYNTHETIC
27.51,27.0,6,0,SYNTHETIC
27.51,108.0,7,1,SYNTHETIC
27.51,32.0,8,0,SYNTHETIC
27.51,18.0,9,0,SYNTHETIC
27.51,26.0,10,0,SYNTHETIC
27.51,35.0,11,0,SYNTHETIC
27.51,31.0,12,0,SYNTHETIC
27.51,35.0,13,0,SYNTHETIC
27.51,15.0,14,0,SYNTHETIC
27.51,19.0,15,0,SYNTHETIC
27.51,33.0,16,0,SYNTHETIC
27.51,29.0,17,0,SYNTHETIC
27.51,28.0,18,0,SYNTHETIC
27.51,25.0,19,0,SYNTHETIC
27.51,29.0,20,0,SYNTHETIC
27.51,23.0,21,0,SYNTHETIC
27.51,19.0,22,0,SYNTHETIC
27.51,32.0,23,0,SYNTHETIC
15.6,12.0,0,0,SYNTHETIC
15.6,17.0,1,0,SYNTHETIC
15.6,52.0,2,1,SYNTHETIC
15.6,11.0,3,0,SYNTHETIC
15.6,14.0,4,0,SYNTHETIC
15.6,16.0,5,0,SYNTHETIC
15.6,16.0,6,0,SYNTHETIC
15.6,23.0,7,0,SYNTHETIC
15.6,13.0,8,0,SYNTHETIC
15.6,17.0,9,0,SYNTHETIC
15.6,18.0,10,0,SYNTHETIC
15.6,17.0,11,0,SYNTHETIC
15.6,20.0,12,0,SYNTHETIC
15.6,16.0,13,0,SYNTHETIC
15.6,13.0,14,0,SYNTHETIC
15.6,9.0,15,0,SYNTHETIC
15.6,11.0,16,0,SYNTHETIC
15.6,10.0,17,0,SYNTHETIC
15.6,57.0,18,1,SYNTHETIC
15.6,13.0,19,0,SYNTHETIC
15.6,10.0,20,0,SYNTHETIC
15.6,18.0,21,0,SYNTHETIC
15.6,15.0,22,0,SYNTHETIC
15.6,19.0,23,0,SYNTHETIC
39.62,40.0,0,0,SYNTHETIC
39.62,33.0,1,0,SYNTHETIC
39.62,25.0,2,0,SYNTHETIC
39.62,38.0,3,0,SYNTHETIC
39.62,34.0,4,0,SYNTHETIC
39.62,35.0,5,0,SYNTHETIC
39.62,38.0,6,0,SYNTHETIC
39.62,39.0,7,0,SYNTHETIC
39.62,48.0,8,0,SYNTHETIC
39.62,19.0,9,0,SYNTHETIC
39.62,57.0,10,0,SYNTHETIC
39.62,36.0,11,0,SYNTHETIC
39.62,26.0,12,0,SYNTHETIC
39.62,34.0,13,0,SYNTHETIC
39.62,40.0,14,0,SYNTHETIC
39.62,42.0,15,0,SYNTHETIC
39.62,34.0,16,0,SYNTHETIC
39.62,51.0,17,0,SYNTHETIC
39.62,37.0,18,0,SYNTHETIC
39.62,51.0,19,0,SYNTHETIC
39.62,46.0,20,0,SYNTHETIC
39.62,46.0,21,0,SYNTHETIC
39.62,27.0,22,0,SYNTHETIC
39.62,44.0,23,0,SYNTHETIC
13.64,17.0,0,0,SYNTHETIC
13.64,16.0,1,0,SYNTHETIC
13.64,15.0,2,0,SYNTHETIC
13.64,16.0,3,0,SYNTHETIC
13.64,19.0,4,0,SYNTHETIC
13.64,8.0,5,0,SYNTHETIC
13.64,12.0,6,0,SYNTHETIC
13.64,15.0,7,0,SYNTHETIC
13.64,10.0,8,0,SYNTHETIC
13.64,17.0,9,0,SYNTHETIC
13.64,46.0,10,1,SYNTHETIC
13.64,8.0,11,0,SYNTHETIC
13.64,11.0,12,0,SYNTHETIC
13.64,16.0,13,0,SYNTHETIC
13.64,17.0,14,0,SYNTHETIC
13.64,14.0,15,0,SYNTHETIC
13.64,10.0,16,0,SYNTHETIC
13.64,7.0,17,0,SYNTHETIC
13.64,15.0,18,0,SYNTHETIC
13.64,15.0,19,0,SYNTHETIC
13.64,12.0,20,0,SYNTHETIC
13.64,8.0,21,0,SYNTHETIC
13.64,12.0,22,0,SYNTHETIC
13.64,13.0,23,0,SYNTHETIC
19.89,21.0,0,0,SYNTHETIC
19.89,14.0,1,0,SYNTHETIC
19.89,21.0,2,0,SYNTHETIC
19.89,11.0,3,0,SYNTHETIC
19.89,20.0,4,0,SYNTHETIC
19.89,14.0,5,0,SYNTHETIC
19.89,18.0,6,0,SYNTHETIC
19.89,22.0,7,0,SYNTHETIC
19.89,25.0,8,0,SYNTHETIC
19.89,15.0,9,0,SYNTHETIC
19.89,18.0,10,0,SYNTHETIC
19.89,14.0,11,0,SYNTHETIC
19.89,24.0,12,0,SYNTHETIC
19.89,17.0,13,0,SYNTHETIC
19.89,14.0,14,0,SYNTHETIC
19.89,23.0,15,0,SYNTHETIC
19.89,22.0,16,0,SYNTHETIC
19.89,18.0,17,0,SYNTHETIC
19.89,19.0,18,0,SYNTHETIC
19.89,24.0,19,0,SYNTHETIC
19.89,18.0,20,0,SYNTHETIC
19.89,77.0,21,1,SYNTHETIC
19.89,24.0,22,0,SYNTHETIC
19.89,18.0,23,0,SYNTHETIC
33.56,34.0,0,0,SYNTHETIC
33.56,38.0,1,0,SYNTHETIC
33.56,35.0,2,0,SYNTHETIC
33.56,39.0,3,0,SYNTHETIC
33.56,39.0,4,0,SYNTHETIC
33.56,40.0,5,0,SYNTHETIC
33.56,49.0,6,0,SYNTHETIC
33.56,48.0,7,0,SYNTHETIC
33.56,28.0,8,0,SYNTHETIC
33.56,41.0,9,0,SYNTHETIC
33.56,36.0,10,0,SYNTHETIC
33.56,20.0,11,0,SYNTHETIC
33.56,160.0,12,1,SYNTHETIC
33.56,35.0,13,0,SYNTHETIC
33.56,34.0,14,0,SYNTHETIC
33.56,32.0,15,0,SYNTHETIC
33.56,37.0,16,0,SYNTHETIC
33.56,28.0,17,0,SYNTHETIC
33.56,30.0,18,0,SYNTHETIC
33.56,33.0,19,0,SYNTHETIC
33.56,46.0,20,0,SYNTHETIC
33.56,33.0,21,0,SYNTHETIC
33.56,29.0,22,0,SYNTHETIC
33.56,35.0,23,0,SYNTHETIC
22.17,12.0,0,0,SYNTHETIC
22.17,77.0,1,1,SYNTHETIC
22.17,17.0,2,0,SYNTHETIC
22.17,28.0,3,0,SYNTHETIC
22.17,22.0,4,0,SYNTHETIC
22.17,27.0,5,0,SYNTHETIC
22.17,28.0,6,0,SYNTHETIC
22.17,26.0,7,0,SYNTHETIC
22.17,26.0,8,0,SYNTHETIC
22.17,26.0,9,0,SYNTHETIC
22.17,99.0,10,1,SYNTHETIC
22.17,66.0,11,1,SYNTHETIC
22.17,20.0,12,0,SYNTHETIC
22.17,22.0,13,0,SYNTHETIC
22.17,25.0,14,0,SYNTHETIC
22.17,17.0,15,0,SYNTHETIC
22.17,25.0,16,0,SYNTHETIC
22.17,10.0,17,0,SYNTHETIC
22.17,31.0,18,0,SYNTHETIC
22.17,18.0,19,0,SYNTHETIC
22.17,16.0,20,0,SYNTHETIC
22.17,25.0,21,0,SYNTHETIC
22.17,18.0,22,0,SYNTHETIC
22.17,19.0,23,0,SYNTHETIC
31.14,24.0,0,0,SYNTHETIC
31.14,30.0,1,0,SYNTHETIC
31.14,36.0,2,0,SYNTHETIC
31.14,38.0,3,0,SYNTHETIC
31.14,28.0,4,0,SYNTHETIC
31.14,23.0,5,0,SYNTHETIC
31.14,28.0,6,0,SYNTHETIC
31.14,32.0,7,0,SYNTHETIC
31.14,40.0,8,0,SYNTHETIC
31.14,40.0,9,0,SYNTHETIC
31.14,39.0,10,0,SYNTHETIC
31.14,36.0,11,0,SYNTHETIC
31.14,39.0,12,0,SYNTHETIC
31.14,20.0,13,0,SYNTHETIC
31.14,17.0,14,0,SYNTHETIC
31.14,27.0,15,0,SYNTHETIC
31.14,23.0,16,0,SYNTHETIC
31.14,48.0,17,0,SYNTHETIC
31.14,40.0,18,0,SYNTHETIC
31.14,29.0,19,0,SYNTHETIC
31.14,26.0,20,0,SYNTHETIC
31.14,26.0,21,0,SYNTHETIC
31.14,33.0,22,0,SYNTHETIC
31.14,28.0,23,0,SYNTHETIC
23.28,95.0,0,1,SYNTHETIC
23.28,27.0,1,0,SYNTHETIC
23.28,16.0,2,0,SYNTHETIC
23.28,22.0,3,0,SYNTHETIC
23.28,21.0,4,0,SYNTHETIC
23.28,15.0,5,0,SYNTHETIC
23.28,18.0,6,0,SYNTHETIC
23.28,32.0,7,0,SYNTHETIC
23.28,30.0,8,0,SYNTHETIC
23.28,26.0,9,0,SYNTHETIC
23.28,20.0,10,0,SYNTHETIC
23.28,33.0,11,0,SYNTHETIC
23.28,28.0,12,0,SYNTHETIC
23.28,22.0,13,0,SYNTHETIC
23.28,25.0,14,0,SYNTHETIC
23.28,28.0,15,0,SYNTHETIC
23.28,92.0,16,1,SYNTHETIC
23.28,29.0,17,0,SYNTHETIC
23.28,22.0,18,0,SYNTHETIC
23.28,23.0,19,0,SYNTHETIC
23.28,30.0,20,0,SYNTHETIC
23.28,21.0,21,0,SYNTHETIC
23.28,27.0,22,0,SYNTHETIC
23.28,31.0,23,0,SYNTHETIC
10.63,8.0,0,0,SYNTHETIC
10.63,10.0,1,0,SYNTHETIC
10.63,12.0,2,0,SYNTHETIC
10.63,11.0,3,0,SYNTHETIC
10.63,12.0,4,0,SYNTHETIC
10.63,12.0,5,0,SYNTHETIC
10.63,7.0,6,0,SYNTHETIC
10.63,12.0,7,0,SYNTHETIC
10.63,11.0,8,0,SYNTHETIC
10.63,12.0,9,0,SYNTHETIC
10.63,11.0,10,0,SYNTHETIC
10.63,10.0,11,0,SYNTHETIC
10.63,13.0,12,0,SYNTHETIC
10.63,9.0,13,0,SYNTHETIC
10.63,13.0,14,0,SYNTHETIC
10.63,13.0,15,0,SYNTHETIC
10.63,13.0,16,0,SYNTHETIC
10.63,10.0,17,0,SYNTHETIC
10.63,7.0,18,0,SYNTHETIC
10.63,34.0,19,1,SYNTHETIC
10.63,10.0,20,0,SYNTHETIC
10.63,8.0,21,0,SYNTHETIC
10.63,13.0,22,0,SYNTHETIC
10.63,12.0,23,0,SYNTHETIC
18.33,20.0,0,0,SYNTHETIC
18.33,25.0,1,0,SYNTHETIC
18.33,21.0,2,0,SYNTHETIC
18.33,18.0,3,0,SYNTHETIC
18.33,54.0,4,1,SYNTHETIC
18.33,19.0,5,0,SYNTHETIC
18.33,14.0,6,0,SYNTHETIC
18.33,14.0,7,0,SYNTHETIC
18.33,24.0,8,0,SYNTHETIC
18.33,19.0,9,0,SYNTHETIC
18.33,56.0,10,1,SYNTHETIC
18.33,20.0,11,0,SYNTHETIC
18.33,16.0,12,0,SYNTHETIC
18.33,26.0,13,0,SYNTHETIC
18.33,17.0,14,0,SYNTHETIC
18.33,18.0,15,0,SYNTHETIC
18.33,13.0,16,0,SYNTHETIC
18.33,22.0,17,0,SYNTHETIC
18.33,20.0,18,0,SYNTHETIC
18.33,13.0,19,0,SYNTHETIC
18.33,15.0,20,0,SYNTHETIC
18.33,14.0,21,0,SYNTHETIC
18.33,15.0,22,0,SYNTHETIC
18.33,15.0,23,0,SYNTHETIC
34.33,32.0,0,0,SYNTHETIC
34.33,43.0,1,0,SYNTHETIC
34.33,34.0,2,0,SYNTHETIC
34.33,143.0,3,1,SYNTHETIC
34.33,43.0,4,0,SYNTHETIC
34.33,43.0,5,0,SYNTHETIC
34.33,39.0,6,0,SYNTHETIC
34.33,24.0,7,0,SYNTHETIC
34.33,37.0,8,0,SYNTHETIC
34.33,32.0,9,0,SYNTHETIC
34.33,27.0,10,0,SYNTHETIC
34.33,29.0,11,0,SYNTHETIC
34.33,29.0,12,0,SYNTHETIC
34.33,42.0,13,0,SYNTHETIC
34.33,39.0,14,0,SYNTHETIC
34.33,42.0,15,0,SYNTHETIC
34.33,27.0,16,0,SYNTHETIC
34.33,36.0,17,0,SYNTHETIC
34.33,28.0,18,0,SYNTHETIC
34.33,34.0,19,0,SYNTHETIC
34.33,47.0,20,0,SYNTHETIC
34.33,20.0,21,0,SYNTHETIC
34.33,36.0,22,0,SYNTHETIC
34.33,49.0,23,0,SYNTHETIC
19.06,21.0,0,0,SYNTHETIC
19.06,18.0,1,0,SYNTHETIC
19.06,18.0,2,0,SYNTHETIC
19.06,14.0,3,0,SYNTHETIC
19.06,21.0,4,0,SYNTHETIC
19.06,15.0,5,0,SYNTHETIC
19.06,23.0,6,0,SYNTHETIC
19.06,21.0,7,0,SYNTHETIC
19.06,15.0,8,0,SYNTHETIC
19.06,18.0,9,0,SYNTHETIC
19.06,18.0,10,0,SYNTHETIC
19.06,16.0,11,0,SYNTHETIC
19.06,18.0,12,0,SYNTHETIC
19.06,23.0,13,0,SYNTHETIC
19.06,22.0,14,0,SYNTHETIC
19.06,83.0,15,1,SYNTHETIC
19.06,25.0,16,0,SYNTHETIC
19.06,12.0,17,0,SYNTHETIC
19.06,12.0,18,0,SYNTHETIC
19.06,16.0,19,0,SYNTHETIC
19.06,17.0,20,0,SYNTHETIC
19.06,24.0,21,0,SYNTHETIC
19.06,16.0,22,0,SYNTHETIC
19.06,19.0,23,0,SYNTHETIC
13.71,11.0,0,0,SYNTHETIC
13.71,15.0,1,0,SYNTHETIC
13.71,10.0,2,0,SYNTHETIC
13.71,12.0,3,0,SYNTHETIC
13.71,18.0,4,0,SYNTHETIC
13.71,18.0,5,0,SYNTHETIC
13.71,11.0,6,0,SYNTHETIC
13.71,10.0,7,0,SYNTHETIC
13.71,15.0,8,0,SYNTHETIC
13.71,5.0,9,0,SYNTHETIC
13.71,12.0,10,0,SYNTHETIC
13.71,11.0,11,0,SYNTHETIC
13.71,12.0,12,0,SYNTHETIC
13.71,19.0,13,0,SYNTHETIC
13.71,18.0,14,0,SYNTHETIC
13.71,16.0,15,0,SYNTHETIC
13.71,14.0,16,0,SYNTHETIC
13.71,17.0,17,0,SYNTHETIC
13.71,7.0,18,0,SYNTHETIC
13.71,13.0,19,0,SYNTHETIC
13.71,19.0,20,0,SYNTHETIC
13.71,11.0,21,0,SYNTHETIC
13.71,14.0,22,0,SYNTHETIC
13.71,15.0,23,0,SYNTHETIC
33.75,37.0,0,0,SYNTHETIC
33.75,30.0,1,0,SYNTHETIC
33.75,30.0,2,0,SYNTHETIC
33.75,44.0,3,0,SYNTHETIC
33.75,36.0,4,0,SYNTHETIC
33.75,38.0,5,0,SYNTHETIC
33.75,37.0,6,0,SYNTHETIC
33.75,36.0,7,0,SYNTHETIC
33.75,35.0,8,0,SYNTHETIC
33.75,33.0,9,0,SYNTHETIC
33.75,34.0,10,0,SYNTHETIC
33.75,120.0,11,1,SYNTHETIC
33.75,34.0,12,0,SYNTHETIC
33.75,36.0,13,0,SYNTHETIC
33.75,27.0,14,0,SYNTHETIC
33.75,32.0,15,0,SYNTHETIC
33.75,34.0,16,0,SYNTHETIC
33.75,22.0,17,0,SYNTHETIC
33.75,30.0,18,0,SYNTHETIC
33.75,89.0,19,1,SYNTHETIC
33.75,33.0,20,0,SYNTHETIC
33.75,29.0,21,0,SYNTHETIC
33.75,27.0,22,0,SYNTHETIC
33.75,36.0,23,0,SYNTHETIC
14.29,19.0,0,0,SYNTHETIC
14.29,19.0,1,0,SYNTHETIC
14.29,15.0,2,0,SYNTHETIC
14.29,21.0,3,0,SYNTHETIC
14.29,13.0,4,0,SYNTHETIC
14.29,12.0,5,0,SYNTHETIC
14.29,17.0,6,0,SYNTHETIC
14.29,12.0,7,0,SYNTHETIC
14.29,5.0,8,0,SYNTHETIC
14.29,18.0,9,0,SYNTHETIC
14.29,11.0,10,0,SYNTHETIC
14.29,18.0,11,0,SYNTHETIC
14.29,43.0,12,1,SYNTHETIC
14.29,14.0,13,0,SYNTHETIC
14.29,19.0,14,0,SYNTHETIC
14.29,9.0,15,0,SYNTHETIC
14.29,14.0,16,0,SYNTHETIC
14.29,16.0,17,0,SYNTHETIC
14.29,8.0,18,0,SYNTHETIC
14.29,15.0,19,0,SYNTHETIC
14.29,18.0,20,0,SYNTHETIC
14.29,13.0,21,0,SYNTHETIC
14.29,7.0,22,0,SYNTHETIC
14.29,16.0,23,0,SYNTHETIC
21.61,20.0,0,0,SYNTHETIC
21.61,30.0,1,0,SYNTHETIC
21.61,20.0,2,0,SYNTHETIC
21.61,22.0,3,0,SYNTHETIC
21.61,23.0,4,0,SYNTHETIC
21.61,32.0,5,0,SYNTHETIC
21.61,18.0,6,0,SYNTHETIC
21.61,18.0,7,0,SYNTHETIC
21.61,13.0,8,0,SYNTHETIC
21.61,15.0,9,0,SYNTHETIC
21.61,77.0,10,1,SYNTHETIC
21.61,25.0,11,0,SYNTHETIC
21.61,16.0,12,0,SYNTHETIC
21.61,20.0,13,0,SYNTHETIC
21.61,23.0,14,0,SYNTHETIC
21.61,61.0,15,1,SYNTHETIC
21.61,30.0,16,0,SYNTHETIC
21.61,17.0,17,0,SYNTHETIC
21.61,24.0,18,0,SYNTHETIC
21.61,24.0,19,0,SYNTHETIC
21.61,33.0,20,0,SYNTHETIC
21.61,13.0,21,0,SYNTHETIC
21.61,91.0,22,1,SYNTHETIC
21.61,16.0,23,0,SYNTHETIC
39.78,40.0,0,0,SYNTHETIC
39.78,51.0,1,0,SYNTHETIC
39.78,41.0,2,0,SYNTHETIC
39.78,25.0,3,0,SYNTHETIC
39.78,33.0,4,0,SYNTHETIC
39.78,35.0,5,0,SYNTHETIC
39.78,36.0,6,0,SYNTHETIC
39.78,45.0,7,0,SYNTHETIC
39.78,38.0,8,0,SYNTHETIC
39.78,38.0,9,0,SYNTHETIC
39.78,29.0,10,0,SYNTHETIC
39.78,46.0,11,0,SYNTHETIC
39.78,47.0,12,0,SYNTHETIC
39.78,34.0,13,0,SYNTHETIC
39.78,27.0,14,0,SYNTHETIC
39.78,41.0,15,0,SYNTHETIC
39.78,44.0,16,0,SYNTHETIC
39.78,27.0,17,0,SYNTHETIC
39.78,22.0,18,0,SYNTHETIC
39.78,42.0,19,0,SYNTHETIC
39.78,27.0,20,0,SYNTHETIC
39.78,56.0,21,0,SYNTHETIC
39.78,19.0,22,0,SYNTHETIC
39.78,31.0,23,0,SYNTHETIC
22.05,20.0,0,0,SYNTHETIC
22.05,26.0,1,0,SYNTHETIC
22.05,21.0,2,0,SYNTHETIC
22.05,20.0,3,0,SYNTHETIC
22.05,15.0,4,0,SYNTHETIC
22.05,67.0,5,1,SYNTHETIC
22.05,26.0,6,0,SYNTHETIC
22.05,16.0,7,0,SYNTHETIC
22.05,26.0,8,0,SYNTHETIC
22.05,22.0,9,0,SYNTHETIC
22.05,24.0,10,0,SYNTHETIC
22.05,17.0,11,0,SYNTHETIC
22.05,26.0,12,0,SYNTHETIC
22.05,27.0,13,0,SYNTHETIC
22.05,23.0,14,0,SYNTHETIC
22.05,19.0,15,0,SYNTHETIC
22.05,24.0,16,0,SYNTHETIC
22.05,26.0,17,0,SYNTHETIC
22.05,80.0,18,1,SYNTHETIC
22.05,23.0,19,0,SYNTHETIC
22.05,26.0,20,0,SYNTHETIC
22.05,15.0,21,0,SYNTHETIC
22.05,24.0,22,0,SYNTHETIC
22.05,60.0,23,1,SYNTHETIC
33.94,41.0,0,0,SYNTHETIC
33.94,30.0,1,0,SYNTHETIC
33.94,29.0,2,0,SYNTHETIC
33.94,45.0,3,0,SYNTHETIC
33.94,37.0,4,0,SYNTHETIC
33.94,30.0,5,0,SYNTHETIC
33.94,40.0,6,0,SYNTHETIC
33.94,29.0,7,0,SYNTHETIC
33.94,17.0,8,0,SYNTHETIC
33.94,35.0,9,0,SYNTHETIC
33.94,27.0,10,0,SYNTHETIC
33.94,26.0,11,0,SYNTHETIC
33.94,33.0,12,0,SYNTHETIC
33.94,51.0,13,0,SYNTHETIC
33.94,35.0,14,0,SYNTHETIC
33.94,33.0,15,0,SYNTHETIC
33.94,37.0,16,0,SYNTHETIC
33.94,36.0,17,0,SYNTHETIC
33.94,46.0,18,0,SYNTHETIC
33.94,46.0,19,0,SYNTHETIC
33.94,26.0,20,0,SYNTHETIC
33.94,46.0,21,0,SYNTHETIC
33.94,18.0,22,0,SYNTHETIC
33.94,32.0,23,0,SYNTHETIC
20.91,22.0,0,0,SYNTHETIC
20.91,22.0,1,0,SYNTHETIC
20.91,20.0,2,0,SYNTHETIC
20.91,25.0,3,0,SYNTHETIC
20.91,16.0,4,0,SYNTHETIC
20.91,26.0,5,0,SYNTHETIC
20.91,14.0,6,0,SYNTHETIC
20.91,22.0,7,0,SYNTHETIC
20.91,27.0,8,0,SYNTHETIC
20.91,24.0,9,0,SYNTHETIC
20.91,26.0,10,0,SYNTHETIC
20.91,27.0,11,0,SYNTHETIC
20.91,20.0,12,0,SYNTHETIC
20.91,22.0,13,0,SYNTHETIC
20.91,20.0,14,0,SYNTHETIC
20.91,22.0,15,0,SYNTHETIC
20.91,26.0,16,0,SYNTHETIC
20.91,20.0,17,0,SYNTHETIC
20.91,16.0,18,0,SYNTHETIC
20.91,22.0,19,0,SYNTHETIC
20.91,14.0,20,0,SYNTHETIC
20.91,15.0,21,0,SYNTHETIC
20.91,25.0,22,0,SYNTHETIC
20.91,14.0,23,0,SYNTHETIC
26.76,19.0,0,0,SYNTHETIC
26.76,23.0,1,0,SYNTHETIC
26.76,17.0,2,0,SYNTHETIC
26.76,79.0,3,1,SYNTHETIC
26.76,30.0,4,0,SYNTHETIC
26.76,24.0,5,0,SYNTHETIC
26.76,36.0,6,0,SYNTHETIC
26.76,18.0,7,0,SYNTHETIC
26.76,23.0,8,0,SYNTHETIC
26.76,21.0,9,0,SYNTHETIC
26.76,21.0,10,0,SYNTHETIC
26.76,30.0,11,0,SYNTHETIC
26.76,32.0,12,0,SYNTHETIC
26.76,33.0,13,0,SYNTHETIC
26.76,31.0,14,0,SYNTHETIC
26.76,36.0,15,0,SYNTHETIC
26.76,32.0,16,0,SYNTHETIC
26.76,26.0,17,0,SYNTHETIC
26.76,36.0,18,0,SYNTHETIC
26.76,20.0,19,0,SYNTHETIC
26.76,31.0,20,0,SYNTHETIC
26.76,27.0,21,0,SYNTHETIC
26.76,37.0,22,0,SYNTHETIC
26.76,28.0,23,0,SYNTHETIC
37.41,26.0,0,0,SYNTHETIC
37.41,10.0,1,0,SYNTHETIC
37.41,44.0,2,0,SYNTHETIC
37.41,29.0,3,0,SYNTHETIC
37.41,30.0,4,0,SYNTHETIC
37.41,22.0,5,0,SYNTHETIC
37.41,37.0,6,0,SYNTHETIC
37.41,36.0,7,0,SYNTHETIC
37.41,46.0,8,0,SYNTHETIC
37.41,29.0,9,0,SYNTHETIC
37.41,31.0,10,0,SYNTHETIC
37.41,26.0,11,0,SYNTHETIC
37.41,48.0,12,0,SYNTHETIC
37.41,53.0,13,0,SYNTHETIC
37.41,51.0,14,0,SYNTHETIC
37.41,33.0,15,0,SYNTHETIC
37.41,34.0,16,0,SYNTHETIC
37.41,36.0,17,0,SYNTHETIC
37.41,102.0,18,1,SYNTHETIC
37.41,39.0,19,0,SYNTHETIC
37.41,35.0,20,0,SYNTHETIC
37.41,47.0,21,0,SYNTHETIC
37.41,17.0,22,0,SYNTHETIC
37.41,48.0,23,0,SYNTHETIC
16.53,11.0,0,0,SYNTHETIC
16.53,15.0,1,0,SYNTHETIC
16.53,23.0,2,0,SYNTHETIC
16.53,19.0,3,0,SYNTHETIC
16.53,17.0,4,0,SYNTHETIC
16.53,20.0,5,0,SYNTHETIC
16.53,17.0,6,0,SYNTHETIC
16.53,18.0,7,0,SYNTHETIC
16.53,17.0,8,0,SYNTHETIC
16.53,80.0,9,1,SYNTHETIC
16.53,20.0,10,0,SYNTHETIC
16.53,16.0,11,0,SYNTHETIC
16.53,12.0,12,0,SYNTHETIC
16.53,11.0,13,0,SYNTHETIC
16.53,16.0,14,0,SYNTHETIC
16.53,9.0,15,0,SYNTHETIC
16.53,15.0,16,0,SYNTHETIC
16.53,21.0,17,0,SYNTHETIC
16.53,15.0,18,0,SYNTHETIC
16.53,12.0,19,0,SYNTHETIC
16.53,10.0,20,0,SYNTHETIC
16.53,17.0,21,0,SYNTHETIC
16.53,12.0,22,0,SYNTHETIC
16.53,18.0,23,0,SYNTHETIC
20.94,25.0,0,0,SYNTHETIC
20.94,25.0,1,0,SYNTHETIC
20.94,22.0,2,0,SYNTHETIC
20.94,26.0,3,0,SYNTHETIC
20.94,22.0,4,0,SYNTHETIC
20.94,16.0,5,0,SYNTHETIC
20.94,22.0,6,0,SYNTHETIC
20.94,26.0,7,0,SYNTHETIC
20.94,27.0,8,0,SYNTHETIC
20.94,24.0,9,0,SYNTHETIC
20.94,21.0,10,0,SYNTHETIC
20.94,28.0,11,0,SYNTHETIC
20.94,22.0,12,0,SYNTHETIC
20.94,15.0,13,0,SYNTHETIC
20.94,102.0,14,1,SYNTHETIC
20.94,25.0,15,0,SYNTHETIC
20.94,35.0,16,0,SYNTHETIC
20.94,38.0,17,0,SYNTHETIC
20.94,23.0,18,0,SYNTHETIC
20.94,14.0,19,0,SYNTHETIC
20.94,23.0,20,0,SYNTHETIC
20.94,15.0,21,0,SYNTHETIC
20.94,23.0,22,0,SYNTHETIC
20.94,12.0,23,0,SYNTHETIC
28.57,24.0,0,0,SYNTHETIC
28.57,104.0,1,1,SYNTHETIC
28.57,39.0,2,0,SYNTHETIC
28.57,23.0,3,0,SYNTHETIC
28.57,36.0,4,0,SYNTHETIC
28.57,28.0,5,0,SYNTHETIC
28.57,25.0,6,0,SYNTHETIC
28.57,33.0,7,0,SYNTHETIC
28.57,30.0,8,0,SYNTHETIC
28.57,29.0,9,0,SYNTHETIC
28.57,85.0,10,1,SYNTHETIC
28.57,36.0,11,0,SYNTHETIC
28.57,30.0,12,0,SYNTHETIC
28.57,31.0,13,0,SYNTHETIC
28.57,23.0,14,0,SYNTHETIC
28.57,21.0,15,0,SYNTHETIC
28.57,29.0,16,0,SYNTHETIC
28.57,30.0,17,0,SYNTHETIC
28.57,27.0,18,0,SYNTHETIC
28.57,34.0,19,0,SYNTHETIC
28.57,30.0,20,0,SYNTHETIC
28.57,29.0,21,0,SYNTHETIC
28.57,29.0,22,0,SYNTHETIC
28.57,17.0,23,0,SYNTHETIC
35.46,26.0,0,0,SYNTHETIC
35.46,41.0,1,0,SYNTHETIC
35.46,35.0,2,0,SYNTHETIC
35.46,34.0,3,0,SYNTHETIC
35.46,20.0,4,0,SYNTHETIC
35.46,38.0,5,0,SYNTHETIC
35.46,30.0,6,0,SYNTHETIC
35.46,108.0,7,1,SYNTHETIC
35.46,33.0,8,0,SYNTHETIC
35.46,20.0,9,0,SYNTHETIC
35.46,30.0,10,0,SYNTHETIC
35.46,43.0,11,0,SYNTHETIC
35.46,38.0,12,0,SYNTHETIC
35.46,44.0,13,0,SYNTHETIC
35.46,38.0,14,0,SYNTHETIC
35.46,33.0,15,0,SYNTHETIC
35.46,43.0,16,0,SYNTHETIC
35.46,38.0,17,0,SYNTHETIC
35.46,34.0,18,0,SYNTHETIC
35.46,39.0,19,0,SYNTHETIC
35.46,38.0,20,0,SYNTHETIC
35.46,30.0,21,0,SYNTHETIC
35.46,35.0,22,0,SYNTHETIC
35.46,31.0,23,0,SYNTHETIC
28.34,20.0,0,0,SYNTHETIC
28.34,33.0,1,0,SYNTHETIC
28.34,26.0,2,0,SYNTHETIC
28.34,21.0,3,0,SYNTHETIC
28.34,31.0,4,0,SYNTHETIC
28.34,25.0,5,0,SYNTHETIC
28.34,27.0,6,0,SYNTHETIC
28.34,22.0,7,0,SYNTHETIC
28.34,33.0,8,0,SYNTHETIC
28.34,27.0,9,0,SYNTHETIC
28.34,30.0,10,0,SYNTHETIC
28.34,27.0,11,0,SYNTHETIC
28.34,40.0,12,0,SYNTHETIC
28.34,25.0,13,0,SYNTHETIC
28.34,34.0,14,0,SYNTHETIC
28.34,17.0,15,0,SYNTHETIC
28.34,24.0,16,0,SYNTHETIC
28.34,33.0,17,0,SYNTHETIC
28.34,30.0,18,0,SYNTHETIC
28.34,30.0,19,0,SYNTHETIC
28.34,28.0,20,0,SYNTHETIC
28.34,20.0,21,0,SYNTHETIC
28.34,34.0,22,0,SYNTHETIC
28.34,27.0,23,0,SYNTHETIC
23.88,33.0,0,0,SYNTHETIC
23.88,12.0,1,0,SYNTHETIC
23.88,31.0,2,0,SYNTHETIC
23.88,21.0,3,0,SYNTHETIC
23.88,70.0,4,1,SYNTHETIC
23.88,30.0,5,0,SYNTHETIC
23.88,21.0,6,0,SYNTHETIC
23.88,19.0,7,0,SYNTHETIC
23.88,30.0,8,0,SYNTHETIC
23.88,25.0,9,0,SYNTHETIC
23.88,17.0,10,0,SYNTHETIC
23.88,22.0,11,0,SYNTHETIC
23.88,22.0,12,0,SYNTHETIC
23.88,28.0,13,0,SYNTHETIC
23.88,94.0,14,1,SYNTHETIC
23.88,28.0,15,0,SYNTHETIC
23.88,21.0,16,0,SYNTHETIC
23.88,21.0,17,0,SYNTHETIC
23.88,26.0,18,0,SYNTHETIC
23.88,29.0,19,0,SYNTHETIC
23.88,25.0,20,0,SYNTHETIC
23.88,15.0,21,0,SYNTHETIC
23.88,15.0,22,0,SYNTHETIC
23.88,25.0,23,0,SYNTHETIC
15.02,75.0,0,1,SYNTHETIC
15.02,12.0,1,0,SYNTHETIC
15.02,22.0,2,0,SYNTHETIC
15.02,25.0,3,0,SYNTHETIC
15.02,10.0,4,0,SYNTHETIC
15.02,18.0,5,0,SYNTHETIC
15.02,17.0,6,0,SYNTHETIC
15.02,16.0,7,0,SYNTHETIC
15.02,16.0,8,0,SYNTHETIC
15.02,16.0,9,0,SYNTHETIC
15.02,23.0,10,0,SYNTHETIC
15.02,25.0,11,0,SYNTHETIC
15.02,20.0,12,0,SYNTHETIC
15.02,17.0,13,0,SYNTHETIC
15.02,15.0,14,0,SYNTHETIC
15.02,20.0,15,0,SYNTHETIC
15.02,9.0,16,0,SYNTHETIC
15.02,8.0,17,0,SYNTHETIC
15.02,12.0,18,0,SYNTHETIC
15.02,13.0,19,0,SYNTHETIC
15.02,10.0,20,0,SYNTHETIC
15.02,14.0,21,0,SYNTHETIC
15.02,71.0,22,1,SYNTHETIC
15.02,12.0,23,0,SYNTHETIC
23.5,11.0,0,0,SYNTHETIC
23.5,25.0,1,0,SYNTHETIC
23.5,15.0,2,0,SYNTHETIC
23.5,19.0,3,0,SYNTHETIC
23.5,103.0,4,1,SYNTHETIC
23.5,20.0,5,0,SYNTHETIC
23.5,12.0,6,0,SYNTHETIC
23.5,21.0,7,0,SYNTHETIC
23.5,33.0,8,0,SYNTHETIC
23.5,20.0,9,0,SYNTHETIC
23.5,26.0,10,0,SYNTHETIC
23.5,26.0,11,0,SYNTHETIC
23.5,25.0,12,0,SYNTHETIC
23.5,23.0,13,0,SYNTHETIC
23.5,21.0,14,0,SYNTHETIC
23.5,28.0,15,0,SYNTHETIC
23.5,33.0,16,0,SYNTHETIC
23.5,21.0,17,0,SYNTHETIC
23.5,17.0,18,0,SYNTHETIC
23.5,29.0,19,0,SYNTHETIC
23.5,28.0,20,0,SYNTHETIC
23.5,29.0,21,0,SYNTHETIC
23.5,30.0,22,0,SYNTHETIC
23.5,22.0,23,0,SYNTHETIC
19.6,19.0,0,0,SYNTHETIC
19.6,18.0,1,0,SYNTHETIC
19.6,25.0,2,0,SYNTHETIC
19.6,11.0,3,0,SYNTHETIC
19.6,19.0,4,0,SYNTHETIC
19.6,69.0,5,1,SYNTHETIC
19.6,26.0,6,0,SYNTHETIC
19.6,14.0,7,0,SYNTHETIC
19.6,22.0,8,0,SYNTHETIC
19.6,11.0,9,0,SYNTHETIC
19.6,11.0,10,0,SYNTHETIC
19.6,23.0,11,0,SYNTHETIC
19.6,13.0,12,0,SYNTHETIC
19.6,19.0,13,0,SYNTHETIC
19.6,13.0,14,0,SYNTHETIC
19.6,19.0,15,0,SYNTHETIC
19.6,24.0,16,0,SYNTHETIC
19.6,22.0,17,0,SYNTHETIC
19.6,12.0,18,0,SYNTHETIC
19.6,16.0,19,0,SYNTHETIC
19.6,21.0,20,0,SYNTHETIC
19.6,18.0,21,0,SYNTHETIC
19.6,17.0,22,0,SYNTHETIC
19.6,19.0,23,0,SYNTHETIC
28.93,31.0,0,0,SYNTHETIC
28.93,28.0,1,0,SYNTHETIC
28.93,32.0,2,0,SYNTHETIC
28.93,39.0,3,0,SYNTHETIC
28.93,19.0,4,0,SYNTHETIC
28.93,22.0,5,0,SYNTHETIC
28.93,20.0,6,0,SYNTHETIC
28.93,37.0,7,0,SYNTHETIC
28.93,36.0,8,0,SYNTHETIC
28.93,20.0,9,0,SYNTHETIC
28.93,33.0,10,0,SYNTHETIC
28.93,47.0,11,0,SYNTHETIC
28.93,14.0,12,0,SYNTHETIC
28.93,33.0,13,0,SYNTHETIC
28.93,42.0,14,0,SYNTHETIC
28.93,34.0,15,0,SYNTHETIC
28.93,32.0,16,0,SYNTHETIC
28.93,33.0,17,0,SYNTHETIC
28.93,27.0,18,0,SYNTHETIC
28.93,36.0,19,0,SYNTHETIC
28.93,23.0,20,0,SYNTHETIC
28.93,31.0,21,0,SYNTHETIC
28.93,30.0,22,0,SYNTHETIC
28.93,35.0,23,0,SYNTHETIC
12.29,13.0,0,0,SYNTHETIC
12.29,16.0,1,0,SYNTHETIC
12.29,8.0,2,0,SYNTHETIC
12.29,11.0,3,0,SYNTHETIC
12.29,13.0,4,0,SYNTHETIC
12.29,13.0,5,0,SYNTHETIC
12.29,11.0,6,0,SYNTHETIC
12.29,13.0,7,0,SYNTHETIC
12.29,4.0,8,0,SYNTHETIC
12.29,14.0,9,0,SYNTHETIC
12.29,11.0,10,0,SYNTHETIC
12.29,11.0,11,0,SYNTHETIC
12.29,14.0,12,0,SYNTHETIC
12.29,15.0,13,0,SYNTHETIC
12.29,14.0,14,0,SYNTHETIC
12.29,13.0,15,0,SYNTHETIC
12.29,15.0,16,0,SYNTHETIC
12.29,12.0,17,0,SYNTHETIC
12.29,7.0,18,0,SYNTHETIC
12.29,7.0,19,0,SYNTHETIC
12.29,50.0,20,1,SYNTHETIC
12.29,12.0,21,0,SYNTHETIC
12.29,9.0,22,0,SYNTHETIC
12.29,16.0,23,0,SYNTHETIC
26.85,19.0,0,0,SYNTHETIC
26.85,25.0,1,0,SYNTHETIC
26.85,28.0,2,0,SYNTHETIC
26.85,29.0,3,0,SYNTHETIC
26.85,26.0,4,0,SYNTHETIC
26.85,29.0,5,0,SYNTHETIC
26.85,23.0,6,0,SYNTHETIC
26.85,16.0,7,0,SYNTHETIC
26.85,36.0,8,0,SYNTHETIC
26.85,25.0,9,0,SYNTHETIC
26.85,34.0,10,0,SYNTHETIC
26.85,18.0,11,0,SYNTHETIC
26.85,23.0,12,0,SYNTHETIC
26.85,28.0,13,0,SYNTHETIC
26.85,68.0,14,1,SYNTHETIC
26.85,29.0,15,0,SYNTHETIC
26.85,33.0,16,0,SYNTHETIC
26.85,29.0,17,0,SYNTHETIC
26.85,21.0,18,0,SYNTHETIC
26.85,36.0,19,0,SYNTHETIC
26.85,28.0,20,0,SYNTHETIC
26.85,31.0,21,0,SYNTHETIC
26.85,26.0,22,0,SYNTHETIC
26.85,34.0,23,0,SYNTHETIC
27.89,28.0,0,0,SYNTHETIC
27.89,36.0,1,0,SYNTHETIC
27.89,29.0,2,0,SYNTHETIC
27.89,27.0,3,0,SYNTHETIC
27.89,27.0,4,0,SYNTHETIC
27.89,34.0,5,0,SYNTHETIC
27.89,35.0,6,0,SYNTHETIC
27.89,30.0,7,0,SYNTHETIC
27.89,30.0,8,0,SYNTHETIC
27.89,40.0,9,0,SYNTHETIC
27.89,25.0,10,0,SYNTHETIC
27.89,33.0,11,0,SYNTHETIC
27.89,18.0,12,0,SYNTHETIC
27.89,26.0,13,0,SYNTHETIC
27.89,23.0,14,0,SYNTHETIC
27.89,35.0,15,0,SYNTHETIC
27.89,22.0,16,0,SYNTHETIC
27.89,33.0,17,0,SYNTHETIC
27.89,30.0,18,0,SYNTHETIC
27.89,14.0,19,0,SYNTHETIC
27.89,37.0,20,0,SYNTHETIC
27.89,139.0,21,1,SYNTHETIC
27.89,23.0,22,0,SYNTHETIC
27.89,34.0,23,0,SYNTHETIC
36.79,42.0,0,0,SYNTHETIC
36.79,20.0,1,0,SYNTHETIC
36.79,41.0,2,0,SYNTHETIC
36.79,45.0,3,0,SYNTHETIC
36.79,32.0,4,0,SYNTHETIC
36.79,25.0,5,0,SYNTHETIC
36.79,45.0,6,0,SYNTHETIC
36.79,36.0,7,0,SYNTHETIC
36.79,43.0,8,0,SYNTHETIC
36.79,43.0,9,0,SYNTHETIC
36.79,50.0,10,0,SYNTHETIC
36.79,45.0,11,0,SYNTHETIC
36.79,37.0,12,0,SYNTHETIC
36.79,39.0,13,0,SYNTHETIC
36.79,49.0,14,0,SYNTHETIC
36.79,24.0,15,0,SYNTHETIC
36.79,42.0,16,0,SYNTHETIC
36.79,39.0,17,0,SYNTHETIC
36.79,25.0,18,0,SYNTHETIC
36.79,38.0,19,0,SYNTHETIC
36.79,34.0,20,0,SYNTHETIC
36.79,37.0,21,0,SYNTHETIC
36.79,35.0,22,0,SYNTHETIC
36.79,36.0,23,0,SYNTHETIC
14.31,10.0,0,0,SYNTHETIC
14.31,37.0,1,1,SYNTHETIC
14.31,19.0,2,0,SYNTHETIC
14.31,13.0,3,0,SYNTHETIC
14.31,13.0,4,0,SYNTHETIC
14.31,13.0,5,0,SYNTHETIC
14.31,15.0,6,0,SYNTHETIC
14.31,12.0,7,0,SYNTHETIC
14.31,20.0,8,0,SYNTHETIC
14.31,64.0,9,1,SYNTHETIC
14.31,14.0,10,0,SYNTHETIC
14.31,12.0,11,0,SYNTHETIC
14.31,15.0,12,0,SYNTHETIC
14.31,17.0,13,0,SYNTHETIC
14.31,23.0,14,0,SYNTHETIC
14.31,12.0,15,0,SYNTHETIC
14.31,16.0,16,0,SYNTHETIC
14.31,14.0,17,0,SYNTHETIC
14.31,19.0,18,0,SYNTHETIC
14.31,13.0,19,0,SYNTHETIC
14.31,13.0,20,0,SYNTHETIC
14.31,15.0,21,0,SYNTHETIC
14.31,20.0,22,0,SYNTHETIC
14.31,14.0,23,0,SYNTHETIC
21.61,31.0,0,0,SYNTHETIC
21.61,18.0,1,0,SYNTHETIC
21.61,33.0,2,0,SYNTHETIC
21.61,18.0,3,0,SYNTHETIC
21.61,19.0,4,0,SYNTHETIC
21.61,33.0,5,0,SYNTHETIC
21.61,13.0,6,0,SYNTHETIC
21.61,17.0,7,0,SYNTHETIC
21.61,20.0,8,0,SYNTHETIC
21.61,25.0,9,0,SYNTHETIC
21.61,25.0,10,0,SYNTHETIC
21.61,20.0,11,0,SYNTHETIC
21.61,19.0,12,0,SYNTHETIC
21.61,13.0,13,0,SYNTHETIC
21.61,20.0,14,0,SYNTHETIC
21.61,26.0,15,0,SYNTHETIC
21.61,20.0,16,0,SYNTHETIC
21.61,9.0,17,0,SYNTHETIC
21.61,17.0,18,0,SYNTHETIC
21.61,22.0,19,0,SYNTHETIC
21.61,15.0,20,0,SYNTHETIC
21.61,24.0,21,0,SYNTHETIC
21.61,17.0,22,0,SYNTHETIC
21.61,20.0,23,0,SYNTHETIC
18.81,24.0,0,0,SYNTHETIC
18.81,23.0,1,0,SYNTHETIC
18.81,11.0,2,0,SYNTHETIC
18.81,22.0,3,0,SYNTHETIC
18.81,24.0,4,0,SYNTHETIC
18.81,24.0,5,0,SYNTHETIC
18.81,19.0,6,0,SYNTHETIC
18.81,16.0,7,0,SYNTHETIC
18.81,13.0,8,0,SYNTHETIC
18.81,20.0,9,0,SYNTHETIC
18.81,20.0,10,0,SYNTHETIC
18.81,20.0,11,0,SYNTHETIC
18.81,17.0,12,0,SYNTHETIC
18.81,21.0,13,0,SYNTHETIC
18.81,25.0,14,0,SYNTHETIC
18.81,89.0,15,1,SYNTHETIC
18.81,22.0,16,0,SYNTHETIC
18.81,23.0,17,0,SYNTHETIC
18.81,17.0,18,0,SYNTHETIC
18.81,25.0,19,0,SYNTHETIC
18.81,22.0,20,0,SYNTHETIC
18.81,21.0,21,0,SYNTHETIC
18.81,87.0,22,1,SYNTHETIC
18.81,17.0,23,0,SYNTHETIC
21.59,19.0,0,0,SYNTHETIC
21.59,25.0,1,0,SYNTHETIC
21.59,30.0,2,0,SYNTHETIC
21.59,21.0,3,0,SYNTHETIC
21.59,21.0,4,0,SYNTHETIC
21.59,16.0,5,0,SYNTHETIC
21.59,29.0,6,0,SYNTHETIC
21.59,30.0,7,0,SYNTHETIC
21.59,25.0,8,0,SYNTHETIC
21.59,23.0,9,0,SYNTHETIC
21.59,19.0,10,0,SYNTHETIC
21.59,22.0,11,0,SYNTHETIC
21.59,20.0,12,0,SYNTHETIC
21.59,23.0,13,0,SYNTHETIC
21.59,17.0,14,0,SYNTHETIC
21.59,22.0,15,0,SYNTHETIC
21.59,21.0,16,0,SYNTHETIC
21.59,28.0,17,0,SYNTHETIC
21.59,18.0,18,0,SYNTHETIC
21.59,19.0,19,0,SYNTHETIC
21.59,18.0,20,0,SYNTHETIC
21.59,27.0,21,0,SYNTHETIC
21.59,24.0,22,0,SYNTHETIC
21.59,25.0,23,0,SYNTHETIC
16.28,18.0,0,0,SYNTHETIC
16.28,22.0,1,0,SYNTHETIC
16.28,13.0,2,0,SYNTHETIC
16.28,16.0,3,0,SYNTHETIC
16.28,18.0,4,0,SYNTHETIC
16.28,50.0,5,1,SYNTHETIC
16.28,15.0,6,0,SYNTHETIC
16.28,14.0,7,0,SYNTHETIC
16.28,15.0,8,0,SYNTHETIC
16.28,18.0,9,0,SYNTHETIC
16.28,11.0,10,0,SYNTHETIC
16.28,12.0,11,0,SYNTHETIC
16.28,18.0,12,0,SYNTHETIC
16.28,24.0,13,0,SYNTHETIC
16.28,19.0,14,0,SYNTHETIC
16.28,17.0,15,0,SYNTHETIC
16.28,15.0,16,0,SYNTHETIC
16.28,13.0,17,0,SYNTHETIC
16.28,15.0,18,0,SYNTHETIC
16.28,18.0,19,0,SYNTHETIC
16.28,8.0,20,0,SYNTHETIC
16.28,11.0,21,0,SYNTHETIC
16.28,53.0,22,1,SYNTHETIC
16.28,9.0,23,0,SYNTHETIC
17.47,19.0,0,0,SYNTHETIC
17.47,19.0,1,0,SYNTHETIC
17.47,14.0,2,0,SYNTHETIC
17.47,20.0,3,0,SYNTHETIC
17.47,18.0,4,0,SYNTHETIC
17.47,15.0,5,0,SYNTHETIC
17.47,18.0,6,0,SYNTHETIC
17.47,22.0,7,0,SYNTHETIC
17.47,18.0,8,0,SYNTHETIC
17.47,14.0,9,0,SYNTHETIC
17.47,11.0,10,0,SYNTHETIC
17.47,8.0,11,0,SYNTHETIC
17.47,23.0,12,0,SYNTHETIC
17.47,17.0,13,0,SYNTHETIC
17.47,20.0,14,0,SYNTHETIC
17.47,13.0,15,0,SYNTHETIC
17.47,28.0,16,0,SYNTHETIC
17.47,72.0,17,1,SYNTHETIC
17.47,17.0,18,0,SYNTHETIC
17.47,17.0,19,0,SYNTHETIC
17.47,19.0,20,0,SYNTHETIC
17.47,24.0,21,0,SYNTHETIC
17.47,16.0,22,0,SYNTHETIC
17.47,15.0,23,0,SYNTHETIC
13.54,16.0,0,0,SYNTHETIC
13.54,11.0,1,0,SYNTHETIC
13.54,19.0,2,0,SYNTHETIC
13.54,16.0,3,0,SYNTHETIC
13.54,10.0,4,0,SYNTHETIC
13.54,14.0,5,0,SYNTHETIC
13.54,13.0,6,0,SYNTHETIC
13.54,12.0,7,0,SYNTHETIC
13.54,12.0,8,0,SYNTHETIC
13.54,8.0,9,0,SYNTHETIC
13.54,49.0,10,1,SYNTHETIC
13.54,44.0,11,1,SYNTHETIC
13.54,11.0,12,0,SYNTHETIC
13.54,16.0,13,0,SYNTHETIC
13.54,13.0,14,0,SYNTHETIC
13.54,17.0,15,0,SYNTHETIC
13.54,17.0,16,0,SYNTHETIC
13.54,21.0,17,0,SYNTHETIC
13.54,13.0,18,0,SYNTHETIC
13.54,12.0,19,0,SYNTHETIC
13.54,17.0,20,0,SYNTHETIC
13.54,16.0,21,0,SYNTHETIC
13.54,15.0,22,0,SYNTHETIC
13.54,15.0,23,0,SYNTHETIC
39.49,44.0,0,0,SYNTHETIC
39.49,35.0,1,0,SYNTHETIC
39.49,45.0,2,0,SYNTHETIC
39.49,39.0,3,0,SYNTHETIC
39.49,37.0,4,0,SYNTHETIC
39.49,40.0,5,0,SYNTHETIC
39.49,31.0,6,0,SYNTHETIC
39.49,27.0,7,0,SYNTHETIC
39.49,119.0,8,1,SYNTHETIC
39.49,31.0,9,0,SYNTHETIC
39.49,37.0,10,0,SYNTHETIC
39.49,50.0,11,0,SYNTHETIC
39.49,25.0,12,0,SYNTHETIC
39.49,58.0,13,0,SYNTHETIC
39.49,32.0,14,0,SYNTHETIC
39.49,43.0,15,0,SYNTHETIC
39.49,22.0,16,0,SYNTHETIC
39.49,42.0,17,0,SYNTHETIC
39.49,40.0,18,0,SYNTHETIC
39.49,35.0,19,0,SYNTHETIC
39.49,44.0,20,0,SYNTHETIC
39.49,31.0,21,0,SYNTHETIC
39.49,168.0,22,1,SYNTHETIC
39.49,46.0,23,0,SYNTHETIC
37.47,39.0,0,0,SYNTHETIC
37.47,30.0,1,0,SYNTHETIC
37.47,41.0,2,0,SYNTHETIC
37.47,35.0,3,0,SYNTHETIC
37.47,43.0,4,0,SYNTHETIC
37.47,116.0,5,1,SYNTHETIC
37.47,54.0,6,0,SYNTHETIC
37.47,37.0,7,0,SYNTHETIC
37.47,22.0,8,0,SYNTHETIC
37.47,33.0,9,0,SYNTHETIC
37.47,47.0,10,0,SYNTHETIC
37.47,36.0,11,0,SYNTHETIC
37.47,40.0,12,0,SYNTHETIC
37.47,27.0,13,0,SYNTHETIC
37.47,38.0,14,0,SYNTHETIC
37.47,46.0,15,0,SYNTHETIC
37.47,45.0,16,0,SYNTHETIC
37.47,149.0,17,1,SYNTHETIC
37.47,46.0,18,0,SYNTHETIC
37.47,50.0,19,0,SYNTHETIC
37.47,47.0,20,0,SYNTHETIC
37.47,50.0,21,0,SYNTHETIC
37.47,42.0,22,0,SYNTHETIC
37.47,40.0,23,0,SYNTHETIC
12.27,13.0,0,0,SYNTHETIC
12.27,10.0,1,0,SYNTHETIC
12.27,14.0,2,0,SYNTHETIC
12.27,14.0,3,0,SYNTHETIC
12.27,9.0,4,0,SYNTHETIC
12.27,18.0,5,0,SYNTHETIC
12.27,12.0,6,0,SYNTHETIC
12.27,11.0,7,0,SYNTHETIC
12.27,15.0,8,0,SYNTHETIC
12.27,16.0,9,0,SYNTHETIC
12.27,32.0,10,1,SYNTHETIC
12.27,13.0,11,0,SYNTHETIC
12.27,7.0,12,0,SYNTHETIC
12.27,14.0,13,0,SYNTHETIC
12.27,10.0,14,0,SYNTHETIC
12.27,11.0,15,0,SYNTHETIC
12.27,13.0,16,0,SYNTHETIC
12.27,13.0,17,0,SYNTHETIC
12.27,55.0,18,1,SYNTHETIC
12.27,15.0,19,0,SYNTHETIC
12.27,10.0,20,0,SYNTHETIC
12.27,12.0,21,0,SYNTHETIC
12.27,11.0,22,0,SYNTHETIC
12.27,14.0,23,0,SYNTHETIC
20.72,22.0,0,0,SYNTHETIC
20.72,25.0,1,0,SYNTHETIC
20.72,17.0,2,0,SYNTHETIC
20.72,28.0,3,0,SYNTHETIC
20.72,21.0,4,0,SYNTHETIC
20.72,21.0,5,0,SYNTHETIC
20.72,11.0,6,0,SYNTHETIC
20.72,16.0,7,0,SYNTHETIC
20.72,20.0,8,0,SYNTHETIC
20.72,23.0,9,0,SYNTHETIC
20.72,23.0,10,0,SYNTHETIC
20.72,24.0,11,0,SYNTHETIC
20.72,7.0,12,0,SYNTHETIC
20.72,74.0,13,1,SYNTHETIC
20.72,18.0,14,0,SYNTHETIC
20.72,13.0,15,0,SYNTHETIC
20.72,16.0,16,0,SYNTHETIC
20.72,14.0,17,0,SYNTHETIC
20.72,19.0,18,0,SYNTHETIC
20.72,17.0,19,0,SYNTHETIC
20.72,17.0,20,0,SYNTHETIC
20.72,29.0,21,0,SYNTHETIC
20.72,20.0,22,0,SYNTHETIC
20.72,24.0,23,0,SYNTHETIC
19.67,22.0,0,0,SYNTHETIC
19.67,17.0,1,0,SYNTHETIC
19.67,14.0,2,0,SYNTHETIC
19.67,16.0,3,0,SYNTHETIC
19.67,16.0,4,0,SYNTHETIC
19.67,28.0,5,0,SYNTHETIC
19.67,23.0,6,0,SYNTHETIC
19.67,28.0,7,0,SYNTHETIC
19.67,22.0,8,0,SYNTHETIC
19.67,17.0,9,0,SYNTHETIC
19.67,23.0,10,0,SYNTHETIC
19.67,16.0,11,0,SYNTHETIC
19.67,21.0,12,0,SYNTHETIC
19.67,10.0,13,0,SYNTHETIC
19.67,21.0,14,0,SYNTHETIC
19.67,21.0,15,0,SYNTHETIC
19.67,95.0,16,1,SYNTHETIC
19.67,19.0,17,0,SYNTHETIC
19.67,72.0,18,1,SYNTHETIC
19.67,18.0,19,0,SYNTHETIC
19.67,76.0,20,1,SYNTHETIC
19.67,20.0,21,0,SYNTHETIC
19.67,16.0,22,0,SYNTHETIC
19.67,9.0,23,0,SYNTHETIC
18.92,18.0,0,0,SYNTHETIC
18.92,22.0,1,0,SYNTHETIC
18.92,57.0,2,1,SYNTHETIC
18.92,36.0,3,0,SYNTHETIC
18.92,25.0,4,0,SYNTHETIC
18.92,18.0,5,0,SYNTHETIC
18.92,13.0,6,0,SYNTHETIC
18.92,17.0,7,0,SYNTHETIC
18.92,20.0,8,0,SYNTHETIC
18.92,16.0,9,0,SYNTHETIC
18.92,54.0,10,1,SYNTHETIC
18.92,23.0,11,0,SYNTHETIC
18.92,21.0,12,0,SYNTHETIC
18.92,15.0,13,0,SYNTHETIC
18.92,17.0,14,0,SYNTHETIC
18.92,24.0,15,0,SYNTHETIC
18.92,30.0,16,0,SYNTHETIC
18.92,22.0,17,0,SYNTHETIC
18.92,20.0,18,0,SYNTHETIC
18.92,15.0,19,0,SYNTHETIC
18.92,15.0,20,0,SYNTHETIC
18.92,77.0,21,1,SYNTHETIC
18.92,14.0,22,0,SYNTHETIC
18.92,21.0,23,0,SYNTHETIC
26.18,19.0,0,0,SYNTHETIC
26.18,28.0,1,0,SYNTHETIC
26.18,32.0,2,0,SYNTHETIC
26.18,30.0,3,0,SYNTHETIC
26.18,30.0,4,0,SYNTHETIC
26.18,35.0,5,0,SYNTHETIC
26.18,38.0,6,0,SYNTHETIC
26.18,31.0,7,0,SYNTHETIC
26.18,40.0,8,0,SYNTHETIC
26.18,31.0,9,0,SYNTHETIC
26.18,22.0,10,0,SYNTHETIC
26.18,24.0,11,0,SYNTHETIC
26.18,21.0,12,0,SYNTHETIC
26.18,16.0,13,0,SYNTHETIC
26.18,24.0,14,0,SYNTHETIC
26.18,25.0,15,0,SYNTHETIC
26.18,21.0,16,0,SYNTHETIC
26.18,25.0,17,0,SYNTHETIC
26.18,22.0,18,0,SYNTHETIC
26.18,23.0,19,0,SYNTHETIC
26.18,31.0,20,0,SYNTHETIC
26.18,25.0,21,0,SYNTHETIC
26.18,24.0,22,0,SYNTHETIC
26.18,25.0,23,0,SYNTHETIC
26.69,24.0,0,0,SYNTHETIC
26.69,39.0,1,0,SYNTHETIC
26.69,27.0,2,0,SYNTHETIC
26.69,28.0,3,0,SYNTHETIC
26.69,18.0,4,0,SYNTHETIC
26.69,29.0,5,0,SYNTHETIC
26.69,22.0,6,0,SYNTHETIC
26.69,20.0,7,0,SYNTHETIC
26.69,37.0,8,0,SYNTHETIC
26.69,37.0,9,0,SYNTHETIC
26.69,32.0,10,0,SYNTHETIC
26.69,35.0,11,0,SYNTHETIC
26.69,29.0,12,0,SYNTHETIC
26.69,23.0,13,0,SYNTHETIC
26.69,27.0,14,0,SYNTHETIC
26.69,24.0,15,0,SYNTHETIC
26.69,28.0,16,0,SYNTHETIC
26.69,16.0,17,0,SYNTHETIC
26.69,27.0,18,0,SYNTHETIC
26.69,31.0,19,0,SYNTHETIC
26.69,124.0,20,1,SYNTHETIC
26.69,33.0,21,0,SYNTHETIC
26.69,29.0,22,0,SYNTHETIC
26.69,13.0,23,0,SYNTHETIC
30.79,27.0,0,0,SYNTHETIC
30.79,35.0,1,0,SYNTHETIC
30.79,20.0,2,0,SYNTHETIC
30.79,116.0,3,1,SYNTHETIC
30.79,43.0,4,0,SYNTHETIC
30.79,27.0,5,0,SYNTHETIC
30.79,27.0,6,0,SYNTHETIC
30.79,40.0,7,0,SYNTHETIC
30.79,18.0,8,0,SYNTHETIC
30.79,39.0,9,0,SYNTHETIC
30.79,18.0,10,0,SYNTHETIC
30.79,30.0,11,0,SYNTHETIC
30.79,31.0,12,0,SYNTHETIC
30.79,90.0,13,1,SYNTHETIC
30.79,49.0,14,0,SYNTHETIC
30.79,38.0,15,0,SYNTHETIC
30.79,25.0,16,0,SYNTHETIC
30.79,29.0,17,0,SYNTHETIC
30.79,36.0,18,0,SYNTHETIC
30.79,32.0,19,0,SYNTHETIC
30.79,22.0,20,0,SYNTHETIC
30.79,97.0,21,1,SYNTHETIC
30.79,19.0,22,0,SYNTHETIC
30.79,37.0,23,0,SYNTHETIC
38.9,32.0,0,0,SYNTHETIC
38.9,45.0,1,0,SYNTHETIC
38.9,56.0,2,0,SYNTHETIC
38.9,22.0,3,0,SYNTHETIC
38.9,66.0,4,0,SYNTHETIC
38.9,21.0,5,0,SYNTHETIC
38.9,40.0,6,0,SYNTHETIC
38.9,59.0,7,0,SYNTHETIC
38.9,37.0,8,0,SYNTHETIC
38.9,46.0,9,0,SYNTHETIC
38.9,24.0,10,0,SYNTHETIC
38.9,31.0,11,0,SYNTHETIC
38.9,53.0,12,0,SYNTHETIC
38.9,133.0,13,1,SYNTHETIC
38.9,51.0,14,0,SYNTHETIC
38.9,52.0,15,0,SYNTHETIC
38.9,49.0,16,0,SYNTHETIC
38.9,32.0,17,0,SYNTHETIC
38.9,50.0,18,0,SYNTHETIC
38.9,41.0,19,0,SYNTHETIC
38.9,54.0,20,0,SYNTHETIC
38.9,51.0,21,0,SYNTHETIC
38.9,52.0,22,0,SYNTHETIC
38.9,42.0,23,0,SYNTHETIC
31.3,32.0,0,0,SYNTHETIC
31.3,42.0,1,0,SYNTHETIC
31.3,39.0,2,0,SYNTHETIC
31.3,30.0,3,0,SYNTHETIC
31.3,30.0,4,0,SYNTHETIC
31.3,29.0,5,0,SYNTHETIC
31.3,31.0,6,0,SYNTHETIC
31.3,42.0,7,0,SYNTHETIC
31.3,36.0,8,0,SYNTHETIC
31.3,41.0,9,0,SYNTHETIC
31.3,47.0,10,0,SYNTHETIC
31.3,28.0,11,0,SYNTHETIC
31.3,39.0,12,0,SYNTHETIC
31.3,34.0,13,0,SYNTHETIC
31.3,34.0,14,0,SYNTHETIC
31.3,30.0,15,0,SYNTHETIC
31.3,32.0,16,0,SYNTHETIC
31.3,34.0,17,0,SYNTHETIC
31.3,32.0,18,0,SYNTHETIC
31.3,34.0,19,0,SYNTHETIC
31.3,38.0,20,0,SYNTHETIC
31.3,36.0,21,0,SYNTHETIC
31.3,30.0,22,0,SYNTHETIC
31.3,19.0,23,0,SYNTHETIC
34.8,31.0,0,0,SYNTHETIC
34.8,27.0,1,0,SYNTHETIC
34.8,35.0,2,0,SYNTHETIC
34.8,37.0,3,0,SYNTHETIC
34.8,29.0,4,0,SYNTHETIC
34.8,37.0,5,0,SYNTHETIC
34.8,32.0,6,0,SYNTHETIC
34.8,37.0,7,0,SYNTHETIC
34.8,39.0,8,0,SYNTHETIC
34.8,44.0,9,0,SYNTHETIC
34.8,39.0,10,0,SYNTHETIC
34.8,30.0,11,0,SYNTHETIC
34.8,45.0,12,0,SYNTHETIC
34.8,48.0,13,0,SYNTHETIC
34.8,32.0,14,0,SYNTHETIC
34.8,31.0,15,0,SYNTHETIC
34.8,32.0,16,0,SYNTHETIC
34.8,29.0,17,0,SYNTHETIC
34.8,14.0,18,0,SYNTHETIC
34.8,30.0,19,0,SYNTHETIC
34.8,42.0,20,0,SYNTHETIC
34.8,159.0,21,1,SYNTHETIC
34.8,125.0,22,1,SYNTHETIC
34.8,28.0,23,0,SYNTHETIC
36.64,49.0,0,0,SYNTHETIC
36.64,31.0,1,0,SYNTHETIC
36.64,45.0,2,0,SYNTHETIC
36.64,36.0,3,0,SYNTHETIC
36.64,47.0,4,0,SYNTHETIC
36.64,17.0,5,0,SYNTHETIC
36.64,39.0,6,0,SYNTHETIC
36.64,53.0,7,0,SYNTHETIC
36.64,34.0,8,0,SYNTHETIC
36.64,39.0,9,0,SYNTHETIC
36.64,35.0,10,0,SYNTHETIC
36.64,42.0,11,0,SYNTHETIC
36.64,42.0,12,0,SYNTHETIC
36.64,36.0,13,0,SYNTHETIC
36.64,141.0,14,1,SYNTHETIC
36.64,39.0,15,0,SYNTHETIC
36.64,40.0,16,0,SYNTHETIC
36.64,42.0,17,0,SYNTHETIC
36.64,47.0,18,0,SYNTHETIC
36.64,51.0,19,0,SYNTHETIC
36.64,31.0,20,0,SYNTHETIC
36.64,41.0,21,0,SYNTHETIC
36.64,40.0,22,0,SYNTHETIC
36.64,35.0,23,0,SYNTHETIC
32.67,31.0,0,0,SYNTHETIC
32.67,45.0,1,0,SYNTHETIC
32.67,85.0,2,1,SYNTHETIC
32.67,47.0,3,0,SYNTHETIC
32.67,22.0,4,0,SYNTHETIC
32.67,49.0,5,0,SYNTHETIC
32.67,18.0,6,0,SYNTHETIC
32.67,35.0,7,0,SYNTHETIC
32.67,36.0,8,0,SYNTHETIC
32.67,9.0,9,0,SYNTHETIC
32.67,29.0,10,0,SYNTHETIC
32.67,45.0,11,0,SYNTHETIC
32.67,38.0,12,0,SYNTHETIC
32.67,34.0,13,0,SYNTHETIC
32.67,149.0,14,1,SYNTHETIC
32.67,33.0,15,0,SYNTHETIC
32.67,31.0,16,0,SYNTHETIC
32.67,45.0,17,0,SYNTHETIC
32.67,142.0,18,1,SYNTHETIC
32.67,21.0,19,0,SYNTHETIC
32.67,28.0,20,0,SYNTHETIC
32.67,116.0,21,1,SYNTHETIC
32.67,29.0,22,0,SYNTHETIC
32.67,29.0,23,0,SYNTHETIC
15.67,18.0,0,0,SYNTHETIC
15.67,18.0,1,0,SYNTHETIC
15.67,14.0,2,0,SYNTHETIC
15.67,23.0,3,0,SYNTHETIC
15.67,12.0,4,0,SYNTHETIC
15.67,11.0,5,0,SYNTHETIC
15.67,13.0,6,0,SYNTHETIC
15.67,16.0,7,0,SYNTHETIC
15.67,13.0,8,0,SYNTHETIC
15.67,21.0,9,0,SYNTHETIC
15.67,20.0,10,0,SYNTHETIC
15.67,15.0,11,0,SYNTHETIC
15.67,14.0,12,0,SYNTHETIC
15.67,16.0,13,0,SYNTHETIC
15.67,4.0,14,0,SYNTHETIC
15.67,17.0,15,0,SYNTHETIC
15.67,17.0,16,0,SYNTHETIC
15.67,21.0,17,0,SYNTHETIC
15.67,14.0,18,0,SYNTHETIC
15.67,12.0,19,0,SYNTHETIC
15.67,20.0,20,0,SYNTHETIC
15.67,24.0,21,0,SYNTHETIC
15.67,21.0,22,0,SYNTHETIC
15.67,12.0,23,0,SYNTHETIC
21.19,25.0,0,0,SYNTHETIC
21.19,21.0,1,0,SYNTHETIC
21.19,19.0,2,0,SYNTHETIC
21.19,20.0,3,0,SYNTHETIC
21.19,29.0,4,0,SYNTHETIC
21.19,20.0,5,0,SYNTHETIC
21.19,73.0,6,1,SYNTHETIC
21.19,41.0,7,0,SYNTHETIC
21.19,16.0,8,0,SYNTHETIC
21.19,28.0,9,0,SYNTHETIC
21.19,16.0,10,0,SYNTHETIC
21.19,15.0,11,0,SYNTHETIC
21.19,32.0,12,0,SYNTHETIC
21.19,29.0,13,0,SYNTHETIC
21.19,22.0,14,0,SYNTHETIC
21.19,20.0,15,0,SYNTHETIC
21.19,85.0,16,1,SYNTHETIC
21.19,28.0,17,0,SYNTHETIC
21.19,25.0,18,0,SYNTHETIC
21.19,22.0,19,0,SYNTHETIC
21.19,23.0,20,0,SYNTHETIC
21.19,33.0,21,0,SYNTHETIC
21.19,29.0,22,0,SYNTHETIC
21.19,27.0,23,0,SYNTHETIC
34.46,43.0,0,0,SYNTHETIC
34.46,31.0,1,0,SYNTHETIC
34.46,40.0,2,0,SYNTHETIC
34.46,33.0,3,0,SYNTHETIC
34.46,37.0,4,0,SYNTHETIC
34.46,37.0,5,0,SYNTHETIC
34.46,28.0,6,0,SYNTHETIC
34.46,46.0,7,0,SYNTHETIC
34.46,43.0,8,0,SYNTHETIC
34.46,36.0,9,0,SYNTHETIC
34.46,56.0,10,0,SYNTHETIC
34.46,39.0,11,0,SYNTHETIC
34.46,44.0,12,0,SYNTHETIC
34.46,39.0,13,0,SYNTHETIC
34.46,43.0,14,0,SYNTHETIC
34.46,42.0,15,0,SYNTHETIC
34.46,35.0,16,0,SYNTHETIC
34.46,33.0,17,0,SYNTHETIC
34.46,28.0,18,0,SYNTHETIC
34.46,47.0,19,0,SYNTHETIC
34.46,47.0,20,0,SYNTHETIC
34.46,40.0,21,0,SYNTHETIC
34.46,44.0,22,0,SYNTHETIC
34.46,31.0,23,0,SYNTHETIC
12.42,18.0,0,0,SYNTHETIC
12.42,10.0,1,0,SYNTHETIC
12.42,11.0,2,0,SYNTHETIC
12.42,14.0,3,0,SYNTHETIC
12.42,13.0,4,0,SYNTHETIC
12.42,11.0,5,0,SYNTHETIC
12.42,11.0,6,0,SYNTHETIC
12.42,53.0,7,1,SYNTHETIC
12.42,16.0,8,0,SYNTHETIC
12.42,11.0,9,0,SYNTHETIC
12.42,15.0,10,0,SYNTHETIC
12.42,3.0,11,0,SYNTHETIC
12.42,13.0,12,0,SYNTHETIC
12.42,17.0,13,0,SYNTHETIC
12.42,15.0,14,0,SYNTHETIC
12.42,14.0,15,0,SYNTHETIC
12.42,14.0,16,0,SYNTHETIC
12.42,16.0,17,0,SYNTHETIC
12.42,13.0,18,0,SYNTHETIC
12.42,8.0,19,0,SYNTHETIC
12.42,5.0,20,0,SYNTHETIC
12.42,18.0,21,0,SYNTHETIC
12.42,9.0,22,0,SYNTHETIC
12.42,15.0,23,0,SYNTHETIC
26.88,28.0,0,0,SYNTHETIC
26.88,29.0,1,0,SYNTHETIC
26.88,31.0,2,0,SYNTHETIC
26.88,15.0,3,0,SYNTHETIC
26.88,30.0,4,0,SYNTHETIC
26.88,18.0,5,0,SYNTHETIC
26.88,19.0,6,0,SYNTHETIC
26.88,31.0,7,0,SYNTHETIC
26.88,27.0,8,0,SYNTHETIC
26.88,39.0,9,0,SYNTHETIC
26.88,26.0,10,0,SYNTHETIC
26.88,113.0,11,1,SYNTHETIC
26.88,37.0,12,0,SYNTHETIC
26.88,38.0,13,0,SYNTHETIC
26.88,26.0,14,0,SYNTHETIC
26.88,19.0,15,0,SYNTHETIC
26.88,30.0,16,0,SYNTHETIC
26.88,34.0,17,0,SYNTHETIC
26.88,26.0,18,0,SYNTHETIC
26.88,27.0,19,0,SYNTHETIC
26.88,30.0,20,0,SYNTHETIC
26.88,30.0,21,0,SYNTHETIC
26.88,22.0,22,0,SYNTHETIC
26.88,30.0,23,0,SYNTHETIC
10.09,8.0,0,0,SYNTHETIC
10.09,36.0,1,1,SYNTHETIC
10.09,45.0,2,1,SYNTHETIC
10.09,7.0,3,0,SYNTHETIC
10.09,10.0,4,0,SYNTHETIC
10.09,10.0,5,0,SYNTHETIC
10.09,16.0,6,0,SYNTHETIC
10.09,14.0,7,0,SYNTHETIC
10.09,9.0,8,0,SYNTHETIC
10.09,4.0,9,0,SYNTHETIC
10.09,8.0,10,0,SYNTHETIC
10.09,8.0,11,0,SYNTHETIC
10.09,6.0,12,0,SYNTHETIC
10.09,8.0,13,0,SYNTHETIC
10.09,12.0,14,0,SYNTHETIC
10.09,11.0,15,0,SYNTHETIC
10.09,10.0,16,0,SYNTHETIC
10.09,7.0,17,0,SYNTHETIC
10.09,8.0,18,0,SYNTHETIC
10.09,13.0,19,0,SYNTHETIC
10.09,14.0,20,0,SYNTHETIC
10.09,14.0,21,0,SYNTHETIC
10.09,9.0,22,0,SYNTHETIC
10.09,7.0,23,0,SYNTHETIC
13.99,15.0,0,0,SYNTHETIC
13.99,14.0,1,0,SYNTHETIC
13.99,18.0,2,0,SYNTHETIC
13.99,13.0,3,0,SYNTHETIC
13.99,12.0,4,0,SYNTHETIC
13.99,19.0,5,0,SYNTHETIC
13.99,16.0,6,0,SYNTHETIC
13.99,16.0,7,0,SYNTHETIC
13.99,14.0,8,0,SYNTHETIC
13.99,9.0,9,0,SYNTHETIC
13.99,13.0,10,0,SYNTHETIC
13.99,10.0,11,0,SYNTHETIC
13.99,11.0,12,0,SYNTHETIC
13.99,18.0,13,0,SYNTHETIC
13.99,18.0,14,0,SYNTHETIC
13.99,13.0,15,0,SYNTHETIC
13.99,19.0,16,0,SYNTHETIC
13.99,11.0,17,0,SYNTHETIC
13.99,19.0,18,0,SYNTHETIC
13.99,20.0,19,0,SYNTHETIC
13.99,13.0,20,0,SYNTHETIC
13.99,45.0,21,1,SYNTHETIC
13.99,18.0,22,0,SYNTHETIC
13.99,17.0,23,0,SYNTHETIC
26.1,34.0,0,0,SYNTHETIC
26.1,31.0,1,0,SYNTHETIC
26.1,21.0,2,0,SYNTHETIC
26.1,20.0,3,0,SYNTHETIC
26.1,28.0,4,0,SYNTHETIC
26.1,21.0,5,0,SYNTHETIC
26.1,19.0,6,0,SYNTHETIC
26.1,28.0,7,0,SYNTHETIC
26.1,21.0,8,0,SYNTHETIC
26.1,27.0,9,0,SYNTHETIC
26.1,30.0,10,0,SYNTHETIC
26.1,27.0,11,0,SYNTHETIC
26.1,17.0,12,0,SYNTHETIC
26.1,21.0,13,0,SYNTHETIC
26.1,112.0,14,1,SYNTHETIC
26.1,27.0,15,0,SYNTHETIC
26.1,32.0,16,0,SYNTHETIC
26.1,34.0,17,0,SYNTHETIC
26.1,28.0,18,0,SYNTHETIC
26.1,28.0,19,0,SYNTHETIC
26.1,27.0,20,0,SYNTHETIC
26.1,37.0,21,0,SYNTHETIC
26.1,24.0,22,0,SYNTHETIC
26.1,16.0,23,0,SYNTHETIC
20.15,20.0,0,0,SYNTHETIC
20.15,27.0,1,0,SYNTHETIC
20.15,24.0,2,0,SYNTHETIC
20.15,17.0,3,0,SYNTHETIC
20.15,28.0,4,0,SYNTHETIC
20.15,25.0,5,0,SYNTHETIC
20.15,20.0,6,0,SYNTHETIC
20.15,21.0,7,0,SYNTHETIC
20.15,15.0,8,0,SYNTHETIC
20.15,14.0,9,0,SYNTHETIC
20.15,16.0,10,0,SYNTHETIC
20.15,16.0,11,0,SYNTHETIC
20.15,11.0,12,0,SYNTHETIC
20.15,26.0,13,0,SYNTHETIC
20.15,16.0,14,0,SYNTHETIC
20.15,20.0,15,0,SYNTHETIC
20.15,28.0,16,0,SYNTHETIC
20.15,26.0,17,0,SYNTHETIC
20.15,19.0,18,0,SYNTHETIC
20.15,18.0,19,0,SYNTHETIC
20.15,80.0,20,1,SYNTHETIC
20.15,28.0,21,0,SYNTHETIC
20.15,12.0,22,0,SYNTHETIC
20.15,72.0,23,1,SYNTHETIC
34.25,28.0,0,0,SYNTHETIC
34.25,25.0,1,0,SYNTHETIC
34.25,35.0,2,0,SYNTHETIC
34.25,40.0,3,0,SYNTHETIC
34.25,39.0,4,0,SYNTHETIC
34.25,31.0,5,0,SYNTHETIC
34.25,41.0,6,0,SYNTHETIC
34.25,28.0,7,0,SYNTHETIC
34.25,42.0,8,0,SYNTHETIC
34.25,41.0,9,0,SYNTHETIC
34.25,30.0,10,0,SYNTHETIC
34.25,46.0,11,0,SYNTHETIC
34.25,36.0,12,0,SYNTHETIC
34.25,31.0,13,0,SYNTHETIC
34.25,19.0,14,0,SYNTHETIC
34.25,34.0,15,0,SYNTHETIC
34.25,33.0,16,0,SYNTHETIC
34.25,28.0,17,0,SYNTHETIC
34.25,152.0,18,1,SYNTHETIC
34.25,36.0,19,0,SYNTHETIC
34.25,45.0,20,0,SYNTHETIC
34.25,28.0,21,0,SYNTHETIC
34.25,49.0,22,0,SYNTHETIC
34.25,33.0,23,0,SYNTHETIC
19.91,23.0,0,0,SYNTHETIC
19.91,20.0,1,0,SYNTHETIC
19.91,24.0,2,0,SYNTHETIC
19.91,26.0,3,0,SYNTHETIC
19.91,19.0,4,0,SYNTHETIC
19.91,25.0,5,0,SYNTHETIC
19.91,22.0,6,0,SYNTHETIC
19.91,24.0,7,0,SYNTHETIC
19.91,26.0,8,0,SYNTHETIC
19.91,18.0,9,0,SYNTHETIC
19.91,18.0,10,0,SYNTHETIC
19.91,28.0,11,0,SYNTHETIC
19.91,23.0,12,0,SYNTHETIC
19.91,25.0,13,0,SYNTHETIC
19.91,22.0,14,0,SYNTHETIC
19.91,30.0,15,0,SYNTHETIC
19.91,21.0,16,0,SYNTHETIC
19.91,28.0,17,0,SYNTHETIC
19.91,22.0,18,0,SYNTHETIC
19.91,25.0,19,0,SYNTHETIC
19.91,23.0,20,0,SYNTHETIC
19.91,31.0,21,0,SYNTHETIC
19.91,14.0,22,0,SYNTHETIC
19.91,21.0,23,0,SYNTHETIC
24.54,28.0,0,0,SYNTHETIC
24.54,16.0,1,0,SYNTHETIC
24.54,24.0,2,0,SYNTHETIC
24.54,19.0,3,0,SYNTHETIC
24.54,25.0,4,0,SYNTHETIC
24.54,27.0,5,0,SYNTHETIC
24.54,32.0,6,0,SYNTHETIC
24.54,22.0,7,0,SYNTHETIC
24.54,19.0,8,0,SYNTHETIC
24.54,31.0,9,0,SYNTHETIC
24.54,32.0,10,0,SYNTHETIC
24.54,26.0,11,0,SYNTHETIC
24.54,30.0,12,0,SYNTHETIC
24.54,24.0,13,0,SYNTHETIC
24.54,25.0,14,0,SYNTHETIC
24.54,16.0,15,0,SYNTHETIC
24.54,35.0,16,0,SYNTHETIC
24.54,64.0,17,1,SYNTHETIC
24.54,25.0,18,0,SYNTHETIC
24.54,18.0,19,0,SYNTHETIC
24.54,20.0,20,0,SYNTHETIC
24.54,19.0,21,0,SYNTHETIC
24.54,23.0,22,0,SYNTHETIC
24.54,19.0,23,0,SYNTHETIC
29.3,28.0,0,0,SYNTHETIC
29.3,13.0,1,0,SYNTHETIC
29.3,23.0,2,0,SYNTHETIC
29.3,22.0,3,0,SYNTHETIC
29.3,29.0,4,0,SYNTHETIC
29.3,27.0,5,0,SYNTHETIC
29.3,22.0,6,0,SYNTHETIC
29.3,31.0,7,0,SYNTHETIC
29.3,34.0,8,0,SYNTHETIC
29.3,27.0,9,0,SYNTHETIC
29.3,27.0,10,0,SYNTHETIC
29.3,42.0,11,0,SYNTHETIC
29.3,28.0,12,0,SYNTHETIC
29.3,21.0,13,0,SYNTHETIC
29.3,32.0,14,0,SYNTHETIC
29.3,27.0,15,0,SYNTHETIC
29.3,30.0,16,0,SYNTHETIC
29.3,32.0,17,0,SYNTHETIC
29.3,34.0,18,0,SYNTHETIC
29.3,25.0,19,0,SYNTHETIC
29.3,30.0,20,0,SYNTHETIC
29.3,22.0,21,0,SYNTHETIC
29.3,31.0,22,0,SYNTHETIC
29.3,29.0,23,0,SYNTHETIC
31.64,30.0,0,0,SYNTHETIC
31.64,39.0,1,0,SYNTHETIC
31.64,44.0,2,0,SYNTHETIC
31.64,14.0,3,0,SYNTHETIC
31.64,38.0,4,0,SYNTHETIC
31.64,29.0,5,0,SYNTHETIC
31.64,44.0,6,0,SYNTHETIC
31.64,42.0,7,0,SYNTHETIC
31.64,46.0,8,0,SYNTHETIC
31.64,47.0,9,0,SYNTHETIC
31.64,23.0,10,0,SYNTHETIC
31.64,32.0,11,0,SYNTHETIC
31.64,44.0,12,0,SYNTHETIC
31.64,19.0,13,0,SYNTHETIC
31.64,26.0,14,0,SYNTHETIC
31.64,31.0,15,0,SYNTHETIC
31.64,27.0,16,0,SYNTHETIC
31.64,18.0,17,0,SYNTHETIC
31.64,40.0,18,0,SYNTHETIC
31.64,27.0,19,0,SYNTHETIC
31.64,32.0,20,0,SYNTHETIC
31.64,58.0,21,0,SYNTHETIC
31.64,47.0,22,0,SYNTHETIC
31.64,31.0,23,0,SYNTHETIC
20.24,20.0,0,0,SYNTHETIC
20.24,16.0,1,0,SYNTHETIC
20.24,17.0,2,0,SYNTHETIC
20.24,20.0,3,0,SYNTHETIC
20.24,22.0,4,0,SYNTHETIC
20.24,20.0,5,0,SYNTHETIC
20.24,18.0,6,0,SYNTHETIC
20.24,23.0,7,0,SYNTHETIC
20.24,22.0,8,0,SYNTHETIC
20.24,21.0,9,0,SYNTHETIC
20.24,15.0,10,0,SYNTHETIC
20.24,14.0,11,0,SYNTHETIC
20.24,17.0,12,0,SYNTHETIC
20.24,5.0,13,0,SYNTHETIC
20.24,19.0,14,0,SYNTHETIC
20.24,26.0,15,0,SYNTHETIC
20.24,24.0,16,0,SYNTHETIC
20.24,18.0,17,0,SYNTHETIC
20.24,15.0,18,0,SYNTHETIC
20.24,11.0,19,0,SYNTHETIC
20.24,92.0,20,1,SYNTHETIC
20.24,26.0,21,0,SYNTHETIC
20.24,22.0,22,0,SYNTHETIC
20.24,29.0,23,0,SYNTHETIC
34.36,139.0,0,1,SYNTHETIC
34.36,42.0,1,0,SYNTHETIC
34.36,48.0,2,0,SYNTHETIC
34.36,31.0,3,0,SYNTHETIC
34.36,50.0,4,0,SYNTHETIC
34.36,38.0,5,0,SYNTHETIC
34.36,42.0,6,0,SYNTHETIC
34.36,25.0,7,0,SYNTHETIC
34.36,38.0,8,0,SYNTHETIC
34.36,38.0,9,0,SYNTHETIC
34.36,39.0,10,0,SYNTHETIC
34.36,36.0,11,0,SYNTHETIC
34.36,22.0,12,0,SYNTHETIC
34.36,34.0,13,0,SYNTHETIC
34.36,52.0,14,0,SYNTHETIC
34.36,36.0,15,0,SYNTHETIC
34.36,33.0,16,0,SYNTHETIC
34.36,37.0,17,0,SYNTHETIC
34.36,36.0,18,0,SYNTHETIC
34.36,32.0,19,0,SYNTHETIC
34.36,34.0,20,0,SYNTHETIC
34.36,42.0,21,0,SYNTHETIC
34.36,40.0,22,0,SYNTHETIC
34.36,20.0,23,0,SYNTHETIC
38.18,37.0,0,0,SYNTHETIC
38.18,49.0,1,0,SYNTHETIC
38.18,36.0,2,0,SYNTHETIC
38.18,33.0,3,0,SYNTHETIC
38.18,37.0,4,0,SYNTHETIC
38.18,45.0,5,0,SYNTHETIC
38.18,55.0,6,0,SYNTHETIC
38.18,43.0,7,0,SYNTHETIC
38.18,41.0,8,0,SYNTHETIC
38.18,33.0,9,0,SYNTHETIC
38.18,32.0,10,0,SYNTHETIC
38.18,33.0,11,0,SYNTHETIC
38.18,34.0,12,0,SYNTHETIC
38.18,59.0,13,0,SYNTHETIC
38.18,41.0,14,0,SYNTHETIC
38.18,120.0,15,1,SYNTHETIC
38.18,36.0,16,0,SYNTHETIC
38.18,42.0,17,0,SYNTHETIC
38.18,29.0,18,0,SYNTHETIC
38.18,34.0,19,0,SYNTHETIC
38.18,38.0,20,0,SYNTHETIC
38.18,52.0,21,0,SYNTHETIC
38.18,51.0,22,0,SYNTHETIC
38.18,47.0,23,0,SYNTHETIC
12.68,17.0,0,0,SYNTHETIC
12.68,12.0,1,0,SYNTHETIC
12.68,34.0,2,1,SYNTHETIC
12.68,12.0,3,0,SYNTHETIC
12.68,58.0,4,1,SYNTHETIC
12.68,16.0,5,0,SYNTHETIC
12.68,15.0,6,0,SYNTHETIC
12.68,11.0,7,0,SYNTHETIC
12.68,16.0,8,0,SYNTHETIC
12.68,32.0,9,1,SYNTHETIC
12.68,9.0,10,0,SYNTHETIC
12.68,13.0,11,0,SYNTHETIC
12.68,15.0,12,0,SYNTHETIC
12.68,15.0,13,0,SYNTHETIC
12.68,12.0,14,0,SYNTHETIC
12.68,6.0,15,0,SYNTHETIC
12.68,13.0,16,0,SYNTHETIC
12.68,17.0,17,0,SYNTHETIC
12.68,14.0,18,0,SYNTHETIC
12.68,9.0,19,0,SYNTHETIC
12.68,12.0,20,0,SYNTHETIC
12.68,12.0,21,0,SYNTHETIC
12.68,10.0,22,0,SYNTHETIC
12.68,11.0,23,0,SYNTHETIC
10.12,9.0,0,0,SYNTHETIC
10.12,7.0,1,0,SYNTHETIC
10.12,10.0,2,0,SYNTHETIC
10.12,11.0,3,0,SYNTHETIC
10.12,9.0,4,0,SYNTHETIC
10.12,8.0,5,0,SYNTHETIC
10.12,10.0,6,0,SYNTHETIC
10.12,7.0,7,0,SYNTHETIC
10.12,6.0,8,0,SYNTHETIC
10.12,9.0,9,0,SYNTHETIC
10.12,11.0,10,0,SYNTHETIC
10.12,11.0,11,0,SYNTHETIC
10.12,9.0,12,0,SYNTHETIC
10.12,7.0,13,0,SYNTHETIC
10.12,10.0,14,0,SYNTHETIC
10.12,2.0,15,0,SYNTHETIC
10.12,10.0,16,0,SYNTHETIC
10.12,10.0,17,0,SYNTHETIC
10.12,8.0,18,0,SYNTHETIC
10.12,37.0,19,1,SYNTHETIC
10.12,11.0,20,0,SYNTHETIC
10.12,9.0,21,0,SYNTHETIC
10.12,10.0,22,0,SYNTHETIC
10.12,5.0,23,0,SYNTHETIC
19.81,14.0,0,0,SYNTHETIC
19.81,14.0,1,0,SYNTHETIC
19.81,19.0,2,0,SYNTHETIC
19.81,17.0,3,0,SYNTHETIC
19.81,16.0,4,0,SYNTHETIC
19.81,10.0,5,0,SYNTHETIC
19.81,88.0,6,1,SYNTHETIC
19.81,22.0,7,0,SYNTHETIC
19.81,23.0,8,0,SYNTHETIC
19.81,14.0,9,0,SYNTHETIC
19.81,16.0,10,0,SYNTHETIC
19.81,22.0,11,0,SYNTHETIC
19.81,16.0,12,0,SYNTHETIC
19.81,24.0,13,0,SYNTHETIC
19.81,22.0,14,0,SYNTHETIC
19.81,21.0,15,0,SYNTHETIC
19.81,15.0,16,0,SYNTHETIC
19.81,24.0,17,0,SYNTHETIC
19.81,14.0,18,0,SYNTHETIC
19.81,20.0,19,0,SYNTHETIC
19.81,21.0,20,0,SYNTHETIC
19.81,20.0,21,0,SYNTHETIC
19.81,14.0,22,0,SYNTHETIC
19.81,23.0,23,0,SYNTHETIC
31.85,37.0,0,0,SYNTHETIC
31.85,27.0,1,0,SYNTHETIC
31.85,33.0,2,0,SYNTHETIC
31.85,31.0,3,0,SYNTHETIC
31.85,40.0,4,0,SYNTHETIC
31.85,24.0,5,0,SYNTHETIC
31.85,26.0,6,0,SYNTHETIC
31.85,21.0,7,0,SYNTHETIC
31.85,32.0,8,0,SYNTHETIC
31.85,34.0,9,0,SYNTHETIC
31.85,31.0,10,0,SYNTHETIC
31.85,41.0,11,0,SYNTHETIC
31.85,17.0,12,0,SYNTHETIC
31.85,47.0,13,0,SYNTHETIC
31.85,125.0,14,1,SYNTHETIC
31.85,37.0,15,0,SYNTHETIC
31.85,15.0,16,0,SYNTHETIC
31.85,20.0,17,0,SYNTHETIC
31.85,141.0,18,1,SYNTHETIC
31.85,23.0,19,0,SYNTHETIC
31.85,23.0,20,0,SYNTHETIC
31.85,25.0,21,0,SYNTHETIC
31.85,13.0,22,0,SYNTHETIC
31.85,124.0,23,1,SYNTHETIC
13.11,11.0,0,0,SYNTHETIC
13.11,18.0,1,0,SYNTHETIC
13.11,14.0,2,0,SYNTHETIC
13.11,17.0,3,0,SYNTHETIC
13.11,13.0,4,0,SYNTHETIC
13.11,12.0,5,0,SYNTHETIC
13.11,12.0,6,0,SYNTHETIC
13.11,13.0,7,0,SYNTHETIC
13.11,17.0,8,0,SYNTHETIC
13.11,11.0,9,0,SYNTHETIC
13.11,15.0,10,0,SYNTHETIC
13.11,13.0,11,0,SYNTHETIC
13.11,18.0,12,0,SYNTHETIC
13.11,11.0,13,0,SYNTHETIC
13.11,13.0,14,0,SYNTHETIC
13.11,13.0,15,0,SYNTHETIC
13.11,11.0,16,0,SYNTHETIC
13.11,10.0,17,0,SYNTHETIC
13.11,14.0,18,0,SYNTHETIC
13.11,10.0,19,0,SYNTHETIC
13.11,14.0,20,0,SYNTHETIC
13.11,13.0,21,0,SYNTHETIC
13.11,4.0,22,0,SYNTHETIC
13.11,14.0,23,0,SYNTHETIC
15.21,15.0,0,0,SYNTHETIC
15.21,16.0,1,0,SYNTHETIC
15.21,10.0,2,0,SYNTHETIC
15.21,11.0,3,0,SYNTHETIC
15.21,25.0,4,0,SYNTHETIC
15.21,15.0,5,0,SYNTHETIC
15.21,17.0,6,0,SYNTHETIC
15.21,12.0,7,0,SYNTHETIC
15.21,12.0,8,0,SYNTHETIC
15.21,18.0,9,0,SYNTHETIC
15.21,16.0,10,0,SYNTHETIC
15.21,56.0,11,1,SYNTHETIC
15.21,13.0,12,0,SYNTHETIC
15.21,15.0,13,0,SYNTHETIC
15.21,18.0,14,0,SYNTHETIC
15.21,15.0,15,0,SYNTHETIC
15.21,15.0,16,0,SYNTHETIC
15.21,16.0,17,0,SYNTHETIC
15.21,15.0,18,0,SYNTHETIC
15.21,17.0,19,0,SYNTHETIC
15.21,15.0,20,0,SYNTHETIC
15.21,20.0,21,0,SYNTHETIC
15.21,15.0,22,0,SYNTHETIC
15.21,19.0,23,0,SYNTHETIC
29.5,31.0,0,0,SYNTHETIC
29.5,30.0,1,0,SYNTHETIC
29.5,36.0,2,0,SYNTHETIC
29.5,20.0,3,0,SYNTHETIC
29.5,19.0,4,0,SYNTHETIC
29.5,32.0,5,0,SYNTHETIC
29.5,109.0,6,1,SYNTHETIC
29.5,33.0,7,0,SYNTHETIC
29.5,134.0,8,1,SYNTHETIC
29.5,41.0,9,0,SYNTHETIC
29.5,28.0,10,0,SYNTHETIC
29.5,27.0,11,0,SYNTHETIC
29.5,27.0,12,0,SYNTHETIC
29.5,37.0,13,0,SYNTHETIC
29.5,32.0,14,0,SYNTHETIC
29.5,27.0,15,0,SYNTHETIC
29.5,28.0,16,0,SYNTHETIC
29.5,27.0,17,0,SYNTHETIC
29.5,36.0,18,0,SYNTHETIC
29.5,27.0,19,0,SYNTHETIC
29.5,35.0,20,0,SYNTHETIC
29.5,33.0,21,0,SYNTHETIC
29.5,25.0,22,0,SYNTHETIC
29.5,34.0,23,0,SYNTHETIC
39.1,40.0,0,0,SYNTHETIC
39.1,26.0,1,0,SYNTHETIC
39.1,57.0,2,0,SYNTHETIC
39.1,33.0,3,0,SYNTHETIC
39.1,33.0,4,0,SYNTHETIC
39.1,33.0,5,0,SYNTHETIC
39.1,36.0,6,0,SYNTHETIC
39.1,48.0,7,0,SYNTHETIC
39.1,25.0,8,0,SYNTHETIC
39.1,37.0,9,0,SYNTHETIC
39.1,49.0,10,0,SYNTHETIC
39.1,42.0,11,0,SYNTHETIC
39.1,39.0,12,0,SYNTHETIC
39.1,58.0,13,0,SYNTHETIC
39.1,39.0,14,0,SYNTHETIC
39.1,181.0,15,1,SYNTHETIC
39.1,33.0,16,0,SYNTHETIC
39.1,30.0,17,0,SYNTHETIC
39.1,41.0,18,0,SYNTHETIC
39.1,50.0,19,0,SYNTHETIC
39.1,23.0,20,0,SYNTHETIC
39.1,48.0,21,0,SYNTHETIC
39.1,39.0,22,0,SYNTHETIC
39.1,148.0,23,1,SYNTHETIC
36.5,55.0,0,0,SYNTHETIC
36.5,33.0,1,0,SYNTHETIC
36.5,33.0,2,0,SYNTHETIC
36.5,32.0,3,0,SYNTHETIC
36.5,38.0,4,0,SYNTHETIC
36.5,40.0,5,0,SYNTHETIC
36.5,39.0,6,0,SYNTHETIC
36.5,122.0,7,1,SYNTHETIC
36.5,49.0,8,0,SYNTHETIC
36.5,34.0,9,0,SYNTHETIC
36.5,19.0,10,0,SYNTHETIC
36.5,45.0,11,0,SYNTHETIC
36.5,52.0,12,0,SYNTHETIC
36.5,26.0,13,0,SYNTHETIC
36.5,51.0,14,0,SYNTHETIC
36.5,30.0,15,0,SYNTHETIC
36.5,38.0,16,0,SYNTHETIC
36.5,41.0,17,0,SYNTHETIC
36.5,39.0,18,0,SYNTHETIC
36.5,46.0,19,0,SYNTHETIC
36.5,30.0,20,0,SYNTHETIC
36.5,37.0,21,0,SYNTHETIC
36.5,41.0,22,0,SYNTHETIC
36.5,33.0,23,0,SYNTHETIC
12.97,11.0,0,0,SYNTHETIC
12.97,12.0,1,0,SYNTHETIC
12.97,12.0,2,0,SYNTHETIC
12.97,9.0,3,0,SYNTHETIC
12.97,12.0,4,0,SYNTHETIC
12.97,14.0,5,0,SYNTHETIC
12.97,7.0,6,0,SYNTHETIC
12.97,13.0,7,0,SYNTHETIC
12.97,12.0,8,0,SYNTHETIC
12.97,6.0,9,0,SYNTHETIC
12.97,15.0,10,0,SYNTHETIC
12.97,13.0,11,0,SYNTHETIC
12.97,18.0,12,0,SYNTHETIC
12.97,8.0,13,0,SYNTHETIC
12.97,15.0,14,0,SYNTHETIC
12.97,11.0,15,0,SYNTHETIC
12.97,14.0,16,0,SYNTHETIC
12.97,10.0,17,0,SYNTHETIC
12.97,15.0,18,0,SYNTHETIC
12.97,13.0,19,0,SYNTHETIC
12.97,12.0,20,0,SYNTHETIC
12.97,6.0,21,0,SYNTHETIC
12.97,14.0,22,0,SYNTHETIC
12.97,12.0,23,0,SYNTHETIC
20.36,26.0,0,0,SYNTHETIC
20.36,19.0,1,0,SYNTHETIC
20.36,24.0,2,0,SYNTHETIC
20.36,17.0,3,0,SYNTHETIC
20.36,29.0,4,0,SYNTHETIC
20.36,20.0,5,0,SYNTHETIC
20.36,23.0,6,0,SYNTHETIC
20.36,23.0,7,0,SYNTHETIC
20.36,27.0,8,0,SYNTHETIC
20.36,18.0,9,0,SYNTHETIC
20.36,91.0,10,1,SYNTHETIC
20.36,14.0,11,0,SYNTHETIC
20.36,20.0,12,0,SYNTHETIC
20.36,30.0,13,0,SYNTHETIC
20.36,23.0,14,0,SYNTHETIC
20.36,25.0,15,0,SYNTHETIC
20.36,22.0,16,0,SYNTHETIC
20.36,23.0,17,0,SYNTHETIC
20.36,28.0,18,0,SYNTHETIC
20.36,25.0,19,0,SYNTHETIC
20.36,26.0,20,0,SYNTHETIC
20.36,20.0,21,0,SYNTHETIC
20.36,27.0,22,0,SYNTHETIC
20.36,12.0,23,0,SYNTHETIC
23.92,21.0,0,0,SYNTHETIC
23.92,26.0,1,0,SYNTHETIC
23.92,15.0,2,0,SYNTHETIC
23.92,27.0,3,0,SYNTHETIC
23.92,30.0,4,0,SYNTHETIC
23.92,22.0,5,0,SYNTHETIC
23.92,24.0,6,0,SYNTHETIC
23.92,25.0,7,0,SYNTHETIC
23.92,21.0,8,0,SYNTHETIC
23.92,18.0,9,0,SYNTHETIC
23.92,29.0,10,0,SYNTHETIC
23.92,20.0,11,0,SYNTHETIC
23.92,19.0,12,0,SYNTHETIC
23.92,20.0,13,0,SYNTHETIC
23.92,19.0,14,0,SYNTHETIC
23.92,22.0,15,0,SYNTHETIC
23.92,30.0,16,0,SYNTHETIC
23.92,18.0,17,0,SYNTHETIC
23.92,32.0,18,0,SYNTHETIC
23.92,22.0,19,0,SYNTHETIC
23.92,18.0,20,0,SYNTHETIC
23.92,22.0,21,0,SYNTHETIC
23.92,25.0,22,0,SYNTHETIC
23.92,26.0,23,0,SYNTHETIC
12.1,6.0,0,0,SYNTHETIC
12.1,14.0,1,0,SYNTHETIC
12.1,13.0,2,0,SYNTHETIC
12.1,10.0,3,0,SYNTHETIC
12.1,10.0,4,0,SYNTHETIC
12.1,14.0,5,0,SYNTHETIC
12.1,14.0,6,0,SYNTHETIC
12.1,15.0,7,0,SYNTHETIC
12.1,14.0,8,0,SYNTHETIC
12.1,16.0,9,0,SYNTHETIC
12.1,4.0,10,0,SYNTHETIC
12.1,16.0,11,0,SYNTHETIC
12.1,11.0,12,0,SYNTHETIC
12.1,10.0,13,0,SYNTHETIC
12.1,9.0,14,0,SYNTHETIC
12.1,13.0,15,0,SYNTHETIC
12.1,7.0,16,0,SYNTHETIC
12.1,10.0,17,0,SYNTHETIC
12.1,55.0,18,1,SYNTHETIC
12.1,11.0,19,0,SYNTHETIC
12.1,13.0,20,0,SYNTHETIC
12.1,10.0,21,0,SYNTHETIC
12.1,15.0,22,0,SYNTHETIC
12.1,18.0,23,0,SYNTHETIC
34.11,34.0,0,0,SYNTHETIC
34.11,32.0,1,0,SYNTHETIC
34.11,25.0,2,0,SYNTHETIC
34.11,43.0,3,0,SYNTHETIC
34.11,45.0,4,0,SYNTHETIC
34.11,33.0,5,0,SYNTHETIC
34.11,30.0,6,0,SYNTHETIC
34.11,24.0,7,0,SYNTHETIC
34.11,39.0,8,0,SYNTHETIC
34.11,39.0,9,0,SYNTHETIC
34.11,27.0,10,0,SYNTHETIC
34.11,25.0,11,0,SYNTHETIC
34.11,33.0,12,0,SYNTHETIC
34.11,24.0,13,0,SYNTHETIC
34.11,28.0,14,0,SYNTHETIC
34.11,43.0,15,0,SYNTHETIC
34.11,33.0,16,0,SYNTHETIC
34.11,35.0,17,0,SYNTHETIC
34.11,38.0,18,0,SYNTHETIC
34.11,29.0,19,0,SYNTHETIC
34.11,31.0,20,0,SYNTHETIC
34.11,46.0,21,0,SYNTHETIC
34.11,35.0,22,0,SYNTHETIC
34.11,27.0,23,0,SYNTHETIC
37.26,33.0,0,0,SYNTHETIC
37.26,39.0,1,0,SYNTHETIC
37.26,29.0,2,0,SYNTHETIC
37.26,27.0,3,0,SYNTHETIC
37.26,20.0,4,0,SYNTHETIC
37.26,38.0,5,0,SYNTHETIC
37.26,32.0,6,0,SYNTHETIC
37.26,40.0,7,0,SYNTHETIC
37.26,40.0,8,0,SYNTHETIC
37.26,43.0,9,0,SYNTHETIC
37.26,23.0,10,0,SYNTHETIC
37.26,33.0,11,0,SYNTHETIC
37.26,26.0,12,0,SYNTHETIC
37.26,55.0,13,0,SYNTHETIC
37.26,50.0,14,0,SYNTHETIC
37.26,46.0,15,0,SYNTHETIC
37.26,24.0,16,0,SYNTHETIC
37.26,31.0,17,0,SYNTHETIC
37.26,41.0,18,0,SYNTHETIC
37.26,35.0,19,0,SYNTHETIC
37.26,48.0,20,0,SYNTHETIC
37.26,38.0,21,0,SYNTHETIC
37.26,39.0,22,0,SYNTHETIC
37.26,33.0,23,0,SYNTHETIC
26.9,36.0,0,0,SYNTHETIC
26.9,22.0,1,0,SYNTHETIC
26.9,129.0,2,1,SYNTHETIC
26.9,24.0,3,0,SYNTHETIC
26.9,17.0,4,0,SYNTHETIC
26.9,12.0,5,0,SYNTHETIC
26.9,36.0,6,0,SYNTHETIC
26.9,67.0,7,1,SYNTHETIC
26.9,29.0,8,0,SYNTHETIC
26.9,30.0,9,0,SYNTHETIC
26.9,23.0,10,0,SYNTHETIC
26.9,38.0,11,0,SYNTHETIC
26.9,15.0,12,0,SYNTHETIC
26.9,27.0,13,0,SYNTHETIC
26.9,31.0,14,0,SYNTHETIC
26.9,9.0,15,0,SYNTHETIC
26.9,24.0,16,0,SYNTHETIC
26.9,36.0,17,0,SYNTHETIC
26.9,36.0,18,0,SYNTHETIC
26.9,30.0,19,0,SYNTHETIC
26.9,25.0,20,0,SYNTHETIC
26.9,29.0,21,0,SYNTHETIC
26.9,69.0,22,1,SYNTHETIC
26.9,23.0,23,0,SYNTHETIC
31.92,30.0,0,0,SYNTHETIC
31.92,28.0,1,0,SYNTHETIC
31.92,32.0,2,0,SYNTHETIC
31.92,30.0,3,0,SYNTHETIC
31.92,38.0,4,0,SYNTHETIC
31.92,40.0,5,0,SYNTHETIC
31.92,39.0,6,0,SYNTHETIC
31.92,39.0,7,0,SYNTHETIC
31.92,28.0,8,0,SYNTHETIC
31.92,37.0,9,0,SYNTHETIC
31.92,30.0,10,0,SYNTHETIC
31.92,42.0,11,0,SYNTHETIC
31.92,38.0,12,0,SYNTHETIC
31.92,22.0,13,0,SYNTHETIC
31.92,35.0,14,0,SYNTHETIC
31.92,46.0,15,0,SYNTHETIC
31.92,36.0,16,0,SYNTHETIC
31.92,29.0,17,0,SYNTHETIC
31.92,41.0,18,0,SYNTHETIC
31.92,37.0,19,0,SYNTHETIC
31.92,38.0,20,0,SYNTHETIC
31.92,114.0,21,1,SYNTHETIC
31.92,28.0,22,0,SYNTHETIC
31.92,38.0,23,0,SYNTHETIC
12.43,8.0,0,0,SYNTHETIC
12.43,13.0,1,0,SYNTHETIC
12.43,9.0,2,0,SYNTHETIC
12.43,16.0,3,0,SYNTHETIC
12.43,15.0,4,0,SYNTHETIC
12.43,11.0,5,0,SYNTHETIC
12.43,14.0,6,0,SYNTHETIC
12.43,11.0,7,0,SYNTHETIC
12.43,15.0,8,0,SYNTHETIC
12.43,14.0,9,0,SYNTHETIC
12.43,15.0,10,0,SYNTHETIC
12.43,15.0,11,0,SYNTHETIC
12.43,11.0,12,0,SYNTHETIC
12.43,8.0,13,0,SYNTHETIC
12.43,12.0,14,0,SYNTHETIC
12.43,7.0,15,0,SYNTHETIC
12.43,12.0,16,0,SYNTHETIC
12.43,8.0,17,0,SYNTHETIC
12.43,18.0,18,0,SYNTHETIC
12.43,1.0,19,0,SYNTHETIC
12.43,11.0,20,0,SYNTHETIC
12.43,11.0,21,0,SYNTHETIC
12.43,14.0,22,0,SYNTHETIC
12.43,11.0,23,0,SYNTHETIC
12.89,9.0,0,0,SYNTHETIC
12.89,11.0,1,0,SYNTHETIC
12.89,14.0,2,0,SYNTHETIC
12.89,5.0,3,0,SYNTHETIC
12.89,18.0,4,0,SYNTHETIC
12.89,14.0,5,0,SYNTHETIC
12.89,6.0,6,0,SYNTHETIC
12.89,6.0,7,0,SYNTHETIC
12.89,12.0,8,0,SYNTHETIC
12.89,10.0,9,0,SYNTHETIC
12.89,7.0,10,0,SYNTHETIC
12.89,16.0,11,0,SYNTHETIC
12.89,9.0,12,0,SYNTHETIC
12.89,11.0,13,0,SYNTHETIC
12.89,9.0,14,0,SYNTHETIC
12.89,11.0,15,0,SYNTHETIC
12.89,11.0,16,0,SYNTHETIC
12.89,12.0,17,0,SYNTHETIC
12.89,13.0,18,0,SYNTHETIC
12.89,14.0,19,0,SYNTHETIC
12.89,13.0,20,0,SYNTHETIC
12.89,7.0,21,0,SYNTHETIC
12.89,9.0,22,0,SYNTHETIC
12.89,17.0,23,0,SYNTHETIC
17.69,19.0,0,0,SYNTHETIC
17.69,14.0,1,0,SYNTHETIC
17.69,15.0,2,0,SYNTHETIC
17.69,24.0,3,0,SYNTHETIC
17.69,14.0,4,0,SYNTHETIC
17.69,12.0,5,0,SYNTHETIC
17.69,21.0,6,0,SYNTHETIC
17.69,18.0,7,0,SYNTHETIC
17.69,22.0,8,0,SYNTHETIC
17.69,15.0,9,0,SYNTHETIC
17.69,15.0,10,0,SYNTHETIC
17.69,23.0,11,0,SYNTHETIC
17.69,17.0,12,0,SYNTHETIC
17.69,14.0,13,0,SYNTHETIC
17.69,27.0,14,0,SYNTHETIC
17.69,17.0,15,0,SYNTHETIC
17.69,16.0,16,0,SYNTHETIC
17.69,17.0,17,0,SYNTHETIC
17.69,46.0,18,1,SYNTHETIC
17.69,19.0,19,0,SYNTHETIC
17.69,86.0,20,1,SYNTHETIC
17.69,21.0,21,0,SYNTHETIC
17.69,22.0,22,0,SYNTHETIC
17.69,49.0,23,1,SYNTHETIC
22.11,29.0,0,0,SYNTHETIC
22.11,24.0,1,0,SYNTHETIC
22.11,23.0,2,0,SYNTHETIC
22.11,22.0,3,0,SYNTHETIC
22.11,29.0,4,0,SYNTHETIC
22.11,18.0,5,0,SYNTHETIC
22.11,14.0,6,0,SYNTHETIC
22.11,24.0,7,0,SYNTHETIC
22.11,63.0,8,1,SYNTHETIC
22.11,21.0,9,0,SYNTHETIC
22.11,23.0,10,0,SYNTHETIC
22.11,18.0,11,0,SYNTHETIC
22.11,30.0,12,0,SYNTHETIC
22.11,14.0,13,0,SYNTHETIC
22.11,26.0,14,0,SYNTHETIC
22.11,98.0,15,1,SYNTHETIC
22.11,21.0,16,0,SYNTHETIC
22.11,14.0,17,0,SYNTHETIC
22.11,17.0,18,0,SYNTHETIC
22.11,15.0,19,0,SYNTHETIC
22.11,20.0,20,0,SYNTHETIC
22.11,22.0,21,0,SYNTHETIC
22.11,17.0,22,0,SYNTHETIC
22.11,27.0,23,0,SYNTHETIC
36.5,38.0,0,0,SYNTHETIC
36.5,25.0,1,0,SYNTHETIC
36.5,37.0,2,0,SYNTHETIC
36.5,23.0,3,0,SYNTHETIC
36.5,20.0,4,0,SYNTHETIC
36.5,39.0,5,0,SYNTHETIC
36.5,41.0,6,0,SYNTHETIC
36.5,31.0,7,0,SYNTHETIC
36.5,29.0,8,0,SYNTHETIC
36.5,50.0,9,0,SYNTHETIC
36.5,31.0,10,0,SYNTHETIC
36.5,24.0,11,0,SYNTHETIC
36.5,31.0,12,0,SYNTHETIC
36.5,31.0,13,0,SYNTHETIC
36.5,24.0,14,0,SYNTHETIC
36.5,53.0,15,0,SYNTHETIC
36.5,32.0,16,0,SYNTHETIC
36.5,104.0,17,1,SYNTHETIC
36.5,37.0,18,0,SYNTHETIC
36.5,26.0,19,0,SYNTHETIC
36.5,30.0,20,0,SYNTHETIC
36.5,49.0,21,0,SYNTHETIC
36.5,174.0,22,1,SYNTHETIC
36.5,34.0,23,0,SYNTHETIC
29.71,43.0,0,0,SYNTHETIC
29.71,19.0,1,0,SYNTHETIC
29.71,29.0,2,0,SYNTHETIC
29.71,30.0,3,0,SYNTHETIC
29.71,29.0,4,0,SYNTHETIC
29.71,26.0,5,0,SYNTHETIC
29.71,26.0,6,0,SYNTHETIC
29.71,22.0,7,0,SYNTHETIC
29.71,35.0,8,0,SYNTHETIC
29.71,30.0,9,0,SYNTHETIC
29.71,33.0,10,0,SYNTHETIC
29.71,34.0,11,0,SYNTHETIC
29.71,30.0,12,0,SYNTHETIC
29.71,26.0,13,0,SYNTHETIC
29.71,27.0,14,0,SYNTHETIC
29.71,33.0,15,0,SYNTHETIC
29.71,20.0,16,0,SYNTHETIC
29.71,36.0,17,0,SYNTHETIC
29.71,17.0,18,0,SYNTHETIC
29.71,39.0,19,0,SYNTHETIC
29.71,22.0,20,0,SYNTHETIC
29.71,28.0,21,0,SYNTHETIC
29.71,25.0,22,0,SYNTHETIC
29.71,18.0,23,0,SYNTHETIC
17.96,20.0,0,0,SYNTHETIC
17.96,18.0,1,0,SYNTHETIC
17.96,24.0,2,0,SYNTHETIC
17.96,29.0,3,0,SYNTHETIC
17.96,19.0,4,0,SYNTHETIC
17.96,19.0,5,0,SYNTHETIC
17.96,20.0,6,0,SYNTHETIC
17.96,23.0,7,0,SYNTHETIC
17.96,18.0,8,0,SYNTHETIC
17.96,28.0,9,0,SYNTHETIC
17.96,64.0,10,1,SYNTHETIC
17.96,25.0,11,0,SYNTHETIC
17.96,21.0,12,0,SYNTHETIC
17.96,76.0,13,1,SYNTHETIC
17.96,16.0,14,0,SYNTHETIC
17.96,13.0,15,0,SYNTHETIC
17.96,25.0,16,0,SYNTHETIC
17.96,23.0,17,0,SYNTHETIC
17.96,26.0,18,0,SYNTHETIC
17.96,15.0,19,0,SYNTHETIC
17.96,14.0,20,0,SYNTHETIC
17.96,17.0,21,0,SYNTHETIC
17.96,12.0,22,0,SYNTHETIC
17.96,28.0,23,0,SYNTHETIC
39.49,37.0,0,0,SYNTHETIC
39.49,26.0,1,0,SYNTHETIC
39.49,41.0,2,0,SYNTHETIC
39.49,47.0,3,0,SYNTHETIC
39.49,35.0,4,0,SYNTHETIC
39.49,44.0,5,0,SYNTHETIC
39.49,37.0,6,0,SYNTHETIC
39.49,49.0,7,0,SYNTHETIC
39.49,24.0,8,0,SYNTHETIC
39.49,33.0,9,0,SYNTHETIC
39.49,111.0,10,1,SYNTHETIC
39.49,42.0,11,0,SYNTHETIC
39.49,38.0,12,0,SYNTHETIC
39.49,57.0,13,0,SYNTHETIC
39.49,27.0,14,0,SYNTHETIC
39.49,32.0,15,0,SYNTHETIC
39.49,145.0,16,1,SYNTHETIC
39.49,32.0,17,0,SYNTHETIC
39.49,32.0,18,0,SYNTHETIC
39.49,23.0,19,0,SYNTHETIC
39.49,38.0,20,0,SYNTHETIC
39.49,46.0,21,0,SYNTHETIC
39.49,46.0,22,0,SYNTHETIC
39.49,43.0,23,0,SYNTHETIC
30.74,21.0,0,0,SYNTHETIC
30.74,13.0,1,0,SYNTHETIC
30.74,39.0,2,0,SYNTHETIC
30.74,36.0,3,0,SYNTHETIC
30.74,40.0,4,0,SYNTHETIC
30.74,37.0,5,0,SYNTHETIC
30.74,23.0,6,0,SYNTHETIC
30.74,20.0,7,0,SYNTHETIC
30.74,18.0,8,0,SYNTHETIC
30.74,34.0,9,0,SYNTHETIC
30.74,36.0,10,0,SYNTHETIC
30.74,32.0,11,0,SYNTHETIC
30.74,25.0,12,0,SYNTHETIC
30.74,39.0,13,0,SYNTHETIC
30.74,30.0,14,0,SYNTHETIC
30.74,32.0,15,0,SYNTHETIC
30.74,29.0,16,0,SYNTHETIC
30.74,43.0,17,0,SYNTHETIC
30.74,30.0,18,0,SYNTHETIC
30.74,30.0,19,0,SYNTHETIC
30.74,21.0,20,0,SYNTHETIC
30.74,25.0,21,0,SYNTHETIC
30.74,39.0,22,0,SYNTHETIC
30.74,30.0,23,0,SYNTHETIC
26.45,28.0,0,0,SYNTHETIC
26.45,29.0,1,0,SYNTHETIC
26.45,27.0,2,0,SYNTHETIC
26.45,29.0,3,0,SYNTHETIC
26.45,15.0,4,0,SYNTHETIC
26.45,15.0,5,0,SYNTHETIC
26.45,16.0,6,0,SYNTHETIC
26.45,36.0,7,0,SYNTHETIC
26.45,34.0,8,0,SYNTHETIC
26.45,19.0,9,0,SYNTHETIC
26.45,112.0,10,1,SYNTHETIC
26.45,32.0,11,0,SYNTHETIC
26.45,26.0,12,0,SYNTHETIC
26.45,12.0,13,0,SYNTHETIC
26.45,21.0,14,0,SYNTHETIC
26.45,24.0,15,0,SYNTHETIC
26.45,21.0,16,0,SYNTHETIC
26.45,23.0,17,0,SYNTHETIC
26.45,24.0,18,0,SYNTHETIC
26.45,31.0,19,0,SYNTHETIC
26.45,30.0,20,0,SYNTHETIC
26.45,27.0,21,0,SYNTHETIC
26.45,24.0,22,0,SYNTHETIC
26.45,30.0,23,0,SYNTHETIC
28.82,20.0,0,0,SYNTHETIC
28.82,84.0,1,1,SYNTHETIC
28.82,35.0,2,0,SYNTHETIC
28.82,136.0,3,1,SYNTHETIC
28.82,27.0,4,0,SYNTHETIC
28.82,23.0,5,0,SYNTHETIC
28.82,18.0,6,0,SYNTHETIC
28.82,40.0,7,0,SYNTHETIC
28.82,35.0,8,0,SYNTHETIC
28.82,28.0,9,0,SYNTHETIC
28.82,26.0,10,0,SYNTHETIC
28.82,32.0,11,0,SYNTHETIC
28.82,24.0,12,0,SYNTHETIC
28.82,19.0,13,0,SYNTHETIC
28.82,41.0,14,0,SYNTHETIC
28.82,24.0,15,0,SYNTHETIC
28.82,22.0,16,0,SYNTHETIC
28.82,29.0,17,0,SYNTHETIC
28.82,27.0,18,0,SYNTHETIC
28.82,21.0,19,0,SYNTHETIC
28.82,34.0,20,0,SYNTHETIC
28.82,41.0,21,0,SYNTHETIC
28.82,82.0,22,1,SYNTHETIC
28.82,24.0,23,0,SYNTHETIC
26.12,37.0,0,0,SYNTHETIC
26.12,20.0,1,0,SYNTHETIC
26.12,32.0,2,0,SYNTHETIC
26.12,29.0,3,0,SYNTHETIC
26.12,71.0,4,1,SYNTHETIC
26.12,33.0,5,0,SYNTHETIC
26.12,33.0,6,0,SYNTHETIC
26.12,29.0,7,0,SYNTHETIC
26.12,18.0,8,0,SYNTHETIC
26.12,33.0,9,0,SYNTHETIC
26.12,17.0,10,0,SYNTHETIC
26.12,26.0,11,0,SYNTHETIC
26.12,17.0,12,0,SYNTHETIC
26.12,29.0,13,0,SYNTHETIC
26.12,25.0,14,0,SYNTHETIC
26.12,120.0,15,1,SYNTHETIC
26.12,28.0,16,0,SYNTHETIC
26.12,26.0,17,0,SYNTHETIC
26.12,23.0,18,0,SYNTHETIC
26.12,27.0,19,0,SYNTHETIC
26.12,21.0,20,0,SYNTHETIC
26.12,24.0,21,0,SYNTHETIC
26.12,23.0,22,0,SYNTHETIC
26.12,20.0,23,0,SYNTHETIC
36.65,40.0,0,0,SYNTHETIC
36.65,31.0,1,0,SYNTHETIC
36.65,46.0,2,0,SYNTHETIC
36.65,54.0,3,0,SYNTHETIC
36.65,117.0,4,1,SYNTHETIC
36.65,31.0,5,0,SYNTHETIC
36.65,39.0,6,0,SYNTHETIC
36.65,39.0,7,0,SYNTHETIC
36.65,29.0,8,0,SYNTHETIC
36.65,39.0,9,0,SYNTHETIC
36.65,41.0,10,0,SYNTHETIC
36.65,20.0,11,0,SYNTHETIC
36.65,31.0,12,0,SYNTHETIC
36.65,33.0,13,0,SYNTHETIC
36.65,34.0,14,0,SYNTHETIC
36.65,39.0,15,0,SYNTHETIC
36.65,26.0,16,0,SYNTHETIC
36.65,32.0,17,0,SYNTHETIC
36.65,39.0,18,0,SYNTHETIC
36.65,40.0,19,0,SYNTHETIC
36.65,44.0,20,0,SYNTHETIC
36.65,41.0,21,0,SYNTHETIC
36.65,37.0,22,0,SYNTHETIC
36.65,33.0,23,0,SYNTHETIC
28.66,46.0,0,0,SYNTHETIC
28.66,22.0,1,0,SYNTHETIC
28.66,126.0,2,1,SYNTHETIC
28.66,37.0,3,0,SYNTHETIC
28.66,31.0,4,0,SYNTHETIC
28.66,22.0,5,0,SYNTHETIC
28.66,37.0,6,0,SYNTHETIC
28.66,21.0,7,0,SYNTHETIC
28.66,22.0,8,0,SYNTHETIC
28.66,33.0,9,0,SYNTHETIC
28.66,40.0,10,0,SYNTHETIC
28.66,24.0,11,0,SYNTHETIC
28.66,24.0,12,0,SYNTHETIC
28.66,25.0,13,0,SYNTHETIC
28.66,37.0,14,0,SYNTHETIC
28.66,33.0,15,0,SYNTHETIC
28.66,21.0,16,0,SYNTHETIC
28.66,18.0,17,0,SYNTHETIC
28.66,18.0,18,0,SYNTHETIC
28.66,28.0,19,0,SYNTHETIC
28.66,38.0,20,0,SYNTHETIC
28.66,35.0,21,0,SYNTHETIC
28.66,36.0,22,0,SYNTHETIC
28.66,29.0,23,0,SYNTHETIC
17.0,13.0,0,0,SYNTHETIC
17.0,18.0,1,0,SYNTHETIC
17.0,19.0,2,0,SYNTHETIC
17.0,23.0,3,0,SYNTHETIC
17.0,15.0,4,0,SYNTHETIC
17.0,17.0,5,0,SYNTHETIC
17.0,13.0,6,0,SYNTHETIC
17.0,21.0,7,0,SYNTHETIC
17.0,13.0,8,0,SYNTHETIC
17.0,19.0,9,0,SYNTHETIC
17.0,18.0,10,0,SYNTHETIC
17.0,20.0,11,0,SYNTHETIC
17.0,11.0,12,0,SYNTHETIC
17.0,23.0,13,0,SYNTHETIC
17.0,20.0,14,0,SYNTHETIC
17.0,73.0,15,1,SYNTHETIC
17.0,17.0,16,0,SYNTHETIC
17.0,16.0,17,0,SYNTHETIC
17.0,19.0,18,0,SYNTHETIC
17.0,19.0,19,0,SYNTHETIC
17.0,14.0,20,0,SYNTHETIC
17.0,18.0,21,0,SYNTHETIC
17.0,17.0,22,0,SYNTHETIC
17.0,22.0,23,0,SYNTHETIC
25.86,25.0,0,0,SYNTHETIC
25.86,25.0,1,0,SYNTHETIC
25.86,30.0,2,0,SYNTHETIC
25.86,24.0,3,0,SYNTHETIC
25.86,26.0,4,0,SYNTHETIC
25.86,15.0,5,0,SYNTHETIC
25.86,31.0,6,0,SYNTHETIC
25.86,24.0,7,0,SYNTHETIC
25.86,94.0,8,1,SYNTHETIC
25.86,29.0,9,0,SYNTHETIC
25.86,24.0,10,0,SYNTHETIC
25.86,27.0,11,0,SYNTHETIC
25.86,30.0,12,0,SYNTHETIC
25.86,27.0,13,0,SYNTHETIC
25.86,72.0,14,1,SYNTHETIC
25.86,26.0,15,0,SYNTHETIC
25.86,23.0,16,0,SYNTHETIC
25.86,27.0,17,0,SYNTHETIC
25.86,35.0,18,0,SYNTHETIC
25.86,26.0,19,0,SYNTHETIC
25.86,28.0,20,0,SYNTHETIC
25.86,23.0,21,0,SYNTHETIC
25.86,25.0,22,0,SYNTHETIC
25.86,31.0,23,0,SYNTHETIC
25.03,34.0,0,0,SYNTHETIC
25.03,14.0,1,0,SYNTHETIC
25.03,33.0,2,0,SYNTHETIC
25.03,19.0,3,0,SYNTHETIC
25.03,25.0,4,0,SYNTHETIC
25.03,28.0,5,0,SYNTHETIC
25.03,26.0,6,0,SYNTHETIC
25.03,20.0,7,0,SYNTHETIC
25.03,24.0,8,0,SYNTHETIC
25.03,31.0,9,0,SYNTHETIC
25.03,26.0,10,0,SYNTHETIC
25.03,26.0,11,0,SYNTHETIC
25.03,25.0,12,0,SYNTHETIC
25.03,23.0,13,0,SYNTHETIC
25.03,21.0,14,0,SYNTHETIC
25.03,35.0,15,0,SYNTHETIC
25.03,30.0,16,0,SYNTHETIC
25.03,25.0,17,0,SYNTHETIC
25.03,25.0,18,0,SYNTHETIC
25.03,26.0,19,0,SYNTHETIC
25.03,22.0,20,0,SYNTHETIC
25.03,31.0,21,0,SYNTHETIC
25.03,36.0,22,0,SYNTHETIC
25.03,17.0,23,0,SYNTHETIC
16.93,10.0,0,0,SYNTHETIC
16.93,18.0,1,0,SYNTHETIC
16.93,18.0,2,0,SYNTHETIC
16.93,12.0,3,0,SYNTHETIC
16.93,19.0,4,0,SYNTHETIC
16.93,18.0,5,0,SYNTHETIC
16.93,54.0,6,1,SYNTHETIC
16.93,15.0,7,0,SYNTHETIC
16.93,16.0,8,0,SYNTHETIC
16.93,9.0,9,0,SYNTHETIC
16.93,21.0,10,0,SYNTHETIC
16.93,19.0,11,0,SYNTHETIC
16.93,13.0,12,0,SYNTHETIC
16.93,18.0,13,0,SYNTHETIC
16.93,16.0,14,0,SYNTHETIC
16.93,15.0,15,0,SYNTHETIC
16.93,14.0,16,0,SYNTHETIC
16.93,8.0,17,0,SYNTHETIC
16.93,13.0,18,0,SYNTHETIC
16.93,17.0,19,0,SYNTHETIC
16.93,7.0,20,0,SYNTHETIC
16.93,26.0,21,0,SYNTHETIC
16.93,11.0,22,0,SYNTHETIC
16.93,15.0,23,0,SYNTHETIC
39.81,56.0,0,0,SYNTHETIC
39.81,45.0,1,0,SYNTHETIC
39.81,27.0,2,0,SYNTHETIC
39.81,41.0,3,0,SYNTHETIC
39.81,38.0,4,0,SYNTHETIC
39.81,29.0,5,0,SYNTHETIC
39.81,46.0,6,0,SYNTHETIC
39.81,31.0,7,0,SYNTHETIC
39.81,52.0,8,0,SYNTHETIC
39.81,43.0,9,0,SYNTHETIC
39.81,38.0,10,0,SYNTHETIC
39.81,60.0,11,0,SYNTHETIC
39.81,37.0,12,0,SYNTHETIC
39.81,49.0,13,0,SYNTHETIC
39.81,157.0,14,1,SYNTHETIC
39.81,48.0,15,0,SYNTHETIC
39.81,38.0,16,0,SYNTHETIC
39.81,40.0,17,0,SYNTHETIC
39.81,102.0,18,1,SYNTHETIC
39.81,52.0,19,0,SYNTHETIC
39.81,33.0,20,0,SYNTHETIC
39.81,50.0,21,0,SYNTHETIC
39.81,48.0,22,0,SYNTHETIC
39.81,51.0,23,0,SYNTHETIC
37.49,54.0,0,0,SYNTHETIC
37.49,50.0,1,0,SYNTHETIC
37.49,45.0,2,0,SYNTHETIC
37.49,46.0,3,0,SYNTHETIC
37.49,31.0,4,0,SYNTHETIC
37.49,37.0,5,0,SYNTHETIC
37.49,95.0,6,1,SYNTHETIC
37.49,50.0,7,0,SYNTHETIC
37.49,43.0,8,0,SYNTHETIC
37.49,47.0,9,0,SYNTHETIC
37.49,31.0,10,0,SYNTHETIC
37.49,39.0,11,0,SYNTHETIC
37.49,53.0,12,0,SYNTHETIC
37.49,42.0,13,0,SYNTHETIC
37.49,30.0,14,0,SYNTHETIC
37.49,34.0,15,0,SYNTHETIC
37.49,40.0,16,0,SYNTHETIC
37.49,26.0,17,0,SYNTHETIC
37.49,35.0,18,0,SYNTHETIC
37.49,14.0,19,0,SYNTHETIC
37.49,33.0,20,0,SYNTHETIC
37.49,35.0,21,0,SYNTHETIC
37.49,59.0,22,0,SYNTHETIC
37.49,38.0,23,0,SYNTHETIC
36.91,38.0,0,0,SYNTHETIC
36.91,35.0,1,0,SYNTHETIC
36.91,34.0,2,0,SYNTHETIC
36.91,43.0,3,0,SYNTHETIC
36.91,35.0,4,0,SYNTHETIC
36.91,37.0,5,0,SYNTHETIC
36.91,134.0,6,1,SYNTHETIC
36.91,39.0,7,0,SYNTHETIC
36.91,31.0,8,0,SYNTHETIC
36.91,36.0,9,0,SYNTHETIC
36.91,36.0,10,0,SYNTHETIC
36.91,40.0,11,0,SYNTHETIC
36.91,29.0,12,0,SYNTHETIC
36.91,47.0,13,0,SYNTHETIC
36.91,35.0,14,0,SYNTHETIC
36.91,29.0,15,0,SYNTHETIC
36.91,55.0,16,0,SYNTHETIC
36.91,41.0,17,0,SYNTHETIC
36.91,108.0,18,1,SYNTHETIC
36.91,36.0,19,0,SYNTHETIC
36.91,41.0,20,0,SYNTHETIC
36.91,31.0,21,0,SYNTHETIC
36.91,34.0,22,0,SYNTHETIC
36.91,30.0,23,0,SYNTHETIC
33.61,26.0,0,0,SYNTHETIC
33.61,37.0,1,0,SYNTHETIC
33.61,44.0,2,0,SYNTHETIC
33.61,43.0,3,0,SYNTHETIC
33.61,32.0,4,0,SYNTHETIC
33.61,40.0,5,0,SYNTHETIC
33.61,35.0,6,0,SYNTHETIC
33.61,47.0,7,0,SYNTHETIC
33.61,38.0,8,0,SYNTHETIC
33.61,33.0,9,0,SYNTHETIC
33.61,41.0,10,0,SYNTHETIC
33.61,30.0,11,0,SYNTHETIC
33.61,23.0,12,0,SYNTHETIC
33.61,33.0,13,0,SYNTHETIC
33.61,27.0,14,0,SYNTHETIC
33.61,20.0,15,0,SYNTHETIC
33.61,37.0,16,0,SYNTHETIC
33.61,51.0,17,0,SYNTHETIC
33.61,23.0,18,0,SYNTHETIC
33.61,42.0,19,0,SYNTHETIC
33.61,41.0,20,0,SYNTHETIC
33.61,38.0,21,0,SYNTHETIC
33.61,24.0,22,0,SYNTHETIC
33.61,45.0,23,0,SYNTHETIC
11.65,8.0,0,0,SYNTHETIC
11.65,12.0,1,0,SYNTHETIC
11.65,6.0,2,0,SYNTHETIC
11.65,5.0,3,0,SYNTHETIC
11.65,13.0,4,0,SYNTHETIC
11.65,6.0,5,0,SYNTHETIC
11.65,14.0,6,0,SYNTHETIC
11.65,13.0,7,0,SYNTHETIC
11.65,9.0,8,0,SYNTHETIC
11.65,18.0,9,0,SYNTHETIC
11.65,11.0,10,0,SYNTHETIC
11.65,44.0,11,1,SYNTHETIC
11.65,8.0,12,0,SYNTHETIC
11.65,13.0,13,0,SYNTHETIC
11.65,13.0,14,0,SYNTHETIC
11.65,13.0,15,0,SYNTHETIC
11.65,10.0,16,0,SYNTHETIC
11.65,10.0,17,0,SYNTHETIC
11.65,12.0,18,0,SYNTHETIC
11.65,12.0,19,0,SYNTHETIC
11.65,11.0,20,0,SYNTHETIC
11.65,10.0,21,0,SYNTHETIC
11.65,8.0,22,0,SYNTHETIC
11.65,10.0,23,0,SYNTHETIC
23.4,26.0,0,0,SYNTHETIC
23.4,32.0,1,0,SYNTHETIC
23.4,19.0,2,0,SYNTHETIC
23.4,17.0,3,0,SYNTHETIC
23.4,25.0,4,0,SYNTHETIC
23.4,17.0,5,0,SYNTHETIC
23.4,21.0,6,0,SYNTHETIC
23.4,32.0,7,0,SYNTHETIC
23.4,22.0,8,0,SYNTHETIC
23.4,7.0,9,0,SYNTHETIC
23.4,25.0,10,0,SYNTHETIC
23.4,16.0,11,0,SYNTHETIC
23.4,26.0,12,0,SYNTHETIC
23.4,35.0,13,0,SYNTHETIC
23.4,25.0,14,0,SYNTHETIC
23.4,28.0,15,0,SYNTHETIC
23.4,31.0,16,0,SYNTHETIC
23.4,81.0,17,1,SYNTHETIC
23.4,28.0,18,0,SYNTHETIC
23.4,20.0,19,0,SYNTHETIC
23.4,28.0,20,0,SYNTHETIC
23.4,23.0,21,0,SYNTHETIC
23.4,31.0,22,0,SYNTHETIC
23.4,29.0,23,0,SYNTHETIC
31.83,44.0,0,0,SYNTHETIC
31.83,23.0,1,0,SYNTHETIC
31.83,46.0,2,0,SYNTHETIC
31.83,30.0,3,0,SYNTHETIC
31.83,32.0,4,0,SYNTHETIC
31.83,30.0,5,0,SYNTHETIC
31.83,28.0,6,0,SYNTHETIC
31.83,19.0,7,0,SYNTHETIC
31.83,28.0,8,0,SYNTHETIC
31.83,29.0,9,0,SYNTHETIC
31.83,26.0,10,0,SYNTHETIC
31.83,39.0,11,0,SYNTHETIC
31.83,34.0,12,0,SYNTHETIC
31.83,39.0,13,0,SYNTHETIC
31.83,38.0,14,0,SYNTHETIC
31.83,29.0,15,0,SYNTHETIC
31.83,24.0,16,0,SYNTHETIC
31.83,42.0,17,0,SYNTHETIC
31.83,22.0,18,0,SYNTHETIC
31.83,31.0,19,0,SYNTHETIC
31.83,38.0,20,0,SYNTHETIC
31.83,34.0,21,0,SYNTHETIC
31.83,44.0,22,0,SYNTHETIC
31.83,31.0,23,0,SYNTHETIC
17.52,16.0,0,0,SYNTHETIC
17.52,17.0,1,0,SYNTHETIC
17.52,20.0,2,0,SYNTHETIC
17.52,19.0,3,0,SYNTHETIC
17.52,28.0,4,0,SYNTHETIC
17.52,17.0,5,0,SYNTHETIC
17.52,24.0,6,0,SYNTHETIC
17.52,23.0,7,0,SYNTHETIC
17.52,6.0,8,0,SYNTHETIC
17.52,23.0,9,0,SYNTHETIC
17.52,24.0,10,0,SYNTHETIC
17.52,16.0,11,0,SYNTHETIC
17.52,9.0,12,0,SYNTHETIC
17.52,15.0,13,0,SYNTHETIC
17.52,20.0,14,0,SYNTHETIC
17.52,20.0,15,0,SYNTHETIC
17.52,18.0,16,0,SYNTHETIC
17.52,18.0,17,0,SYNTHETIC
17.52,14.0,18,0,SYNTHETIC
17.52,20.0,19,0,SYNTHETIC
17.52,12.0,20,0,SYNTHETIC
17.52,35.0,21,0,SYNTHETIC
17.52,24.0,22,0,SYNTHETIC
17.52,15.0,23,0,SYNTHETIC
17.6,19.0,0,0,SYNTHETIC
17.6,21.0,1,0,SYNTHETIC
17.6,19.0,2,0,SYNTHETIC
17.6,22.0,3,0,SYNTHETIC
17.6,12.0,4,0,SYNTHETIC
17.6,21.0,5,0,SYNTHETIC
17.6,46.0,6,1,SYNTHETIC
17.6,12.0,7,0,SYNTHETIC
17.6,12.0,8,0,SYNTHETIC
17.6,9.0,9,0,SYNTHETIC
17.6,16.0,10,0,SYNTHETIC
17.6,15.0,11,0,SYNTHETIC
17.6,18.0,12,0,SYNTHETIC
17.6,26.0,13,0,SYNTHETIC
17.6,9.0,14,0,SYNTHETIC
17.6,16.0,15,0,SYNTHETIC
17.6,10.0,16,0,SYNTHETIC
17.6,84.0,17,1,SYNTHETIC
17.6,19.0,18,0,SYNTHETIC
17.6,20.0,19,0,SYNTHETIC
17.6,20.0,20,0,SYNTHETIC
17.6,25.0,21,0,SYNTHETIC
17.6,18.0,22,0,SYNTHETIC
17.6,26.0,23,0,SYNTHETIC
16.24,17.0,0,0,SYNTHETIC
16.24,21.0,1,0,SYNTHETIC
16.24,11.0,2,0,SYNTHETIC
16.24,18.0,3,0,SYNTHETIC
16.24,12.0,4,0,SYNTHETIC
16.24,18.0,5,0,SYNTHETIC
16.24,16.0,6,0,SYNTHETIC
16.24,14.0,7,0,SYNTHETIC
16.24,10.0,8,0,SYNTHETIC
16.24,10.0,9,0,SYNTHETIC
16.24,15.0,10,0,SYNTHETIC
16.24,20.0,11,0,SYNTHETIC
16.24,19.0,12,0,SYNTHETIC
16.24,10.0,13,0,SYNTHETIC
16.24,7.0,14,0,SYNTHETIC
16.24,19.0,15,0,SYNTHETIC
16.24,15.0,16,0,SYNTHETIC
16.24,13.0,17,0,SYNTHETIC
16.24,20.0,18,0,SYNTHETIC
16.24,19.0,19,0,SYNTHETIC
16.24,24.0,20,0,SYNTHETIC
16.24,13.0,21,0,SYNTHETIC
16.24,18.0,22,0,SYNTHETIC
16.24,19.0,23,0,SYNTHETIC
20.85,21.0,0,0,SYNTHETIC
20.85,22.0,1,0,SYNTHETIC
20.85,22.0,2,0,SYNTHETIC
20.85,26.0,3,0,SYNTHETIC
20.85,25.0,4,0,SYNTHETIC
20.85,83.0,5,1,SYNTHETIC
20.85,22.0,6,0,SYNTHETIC
20.85,65.0,7,1,SYNTHETIC
20.85,21.0,8,0,SYNTHETIC
20.85,27.0,9,0,SYNTHETIC
20.85,28.0,10,0,SYNTHETIC
20.85,28.0,11,0,SYNTHETIC
20.85,20.0,12,0,SYNTHETIC
20.85,26.0,13,0,SYNTHETIC
20.85,29.0,14,0,SYNTHETIC
20.85,15.0,15,0,SYNTHETIC
20.85,20.0,16,0,SYNTHETIC
20.85,21.0,17,0,SYNTHETIC
20.85,19.0,18,0,SYNTHETIC
20.85,22.0,19,0,SYNTHETIC
20.85,26.0,20,0,SYNTHETIC
20.85,22.0,21,0,SYNTHETIC
20.85,24.0,22,0,SYNTHETIC
20.85,17.0,23,0,SYNTHETIC
21.6,18.0,0,0,SYNTHETIC
21.6,18.0,1,0,SYNTHETIC
21.6,78.0,2,1,SYNTHETIC
21.6,17.0,3,0,SYNTHETIC
21.6,31.0,4,0,SYNTHETIC
21.6,19.0,5,0,SYNTHETIC
21.6,26.0,6,0,SYNTHETIC
21.6,22.0,7,0,SYNTHETIC
21.6,18.0,8,0,SYNTHETIC
21.6,27.0,9,0,SYNTHETIC
21.6,14.0,10,0,SYNTHETIC
21.6,19.0,11,0,SYNTHETIC
21.6,26.0,12,0,SYNTHETIC
21.6,23.0,13,0,SYNTHETIC
21.6,29.0,14,0,SYNTHETIC
21.6,27.0,15,0,SYNTHETIC
21.6,21.0,16,0,SYNTHETIC
21.6,14.0,17,0,SYNTHETIC
21.6,24.0,18,0,SYNTHETIC
21.6,102.0,19,1,SYNTHETIC
21.6,16.0,20,0,SYNTHETIC
21.6,22.0,21,0,SYNTHETIC
21.6,14.0,22,0,SYNTHETIC
21.6,18.0,23,0,SYNTHETIC
32.1,20.0,0,0,SYNTHETIC
32.1,22.0,1,0,SYNTHETIC
32.1,95.0,2,1,SYNTHETIC
32.1,27.0,3,0,SYNTHETIC
32.1,37.0,4,0,SYNTHETIC
32.1,83.0,5,1,SYNTHETIC
32.1,27.0,6,0,SYNTHETIC
32.1,26.0,7,0,SYNTHETIC
32.1,32.0,8,0,SYNTHETIC
32.1,32.0,9,0,SYNTHETIC
32.1,34.0,10,0,SYNTHETIC
32.1,29.0,11,0,SYNTHETIC
32.1,31.0,12,0,SYNTHETIC
32.1,35.0,13,0,SYNTHETIC
32.1,22.0,14,0,SYNTHETIC
32.1,43.0,15,0,SYNTHETIC
32.1,20.0,16,0,SYNTHETIC
32.1,24.0,17,0,SYNTHETIC
32.1,31.0,18,0,SYNTHETIC
32.1,54.0,19,0,SYNTHETIC
32.1,28.0,20,0,SYNTHETIC
32.1,37.0,21,0,SYNTHETIC
32.1,25.0,22,0,SYNTHETIC
32.1,41.0,23,0,SYNTHETIC
33.47,36.0,0,0,SYNTHETIC
33.47,26.0,1,0,SYNTHETIC
33.47,19.0,2,0,SYNTHETIC
33.47,43.0,3,0,SYNTHETIC
33.47,34.0,4,0,SYNTHETIC
33.47,33.0,5,0,SYNTHETIC
33.47,42.0,6,0,SYNTHETIC
33.47,87.0,7,1,SYNTHETIC
33.47,42.0,8,0,SYNTHETIC
33.47,31.0,9,0,SYNTHETIC
33.47,39.0,10,0,SYNTHETIC
33.47,39.0,11,0,SYNTHETIC
33.47,35.0,12,0,SYNTHETIC
33.47,21.0,13,0,SYNTHETIC
33.47,35.0,14,0,SYNTHETIC
33.47,32.0,15,0,SYNTHETIC
33.47,31.0,16,0,SYNTHETIC
33.47,23.0,17,0,SYNTHETIC
33.47,45.0,18,0,SYNTHETIC
33.47,50.0,19,0,SYNTHETIC
33.47,26.0,20,0,SYNTHETIC
33.47,29.0,21,0,SYNTHETIC
33.47,27.0,22,0,SYNTHETIC
33.47,16.0,23,0,SYNTHETIC
31.86,25.0,0,0,SYNTHETIC
31.86,31.0,1,0,SYNTHETIC
31.86,23.0,2,0,SYNTHETIC
31.86,18.0,3,0,SYNTHETIC
31.86,82.0,4,1,SYNTHETIC
31.86,23.0,5,0,SYNTHETIC
31.86,31.0,6,0,SYNTHETIC
31.86,22.0,7,0,SYNTHETIC
31.86,28.0,8,0,SYNTHETIC
31.86,23.0,9,0,SYNTHETIC
31.86,43.0,10,0,SYNTHETIC
31.86,110.0,11,1,SYNTHETIC
31.86,27.0,12,0,SYNTHETIC
31.86,95.0,13,1,SYNTHETIC
31.86,32.0,14,0,SYNTHETIC
31.86,30.0,15,0,SYNTHETIC
31.86,22.0,16,0,SYNTHETIC
31.86,31.0,17,0,SYNTHETIC
31.86,52.0,18,0,SYNTHETIC
31.86,47.0,19,0,SYNTHETIC
31.86,43.0,20,0,SYNTHETIC
31.86,22.0,21,0,SYNTHETIC
31.86,45.0,22,0,SYNTHETIC
31.86,37.0,23,0,SYNTHETIC
16.9,17.0,0,0,SYNTHETIC
16.9,17.0,1,0,SYNTHETIC
16.9,22.0,2,0,SYNTHETIC
16.9,16.0,3,0,SYNTHETIC
16.9,22.0,4,0,SYNTHETIC
16.9,4.0,5,0,SYNTHETIC
16.9,21.0,6,0,SYNTHETIC
16.9,15.0,7,0,SYNTHETIC
16.9,16.0,8,0,SYNTHETIC
16.9,14.0,9,0,SYNTHETIC
16.9,21.0,10,0,SYNTHETIC
16.9,81.0,11,1,SYNTHETIC
16.9,19.0,12,0,SYNTHETIC
16.9,10.0,13,0,SYNTHETIC
16.9,22.0,14,0,SYNTHETIC
16.9,19.0,15,0,SYNTHETIC
16.9,12.0,16,0,SYNTHETIC
16.9,16.0,17,0,SYNTHETIC
16.9,17.0,18,0,SYNTHETIC
16.9,63.0,19,1,SYNTHETIC
16.9,12.0,20,0,SYNTHETIC
16.9,13.0,21,0,SYNTHETIC
16.9,21.0,22,0,SYNTHETIC
16.9,15.0,23,0,SYNTHETIC
14.36,14.0,0,0,SYNTHETIC
14.36,19.0,1,0,SYNTHETIC
14.36,13.0,2,0,SYNTHETIC
14.36,17.0,3,0,SYNTHETIC
14.36,12.0,4,0,SYNTHETIC
14.36,16.0,5,0,SYNTHETIC
14.36,12.0,6,0,SYNTHETIC
14.36,15.0,7,0,SYNTHETIC
14.36,10.0,8,0,SYNTHETIC
14.36,22.0,9,0,SYNTHETIC
14.36,11.0,10,0,SYNTHETIC
14.36,15.0,11,0,SYNTHETIC
14.36,13.0,12,0,SYNTHETIC
14.36,14.0,13,0,SYNTHETIC
14.36,12.0,14,0,SYNTHETIC
14.36,13.0,15,0,SYNTHETIC
14.36,23.0,16,0,SYNTHETIC
14.36,61.0,17,1,SYNTHETIC
14.36,18.0,18,0,SYNTHETIC
14.36,15.0,19,0,SYNTHETIC
14.36,13.0,20,0,SYNTHETIC
14.36,14.0,21,0,SYNTHETIC
14.36,11.0,22,0,SYNTHETIC
14.36,15.0,23,0,SYNTHETIC
34.94,27.0,0,0,SYNTHETIC
34.94,50.0,1,0,SYNTHETIC
34.94,37.0,2,0,SYNTHETIC
34.94,28.0,3,0,SYNTHETIC
34.94,36.0,4,0,SYNTHETIC
34.94,43.0,5,0,SYNTHETIC
34.94,44.0,6,0,SYNTHETIC
34.94,19.0,7,0,SYNTHETIC
34.94,44.0,8,0,SYNTHETIC
34.94,29.0,9,0,SYNTHETIC
34.94,37.0,10,0,SYNTHETIC
34.94,40.0,11,0,SYNTHETIC
34.94,46.0,12,0,SYNTHETIC
34.94,50.0,13,0,SYNTHETIC
34.94,46.0,14,0,SYNTHETIC
34.94,18.0,15,0,SYNTHETIC
34.94,38.0,16,0,SYNTHETIC
34.94,32.0,17,0,SYNTHETIC
34.94,42.0,18,0,SYNTHETIC
34.94,44.0,19,0,SYNTHETIC
34.94,40.0,20,0,SYNTHETIC
34.94,42.0,21,0,SYNTHETIC
34.94,40.0,22,0,SYNTHETIC
34.94,120.0,23,1,SYNTHETIC
10.0,9.0,0,0,SYNTHETIC
10.0,11.0,1,0,SYNTHETIC
10.0,10.0,2,0,SYNTHETIC
10.0,7.0,3,0,SYNTHETIC
10.0,12.0,4,0,SYNTHETIC
10.0,10.0,5,0,SYNTHETIC
10.0,8.0,6,0,SYNTHETIC
10.0,8.0,7,0,SYNTHETIC
10.0,30.0,8,1,SYNTHETIC
10.0,10.0,9,0,SYNTHETIC
10.0,12.0,10,0,SYNTHETIC
10.0,6.0,11,0,SYNTHETIC
10.0,10.0,12,0,SYNTHETIC
10.0,12.0,13,0,SYNTHETIC
10.0,18.0,14,0,SYNTHETIC
10.0,11.0,15,0,SYNTHETIC
10.0,19.0,16,0,SYNTHETIC
10.0,9.0,17,0,SYNTHETIC
10.0,44.0,18,1,SYNTHETIC
10.0,9.0,19,0,SYNTHETIC
10.0,11.0,20,0,SYNTHETIC
10.0,10.0,21,0,SYNTHETIC
10.0,7.0,22,0,SYNTHETIC
10.0,8.0,23,0,SYNTHETIC
23.79,23.0,0,0,SYNTHETIC
23.79,24.0,1,0,SYNTHETIC
23.79,26.0,2,0,SYNTHETIC
23.79,21.0,3,0,SYNTHETIC
23.79,30.0,4,0,SYNTHETIC
23.79,23.0,5,0,SYNTHETIC
23.79,27.0,6,0,SYNTHETIC
23.79,17.0,7,0,SYNTHETIC
23.79,27.0,8,0,SYNTHETIC
23.79,27.0,9,0,SYNTHETIC
23.79,19.0,10,0,SYNTHETIC
23.79,111.0,11,1,SYNTHETIC
23.79,18.0,12,0,SYNTHETIC
23.79,19.0,13,0,SYNTHETIC
23.79,20.0,14,0,SYNTHETIC
23.79,27.0,15,0,SYNTHETIC
23.79,10.0,16,0,SYNTHETIC
23.79,28.0,17,0,SYNTHETIC
23.79,23.0,18,0,SYNTHETIC
23.79,15.0,19,0,SYNTHETIC
23.79,113.0,20,1,SYNTHETIC
23.79,27.0,21,0,SYNTHETIC
23.79,20.0,22,0,SYNTHETIC
23.79,16.0,23,0,SYNTHETIC
23.93,20.0,0,0,SYNTHETIC
23.93,28.0,1,0,SYNTHETIC
23.93,26.0,2,0,SYNTHETIC
23.93,21.0,3,0,SYNTHETIC
23.93,33.0,4,0,SYNTHETIC
23.93,26.0,5,0,SYNTHETIC
23.93,28.0,6,0,SYNTHETIC
23.93,34.0,7,0,SYNTHETIC
23.93,27.0,8,0,SYNTHETIC
23.93,83.0,9,1,SYNTHETIC
23.93,34.0,10,0,SYNTHETIC
23.93,30.0,11,0,SYNTHETIC
23.93,31.0,12,0,SYNTHETIC
23.93,18.0,13,0,SYNTHETIC
23.93,16.0,14,0,SYNTHETIC
23.93,28.0,15,0,SYNTHETIC
23.93,18.0,16,0,SYNTHETIC
23.93,37.0,17,0,SYNTHETIC
23.93,10.0,18,0,SYNTHETIC
23.93,15.0,19,0,SYNTHETIC
23.93,74.0,20,1,SYNTHETIC
23.93,112.0,21,1,SYNTHETIC
23.93,19.0,22,0,SYNTHETIC
23.93,26.0,23,0,SYNTHETIC
16.28,20.0,0,0,SYNTHETIC
16.28,27.0,1,0,SYNTHETIC
16.28,8.0,2,0,SYNTHETIC
16.28,12.0,3,0,SYNTHETIC
16.28,19.0,4,0,SYNTHETIC
16.28,18.0,5,0,SYNTHETIC
16.28,19.0,6,0,SYNTHETIC
16.28,16.0,7,0,SYNTHETIC
16.28,19.0,8,0,SYNTHETIC
16.28,7.0,9,0,SYNTHETIC
16.28,21.0,10,0,SYNTHETIC
16.28,17.0,11,0,SYNTHETIC
16.28,20.0,12,0,SYNTHETIC
16.28,15.0,13,0,SYNTHETIC
16.28,24.0,14,0,SYNTHETIC
16.28,18.0,15,0,SYNTHETIC
16.28,11.0,16,0,SYNTHETIC
16.28,19.0,17,0,SYNTHETIC
16.28,14.0,18,0,SYNTHETIC
16.28,20.0,19,0,SYNTHETIC
16.28,15.0,20,0,SYNTHETIC
16.28,70.0,21,1,SYNTHETIC
16.28,16.0,22,0,SYNTHETIC
16.28,9.0,23,0,SYNTHETIC
18.81,23.0,0,0,SYNTHETIC
18.81,25.0,1,0,SYNTHETIC
18.81,18.0,2,0,SYNTHETIC
18.81,8.0,3,0,SYNTHETIC
18.81,20.0,4,0,SYNTHETIC
18.81,16.0,5,0,SYNTHETIC
18.81,24.0,6,0,SYNTHETIC
18.81,19.0,7,0,SYNTHETIC
18.81,15.0,8,0,SYNTHETIC
18.81,19.0,9,0,SYNTHETIC
18.81,23.0,10,0,SYNTHETIC
18.81,22.0,11,0,SYNTHETIC
18.81,18.0,12,0,SYNTHETIC
18.81,20.0,13,0,SYNTHETIC
18.81,16.0,14,0,SYNTHETIC
18.81,20.0,15,0,SYNTHETIC
18.81,60.0,16,1,SYNTHETIC
18.81,68.0,17,1,SYNTHETIC
18.81,20.0,18,0,SYNTHETIC
18.81,20.0,19,0,SYNTHETIC
18.81,24.0,20,0,SYNTHETIC
18.81,12.0,21,0,SYNTHETIC
18.81,22.0,22,0,SYNTHETIC
18.81,21.0,23,0,SYNTHETIC
39.53,30.0,0,0,SYNTHETIC
39.53,24.0,1,0,SYNTHETIC
39.53,56.0,2,0,SYNTHETIC
39.53,32.0,3,0,SYNTHETIC
39.53,26.0,4,0,SYNTHETIC
39.53,25.0,5,0,SYNTHETIC
39.53,38.0,6,0,SYNTHETIC
39.53,26.0,7,0,SYNTHETIC
39.53,38.0,8,0,SYNTHETIC
39.53,27.0,9,0,SYNTHETIC
39.53,43.0,10,0,SYNTHETIC
39.53,35.0,11,0,SYNTHETIC
39.53,61.0,12,0,SYNTHETIC
39.53,38.0,13,0,SYNTHETIC
39.53,47.0,14,0,SYNTHETIC
39.53,49.0,15,0,SYNTHETIC
39.53,48.0,16,0,SYNTHETIC
39.53,51.0,17,0,SYNTHETIC
39.53,32.0,18,0,SYNTHETIC
39.53,39.0,19,0,SYNTHETIC
39.53,43.0,20,0,SYNTHETIC
39.53,48.0,21,0,SYNTHETIC
39.53,42.0,22,0,SYNTHETIC
39.53,52.0,23,0,SYNTHETIC
18.51,18.0,0,0,SYNTHETIC
18.51,17.0,1,0,SYNTHETIC
18.51,22.0,2,0,SYNTHETIC
18.51,9.0,3,0,SYNTHETIC
18.51,17.0,4,0,SYNTHETIC
18.51,14.0,5,0,SYNTHETIC
18.51,16.0,6,0,SYNTHETIC
18.51,23.0,7,0,SYNTHETIC
18.51,22.0,8,0,SYNTHETIC
18.51,16.0,9,0,SYNTHETIC
18.51,15.0,10,0,SYNTHETIC
18.51,19.0,11,0,SYNTHETIC
18.51,25.0,12,0,SYNTHETIC
18.51,16.0,13,0,SYNTHETIC
18.51,18.0,14,0,SYNTHETIC
18.51,21.0,15,0,SYNTHETIC
18.51,14.0,16,0,SYNTHETIC
18.51,19.0,17,0,SYNTHETIC
18.51,25.0,18,0,SYNTHETIC
18.51,15.0,19,0,SYNTHETIC
18.51,26.0,20,0,SYNTHETIC
18.51,46.0,21,1,SYNTHETIC
18.51,14.0,22,0,SYNTHETIC
18.51,22.0,23,0,SYNTHETIC
30.48,43.0,0,0,SYNTHETIC
30.48,21.0,1,0,SYNTHETIC
30.48,21.0,2,0,SYNTHETIC
30.48,24.0,3,0,SYNTHETIC
30.48,37.0,4,0,SYNTHETIC
30.48,12.0,5,0,SYNTHETIC
30.48,37.0,6,0,SYNTHETIC
30.48,126.0,7,1,SYNTHETIC
30.48,29.0,8,0,SYNTHETIC
30.48,40.0,9,0,SYNTHETIC
30.48,42.0,10,0,SYNTHETIC
30.48,24.0,11,0,SYNTHETIC
30.48,29.0,12,0,SYNTHETIC
30.48,38.0,13,0,SYNTHETIC
30.48,17.0,14,0,SYNTHETIC
30.48,26.0,15,0,SYNTHETIC
30.48,19.0,16,0,SYNTHETIC
30.48,27.0,17,0,SYNTHETIC
30.48,19.0,18,0,SYNTHETIC
30.48,31.0,19,0,SYNTHETIC
30.48,20.0,20,0,SYNTHETIC
30.48,41.0,21,0,SYNTHETIC
30.48,46.0,22,0,SYNTHETIC
30.48,20.0,23,0,SYNTHETIC
11.01,9.0,0,0,SYNTHETIC
11.01,8.0,1,0,SYNTHETIC
11.01,14.0,2,0,SYNTHETIC
11.01,15.0,3,0,SYNTHETIC
11.01,7.0,4,0,SYNTHETIC
11.01,7.0,5,0,SYNTHETIC
11.01,7.0,6,0,SYNTHETIC
11.01,13.0,7,0,SYNTHETIC
11.01,13.0,8,0,SYNTHETIC
11.01,7.0,9,0,SYNTHETIC
11.01,12.0,10,0,SYNTHETIC
11.01,9.0,11,0,SYNTHETIC
11.01,14.0,12,0,SYNTHETIC
11.01,10.0,13,0,SYNTHETIC
11.01,17.0,14,0,SYNTHETIC
11.01,10.0,15,0,SYNTHETIC
11.01,7.0,16,0,SYNTHETIC
11.01,16.0,17,0,SYNTHETIC
11.01,8.0,18,0,SYNTHETIC
11.01,9.0,19,0,SYNTHETIC
11.01,6.0,20,0,SYNTHETIC
11.01,13.0,21,0,SYNTHETIC
11.01,12.0,22,0,SYNTHETIC
11.01,10.0,23,0,SYNTHETIC
15.11,8.0,0,0,SYNTHETIC
15.11,19.0,1,0,SYNTHETIC
15.11,8.0,2,0,SYNTHETIC
15.11,18.0,3,0,SYNTHETIC
15.11,18.0,4,0,SYNTHETIC
15.11,12.0,5,0,SYNTHETIC
15.11,24.0,6,0,SYNTHETIC
15.11,17.0,7,0,SYNTHETIC
15.11,10.0,8,0,SYNTHETIC
15.11,13.0,9,0,SYNTHETIC
15.11,12.0,10,0,SYNTHETIC
15.11,14.0,11,0,SYNTHETIC
15.11,16.0,12,0,SYNTHETIC
15.11,3.0,13,0,SYNTHETIC
15.11,17.0,14,0,SYNTHETIC
15.11,19.0,15,0,SYNTHETIC
15.11,19.0,16,0,SYNTHETIC
15.11,13.0,17,0,SYNTHETIC
15.11,14.0,18,0,SYNTHETIC
15.11,19.0,19,0,SYNTHETIC
15.11,18.0,20,0,SYNTHETIC
15.11,19.0,21,0,SYNTHETIC
15.11,18.0,22,0,SYNTHETIC
15.11,12.0,23,0,SYNTHETIC
13.12,16.0,0,0,SYNTHETIC
13.12,64.0,1,1,SYNTHETIC
13.12,15.0,2,0,SYNTHETIC
13.12,14.0,3,0,SYNTHETIC
13.12,13.0,4,0,SYNTHETIC
13.12,10.0,5,0,SYNTHETIC
13.12,7.0,6,0,SYNTHETIC
13.12,14.0,7,0,SYNTHETIC
13.12,12.0,8,0,SYNTHETIC
13.12,9.0,9,0,SYNTHETIC
13.12,18.0,10,0,SYNTHETIC
13.12,23.0,11,0,SYNTHETIC
13.12,12.0,12,0,SYNTHETIC
13.12,18.0,13,0,SYNTHETIC
13.12,12.0,14,0,SYNTHETIC
13.12,37.0,15,1,SYNTHETIC
13.12,18.0,16,0,SYNTHETIC
13.12,16.0,17,0,SYNTHETIC
13.12,13.0,18,0,SYNTHETIC
13.12,16.0,19,0,SYNTHETIC
13.12,14.0,20,0,SYNTHETIC
13.12,15.0,21,0,SYNTHETIC
13.12,8.0,22,0,SYNTHETIC
13.12,17.0,23,0,SYNTHETIC
28.25,108.0,0,1,SYNTHETIC
28.25,17.0,1,0,SYNTHETIC
28.25,33.0,2,0,SYNTHETIC
28.25,29.0,3,0,SYNTHETIC
28.25,17.0,4,0,SYNTHETIC
28.25,36.0,5,0,SYNTHETIC
28.25,33.0,6,0,SYNTHETIC
28.25,25.0,7,0,SYNTHETIC
28.25,21.0,8,0,SYNTHETIC
28.25,31.0,9,0,SYNTHETIC
28.25,18.0,10,0,SYNTHETIC
28.25,21.0,11,0,SYNTHETIC
28.25,29.0,12,0,SYNTHETIC
28.25,35.0,13,0,SYNTHETIC
28.25,41.0,14,0,SYNTHETIC
28.25,29.0,15,0,SYNTHETIC
28.25,37.0,16,0,SYNTHETIC
28.25,29.0,17,0,SYNTHETIC
28.25,27.0,18,0,SYNTHETIC
28.25,39.0,19,0,SYNTHETIC
28.25,103.0,20,1,SYNTHETIC
28.25,31.0,21,0,SYNTHETIC
28.25,22.0,22,0,SYNTHETIC
28.25,22.0,23,0,SYNTHETIC
10.27,11.0,0,0,SYNTHETIC
10.27,8.0,1,0,SYNTHETIC
10.27,14.0,2,0,SYNTHETIC
10.27,9.0,3,0,SYNTHETIC
10.27,12.0,4,0,SYNTHETIC
10.27,11.0,5,0,SYNTHETIC
10.27,10.0,6,0,SYNTHETIC
10.27,10.0,7,0,SYNTHETIC
10.27,11.0,8,0,SYNTHETIC
10.27,11.0,9,0,SYNTHETIC
10.27,6.0,10,0,SYNTHETIC
10.27,9.0,11,0,SYNTHETIC
10.27,10.0,12,0,SYNTHETIC
10.27,10.0,13,0,SYNTHETIC
10.27,16.0,14,0,SYNTHETIC
10.27,8.0,15,0,SYNTHETIC
10.27,11.0,16,0,SYNTHETIC
10.27,9.0,17,0,SYNTHETIC
10.27,7.0,18,0,SYNTHETIC
10.27,13.0,19,0,SYNTHETIC
10.27,17.0,20,0,SYNTHETIC
10.27,48.0,21,1,SYNTHETIC
10.27,11.0,22,0,SYNTHETIC
10.27,11.0,23,0,SYNTHETIC
35.77,41.0,0,0,SYNTHETIC
35.77,36.0,1,0,SYNTHETIC
35.77,28.0,2,0,SYNTHETIC
35.77,40.0,3,0,SYNTHETIC
35.77,22.0,4,0,SYNTHETIC
35.77,40.0,5,0,SYNTHETIC
35.77,23.0,6,0,SYNTHETIC
35.77,130.0,7,1,SYNTHETIC
35.77,43.0,8,0,SYNTHETIC
35.77,22.0,9,0,SYNTHETIC
35.77,38.0,10,0,SYNTHETIC
35.77,34.0,11,0,SYNTHETIC
35.77,27.0,12,0,SYNTHETIC
35.77,46.0,13,0,SYNTHETIC
35.77,42.0,14,0,SYNTHETIC
35.77,26.0,15,0,SYNTHETIC
35.77,31.0,16,0,SYNTHETIC
35.77,30.0,17,0,SYNTHETIC
35.77,30.0,18,0,SYNTHETIC
35.77,47.0,19,0,SYNTHETIC
35.77,34.0,20,0,SYNTHETIC
35.77,49.0,21,0,SYNTHETIC
35.77,46.0,22,0,SYNTHETIC
35.77,30.0,23,0,SYNTHETIC
33.03,24.0,0,0,SYNTHETIC
33.03,33.0,1,0,SYNTHETIC
33.03,161.0,2,1,SYNTHETIC
33.03,37.0,3,0,SYNTHETIC
33.03,28.0,4,0,SYNTHETIC
33.03,33.0,5,0,SYNTHETIC
33.03,21.0,6,0,SYNTHETIC
33.03,36.0,7,0,SYNTHETIC
33.03,44.0,8,0,SYNTHETIC
33.03,40.0,9,0,SYNTHETIC
33.03,38.0,10,0,SYNTHETIC
33.03,28.0,11,0,SYNTHETIC
33.03,39.0,12,0,SYNTHETIC
33.03,39.0,13,0,SYNTHETIC
33.03,40.0,14,0,SYNTHETIC
33.03,21.0,15,0,SYNTHETIC
33.03,38.0,16,0,SYNTHETIC
33.03,36.0,17,0,SYNTHETIC
33.03,114.0,18,1,SYNTHETIC
33.03,25.0,19,0,SYNTHETIC
33.03,28.0,20,0,SYNTHETIC
33.03,52.0,21,0,SYNTHETIC
33.03,31.0,22,0,SYNTHETIC
33.03,52.0,23,0,SYNTHETIC
28.43,26.0,0,0,SYNTHETIC
28.43,26.0,1,0,SYNTHETIC
28.43,47.0,2,0,SYNTHETIC
28.43,31.0,3,0,SYNTHETIC
28.43,33.0,4,0,SYNTHETIC
28.43,26.0,5,0,SYNTHETIC
28.43,25.0,6,0,SYNTHETIC
28.43,26.0,7,0,SYNTHETIC
28.43,30.0,8,0,SYNTHETIC
28.43,25.0,9,0,SYNTHETIC
28.43,25.0,10,0,SYNTHETIC
28.43,46.0,11,0,SYNTHETIC
28.43,24.0,12,0,SYNTHETIC
28.43,25.0,13,0,SYNTHETIC
28.43,20.0,14,0,SYNTHETIC
28.43,32.0,15,0,SYNTHETIC
28.43,29.0,16,0,SYNTHETIC
28.43,38.0,17,0,SYNTHETIC
28.43,99.0,18,1,SYNTHETIC
28.43,40.0,19,0,SYNTHETIC
28.43,26.0,20,0,SYNTHETIC
28.43,22.0,21,0,SYNTHETIC
28.43,33.0,22,0,SYNTHETIC
28.43,31.0,23,0,SYNTHETIC
31.55,27.0,0,0,SYNTHETIC
31.55,37.0,1,0,SYNTHETIC
31.55,19.0,2,0,SYNTHETIC
31.55,39.0,3,0,SYNTHETIC
31.55,29.0,4,0,SYNTHETIC
31.55,31.0,5,0,SYNTHETIC
31.55,121.0,6,1,SYNTHETIC
31.55,38.0,7,0,SYNTHETIC
31.55,38.0,8,0,SYNTHETIC
31.55,26.0,9,0,SYNTHETIC
31.55,36.0,10,0,SYNTHETIC
31.55,31.0,11,0,SYNTHETIC
31.55,38.0,12,0,SYNTHETIC
31.55,31.0,13,0,SYNTHETIC
31.55,53.0,14,0,SYNTHETIC
31.55,38.0,15,0,SYNTHETIC
31.55,35.0,16,0,SYNTHETIC
31.55,32.0,17,0,SYNTHETIC
31.55,119.0,18,1,SYNTHETIC
31.55,100.0,19,1,SYNTHETIC
31.55,36.0,20,0,SYNTHETIC
31.55,41.0,21,0,SYNTHETIC
31.55,47.0,22,0,SYNTHETIC
31.55,31.0,23,0,SYNTHETIC
19.3,17.0,0,0,SYNTHETIC
19.3,15.0,1,0,SYNTHETIC
19.3,18.0,2,0,SYNTHETIC
19.3,19.0,3,0,SYNTHETIC
19.3,20.0,4,0,SYNTHETIC
19.3,12.0,5,0,SYNTHETIC
19.3,22.0,6,0,SYNTHETIC
19.3,13.0,7,0,SYNTHETIC
19.3,24.0,8,0,SYNTHETIC
19.3,19.0,9,0,SYNTHETIC
19.3,18.0,10,0,SYNTHETIC
19.3,15.0,11,0,SYNTHETIC
19.3,18.0,12,0,SYNTHETIC
19.3,13.0,13,0,SYNTHETIC
19.3,26.0,14,0,SYNTHETIC
19.3,14.0,15,0,SYNTHETIC
19.3,24.0,16,0,SYNTHETIC
19.3,26.0,17,0,SYNTHETIC
19.3,15.0,18,0,SYNTHETIC
19.3,21.0,19,0,SYNTHETIC
19.3,18.0,20,0,SYNTHETIC
19.3,22.0,21,0,SYNTHETIC
19.3,23.0,22,0,SYNTHETIC
19.3,9.0,23,0,SYNTHETIC
37.17,25.0,0,0,SYNTHETIC
37.17,34.0,1,0,SYNTHETIC
37.17,42.0,2,0,SYNTHETIC
37.17,33.0,3,0,SYNTHETIC
37.17,42.0,4,0,SYNTHETIC
37.17,39.0,5,0,SYNTHETIC
37.17,43.0,6,0,SYNTHETIC
37.17,34.0,7,0,SYNTHETIC
37.17,34.0,8,0,SYNTHETIC
37.17,35.0,9,0,SYNTHETIC
37.17,32.0,10,0,SYNTHETIC
37.17,32.0,11,0,SYNTHETIC
37.17,37.0,12,0,SYNTHETIC
37.17,33.0,13,0,SYNTHETIC
37.17,42.0,14,0,SYNTHETIC
37.17,50.0,15,0,SYNTHETIC
37.17,29.0,16,0,SYNTHETIC
37.17,42.0,17,0,SYNTHETIC
37.17,28.0,18,0,SYNTHETIC
37.17,27.0,19,0,SYNTHETIC
37.17,34.0,20,0,SYNTHETIC
37.17,41.0,21,0,SYNTHETIC
37.17,32.0,22,0,SYNTHETIC
37.17,39.0,23,0,SYNTHETIC
26.34,27.0,0,0,SYNTHETIC
26.34,23.0,1,0,SYNTHETIC
26.34,19.0,2,0,SYNTHETIC
26.34,30.0,3,0,SYNTHETIC
26.34,27.0,4,0,SYNTHETIC
26.34,30.0,5,0,SYNTHETIC
26.34,30.0,6,0,SYNTHETIC
26.34,25.0,7,0,SYNTHETIC
26.34,42.0,8,0,SYNTHETIC
26.34,22.0,9,0,SYNTHETIC
26.34,19.0,10,0,SYNTHETIC
26.34,27.0,11,0,SYNTHETIC
26.34,20.0,12,0,SYNTHETIC
26.34,30.0,13,0,SYNTHETIC
26.34,13.0,14,0,SYNTHETIC
26.34,21.0,15,0,SYNTHETIC
26.34,19.0,16,0,SYNTHETIC
26.34,23.0,17,0,SYNTHETIC
26.34,34.0,18,0,SYNTHETIC
26.34,36.0,19,0,SYNTHETIC
26.34,38.0,20,0,SYNTHETIC
26.34,23.0,21,0,SYNTHETIC
26.34,33.0,22,0,SYNTHETIC
26.34,22.0,23,0,SYNTHETIC
11.36,14.0,0,0,SYNTHETIC
11.36,11.0,1,0,SYNTHETIC
11.36,9.0,2,0,SYNTHETIC
11.36,18.0,3,0,SYNTHETIC
11.36,14.0,4,0,SYNTHETIC
11.36,10.0,5,0,SYNTHETIC
11.36,16.0,6,0,SYNTHETIC
11.36,10.0,7,0,SYNTHETIC
11.36,13.0,8,0,SYNTHETIC
11.36,7.0,9,0,SYNTHETIC
11.36,10.0,10,0,SYNTHETIC
11.36,12.0,11,0,SYNTHETIC
11.36,9.0,12,0,SYNTHETIC
11.36,43.0,13,1,SYNTHETIC
11.36,16.0,14,0,SYNTHETIC
11.36,15.0,15,0,SYNTHETIC
11.36,15.0,16,0,SYNTHETIC
11.36,13.0,17,0,SYNTHETIC
11.36,10.0,18,0,SYNTHETIC
11.36,11.0,19,0,SYNTHETIC
11.36,7.0,20,0,SYNTHETIC
11.36,8.0,21,0,SYNTHETIC
11.36,9.0,22,0,SYNTHETIC
11.36,12.0,23,0,SYNTHETIC
34.2,25.0,0,0,SYNTHETIC
34.2,32.0,1,0,SYNTHETIC
34.2,30.0,2,0,SYNTHETIC
34.2,36.0,3,0,SYNTHETIC
34.2,39.0,4,0,SYNTHETIC
34.2,28.0,5,0,SYNTHETIC
34.2,44.0,6,0,SYNTHETIC
34.2,39.0,7,0,SYNTHETIC
34.2,31.0,8,0,SYNTHETIC
34.2,24.0,9,0,SYNTHETIC
34.2,31.0,10,0,SYNTHETIC
34.2,40.0,11,0,SYNTHETIC
34.2,29.0,12,0,SYNTHETIC
34.2,42.0,13,0,SYNTHETIC
34.2,18.0,14,0,SYNTHETIC
34.2,30.0,15,0,SYNTHETIC
34.2,31.0,16,0,SYNTHETIC
34.2,28.0,17,0,SYNTHETIC
34.2,28.0,18,0,SYNTHETIC
34.2,19.0,19,0,SYNTHETIC
34.2,45.0,20,0,SYNTHETIC
34.2,31.0,21,0,SYNTHETIC
34.2,23.0,22,0,SYNTHETIC
34.2,35.0,23,0,SYNTHETIC
39.45,46.0,0,0,SYNTHETIC
39.45,51.0,1,0,SYNTHETIC
39.45,34.0,2,0,SYNTHETIC
39.45,49.0,3,0,SYNTHETIC
39.45,48.0,4,0,SYNTHETIC
39.45,44.0,5,0,SYNTHETIC
39.45,45.0,6,0,SYNTHETIC
39.45,47.0,7,0,SYNTHETIC
39.45,40.0,8,0,SYNTHETIC
39.45,111.0,9,1,SYNTHETIC
39.45,45.0,10,0,SYNTHETIC
39.45,38.0,11,0,SYNTHETIC
39.45,39.0,12,0,SYNTHETIC
39.45,44.0,13,0,SYNTHETIC
39.45,25.0,14,0,SYNTHETIC
39.45,18.0,15,0,SYNTHETIC
39.45,41.0,16,0,SYNTHETIC
39.45,179.0,17,1,SYNTHETIC
39.45,43.0,18,0,SYNTHETIC
39.45,30.0,19,0,SYNTHETIC
39.45,40.0,20,0,SYNTHETIC
39.45,49.0,21,0,SYNTHETIC
39.45,52.0,22,0,SYNTHETIC
39.45,49.0,23,0,SYNTHETIC
12.9,14.0,0,0,SYNTHETIC
12.9,12.0,1,0,SYNTHETIC
12.9,10.0,2,0,SYNTHETIC
12.9,9.0,3,0,SYNTHETIC
12.9,16.0,4,0,SYNTHETIC
12.9,18.0,5,0,SYNTHETIC
12.9,12.0,6,0,SYNTHETIC
12.9,7.0,7,0,SYNTHETIC
12.9,17.0,8,0,SYNTHETIC
12.9,15.0,9,0,SYNTHETIC
12.9,14.0,10,0,SYNTHETIC
12.9,12.0,11,0,SYNTHETIC
12.9,15.0,12,0,SYNTHETIC
12.9,10.0,13,0,SYNTHETIC
12.9,12.0,14,0,SYNTHETIC
12.9,12.0,15,0,SYNTHETIC
12.9,47.0,16,1,SYNTHETIC
12.9,16.0,17,0,SYNTHETIC
12.9,14.0,18,0,SYNTHETIC
12.9,15.0,19,0,SYNTHETIC
12.9,18.0,20,0,SYNTHETIC
12.9,14.0,21,0,SYNTHETIC
12.9,12.0,22,0,SYNTHETIC
12.9,16.0,23,0,SYNTHETIC
15.47,14.0,0,0,SYNTHETIC
15.47,11.0,1,0,SYNTHETIC
15.47,14.0,2,0,SYNTHETIC
15.47,14.0,3,0,SYNTHETIC
15.47,16.0,4,0,SYNTHETIC
15.47,15.0,5,0,SYNTHETIC
15.47,13.0,6,0,SYNTHETIC
15.47,14.0,7,0,SYNTHETIC
15.47,15.0,8,0,SYNTHETIC
15.47,23.0,9,0,SYNTHETIC
15.47,13.0,10,0,SYNTHETIC
15.47,13.0,11,0,SYNTHETIC
15.47,14.0,12,0,SYNTHETIC
15.47,21.0,13,0,SYNTHETIC
15.47,21.0,14,0,SYNTHETIC
15.47,15.0,15,0,SYNTHETIC
15.47,22.0,16,0,SYNTHETIC
15.47,16.0,17,0,SYNTHETIC
15.47,16.0,18,0,SYNTHETIC
15.47,10.0,19,0,SYNTHETIC
15.47,13.0,20,0,SYNTHETIC
15.47,12.0,21,0,SYNTHETIC
15.47,17.0,22,0,SYNTHETIC
15.47,9.0,23,0,SYNTHETIC
16.37,20.0,0,0,SYNTHETIC
16.37,20.0,1,0,SYNTHETIC
16.37,18.0,2,0,SYNTHETIC
16.37,15.0,3,0,SYNTHETIC
16.37,15.0,4,0,SYNTHETIC
16.37,8.0,5,0,SYNTHETIC
16.37,18.0,6,0,SYNTHETIC
16.37,25.0,7,0,SYNTHETIC
16.37,81.0,8,1,SYNTHETIC
16.37,18.0,9,0,SYNTHETIC
16.37,14.0,10,0,SYNTHETIC
16.37,20.0,11,0,SYNTHETIC
16.37,18.0,12,0,SYNTHETIC
16.37,15.0,13,0,SYNTHETIC
16.37,22.0,14,0,SYNTHETIC
16.37,19.0,15,0,SYNTHETIC
16.37,53.0,16,1,SYNTHETIC
16.37,18.0,17,0,SYNTHETIC
16.37,16.0,18,0,SYNTHETIC
16.37,16.0,19,0,SYNTHETIC
16.37,14.0,20,0,SYNTHETIC
16.37,15.0,21,0,SYNTHETIC
16.37,16.0,22,0,SYNTHETIC
16.37,18.0,23,0,SYNTHETIC
34.19,28.0,0,0,SYNTHETIC
34.19,31.0,1,0,SYNTHETIC
34.19,47.0,2,0,SYNTHETIC
34.19,52.0,3,0,SYNTHETIC
34.19,31.0,4,0,SYNTHETIC
34.19,35.0,5,0,SYNTHETIC
34.19,15.0,6,0,SYNTHETIC
34.19,37.0,7,0,SYNTHETIC
34.19,41.0,8,0,SYNTHETIC
34.19,39.0,9,0,SYNTHETIC
34.19,38.0,10,0,SYNTHETIC
34.19,38.0,11,0,SYNTHETIC
34.19,32.0,12,0,SYNTHETIC
34.19,40.0,13,0,SYNTHETIC
34.19,37.0,14,0,SYNTHETIC
34.19,29.0,15,0,SYNTHETIC
34.19,55.0,16,0,SYNTHETIC
34.19,31.0,17,0,SYNTHETIC
34.19,33.0,18,0,SYNTHETIC
34.19,34.0,19,0,SYNTHETIC
34.19,21.0,20,0,SYNTHETIC
34.19,32.0,21,0,SYNTHETIC
34.19,37.0,22,0,SYNTHETIC
34.19,18.0,23,0,SYNTHETIC
29.73,31.0,0,0,SYNTHETIC
29.73,34.0,1,0,SYNTHETIC
29.73,11.0,2,0,SYNTHETIC
29.73,30.0,3,0,SYNTHETIC
29.73,41.0,4,0,SYNTHETIC
29.73,20.0,5,0,SYNTHETIC
29.73,29.0,6,0,SYNTHETIC
29.73,27.0,7,0,SYNTHETIC
29.73,30.0,8,0,SYNTHETIC
29.73,23.0,9,0,SYNTHETIC
29.73,18.0,10,0,SYNTHETIC
29.73,29.0,11,0,SYNTHETIC
29.73,22.0,12,0,SYNTHETIC
29.73,30.0,13,0,SYNTHETIC
29.73,34.0,14,0,SYNTHETIC
29.73,36.0,15,0,SYNTHETIC
29.73,38.0,16,0,SYNTHETIC
29.73,29.0,17,0,SYNTHETIC
29.73,41.0,18,0,SYNTHETIC
29.73,25.0,19,0,SYNTHETIC
29.73,16.0,20,0,SYNTHETIC
29.73,31.0,21,0,SYNTHETIC
29.73,32.0,22,0,SYNTHETIC
29.73,31.0,23,0,SYNTHETIC
32.25,40.0,0,0,SYNTHETIC
32.25,26.0,1,0,SYNTHETIC
32.25,28.0,2,0,SYNTHETIC
32.25,26.0,3,0,SYNTHETIC
32.25,23.0,4,0,SYNTHETIC
32.25,30.0,5,0,SYNTHETIC
32.25,27.0,6,0,SYNTHETIC
32.25,29.0,7,0,SYNTHETIC
32.25,25.0,8,0,SYNTHETIC
32.25,25.0,9,0,SYNTHETIC
32.25,42.0,10,0,SYNTHETIC
32.25,21.0,11,0,SYNTHETIC
32.25,22.0,12,0,SYNTHETIC
32.25,35.0,13,0,SYNTHETIC
32.25,138.0,14,1,SYNTHETIC
32.25,35.0,15,0,SYNTHETIC
32.25,38.0,16,0,SYNTHETIC
32.25,33.0,17,0,SYNTHETIC
32.25,44.0,18,0,SYNTHETIC
32.25,22.0,19,0,SYNTHETIC
32.25,14.0,20,0,SYNTHETIC
32.25,37.0,21,0,SYNTHETIC
32.25,34.0,22,0,SYNTHETIC
32.25,30.0,23,0,SYNTHETIC
24.16,18.0,0,0,SYNTHETIC
24.16,23.0,1,0,SYNTHETIC
24.16,31.0,2,0,SYNTHETIC
24.16,21.0,3,0,SYNTHETIC
24.16,25.0,4,0,SYNTHETIC
24.16,20.0,5,0,SYNTHETIC
24.16,23.0,6,0,SYNTHETIC
24.16,30.0,7,0,SYNTHETIC
24.16,35.0,8,0,SYNTHETIC
24.16,22.0,9,0,SYNTHETIC
24.16,32.0,10,0,SYNTHETIC
24.16,14.0,11,0,SYNTHETIC
24.16,25.0,12,0,SYNTHETIC
24.16,28.0,13,0,SYNTHETIC
24.16,23.0,14,0,SYNTHETIC
24.16,30.0,15,0,SYNTHETIC
24.16,19.0,16,0,SYNTHETIC
24.16,28.0,17,0,SYNTHETIC
24.16,25.0,18,0,SYNTHETIC
24.16,19.0,19,0,SYNTHETIC
24.16,20.0,20,0,SYNTHETIC
24.16,26.0,21,0,SYNTHETIC
24.16,25.0,22,0,SYNTHETIC
24.16,17.0,23,0,SYNTHETIC
37.68,56.0,0,0,SYNTHETIC
37.68,26.0,1,0,SYNTHETIC
37.68,36.0,2,0,SYNTHETIC
37.68,38.0,3,0,SYNTHETIC
37.68,43.0,4,0,SYNTHETIC
37.68,52.0,5,0,SYNTHETIC
37.68,47.0,6,0,SYNTHETIC
37.68,53.0,7,0,SYNTHETIC
37.68,42.0,8,0,SYNTHETIC
37.68,49.0,9,0,SYNTHETIC
37.68,23.0,10,0,SYNTHETIC
37.68,30.0,11,0,SYNTHETIC
37.68,42.0,12,0,SYNTHETIC
37.68,26.0,13,0,SYNTHETIC
37.68,28.0,14,0,SYNTHETIC
37.68,46.0,15,0,SYNTHETIC
37.68,29.0,16,0,SYNTHETIC
37.68,96.0,17,1,SYNTHETIC
37.68,34.0,18,0,SYNTHETIC
37.68,36.0,19,0,SYNTHETIC
37.68,23.0,20,0,SYNTHETIC
37.68,53.0,21,0,SYNTHETIC
37.68,41.0,22,0,SYNTHETIC
37.68,35.0,23,0,SYNTHETIC
26.87,21.0,0,0,SYNTHETIC
26.87,26.0,1,0,SYNTHETIC
26.87,23.0,2,0,SYNTHETIC
26.87,27.0,3,0,SYNTHETIC
26.87,35.0,4,0,SYNTHETIC
26.87,33.0,5,0,SYNTHETIC
26.87,27.0,6,0,SYNTHETIC
26.87,24.0,7,0,SYNTHETIC
26.87,33.0,8,0,SYNTHETIC
26.87,16.0,9,0,SYNTHETIC
26.87,28.0,10,0,SYNTHETIC
26.87,30.0,11,0,SYNTHETIC
26.87,28.0,12,0,SYNTHETIC
26.87,33.0,13,0,SYNTHETIC
26.87,36.0,14,0,SYNTHETIC
26.87,30.0,15,0,SYNTHETIC
26.87,33.0,16,0,SYNTHETIC
26.87,22.0,17,0,SYNTHETIC
26.87,31.0,18,0,SYNTHETIC
26.87,29.0,19,0,SYNTHETIC
26.87,31.0,20,0,SYNTHETIC
26.87,25.0,21,0,SYNTHETIC
26.87,21.0,22,0,SYNTHETIC
26.87,46.0,23,0,SYNTHETIC
11.12,11.0,0,0,SYNTHETIC
11.12,17.0,1,0,SYNTHETIC
11.12,13.0,2,0,SYNTHETIC
11.12,11.0,3,0,SYNTHETIC
11.12,11.0,4,0,SYNTHETIC
11.12,9.0,5,0,SYNTHETIC
11.12,8.0,6,0,SYNTHETIC
11.12,12.0,7,0,SYNTHETIC
11.12,11.0,8,0,SYNTHETIC
11.12,12.0,9,0,SYNTHETIC
11.12,11.0,10,0,SYNTHETIC
11.12,10.0,11,0,SYNTHETIC
11.12,13.0,12,0,SYNTHETIC
11.12,15.0,13,0,SYNTHETIC
11.12,13.0,14,0,SYNTHETIC
11.12,12.0,15,0,SYNTHETIC
11.12,10.0,16,0,SYNTHETIC
11.12,13.0,17,0,SYNTHETIC
11.12,6.0,18,0,SYNTHETIC
11.12,13.0,19,0,SYNTHETIC
11.12,13.0,20,0,SYNTHETIC
11.12,10.0,21,0,SYNTHETIC
11.12,15.0,22,0,SYNTHETIC
11.12,6.0,23,0,SYNTHETIC
13.6,13.0,0,0,SYNTHETIC
13.6,14.0,1,0,SYNTHETIC
13.6,11.0,2,0,SYNTHETIC
13.6,14.0,3,0,SYNTHETIC
13.6,13.0,4,0,SYNTHETIC
13.6,14.0,5,0,SYNTHETIC
13.6,17.0,6,0,SYNTHETIC
13.6,20.0,7,0,SYNTHETIC
13.6,9.0,8,0,SYNTHETIC
13.6,10.0,9,0,SYNTHETIC
13.6,15.0,10,0,SYNTHETIC
13.6,14.0,11,0,SYNTHETIC
13.6,12.0,12,0,SYNTHETIC
13.6,16.0,13,0,SYNTHETIC
13.6,13.0,14,0,SYNTHETIC
13.6,16.0,15,0,SYNTHETIC
13.6,16.0,16,0,SYNTHETIC
13.6,12.0,17,0,SYNTHETIC
13.6,16.0,18,0,SYNTHETIC
13.6,19.0,19,0,SYNTHETIC
13.6,11.0,20,0,SYNTHETIC
13.6,13.0,21,0,SYNTHETIC
13.6,9.0,22,0,SYNTHETIC
13.6,15.0,23,0,SYNTHETIC
11.03,12.0,0,0,SYNTHETIC
11.03,7.0,1,0,SYNTHETIC
11.03,8.0,2,0,SYNTHETIC
11.03,55.0,3,1,SYNTHETIC
11.03,31.0,4,1,SYNTHETIC
11.03,10.0,5,0,SYNTHETIC
11.03,11.0,6,0,SYNTHETIC
11.03,15.0,7,0,SYNTHETIC
11.03,8.0,8,0,SYNTHETIC
11.03,12.0,9,0,SYNTHETIC
11.03,17.0,10,0,SYNTHETIC
11.03,10.0,11,0,SYNTHETIC
11.03,7.0,12,0,SYNTHETIC
11.03,7.0,13,0,SYNTHETIC
11.03,11.0,14,0,SYNTHETIC
11.03,11.0,15,0,SYNTHETIC
11.03,11.0,16,0,SYNTHETIC
11.03,12.0,17,0,SYNTHETIC
11.03,11.0,18,0,SYNTHETIC
11.03,13.0,19,0,SYNTHETIC
11.03,12.0,20,0,SYNTHETIC
11.03,10.0,21,0,SYNTHETIC
11.03,13.0,22,0,SYNTHETIC
11.03,15.0,23,0,SYNTHETIC
17.1,22.0,0,0,SYNTHETIC
17.1,14.0,1,0,SYNTHETIC
17.1,16.0,2,0,SYNTHETIC
17.1,18.0,3,0,SYNTHETIC
17.1,15.0,4,0,SYNTHETIC
17.1,10.0,5,0,SYNTHETIC
17.1,15.0,6,0,SYNTHETIC
17.1,18.0,7,0,SYNTHETIC
17.1,12.0,8,0,SYNTHETIC
17.1,17.0,9,0,SYNTHETIC
17.1,7.0,10,0,SYNTHETIC
17.1,21.0,11,0,SYNTHETIC
17.1,18.0,12,0,SYNTHETIC
17.1,17.0,13,0,SYNTHETIC
17.1,17.0,14,0,SYNTHETIC
17.1,16.0,15,0,SYNTHETIC
17.1,16.0,16,0,SYNTHETIC
17.1,18.0,17,0,SYNTHETIC
17.1,17.0,18,0,SYNTHETIC
17.1,13.0,19,0,SYNTHETIC
17.1,20.0,20,0,SYNTHETIC
17.1,20.0,21,0,SYNTHETIC
17.1,15.0,22,0,SYNTHETIC
17.1,16.0,23,0,SYNTHETIC
16.97,13.0,0,0,SYNTHETIC
16.97,11.0,1,0,SYNTHETIC
16.97,14.0,2,0,SYNTHETIC
16.97,22.0,3,0,SYNTHETIC
16.97,52.0,4,1,SYNTHETIC
16.97,20.0,5,0,SYNTHETIC
16.97,20.0,6,0,SYNTHETIC
16.97,71.0,7,1,SYNTHETIC
16.97,13.0,8,0,SYNTHETIC
16.97,22.0,9,0,SYNTHETIC
16.97,20.0,10,0,SYNTHETIC
16.97,19.0,11,0,SYNTHETIC
16.97,44.0,12,1,SYNTHETIC
16.97,12.0,13,0,SYNTHETIC
16.97,13.0,14,0,SYNTHETIC
16.97,12.0,15,0,SYNTHETIC
16.97,24.0,16,0,SYNTHETIC
16.97,22.0,17,0,SYNTHETIC
16.97,17.0,18,0,SYNTHETIC
16.97,20.0,19,0,SYNTHETIC
16.97,14.0,20,0,SYNTHETIC
16.97,19.0,21,0,SYNTHETIC
16.97,16.0,22,0,SYNTHETIC
16.97,14.0,23,0,SYNTHETIC
16.01,10.0,0,0,SYNTHETIC
16.01,18.0,1,0,SYNTHETIC
16.01,9.0,2,0,SYNTHETIC
16.01,11.0,3,0,SYNTHETIC
16.01,13.0,4,0,SYNTHETIC
16.01,12.0,5,0,SYNTHETIC
16.01,20.0,6,0,SYNTHETIC
16.01,14.0,7,0,SYNTHETIC
16.01,19.0,8,0,SYNTHETIC
16.01,11.0,9,0,SYNTHETIC
16.01,18.0,10,0,SYNTHETIC
16.01,22.0,11,0,SYNTHETIC
16.01,14.0,12,0,SYNTHETIC
16.01,12.0,13,0,SYNTHETIC
16.01,13.0,14,0,SYNTHETIC
16.01,14.0,15,0,SYNTHETIC
16.01,14.0,16,0,SYNTHETIC
16.01,15.0,17,0,SYNTHETIC
16.01,10.0,18,0,SYNTHETIC
16.01,19.0,19,0,SYNTHETIC
16.01,17.0,20,0,SYNTHETIC
16.01,17.0,21,0,SYNTHETIC
16.01,19.0,22,0,SYNTHETIC
16.01,18.0,23,0,SYNTHETIC
25.47,26.0,0,0,SYNTHETIC
25.47,28.0,1,0,SYNTHETIC
25.47,31.0,2,0,SYNTHETIC
25.47,30.0,3,0,SYNTHETIC
25.47,28.0,4,0,SYNTHETIC
25.47,34.0,5,0,SYNTHETIC
25.47,23.0,6,0,SYNTHETIC
25.47,30.0,7,0,SYNTHETIC
25.47,21.0,8,0,SYNTHETIC
25.47,24.0,9,0,SYNTHETIC
25.47,15.0,10,0,SYNTHETIC
25.47,29.0,11,0,SYNTHETIC
25.47,33.0,12,0,SYNTHETIC
25.47,25.0,13,0,SYNTHETIC
25.47,25.0,14,0,SYNTHETIC
25.47,32.0,15,0,SYNTHETIC
25.47,26.0,16,0,SYNTHETIC
25.47,28.0,17,0,SYNTHETIC
25.47,38.0,18,0,SYNTHETIC
25.47,27.0,19,0,SYNTHETIC
25.47,31.0,20,0,SYNTHETIC
25.47,18.0,21,0,SYNTHETIC
25.47,18.0,22,0,SYNTHETIC
25.47,38.0,23,0,SYNTHETIC
17.01,14.0,0,0,SYNTHETIC
17.01,15.0,1,0,SYNTHETIC
17.01,16.0,2,0,SYNTHETIC
17.01,15.0,3,0,SYNTHETIC
17.01,19.0,4,0,SYNTHETIC
17.01,16.0,5,0,SYNTHETIC
17.01,19.0,6,0,SYNTHETIC
17.01,19.0,7,0,SYNTHETIC
17.01,10.0,8,0,SYNTHETIC
17.01,22.0,9,0,SYNTHETIC
17.01,15.0,10,0,SYNTHETIC
17.01,18.0,11,0,SYNTHETIC
17.01,10.0,12,0,SYNTHETIC
17.01,19.0,13,0,SYNTHETIC
17.01,16.0,14,0,SYNTHETIC
17.01,20.0,15,0,SYNTHETIC
17.01,11.0,16,0,SYNTHETIC
17.01,14.0,17,0,SYNTHETIC
17.01,22.0,18,0,SYNTHETIC
17.01,14.0,19,0,SYNTHETIC
17.01,21.0,20,0,SYNTHETIC
17.01,22.0,21,0,SYNTHETIC
17.01,19.0,22,0,SYNTHETIC
17.01,21.0,23,0,SYNTHETIC
34.86,50.0,0,0,SYNTHETIC
34.86,22.0,1,0,SYNTHETIC
34.86,54.0,2,0,SYNTHETIC
34.86,28.0,3,0,SYNTHETIC
34.86,23.0,4,0,SYNTHETIC
34.86,131.0,5,1,SYNTHETIC
34.86,44.0,6,0,SYNTHETIC
34.86,31.0,7,0,SYNTHETIC
34.86,31.0,8,0,SYNTHETIC
34.86,39.0,9,0,SYNTHETIC
34.86,47.0,10,0,SYNTHETIC
34.86,46.0,11,0,SYNTHETIC
34.86,24.0,12,0,SYNTHETIC
34.86,43.0,13,0,SYNTHETIC
34.86,46.0,14,0,SYNTHETIC
34.86,43.0,15,0,SYNTHETIC
34.86,48.0,16,0,SYNTHETIC
34.86,41.0,17,0,SYNTHETIC
34.86,20.0,18,0,SYNTHETIC
34.86,39.0,19,0,SYNTHETIC
34.86,37.0,20,0,SYNTHETIC
34.86,30.0,21,0,SYNTHETIC
34.86,20.0,22,0,SYNTHETIC
34.86,30.0,23,0,SYNTHETIC
32.43,29.0,0,0,SYNTHETIC
32.43,19.0,1,0,SYNTHETIC
32.43,34.0,2,0,SYNTHETIC
32.43,29.0,3,0,SYNTHETIC
32.43,32.0,4,0,SYNTHETIC
32.43,24.0,5,0,SYNTHETIC
32.43,17.0,6,0,SYNTHETIC
32.43,43.0,7,0,SYNTHETIC
32.43,40.0,8,0,SYNTHETIC
32.43,98.0,9,1,SYNTHETIC
32.43,38.0,10,0,SYNTHETIC
32.43,39.0,11,0,SYNTHETIC
32.43,36.0,12,0,SYNTHETIC
32.43,22.0,13,0,SYNTHETIC
32.43,23.0,14,0,SYNTHETIC
32.43,40.0,15,0,SYNTHETIC
32.43,42.0,16,0,SYNTHETIC
32.43,10.0,17,0,SYNTHETIC
32.43,26.0,18,0,SYNTHETIC
32.43,43.0,19,0,SYNTHETIC
32.43,41.0,20,0,SYNTHETIC
32.43,27.0,21,0,SYNTHETIC
32.43,33.0,22,0,SYNTHETIC
32.43,31.0,23,0,SYNTHETIC
28.46,14.0,0,0,SYNTHETIC
28.46,40.0,1,0,SYNTHETIC
28.46,14.0,2,0,SYNTHETIC
28.46,21.0,3,0,SYNTHETIC
28.46,26.0,4,0,SYNTHETIC
28.46,18.0,5,0,SYNTHETIC
28.46,28.0,6,0,SYNTHETIC
28.46,23.0,7,0,SYNTHETIC
28.46,35.0,8,0,SYNTHETIC
28.46,34.0,9,0,SYNTHETIC
28.46,23.0,10,0,SYNTHETIC
28.46,29.0,11,0,SYNTHETIC
28.46,28.0,12,0,SYNTHETIC
28.46,31.0,13,0,SYNTHETIC
28.46,33.0,14,0,SYNTHETIC
28.46,28.0,15,0,SYNTHETIC
28.46,45.0,16,0,SYNTHETIC
28.46,35.0,17,0,SYNTHETIC
28.46,17.0,18,0,SYNTHETIC
28.46,24.0,19,0,SYNTHETIC
28.46,33.0,20,0,SYNTHETIC
28.46,25.0,21,0,SYNTHETIC
28.46,114.0,22,1,SYNTHETIC
28.46,33.0,23,0,SYNTHETIC
26.36,35.0,0,0,SYNTHETIC
26.36,28.0,1,0,SYNTHETIC
26.36,24.0,2,0,SYNTHETIC
26.36,17.0,3,0,SYNTHETIC
26.36,22.0,4,0,SYNTHETIC
26.36,37.0,5,0,SYNTHETIC
26.36,40.0,6,0,SYNTHETIC
26.36,81.0,7,1,SYNTHETIC
26.36,25.0,8,0,SYNTHETIC
26.36,28.0,9,0,SYNTHETIC
26.36,23.0,10,0,SYNTHETIC
26.36,21.0,11,0,SYNTHETIC
26.36,29.0,12,0,SYNTHETIC
26.36,79.0,13,1,SYNTHETIC
26.36,21.0,14,0,SYNTHETIC
26.36,99.0,15,1,SYNTHETIC
26.36,22.0,16,0,SYNTHETIC
26.36,26.0,17,0,SYNTHETIC
26.36,30.0,18,0,SYNTHETIC
26.36,28.0,19,0,SYNTHETIC
26.36,24.0,20,0,SYNTHETIC
26.36,36.0,21,0,SYNTHETIC
26.36,28.0,22,0,SYNTHETIC
26.36,24.0,23,0,SYNTHETIC
15.14,19.0,0,0,SYNTHETIC
15.14,17.0,1,0,SYNTHETIC
15.14,13.0,2,0,SYNTHETIC
15.14,16.0,3,0,SYNTHETIC
15.14,13.0,4,0,SYNTHETIC
15.14,17.0,5,0,SYNTHETIC
15.14,18.0,6,0,SYNTHETIC
15.14,13.0,7,0,SYNTHETIC
15.14,41.0,8,1,SYNTHETIC
15.14,13.0,9,0,SYNTHETIC
15.14,15.0,10,0,SYNTHETIC
15.14,13.0,11,0,SYNTHETIC
15.14,19.0,12,0,SYNTHETIC
15.14,22.0,13,0,SYNTHETIC
15.14,12.0,14,0,SYNTHETIC
15.14,20.0,15,0,SYNTHETIC
15.14,13.0,16,0,SYNTHETIC
15.14,19.0,17,0,SYNTHETIC
15.14,10.0,18,0,SYNTHETIC
15.14,11.0,19,0,SYNTHETIC
15.14,11.0,20,0,SYNTHETIC
15.14,19.0,21,0,SYNTHETIC
15.14,22.0,22,0,SYNTHETIC
15.14,18.0,23,0,SYNTHETIC
22.4,21.0,0,0,SYNTHETIC
22.4,34.0,1,0,SYNTHETIC
22.4,28.0,2,0,SYNTHETIC
22.4,25.0,3,0,SYNTHETIC
22.4,23.0,4,0,SYNTHETIC
22.4,24.0,5,0,SYNTHETIC
22.4,74.0,6,1,SYNTHETIC
22.4,25.0,7,0,SYNTHETIC
22.4,16.0,8,0,SYNTHETIC
22.4,82.0,9,1,SYNTHETIC
22.4,22.0,10,0,SYNTHETIC
22.4,21.0,11,0,SYNTHETIC
22.4,24.0,12,0,SYNTHETIC
22.4,24.0,13,0,SYNTHETIC
22.4,20.0,14,0,SYNTHETIC
22.4,26.0,15,0,SYNTHETIC
22.4,24.0,16,0,SYNTHETIC
22.4,28.0,17,0,SYNTHETIC
22.4,31.0,18,0,SYNTHETIC
22.4,30.0,19,0,SYNTHETIC
22.4,19.0,20,0,SYNTHETIC
22.4,65.0,21,1,SYNTHETIC
22.4,28.0,22,0,SYNTHETIC
22.4,25.0,23,0,SYNTHETIC
32.2,43.0,0,0,SYNTHETIC
32.2,22.0,1,0,SYNTHETIC
32.2,32.0,2,0,SYNTHETIC
32.2,36.0,3,0,SYNTHETIC
32.2,46.0,4,0,SYNTHETIC
32.2,43.0,5,0,SYNTHETIC
32.2,40.0,6,0,SYNTHETIC
32.2,33.0,7,0,SYNTHETIC
32.2,161.0,8,1,SYNTHETIC
32.2,45.0,9,0,SYNTHETIC
32.2,115.0,10,1,SYNTHETIC
32.2,35.0,11,0,SYNTHETIC
32.2,38.0,12,0,SYNTHETIC
32.2,31.0,13,0,SYNTHETIC
32.2,29.0,14,0,SYNTHETIC
32.2,20.0,15,0,SYNTHETIC
32.2,29.0,16,0,SYNTHETIC
32.2,28.0,17,0,SYNTHETIC
32.2,12.0,18,0,SYNTHETIC
32.2,36.0,19,0,SYNTHETIC
32.2,28.0,20,0,SYNTHETIC
32.2,37.0,21,0,SYNTHETIC
32.2,37.0,22,0,SYNTHETIC
32.2,86.0,23,1,SYNTHETIC
34.7,26.0,0,0,SYNTHETIC
34.7,25.0,1,0,SYNTHETIC
34.7,35.0,2,0,SYNTHETIC
34.7,28.0,3,0,SYNTHETIC
34.7,28.0,4,0,SYNTHETIC
34.7,31.0,5,0,SYNTHETIC
34.7,35.0,6,0,SYNTHETIC
34.7,30.0,7,0,SYNTHETIC
34.7,48.0,8,0,SYNTHETIC
34.7,95.0,9,1,SYNTHETIC
34.7,41.0,10,0,SYNTHETIC
34.7,44.0,11,0,SYNTHETIC
34.7,31.0,12,0,SYNTHETIC
34.7,37.0,13,0,SYNTHETIC
34.7,47.0,14,0,SYNTHETIC
34.7,92.0,15,1,SYNTHETIC
34.7,34.0,16,0,SYNTHETIC
34.7,168.0,17,1,SYNTHETIC
34.7,113.0,18,1,SYNTHETIC
34.7,39.0,19,0,SYNTHETIC
34.7,34.0,20,0,SYNTHETIC
34.7,49.0,21,0,SYNTHETIC
34.7,28.0,22,0,SYNTHETIC
34.7,32.0,23,0,SYNTHETIC
15.45,13.0,0,0,SYNTHETIC
15.45,14.0,1,0,SYNTHETIC
15.45,19.0,2,0,SYNTHETIC
15.45,16.0,3,0,SYNTHETIC
15.45,21.0,4,0,SYNTHETIC
15.45,17.0,5,0,SYNTHETIC
15.45,12.0,6,0,SYNTHETIC
15.45,21.0,7,0,SYNTHETIC
15.45,19.0,8,0,SYNTHETIC
15.45,15.0,9,0,SYNTHETIC
15.45,15.0,10,0,SYNTHETIC
15.45,9.0,11,0,SYNTHETIC
15.45,14.0,12,0,SYNTHETIC
15.45,15.0,13,0,SYNTHETIC
15.45,10.0,14,0,SYNTHETIC
15.45,14.0,15,0,SYNTHETIC
15.45,16.0,16,0,SYNTHETIC
15.45,13.0,17,0,SYNTHETIC
15.45,6.0,18,0,SYNTHETIC
15.45,17.0,19,0,SYNTHETIC
15.45,8.0,20,0,SYNTHETIC
15.45,10.0,21,0,SYNTHETIC
15.45,22.0,22,0,SYNTHETIC
15.45,17.0,23,0,SYNTHETIC
20.35,28.0,0,0,SYNTHETIC
20.35,27.0,1,0,SYNTHETIC
20.35,19.0,2,0,SYNTHETIC
20.35,26.0,3,0,SYNTHETIC
20.35,12.0,4,0,SYNTHETIC
20.35,21.0,5,0,SYNTHETIC
20.35,17.0,6,0,SYNTHETIC
20.35,22.0,7,0,SYNTHETIC
20.35,13.0,8,0,SYNTHETIC
20.35,25.0,9,0,SYNTHETIC
20.35,35.0,10,0,SYNTHETIC
20.35,22.0,11,0,SYNTHETIC
20.35,18.0,12,0,SYNTHETIC
20.35,16.0,13,0,SYNTHETIC
20.35,14.0,14,0,SYNTHETIC
20.35,22.0,15,0,SYNTHETIC
20.35,21.0,16,0,SYNTHETIC
20.35,27.0,17,0,SYNTHETIC
20.35,29.0,18,0,SYNTHETIC
20.35,18.0,19,0,SYNTHETIC
20.35,13.0,20,0,SYNTHETIC
20.35,29.0,21,0,SYNTHETIC
20.35,91.0,22,1,SYNTHETIC
20.35,20.0,23,0,SYNTHETIC
24.07,23.0,0,0,SYNTHETIC
24.07,8.0,1,0,SYNTHETIC
24.07,23.0,2,0,SYNTHETIC
24.07,119.0,3,1,SYNTHETIC
24.07,16.0,4,0,SYNTHETIC
24.07,21.0,5,0,SYNTHETIC
24.07,20.0,6,0,SYNTHETIC
24.07,15.0,7,0,SYNTHETIC
24.07,25.0,8,0,SYNTHETIC
24.07,22.0,9,0,SYNTHETIC
24.07,19.0,10,0,SYNTHETIC
24.07,24.0,11,0,SYNTHETIC
24.07,30.0,12,0,SYNTHETIC
24.07,28.0,13,0,SYNTHETIC
24.07,118.0,14,1,SYNTHETIC
24.07,18.0,15,0,SYNTHETIC
24.07,14.0,16,0,SYNTHETIC
24.07,14.0,17,0,SYNTHETIC
24.07,24.0,18,0,SYNTHETIC
24.07,29.0,19,0,SYNTHETIC
24.07,25.0,20,0,SYNTHETIC
24.07,29.0,21,0,SYNTHETIC
24.07,30.0,22,0,SYNTHETIC
24.07,15.0,23,0,SYNTHETIC
19.17,7.0,0,0,SYNTHETIC
19.17,17.0,1,0,SYNTHETIC
19.17,23.0,2,0,SYNTHETIC
19.17,30.0,3,0,SYNTHETIC
19.17,68.0,4,1,SYNTHETIC
19.17,26.0,5,0,SYNTHETIC
19.17,22.0,6,0,SYNTHETIC
19.17,19.0,7,0,SYNTHETIC
19.17,21.0,8,0,SYNTHETIC
19.17,21.0,9,0,SYNTHETIC
19.17,24.0,10,0,SYNTHETIC
19.17,16.0,11,0,SYNTHETIC
19.17,26.0,12,0,SYNTHETIC
19.17,18.0,13,0,SYNTHETIC
19.17,23.0,14,0,SYNTHETIC
19.17,15.0,15,0,SYNTHETIC
19.17,22.0,16,0,SYNTHETIC
19.17,18.0,17,0,SYNTHETIC
19.17,24.0,18,0,SYNTHETIC
19.17,16.0,19,0,SYNTHETIC
19.17,23.0,20,0,SYNTHETIC
19.17,24.0,21,0,SYNTHETIC
19.17,14.0,22,0,SYNTHETIC
19.17,14.0,23,0,SYNTHETIC
32.73,39.0,0,0,SYNTHETIC
32.73,24.0,1,0,SYNTHETIC
32.73,27.0,2,0,SYNTHETIC
32.73,25.0,3,0,SYNTHETIC
32.73,21.0,4,0,SYNTHETIC
32.73,33.0,5,0,SYNTHETIC
32.73,41.0,6,0,SYNTHETIC
32.73,30.0,7,0,SYNTHETIC
32.73,16.0,8,0,SYNTHETIC
32.73,35.0,9,0,SYNTHETIC
32.73,31.0,10,0,SYNTHETIC
32.73,28.0,11,0,SYNTHETIC
32.73,33.0,12,0,SYNTHETIC
32.73,40.0,13,0,SYNTHETIC
32.73,40.0,14,0,SYNTHETIC
32.73,28.0,15,0,SYNTHETIC
32.73,28.0,16,0,SYNTHETIC
32.73,35.0,17,0,SYNTHETIC
32.73,43.0,18,0,SYNTHETIC
32.73,28.0,19,0,SYNTHETIC
32.73,34.0,20,0,SYNTHETIC
32.73,20.0,21,0,SYNTHETIC
32.73,39.0,22,0,SYNTHETIC
32.73,36.0,23,0,SYNTHETIC
39.59,48.0,0,0,SYNTHETIC
39.59,34.0,1,0,SYNTHETIC
39.59,34.0,2,0,SYNTHETIC
39.59,37.0,3,0,SYNTHETIC
39.59,61.0,4,0,SYNTHETIC
39.59,28.0,5,0,SYNTHETIC
39.59,42.0,6,0,SYNTHETIC
39.59,30.0,7,0,SYNTHETIC
39.59,39.0,8,0,SYNTHETIC
39.59,41.0,9,0,SYNTHETIC
39.59,116.0,10,1,SYNTHETIC
39.59,42.0,11,0,SYNTHETIC
39.59,37.0,12,0,SYNTHETIC
39.59,45.0,13,0,SYNTHETIC
39.59,160.0,14,1,SYNTHETIC
39.59,36.0,15,0,SYNTHETIC
39.59,51.0,16,0,SYNTHETIC
39.59,28.0,17,0,SYNTHETIC
39.59,55.0,18,0,SYNTHETIC
39.59,43.0,19,0,SYNTHETIC
39.59,39.0,20,0,SYNTHETIC
39.59,35.0,21,0,SYNTHETIC
39.59,35.0,22,0,SYNTHETIC
39.59,34.0,23,0,SYNTHETIC
20.04,17.0,0,0,SYNTHETIC
20.04,26.0,1,0,SYNTHETIC
20.04,17.0,2,0,SYNTHETIC
20.04,23.0,3,0,SYNTHETIC
20.04,26.0,4,0,SYNTHETIC
20.04,19.0,5,0,SYNTHETIC
20.04,27.0,6,0,SYNTHETIC
20.04,17.0,7,0,SYNTHETIC
20.04,17.0,8,0,SYNTHETIC
20.04,20.0,9,0,SYNTHETIC
20.04,14.0,10,0,SYNTHETIC
20.04,18.0,11,0,SYNTHETIC
20.04,14.0,12,0,SYNTHETIC
20.04,16.0,13,0,SYNTHETIC
20.04,21.0,14,0,SYNTHETIC
20.04,21.0,15,0,SYNTHETIC
20.04,17.0,16,0,SYNTHETIC
20.04,21.0,17,0,SYNTHETIC
20.04,18.0,18,0,SYNTHETIC
20.04,19.0,19,0,SYNTHETIC
20.04,18.0,20,0,SYNTHETIC
20.04,12.0,21,0,SYNTHETIC
20.04,25.0,22,0,SYNTHETIC
20.04,14.0,23,0,SYNTHETIC
25.37,33.0,0,0,SYNTHETIC
25.37,36.0,1,0,SYNTHETIC
25.37,18.0,2,0,SYNTHETIC
25.37,22.0,3,0,SYNTHETIC
25.37,31.0,4,0,SYNTHETIC
25.37,28.0,5,0,SYNTHETIC
25.37,15.0,6,0,SYNTHETIC
25.37,106.0,7,1,SYNTHETIC
25.37,25.0,8,0,SYNTHETIC
25.37,20.0,9,0,SYNTHETIC
25.37,23.0,10,0,SYNTHETIC
25.37,18.0,11,0,SYNTHETIC
25.37,44.0,12,0,SYNTHETIC
25.37,33.0,13,0,SYNTHETIC
25.37,35.0,14,0,SYNTHETIC
25.37,113.0,15,1,SYNTHETIC
25.37,13.0,16,0,SYNTHETIC
25.37,28.0,17,0,SYNTHETIC
25.37,28.0,18,0,SYNTHETIC
25.37,22.0,19,0,SYNTHETIC
25.37,34.0,20,0,SYNTHETIC
25.37,40.0,21,0,SYNTHETIC
25.37,29.0,22,0,SYNTHETIC
25.37,37.0,23,0,SYNTHETIC
12.68,15.0,0,0,SYNTHETIC
12.68,9.0,1,0,SYNTHETIC
12.68,14.0,2,0,SYNTHETIC
12.68,12.0,3,0,SYNTHETIC
12.68,33.0,4,1,SYNTHETIC
12.68,13.0,5,0,SYNTHETIC
12.68,11.0,6,0,SYNTHETIC
12.68,11.0,7,0,SYNTHETIC
12.68,16.0,8,0,SYNTHETIC
12.68,15.0,9,0,SYNTHETIC
12.68,14.0,10,0,SYNTHETIC
12.68,11.0,11,0,SYNTHETIC
12.68,12.0,12,0,SYNTHETIC
12.68,12.0,13,0,SYNTHETIC
12.68,53.0,14,1,SYNTHETIC
12.68,8.0,15,0,SYNTHETIC
12.68,17.0,16,0,SYNTHETIC
12.68,11.0,17,0,SYNTHETIC
12.68,18.0,18,0,SYNTHETIC
12.68,20.0,19,0,SYNTHETIC
12.68,11.0,20,0,SYNTHETIC
12.68,10.0,21,0,SYNTHETIC
12.68,15.0,22,0,SYNTHETIC
12.68,13.0,23,0,SYNTHETIC
23.42,29.0,0,0,SYNTHETIC
23.42,28.0,1,0,SYNTHETIC
23.42,28.0,2,0,SYNTHETIC
23.42,73.0,3,1,SYNTHETIC
23.42,22.0,4,0,SYNTHETIC
23.42,79.0,5,1,SYNTHETIC
23.42,28.0,6,0,SYNTHETIC
23.42,27.0,7,0,SYNTHETIC
23.42,63.0,8,1,SYNTHETIC
23.42,15.0,9,0,SYNTHETIC
23.42,21.0,10,0,SYNTHETIC
23.42,16.0,11,0,SYNTHETIC
23.42,18.0,12,0,SYNTHETIC
23.42,26.0,13,0,SYNTHETIC
23.42,26.0,14,0,SYNTHETIC
23.42,14.0,15,0,SYNTHETIC
23.42,30.0,16,0,SYNTHETIC
23.42,18.0,17,0,SYNTHETIC
23.42,65.0,18,1,SYNTHETIC
23.42,32.0,19,0,SYNTHETIC
23.42,24.0,20,0,SYNTHETIC
23.42,30.0,21,0,SYNTHETIC
23.42,28.0,22,0,SYNTHETIC
23.42,21.0,23,0,SYNTHETIC
33.04,40.0,0,0,SYNTHETIC
33.04,103.0,1,1,SYNTHETIC
33.04,25.0,2,0,SYNTHETIC
33.04,45.0,3,0,SYNTHETIC
33.04,49.0,4,0,SYNTHETIC
33.04,22.0,5,0,SYNTHETIC
33.04,25.0,6,0,SYNTHETIC
33.04,37.0,7,0,SYNTHETIC
33.04,28.0,8,0,SYNTHETIC
33.04,22.0,9,0,SYNTHETIC
33.04,35.0,10,0,SYNTHETIC
33.04,112.0,11,1,SYNTHETIC
33.04,21.0,12,0,SYNTHETIC
33.04,43.0,13,0,SYNTHETIC
33.04,46.0,14,0,SYNTHETIC
33.04,34.0,15,0,SYNTHETIC
33.04,25.0,16,0,SYNTHETIC
33.04,20.0,17,0,SYNTHETIC
33.04,27.0,18,0,SYNTHETIC
33.04,45.0,19,0,SYNTHETIC
33.04,27.0,20,0,SYNTHETIC
33.04,35.0,21,0,SYNTHETIC
33.04,30.0,22,0,SYNTHETIC
33.04,20.0,23,0,SYNTHETIC
13.85,13.0,0,0,SYNTHETIC
13.85,11.0,1,0,SYNTHETIC
13.85,14.0,2,0,SYNTHETIC
13.85,17.0,3,0,SYNTHETIC
13.85,15.0,4,0,SYNTHETIC
13.85,9.0,5,0,SYNTHETIC
13.85,12.0,6,0,SYNTHETIC
13.85,14.0,7,0,SYNTHETIC
13.85,17.0,8,0,SYNTHETIC
13.85,11.0,9,0,SYNTHETIC
13.85,22.0,10,0,SYNTHETIC
13.85,11.0,11,0,SYNTHETIC
13.85,6.0,12,0,SYNTHETIC
13.85,16.0,13,0,SYNTHETIC
13.85,11.0,14,0,SYNTHETIC
13.85,11.0,15,0,SYNTHETIC
13.85,9.0,16,0,SYNTHETIC
13.85,7.0,17,0,SYNTHETIC
13.85,13.0,18,0,SYNTHETIC
13.85,9.0,19,0,SYNTHETIC
13.85,15.0,20,0,SYNTHETIC
13.85,20.0,21,0,SYNTHETIC
13.85,11.0,22,0,SYNTHETIC
13.85,15.0,23,0,SYNTHETIC
17.0,51.0,0,1,SYNTHETIC
17.0,15.0,1,0,SYNTHETIC
17.0,23.0,2,0,SYNTHETIC
17.0,16.0,3,0,SYNTHETIC
17.0,20.0,4,0,SYNTHETIC
17.0,8.0,5,0,SYNTHETIC
17.0,14.0,6,0,SYNTHETIC
17.0,12.0,7,0,SYNTHETIC
17.0,21.0,8,0,SYNTHETIC
17.0,13.0,9,0,SYNTHETIC
17.0,24.0,10,0,SYNTHETIC
17.0,16.0,11,0,SYNTHETIC
17.0,25.0,12,0,SYNTHETIC
17.0,15.0,13,0,SYNTHETIC
17.0,16.0,14,0,SYNTHETIC
17.0,15.0,15,0,SYNTHETIC
17.0,15.0,16,0,SYNTHETIC
17.0,82.0,17,1,SYNTHETIC
17.0,22.0,18,0,SYNTHETIC
17.0,16.0,19,0,SYNTHETIC
17.0,17.0,20,0,SYNTHETIC
17.0,16.0,21,0,SYNTHETIC
17.0,12.0,22,0,SYNTHETIC
17.0,14.0,23,0,SYNTHETIC
34.19,31.0,0,0,SYNTHETIC
34.19,52.0,1,0,SYNTHETIC
34.19,27.0,2,0,SYNTHETIC
34.19,49.0,3,0,SYNTHETIC
34.19,32.0,4,0,SYNTHETIC
34.19,40.0,5,0,SYNTHETIC
34.19,29.0,6,0,SYNTHETIC
34.19,23.0,7,0,SYNTHETIC
34.19,33.0,8,0,SYNTHETIC
34.19,37.0,9,0,SYNTHETIC
34.19,25.0,10,0,SYNTHETIC
34.19,39.0,11,0,SYNTHETIC
34.19,45.0,12,0,SYNTHETIC
34.19,46.0,13,0,SYNTHETIC
34.19,33.0,14,0,SYNTHETIC
34.19,31.0,15,0,SYNTHETIC
34.19,28.0,16,0,SYNTHETIC
34.19,30.0,17,0,SYNTHETIC
34.19,29.0,18,0,SYNTHETIC
34.19,32.0,19,0,SYNTHETIC
34.19,22.0,20,0,SYNTHETIC
34.19,35.0,21,0,SYNTHETIC
34.19,35.0,22,0,SYNTHETIC
34.19,30.0,23,0,SYNTHETIC
30.88,32.0,0,0,SYNTHETIC
30.88,38.0,1,0,SYNTHETIC
30.88,58.0,2,0,SYNTHETIC
30.88,20.0,3,0,SYNTHETIC
30.88,36.0,4,0,SYNTHETIC
30.88,25.0,5,0,SYNTHETIC
30.88,30.0,6,0,SYNTHETIC
30.88,32.0,7,0,SYNTHETIC
30.88,23.0,8,0,SYNTHETIC
30.88,31.0,9,0,SYNTHETIC
30.88,29.0,10,0,SYNTHETIC
30.88,33.0,11,0,SYNTHETIC
30.88,93.0,12,1,SYNTHETIC
30.88,36.0,13,0,SYNTHETIC
30.88,36.0,14,0,SYNTHETIC
30.88,41.0,15,0,SYNTHETIC
30.88,23.0,16,0,SYNTHETIC
30.88,22.0,17,0,SYNTHETIC
30.88,14.0,18,0,SYNTHETIC
30.88,27.0,19,0,SYNTHETIC
30.88,24.0,20,0,SYNTHETIC
30.88,31.0,21,0,SYNTHETIC
30.88,35.0,22,0,SYNTHETIC
30.88,25.0,23,0,SYNTHETIC
11.29,16.0,0,0,SYNTHETIC
11.29,12.0,1,0,SYNTHETIC
11.29,9.0,2,0,SYNTHETIC
11.29,11.0,3,0,SYNTHETIC
11.29,53.0,4,1,SYNTHETIC
11.29,9.0,5,0,SYNTHETIC
11.29,32.0,6,1,SYNTHETIC
11.29,16.0,7,0,SYNTHETIC
11.29,11.0,8,0,SYNTHETIC
11.29,12.0,9,0,SYNTHETIC
11.29,10.0,10,0,SYNTHETIC
11.29,10.0,11,0,SYNTHETIC
11.29,10.0,12,0,SYNTHETIC
11.29,15.0,13,0,SYNTHETIC
11.29,9.0,14,0,SYNTHETIC
11.29,13.0,15,0,SYNTHETIC
11.29,11.0,16,0,SYNTHETIC
11.29,8.0,17,0,SYNTHETIC
11.29,9.0,18,0,SYNTHETIC
11.29,10.0,19,0,SYNTHETIC
11.29,9.0,20,0,SYNTHETIC
11.29,14.0,21,0,SYNTHETIC
11.29,10.0,22,0,SYNTHETIC
11.29,11.0,23,0,SYNTHETIC
19.25,22.0,0,0,SYNTHETIC
19.25,18.0,1,0,SYNTHETIC
19.25,17.0,2,0,SYNTHETIC
19.25,20.0,3,0,SYNTHETIC
19.25,20.0,4,0,SYNTHETIC
19.25,18.0,5,0,SYNTHETIC
19.25,19.0,6,0,SYNTHETIC
19.25,16.0,7,0,SYNTHETIC
19.25,16.0,8,0,SYNTHETIC
19.25,16.0,9,0,SYNTHETIC
19.25,14.0,10,0,SYNTHETIC
19.25,11.0,11,0,SYNTHETIC
19.25,71.0,12,1,SYNTHETIC
19.25,16.0,13,0,SYNTHETIC
19.25,21.0,14,0,SYNTHETIC
19.25,19.0,15,0,SYNTHETIC
19.25,15.0,16,0,SYNTHETIC
19.25,21.0,17,0,SYNTHETIC
19.25,12.0,18,0,SYNTHETIC
19.25,17.0,19,0,SYNTHETIC
19.25,14.0,20,0,SYNTHETIC
19.25,24.0,21,0,SYNTHETIC
19.25,22.0,22,0,SYNTHETIC
19.25,9.0,23,0,SYNTHETIC
27.41,30.0,0,0,SYNTHETIC
27.41,26.0,1,0,SYNTHETIC
27.41,27.0,2,0,SYNTHETIC
27.41,19.0,3,0,SYNTHETIC
27.41,27.0,4,0,SYNTHETIC
27.41,23.0,5,0,SYNTHETIC
27.41,18.0,6,0,SYNTHETIC
27.41,18.0,7,0,SYNTHETIC
27.41,30.0,8,0,SYNTHETIC
27.41,32.0,9,0,SYNTHETIC
27.41,26.0,10,0,SYNTHETIC
27.41,27.0,11,0,SYNTHETIC
27.41,25.0,12,0,SYNTHETIC
27.41,43.0,13,0,SYNTHETIC
27.41,25.0,14,0,SYNTHETIC
27.41,31.0,15,0,SYNTHETIC
27.41,39.0,16,0,SYNTHETIC
27.41,27.0,17,0,SYNTHETIC
27.41,26.0,18,0,SYNTHETIC
27.41,34.0,19,0,SYNTHETIC
27.41,20.0,20,0,SYNTHETIC
27.41,20.0,21,0,SYNTHETIC
27.41,14.0,22,0,SYNTHETIC
27.41,31.0,23,0,SYNTHETIC
10.62,9.0,0,0,SYNTHETIC
10.62,10.0,1,0,SYNTHETIC
10.62,12.0,2,0,SYNTHETIC
10.62,6.0,3,0,SYNTHETIC
10.62,13.0,4,0,SYNTHETIC
10.62,12.0,5,0,SYNTHETIC
10.62,9.0,6,0,SYNTHETIC
10.62,12.0,7,0,SYNTHETIC
10.62,9.0,8,0,SYNTHETIC
10.62,8.0,9,0,SYNTHETIC
10.62,8.0,10,0,SYNTHETIC
10.62,14.0,11,0,SYNTHETIC
10.62,13.0,12,0,SYNTHETIC
10.62,10.0,13,0,SYNTHETIC
10.62,12.0,14,0,SYNTHETIC
10.62,8.0,15,0,SYNTHETIC
10.62,14.0,16,0,SYNTHETIC
10.62,15.0,17,0,SYNTHETIC
10.62,10.0,18,0,SYNTHETIC
10.62,9.0,19,0,SYNTHETIC
10.62,12.0,20,0,SYNTHETIC
10.62,16.0,21,0,SYNTHETIC
10.62,9.0,22,0,SYNTHETIC
10.62,9.0,23,0,SYNTHETIC
23.21,24.0,0,0,SYNTHETIC
23.21,14.0,1,0,SYNTHETIC
23.21,32.0,2,0,SYNTHETIC
23.21,15.0,3,0,SYNTHETIC
23.21,14.0,4,0,SYNTHETIC
23.21,25.0,5,0,SYNTHETIC
23.21,113.0,6,1,SYNTHETIC
23.21,21.0,7,0,SYNTHETIC
23.21,23.0,8,0,SYNTHETIC
23.21,29.0,9,0,SYNTHETIC
23.21,23.0,10,0,SYNTHETIC
23.21,31.0,11,0,SYNTHETIC
23.21,30.0,12,0,SYNTHETIC
23.21,28.0,13,0,SYNTHETIC
23.21,27.0,14,0,SYNTHETIC
23.21,23.0,15,0,SYNTHETIC
23.21,31.0,16,0,SYNTHETIC
23.21,33.0,17,0,SYNTHETIC
23.21,24.0,18,0,SYNTHETIC
23.21,25.0,19,0,SYNTHETIC
23.21,23.0,20,0,SYNTHETIC
23.21,23.0,21,0,SYNTHETIC
23.21,14.0,22,0,SYNTHETIC
23.21,17.0,23,0,SYNTHETIC
23.29,20.0,0,0,SYNTHETIC
23.29,27.0,1,0,SYNTHETIC
23.29,20.0,2,0,SYNTHETIC
23.29,20.0,3,0,SYNTHETIC
23.29,20.0,4,0,SYNTHETIC
23.29,30.0,5,0,SYNTHETIC
23.29,31.0,6,0,SYNTHETIC
23.29,14.0,7,0,SYNTHETIC
23.29,22.0,8,0,SYNTHETIC
23.29,31.0,9,0,SYNTHETIC
23.29,23.0,10,0,SYNTHETIC
23.29,27.0,11,0,SYNTHETIC
23.29,21.0,12,0,SYNTHETIC
23.29,26.0,13,0,SYNTHETIC
23.29,28.0,14,0,SYNTHETIC
23.29,17.0,15,0,SYNTHETIC
23.29,26.0,16,0,SYNTHETIC
23.29,13.0,17,0,SYNTHETIC
23.29,23.0,18,0,SYNTHETIC
23.29,24.0,19,0,SYNTHETIC
23.29,24.0,20,0,SYNTHETIC
23.29,21.0,21,0,SYNTHETIC
23.29,16.0,22,0,SYNTHETIC
23.29,26.0,23,0,SYNTHETIC
34.55,42.0,0,0,SYNTHETIC
34.55,32.0,1,0,SYNTHETIC
34.55,127.0,2,1,SYNTHETIC
34.55,29.0,3,0,SYNTHETIC
34.55,34.0,4,0,SYNTHETIC
34.55,33.0,5,0,SYNTHETIC
34.55,32.0,6,0,SYNTHETIC
34.55,42.0,7,0,SYNTHETIC
34.55,24.0,8,0,SYNTHETIC
34.55,24.0,9,0,SYNTHETIC
34.55,34.0,10,0,SYNTHETIC
34.55,39.0,11,0,SYNTHETIC
34.55,27.0,12,0,SYNTHETIC
34.55,23.0,13,0,SYNTHETIC
34.55,44.0,14,0,SYNTHETIC
34.55,31.0,15,0,SYNTHETIC
34.55,36.0,16,0,SYNTHETIC
34.55,26.0,17,0,SYNTHETIC
34.55,22.0,18,0,SYNTHETIC
34.55,28.0,19,0,SYNTHETIC
34.55,18.0,20,0,SYNTHETIC
34.55,35.0,21,0,SYNTHETIC
34.55,17.0,22,0,SYNTHETIC
34.55,38.0,23,0,SYNTHETIC
14.66,7.0,0,0,SYNTHETIC
14.66,15.0,1,0,SYNTHETIC
14.66,15.0,2,0,SYNTHETIC
14.66,14.0,3,0,SYNTHETIC
14.66,15.0,4,0,SYNTHETIC
14.66,72.0,5,1,SYNTHETIC
14.66,64.0,6,1,SYNTHETIC
14.66,22.0,7,0,SYNTHETIC
14.66,19.0,8,0,SYNTHETIC
14.66,13.0,9,0,SYNTHETIC
14.66,10.0,10,0,SYNTHETIC
14.66,23.0,11,0,SYNTHETIC
14.66,7.0,12,0,SYNTHETIC
14.66,15.0,13,0,SYNTHETIC
14.66,10.0,14,0,SYNTHETIC
14.66,17.0,15,0,SYNTHETIC
14.66,13.0,16,0,SYNTHETIC
14.66,14.0,17,0,SYNTHETIC
14.66,17.0,18,0,SYNTHETIC
14.66,10.0,19,0,SYNTHETIC
14.66,17.0,20,0,SYNTHETIC
14.66,14.0,21,0,SYNTHETIC
14.66,22.0,22,0,SYNTHETIC
14.66,19.0,23,0,SYNTHETIC
11.45,11.0,0,0,SYNTHETIC
11.45,9.0,1,0,SYNTHETIC
11.45,11.0,2,0,SYNTHETIC
11.45,13.0,3,0,SYNTHETIC
11.45,12.0,4,0,SYNTHETIC
11.45,6.0,5,0,SYNTHETIC
11.45,11.0,6,0,SYNTHETIC
11.45,14.0,7,0,SYNTHETIC
11.45,12.0,8,0,SYNTHETIC
11.45,13.0,9,0,SYNTHETIC
11.45,9.0,10,0,SYNTHETIC
11.45,10.0,11,0,SYNTHETIC
11.45,11.0,12,0,SYNTHETIC
11.45,11.0,13,0,SYNTHETIC
11.45,11.0,14,0,SYNTHETIC
11.45,13.0,15,0,SYNTHETIC
11.45,9.0,16,0,SYNTHETIC
11.45,9.0,17,0,SYNTHETIC
11.45,16.0,18,0,SYNTHETIC
11.45,12.0,19,0,SYNTHETIC
11.45,11.0,20,0,SYNTHETIC
11.45,9.0,21,0,SYNTHETIC
11.45,18.0,22,0,SYNTHETIC
11.45,7.0,23,0,SYNTHETIC
18.68,18.0,0,0,SYNTHETIC
18.68,21.0,1,0,SYNTHETIC
18.68,22.0,2,0,SYNTHETIC
18.68,15.0,3,0,SYNTHETIC
18.68,13.0,4,0,SYNTHETIC
18.68,15.0,5,0,SYNTHETIC
18.68,24.0,6,0,SYNTHETIC
18.68,12.0,7,0,SYNTHETIC
18.68,57.0,8,1,SYNTHETIC
18.68,21.0,9,0,SYNTHETIC
18.68,5.0,10,0,SYNTHETIC
18.68,29.0,11,0,SYNTHETIC
18.68,21.0,12,0,SYNTHETIC
18.68,66.0,13,1,SYNTHETIC
18.68,30.0,14,0,SYNTHETIC
18.68,19.0,15,0,SYNTHETIC
18.68,20.0,16,0,SYNTHETIC
18.68,20.0,17,0,SYNTHETIC
18.68,79.0,18,1,SYNTHETIC
18.68,19.0,19,0,SYNTHETIC
18.68,22.0,20,0,SYNTHETIC
18.68,21.0,21,0,SYNTHETIC
18.68,18.0,22,0,SYNTHETIC
18.68,24.0,23,0,SYNTHETIC
14.77,10.0,0,0,SYNTHETIC
14.77,7.0,1,0,SYNTHETIC
14.77,17.0,2,0,SYNTHETIC
14.77,12.0,3,0,SYNTHETIC
14.77,16.0,4,0,SYNTHETIC
14.77,10.0,5,0,SYNTHETIC
14.77,45.0,6,1,SYNTHETIC
14.77,15.0,7,0,SYNTHETIC
14.77,17.0,8,0,SYNTHETIC
14.77,13.0,9,0,SYNTHETIC
14.77,11.0,10,0,SYNTHETIC
14.77,14.0,11,0,SYNTHETIC
14.77,16.0,12,0,SYNTHETIC
14.77,20.0,13,0,SYNTHETIC
14.77,16.0,14,0,SYNTHETIC
14.77,20.0,15,0,SYNTHETIC
14.77,14.0,16,0,SYNTHETIC
14.77,45.0,17,1,SYNTHETIC
14.77,14.0,18,0,SYNTHETIC
14.77,17.0,19,0,SYNTHETIC
14.77,13.0,20,0,SYNTHETIC
14.77,7.0,21,0,SYNTHETIC
14.77,11.0,22,0,SYNTHETIC
14.77,16.0,23,0,SYNTHETIC
20.6,21.0,0,0,SYNTHETIC
20.6,18.0,1,0,SYNTHETIC
20.6,20.0,2,0,SYNTHETIC
20.6,14.0,3,0,SYNTHETIC
20.6,18.0,4,0,SYNTHETIC
20.6,26.0,5,0,SYNTHETIC
20.6,24.0,6,0,SYNTHETIC
20.6,22.0,7,0,SYNTHETIC
20.6,18.0,8,0,SYNTHETIC
20.6,24.0,9,0,SYNTHETIC
20.6,15.0,10,0,SYNTHETIC
20.6,14.0,11,0,SYNTHETIC
20.6,99.0,12,1,SYNTHETIC
20.6,23.0,13,0,SYNTHETIC
20.6,22.0,14,0,SYNTHETIC
20.6,14.0,15,0,SYNTHETIC
20.6,20.0,16,0,SYNTHETIC
20.6,18.0,17,0,SYNTHETIC
20.6,23.0,18,0,SYNTHETIC
20.6,16.0,19,0,SYNTHETIC
20.6,21.0,20,0,SYNTHETIC
20.6,15.0,21,0,SYNTHETIC
20.6,17.0,22,0,SYNTHETIC
20.6,20.0,23,0,SYNTHETIC
22.44,15.0,0,0,SYNTHETIC
22.44,18.0,1,0,SYNTHETIC
22.44,15.0,2,0,SYNTHETIC
22.44,25.0,3,0,SYNTHETIC
22.44,31.0,4,0,SYNTHETIC
22.44,21.0,5,0,SYNTHETIC
22.44,22.0,6,0,SYNTHETIC
22.44,17.0,7,0,SYNTHETIC
22.44,23.0,8,0,SYNTHETIC
22.44,23.0,9,0,SYNTHETIC
22.44,16.0,10,0,SYNTHETIC
22.44,25.0,11,0,SYNTHETIC
22.44,34.0,12,0,SYNTHETIC
22.44,30.0,13,0,SYNTHETIC
22.44,30.0,14,0,SYNTHETIC
22.44,23.0,15,0,SYNTHETIC
22.44,30.0,16,0,SYNTHETIC
22.44,18.0,17,0,SYNTHETIC
22.44,14.0,18,0,SYNTHETIC
22.44,15.0,19,0,SYNTHETIC
22.44,20.0,20,0,SYNTHETIC
22.44,18.0,21,0,SYNTHETIC
22.44,6.0,22,0,SYNTHETIC
22.44,17.0,23,0,SYNTHETIC
33.58,49.0,0,0,SYNTHETIC
33.58,40.0,1,0,SYNTHETIC
33.58,31.0,2,0,SYNTHETIC
33.58,31.0,3,0,SYNTHETIC
33.58,27.0,4,0,SYNTHETIC
33.58,31.0,5,0,SYNTHETIC
33.58,39.0,6,0,SYNTHETIC
33.58,38.0,7,0,SYNTHETIC
33.58,34.0,8,0,SYNTHETIC
33.58,35.0,9,0,SYNTHETIC
33.58,43.0,10,0,SYNTHETIC
33.58,35.0,11,0,SYNTHETIC
33.58,21.0,12,0,SYNTHETIC
33.58,27.0,13,0,SYNTHETIC
33.58,37.0,14,0,SYNTHETIC
33.58,39.0,15,0,SYNTHETIC
33.58,31.0,16,0,SYNTHETIC
33.58,44.0,17,0,SYNTHETIC
33.58,22.0,18,0,SYNTHETIC
33.58,31.0,19,0,SYNTHETIC
33.58,29.0,20,0,SYNTHETIC
33.58,38.0,21,0,SYNTHETIC
33.58,22.0,22,0,SYNTHETIC
33.58,39.0,23,0,SYNTHETIC
27.82,24.0,0,0,SYNTHETIC
27.82,30.0,1,0,SYNTHETIC
27.82,30.0,2,0,SYNTHETIC
27.82,30.0,3,0,SYNTHETIC
27.82,31.0,4,0,SYNTHETIC
27.82,27.0,5,0,SYNTHETIC
27.82,30.0,6,0,SYNTHETIC
27.82,13.0,7,0,SYNTHETIC
27.82,27.0,8,0,SYNTHETIC
27.82,34.0,9,0,SYNTHETIC
27.82,29.0,10,0,SYNTHETIC
27.82,28.0,11,0,SYNTHETIC
27.82,23.0,12,0,SYNTHETIC
27.82,39.0,13,0,SYNTHETIC
27.82,23.0,14,0,SYNTHETIC
27.82,32.0,15,0,SYNTHETIC
27.82,42.0,16,0,SYNTHETIC
27.82,22.0,17,0,SYNTHETIC
27.82,23.0,18,0,SYNTHETIC
27.82,34.0,19,0,SYNTHETIC
27.82,39.0,20,0,SYNTHETIC
27.82,33.0,21,0,SYNTHETIC
27.82,27.0,22,0,SYNTHETIC
27.82,41.0,23,0,SYNTHETIC
32.01,31.0,0,0,SYNTHETIC
32.01,20.0,1,0,SYNTHETIC
32.01,44.0,2,0,SYNTHETIC
32.01,35.0,3,0,SYNTHETIC
32.01,19.0,4,0,SYNTHETIC
32.01,40.0,5,0,SYNTHETIC
32.01,43.0,6,0,SYNTHETIC
32.01,23.0,7,0,SYNTHETIC
32.01,32.0,8,0,SYNTHETIC
32.01,27.0,9,0,SYNTHETIC
32.01,20.0,10,0,SYNTHETIC
32.01,24.0,11,0,SYNTHETIC
32.01,22.0,12,0,SYNTHETIC
32.01,19.0,13,0,SYNTHETIC
32.01,117.0,14,1,SYNTHETIC
32.01,29.0,15,0,SYNTHETIC
32.01,31.0,16,0,SYNTHETIC
32.01,34.0,17,0,SYNTHETIC
32.01,41.0,18,0,SYNTHETIC
32.01,33.0,19,0,SYNTHETIC
32.01,37.0,20,0,SYNTHETIC
32.01,35.0,21,0,SYNTHETIC
32.01,29.0,22,0,SYNTHETIC
32.01,54.0,23,0,SYNTHETIC
33.68,43.0,0,0,SYNTHETIC
33.68,27.0,1,0,SYNTHETIC
33.68,22.0,2,0,SYNTHETIC
33.68,29.0,3,0,SYNTHETIC
33.68,46.0,4,0,SYNTHETIC
33.68,33.0,5,0,SYNTHETIC
33.68,39.0,6,0,SYNTHETIC
33.68,147.0,7,1,SYNTHETIC
33.68,46.0,8,0,SYNTHETIC
33.68,34.0,9,0,SYNTHETIC
33.68,23.0,10,0,SYNTHETIC
33.68,34.0,11,0,SYNTHETIC
33.68,33.0,12,0,SYNTHETIC
33.68,51.0,13,0,SYNTHETIC
33.68,47.0,14,0,SYNTHETIC
33.68,149.0,15,1,SYNTHETIC
33.68,52.0,16,0,SYNTHETIC
33.68,37.0,17,0,SYNTHETIC
33.68,28.0,18,0,SYNTHETIC
33.68,52.0,19,0,SYNTHETIC
33.68,41.0,20,0,SYNTHETIC
33.68,45.0,21,0,SYNTHETIC
33.68,40.0,22,0,SYNTHETIC
33.68,29.0,23,0,SYNTHETIC
11.51,13.0,0,0,SYNTHETIC
11.51,11.0,1,0,SYNTHETIC
11.51,9.0,2,0,SYNTHETIC
11.51,12.0,3,0,SYNTHETIC
11.51,16.0,4,0,SYNTHETIC
11.51,10.0,5,0,SYNTHETIC
11.51,11.0,6,0,SYNTHETIC
11.51,9.0,7,0,SYNTHETIC
11.51,15.0,8,0,SYNTHETIC
11.51,10.0,9,0,SYNTHETIC
11.51,12.0,10,0,SYNTHETIC
11.51,12.0,11,0,SYNTHETIC
11.51,12.0,12,0,SYNTHETIC
11.51,14.0,13,0,SYNTHETIC
11.51,14.0,14,0,SYNTHETIC
11.51,10.0,15,0,SYNTHETIC
11.51,15.0,16,0,SYNTHETIC
11.51,14.0,17,0,SYNTHETIC
11.51,11.0,18,0,SYNTHETIC
11.51,9.0,19,0,SYNTHETIC
11.51,12.0,20,0,SYNTHETIC
11.51,11.0,21,0,SYNTHETIC
11.51,9.0,22,0,SYNTHETIC
11.51,10.0,23,0,SYNTHETIC
36.4,27.0,0,0,SYNTHETIC
36.4,51.0,1,0,SYNTHETIC
36.4,33.0,2,0,SYNTHETIC
36.4,47.0,3,0,SYNTHETIC
36.4,55.0,4,0,SYNTHETIC
36.4,48.0,5,0,SYNTHETIC
36.4,41.0,6,0,SYNTHETIC
36.4,35.0,7,0,SYNTHETIC
36.4,111.0,8,1,SYNTHETIC
36.4,39.0,9,0,SYNTHETIC
36.4,57.0,10,0,SYNTHETIC
36.4,34.0,11,0,SYNTHETIC
36.4,48.0,12,0,SYNTHETIC
36.4,18.0,13,0,SYNTHETIC
36.4,46.0,14,0,SYNTHETIC
36.4,29.0,15,0,SYNTHETIC
36.4,53.0,16,0,SYNTHETIC
36.4,24.0,17,0,SYNTHETIC
36.4,97.0,18,1,SYNTHETIC
36.4,39.0,19,0,SYNTHETIC
36.4,21.0,20,0,SYNTHETIC
36.4,43.0,21,0,SYNTHETIC
36.4,36.0,22,0,SYNTHETIC
36.4,30.0,23,0,SYNTHETIC
35.42,46.0,0,0,SYNTHETIC
35.42,44.0,1,0,SYNTHETIC
35.42,28.0,2,0,SYNTHETIC
35.42,24.0,3,0,SYNTHETIC
35.42,25.0,4,0,SYNTHETIC
35.42,32.0,5,0,SYNTHETIC
35.42,37.0,6,0,SYNTHETIC
35.42,47.0,7,0,SYNTHETIC
35.42,46.0,8,0,SYNTHETIC
35.42,45.0,9,0,SYNTHETIC
35.42,30.0,10,0,SYNTHETIC
35.42,42.0,11,0,SYNTHETIC
35.42,122.0,12,1,SYNTHETIC
35.42,39.0,13,0,SYNTHETIC
35.42,35.0,14,0,SYNTHETIC
35.42,93.0,15,1,SYNTHETIC
35.42,42.0,16,0,SYNTHETIC
35.42,46.0,17,0,SYNTHETIC
35.42,33.0,18,0,SYNTHETIC
35.42,36.0,19,0,SYNTHETIC
35.42,22.0,20,0,SYNTHETIC
35.42,33.0,21,0,SYNTHETIC
35.42,21.0,22,0,SYNTHETIC
35.42,41.0,23,0,SYNTHETIC
25.86,28.0,0,0,SYNTHETIC
25.86,24.0,1,0,SYNTHETIC
25.86,28.0,2,0,SYNTHETIC
25.86,27.0,3,0,SYNTHETIC
25.86,19.0,4,0,SYNTHETIC
25.86,22.0,5,0,SYNTHETIC
25.86,36.0,6,0,SYNTHETIC
25.86,23.0,7,0,SYNTHETIC
25.86,22.0,8,0,SYNTHETIC
25.86,40.0,9,0,SYNTHETIC
25.86,32.0,10,0,SYNTHETIC
25.86,23.0,11,0,SYNTHETIC
25.86,27.0,12,0,SYNTHETIC
25.86,41.0,13,0,SYNTHETIC
25.86,28.0,14,0,SYNTHETIC
25.86,22.0,15,0,SYNTHETIC
25.86,20.0,16,0,SYNTHETIC
25.86,33.0,17,0,SYNTHETIC
25.86,25.0,18,0,SYNTHETIC
25.86,82.0,19,1,SYNTHETIC
25.86,28.0,20,0,SYNTHETIC
25.86,31.0,21,0,SYNTHETIC
25.86,28.0,22,0,SYNTHETIC
25.86,18.0,23,0,SYNTHETIC
32.74,37.0,0,0,SYNTHETIC
32.74,40.0,1,0,SYNTHETIC
32.74,24.0,2,0,SYNTHETIC
32.74,33.0,3,0,SYNTHETIC
32.74,37.0,4,0,SYNTHETIC
32.74,29.0,5,0,SYNTHETIC
32.74,8.0,6,0,SYNTHETIC
32.74,47.0,7,0,SYNTHETIC
32.74,29.0,8,0,SYNTHETIC
32.74,38.0,9,0,SYNTHETIC
32.74,20.0,10,0,SYNTHETIC
32.74,36.0,11,0,SYNTHETIC
32.74,25.0,12,0,SYNTHETIC
32.74,27.0,13,0,SYNTHETIC
32.74,33.0,14,0,SYNTHETIC
32.74,25.0,15,0,SYNTHETIC
32.74,35.0,16,0,SYNTHETIC
32.74,47.0,17,0,SYNTHETIC
32.74,25.0,18,0,SYNTHETIC
32.74,41.0,19,0,SYNTHETIC
32.74,22.0,20,0,SYNTHETIC
32.74,33.0,21,0,SYNTHETIC
32.74,31.0,22,0,SYNTHETIC
32.74,32.0,23,0,SYNTHETIC
28.02,18.0,0,0,SYNTHETIC
28.02,31.0,1,0,SYNTHETIC
28.02,25.0,2,0,SYNTHETIC
28.02,17.0,3,0,SYNTHETIC
28.02,17.0,4,0,SYNTHETIC
28.02,27.0,5,0,SYNTHETIC
28.02,22.0,6,0,SYNTHETIC
28.02,28.0,7,0,SYNTHETIC
28.02,36.0,8,0,SYNTHETIC
28.02,26.0,9,0,SYNTHETIC
28.02,31.0,10,0,SYNTHETIC
28.02,37.0,11,0,SYNTHETIC
28.02,30.0,12,0,SYNTHETIC
28.02,22.0,13,0,SYNTHETIC
28.02,28.0,14,0,SYNTHETIC
28.02,29.0,15,0,SYNTHETIC
28.02,14.0,16,0,SYNTHETIC
28.02,30.0,17,0,SYNTHETIC
28.02,19.0,18,0,SYNTHETIC
28.02,126.0,19,1,SYNTHETIC
28.02,20.0,20,0,SYNTHETIC
28.02,82.0,21,1,SYNTHETIC
28.02,33.0,22,0,SYNTHETIC
28.02,35.0,23,0,SYNTHETIC
12.26,17.0,0,0,SYNTHETIC
12.26,10.0,1,0,SYNTHETIC
12.26,56.0,2,1,SYNTHETIC
12.26,19.0,3,0,SYNTHETIC
12.26,14.0,4,0,SYNTHETIC
12.26,15.0,5,0,SYNTHETIC
12.26,13.0,6,0,SYNTHETIC
12.26,15.0,7,0,SYNTHETIC
12.26,15.0,8,0,SYNTHETIC
12.26,13.0,9,0,SYNTHETIC
12.26,5.0,10,0,SYNTHETIC
12.26,12.0,11,0,SYNTHETIC
12.26,16.0,12,0,SYNTHETIC
12.26,11.0,13,0,SYNTHETIC
12.26,11.0,14,0,SYNTHETIC
12.26,8.0,15,0,SYNTHETIC
12.26,13.0,16,0,SYNTHETIC
12.26,12.0,17,0,SYNTHETIC
12.26,10.0,18,0,SYNTHETIC
12.26,9.0,19,0,SYNTHETIC
12.26,17.0,20,0,SYNTHETIC
12.26,12.0,21,0,SYNTHETIC
12.26,11.0,22,0,SYNTHETIC
12.26,10.0,23,0,SYNTHETIC
30.76,28.0,0,0,SYNTHETIC
30.76,23.0,1,0,SYNTHETIC
30.76,35.0,2,0,SYNTHETIC
30.76,23.0,3,0,SYNTHETIC
30.76,30.0,4,0,SYNTHETIC
30.76,29.0,5,0,SYNTHETIC
30.76,29.0,6,0,SYNTHETIC
30.76,31.0,7,0,SYNTHETIC
30.76,33.0,8,0,SYNTHETIC
30.76,16.0,9,0,SYNTHETIC
30.76,23.0,10,0,SYNTHETIC
30.76,40.0,11,0,SYNTHETIC
30.76,42.0,12,0,SYNTHETIC
30.76,35.0,13,0,SYNTHETIC
30.76,41.0,14,0,SYNTHETIC
30.76,34.0,15,0,SYNTHETIC
30.76,31.0,16,0,SYNTHETIC
30.76,31.0,17,0,SYNTHETIC
30.76,31.0,18,0,SYNTHETIC
30.76,15.0,19,0,SYNTHETIC
30.76,80.0,20,1,SYNTHETIC
30.76,37.0,21,0,SYNTHETIC
30.76,36.0,22,0,SYNTHETIC
30.76,30.0,23,0,SYNTHETIC
32.44,40.0,0,0,SYNTHETIC
32.44,124.0,1,1,SYNTHETIC
32.44,36.0,2,0,SYNTHETIC
32.44,34.0,3,0,SYNTHETIC
32.44,28.0,4,0,SYNTHETIC
32.44,32.0,5,0,SYNTHETIC
32.44,22.0,6,0,SYNTHETIC
32.44,35.0,7,0,SYNTHETIC
32.44,29.0,8,0,SYNTHETIC
32.44,33.0,9,0,SYNTHETIC
32.44,31.0,10,0,SYNTHETIC
32.44,30.0,11,0,SYNTHETIC
32.44,102.0,12,1,SYNTHETIC
32.44,42.0,13,0,SYNTHETIC
32.44,39.0,14,0,SYNTHETIC
32.44,52.0,15,0,SYNTHETIC
32.44,23.0,16,0,SYNTHETIC
32.44,39.0,17,0,SYNTHETIC
32.44,20.0,18,0,SYNTHETIC
32.44,25.0,19,0,SYNTHETIC
32.44,24.0,20,0,SYNTHETIC
32.44,30.0,21,0,SYNTHETIC
32.44,25.0,22,0,SYNTHETIC
32.44,37.0,23,0,SYNTHETIC
13.79,17.0,0,0,SYNTHETIC
13.79,21.0,1,0,SYNTHETIC
13.79,15.0,2,0,SYNTHETIC
13.79,12.0,3,0,SYNTHETIC
13.79,16.0,4,0,SYNTHETIC
13.79,14.0,5,0,SYNTHETIC
13.79,14.0,6,0,SYNTHETIC
13.79,13.0,7,0,SYNTHETIC
13.79,15.0,8,0,SYNTHETIC
13.79,14.0,9,0,SYNTHETIC
13.79,13.0,10,0,SYNTHETIC
13.79,13.0,11,0,SYNTHETIC
13.79,13.0,12,0,SYNTHETIC
13.79,6.0,13,0,SYNTHETIC
13.79,14.0,14,0,SYNTHETIC
13.79,10.0,15,0,SYNTHETIC
13.79,52.0,16,1,SYNTHETIC
13.79,12.0,17,0,SYNTHETIC
13.79,12.0,18,0,SYNTHETIC
13.79,17.0,19,0,SYNTHETIC
13.79,21.0,20,0,SYNTHETIC
13.79,15.0,21,0,SYNTHETIC
13.79,6.0,22,0,SYNTHETIC
13.79,42.0,23,1,SYNTHETIC
17.33,22.0,0,0,SYNTHETIC
17.33,16.0,1,0,SYNTHETIC
17.33,13.0,2,0,SYNTHETIC
17.33,14.0,3,0,SYNTHETIC
17.33,17.0,4,0,SYNTHETIC
17.33,20.0,5,0,SYNTHETIC
17.33,9.0,6,0,SYNTHETIC
17.33,13.0,7,0,SYNTHETIC
17.33,22.0,8,0,SYNTHETIC
17.33,13.0,9,0,SYNTHETIC
17.33,15.0,10,0,SYNTHETIC
17.33,15.0,11,0,SYNTHETIC
17.33,10.0,12,0,SYNTHETIC
17.33,18.0,13,0,SYNTHETIC
17.33,21.0,14,0,SYNTHETIC
17.33,58.0,15,1,SYNTHETIC
17.33,23.0,16,0,SYNTHETIC
17.33,15.0,17,0,SYNTHETIC
17.33,24.0,18,0,SYNTHETIC
17.33,10.0,19,0,SYNTHETIC
17.33,11.0,20,0,SYNTHETIC
17.33,24.0,21,0,SYNTHETIC
17.33,16.0,22,0,SYNTHETIC
17.33,27.0,23,0,SYNTHETIC
11.03,17.0,0,0,SYNTHETIC
11.03,9.0,1,0,SYNTHETIC
11.03,9.0,2,0,SYNTHETIC
11.03,9.0,3,0,SYNTHETIC
11.03,13.0,4,0,SYNTHETIC
11.03,11.0,5,0,SYNTHETIC
11.03,13.0,6,0,SYNTHETIC
11.03,14.0,7,0,SYNTHETIC
11.03,11.0,8,0,SYNTHETIC
11.03,10.0,9,0,SYNTHETIC
11.03,9.0,10,0,SYNTHETIC
11.03,16.0,11,0,SYNTHETIC
11.03,8.0,12,0,SYNTHETIC
11.03,8.0,13,0,SYNTHETIC
11.03,13.0,14,0,SYNTHETIC
11.03,10.0,15,0,SYNTHETIC
11.03,12.0,16,0,SYNTHETIC
11.03,11.0,17,0,SYNTHETIC
11.03,11.0,18,0,SYNTHETIC
11.03,3.0,19,0,SYNTHETIC
11.03,17.0,20,0,SYNTHETIC
11.03,10.0,21,0,SYNTHETIC
11.03,7.0,22,0,SYNTHETIC
11.03,13.0,23,0,SYNTHETIC
11.68,13.0,0,0,SYNTHETIC
11.68,20.0,1,0,SYNTHETIC
11.68,13.0,2,0,SYNTHETIC
11.68,14.0,3,0,SYNTHETIC
11.68,17.0,4,0,SYNTHETIC
11.68,10.0,5,0,SYNTHETIC
11.68,14.0,6,0,SYNTHETIC
11.68,41.0,7,1,SYNTHETIC
11.68,12.0,8,0,SYNTHETIC
11.68,12.0,9,0,SYNTHETIC
11.68,7.0,10,0,SYNTHETIC
11.68,9.0,11,0,SYNTHETIC
11.68,9.0,12,0,SYNTHETIC
11.68,11.0,13,0,SYNTHETIC
11.68,13.0,14,0,SYNTHETIC
11.68,9.0,15,0,SYNTHETIC
11.68,10.0,16,0,SYNTHETIC
11.68,11.0,17,0,SYNTHETIC
11.68,11.0,18,0,SYNTHETIC
11.68,17.0,19,0,SYNTHETIC
11.68,12.0,20,0,SYNTHETIC
11.68,9.0,21,0,SYNTHETIC
11.68,4.0,22,0,SYNTHETIC
11.68,9.0,23,0,SYNTHETIC
33.67,46.0,0,0,SYNTHETIC
33.67,54.0,1,0,SYNTHETIC
33.67,129.0,2,1,SYNTHETIC
33.67,51.0,3,0,SYNTHETIC
33.67,25.0,4,0,SYNTHETIC
33.67,29.0,5,0,SYNTHETIC
33.67,29.0,6,0,SYNTHETIC
33.67,19.0,7,0,SYNTHETIC
33.67,40.0,8,0,SYNTHETIC
33.67,38.0,9,0,SYNTHETIC
33.67,27.0,10,0,SYNTHETIC
33.67,40.0,11,0,SYNTHETIC
33.67,15.0,12,0,SYNTHETIC
33.67,34.0,13,0,SYNTHETIC
33.67,37.0,14,0,SYNTHETIC
33.67,33.0,15,0,SYNTHETIC
33.67,40.0,16,0,SYNTHETIC
33.67,18.0,17,0,SYNTHETIC
33.67,31.0,18,0,SYNTHETIC
33.67,39.0,19,0,SYNTHETIC
33.67,154.0,20,1,SYNTHETIC
33.67,33.0,21,0,SYNTHETIC
33.67,27.0,22,0,SYNTHETIC
33.67,34.0,23,0,SYNTHETIC
14.15,19.0,0,0,SYNTHETIC
14.15,13.0,1,0,SYNTHETIC
14.15,10.0,2,0,SYNTHETIC
14.15,17.0,3,0,SYNTHETIC
14.15,16.0,4,0,SYNTHETIC
14.15,7.0,5,0,SYNTHETIC
14.15,11.0,6,0,SYNTHETIC
14.15,15.0,7,0,SYNTHETIC
14.15,13.0,8,0,SYNTHETIC
14.15,21.0,9,0,SYNTHETIC
14.15,13.0,10,0,SYNTHETIC
14.15,14.0,11,0,SYNTHETIC
14.15,8.0,12,0,SYNTHETIC
14.15,10.0,13,0,SYNTHETIC
14.15,18.0,14,0,SYNTHETIC
14.15,12.0,15,0,SYNTHETIC
14.15,9.0,16,0,SYNTHETIC
14.15,11.0,17,0,SYNTHETIC
14.15,19.0,18,0,SYNTHETIC
14.15,12.0,19,0,SYNTHETIC
14.15,13.0,20,0,SYNTHETIC
14.15,11.0,21,0,SYNTHETIC
14.15,17.0,22,0,SYNTHETIC
14.15,8.0,23,0,SYNTHETIC
26.72,43.0,0,0,SYNTHETIC
26.72,28.0,1,0,SYNTHETIC
26.72,21.0,2,0,SYNTHETIC
26.72,115.0,3,1,SYNTHETIC
26.72,29.0,4,0,SYNTHETIC
26.72,30.0,5,0,SYNTHETIC
26.72,35.0,6,0,SYNTHETIC
26.72,31.0,7,0,SYNTHETIC
26.72,23.0,8,0,SYNTHETIC
26.72,87.0,9,1,SYNTHETIC
26.72,26.0,10,0,SYNTHETIC
26.72,18.0,11,0,SYNTHETIC
26.72,21.0,12,0,SYNTHETIC
26.72,29.0,13,0,SYNTHETIC
26.72,35.0,14,0,SYNTHETIC
26.72,26.0,15,0,SYNTHETIC
26.72,26.0,16,0,SYNTHETIC
26.72,11.0,17,0,SYNTHETIC
26.72,25.0,18,0,SYNTHETIC
26.72,23.0,19,0,SYNTHETIC
26.72,30.0,20,0,SYNTHETIC
26.72,18.0,21,0,SYNTHETIC
26.72,25.0,22,0,SYNTHETIC
26.72,23.0,23,0,SYNTHETIC
27.57,25.0,0,0,SYNTHETIC
27.57,28.0,1,0,SYNTHETIC
27.57,27.0,2,0,SYNTHETIC
27.57,35.0,3,0,SYNTHETIC
27.57,39.0,4,0,SYNTHETIC
27.57,16.0,5,0,SYNTHETIC
27.57,19.0,6,0,SYNTHETIC
27.57,23.0,7,0,SYNTHETIC
27.57,38.0,8,0,SYNTHETIC
27.57,95.0,9,1,SYNTHETIC
27.57,124.0,10,1,SYNTHETIC
27.57,20.0,11,0,SYNTHETIC
27.57,22.0,12,0,SYNTHETIC
27.57,21.0,13,0,SYNTHETIC
27.57,37.0,14,0,SYNTHETIC
27.57,22.0,15,0,SYNTHETIC
27.57,30.0,16,0,SYNTHETIC
27.57,30.0,17,0,SYNTHETIC
27.57,21.0,18,0,SYNTHETIC
27.57,17.0,19,0,SYNTHETIC
27.57,22.0,20,0,SYNTHETIC
27.57,23.0,21,0,SYNTHETIC
27.57,36.0,22,0,SYNTHETIC
27.57,11.0,23,0,SYNTHETIC
29.88,28.0,0,0,SYNTHETIC
29.88,30.0,1,0,SYNTHETIC
29.88,34.0,2,0,SYNTHETIC
29.88,35.0,3,0,SYNTHETIC
29.88,32.0,4,0,SYNTHETIC
29.88,20.0,5,0,SYNTHETIC
29.88,11.0,6,0,SYNTHETIC
29.88,19.0,7,0,SYNTHETIC
29.88,39.0,8,0,SYNTHETIC
29.88,37.0,9,0,SYNTHETIC
29.88,26.0,10,0,SYNTHETIC
29.88,43.0,11,0,SYNTHETIC
29.88,20.0,12,0,SYNTHETIC
29.88,28.0,13,0,SYNTHETIC
29.88,37.0,14,0,SYNTHETIC
29.88,27.0,15,0,SYNTHETIC
29.88,16.0,16,0,SYNTHETIC
29.88,21.0,17,0,SYNTHETIC
29.88,29.0,18,0,SYNTHETIC
29.88,27.0,19,0,SYNTHETIC
29.88,36.0,20,0,SYNTHETIC
29.88,26.0,21,0,SYNTHETIC
29.88,46.0,22,0,SYNTHETIC
29.88,11.0,23,0,SYNTHETIC
22.87,19.0,0,0,SYNTHETIC
22.87,26.0,1,0,SYNTHETIC
22.87,24.0,2,0,SYNTHETIC
22.87,26.0,3,0,SYNTHETIC
22.87,10.0,4,0,SYNTHETIC
22.87,21.0,5,0,SYNTHETIC
22.87,22.0,6,0,SYNTHETIC
22.87,25.0,7,0,SYNTHETIC
22.87,23.0,8,0,SYNTHETIC
22.87,29.0,9,0,SYNTHETIC
22.87,26.0,10,0,SYNTHETIC
22.87,17.0,11,0,SYNTHETIC
22.87,15.0,12,0,SYNTHETIC
22.87,31.0,13,0,SYNTHETIC
22.87,23.0,14,0,SYNTHETIC
22.87,16.0,15,0,SYNTHETIC
22.87,30.0,16,0,SYNTHETIC
22.87,33.0,17,0,SYNTHETIC
22.87,23.0,18,0,SYNTHETIC
22.87,13.0,19,0,SYNTHETIC
22.87,74.0,20,1,SYNTHETIC
22.87,22.0,21,0,SYNTHETIC
22.87,17.0,22,0,SYNTHETIC
22.87,29.0,23,0,SYNTHETIC
39.37,38.0,0,0,SYNTHETIC
39.37,27.0,1,0,SYNTHETIC
39.37,30.0,2,0,SYNTHETIC
39.37,38.0,3,0,SYNTHETIC
39.37,37.0,4,0,SYNTHETIC
39.37,45.0,5,0,SYNTHETIC
39.37,46.0,6,0,SYNTHETIC
39.37,35.0,7,0,SYNTHETIC
39.37,42.0,8,0,SYNTHETIC
39.37,43.0,9,0,SYNTHETIC
39.37,26.0,10,0,SYNTHETIC
39.37,36.0,11,0,SYNTHETIC
39.37,185.0,12,1,SYNTHETIC
39.37,22.0,13,0,SYNTHETIC
39.37,22.0,14,0,SYNTHETIC
39.37,40.0,15,0,SYNTHETIC
39.37,44.0,16,0,SYNTHETIC
39.37,53.0,17,0,SYNTHETIC
39.37,40.0,18,0,SYNTHETIC
39.37,40.0,19,0,SYNTHETIC
39.37,25.0,20,0,SYNTHETIC
39.37,23.0,21,0,SYNTHETIC
39.37,109.0,22,1,SYNTHETIC
39.37,137.0,23,1,SYNTHETIC
20.3,28.0,0,0,SYNTHETIC
20.3,25.0,1,0,SYNTHETIC
20.3,17.0,2,0,SYNTHETIC
20.3,16.0,3,0,SYNTHETIC
20.3,19.0,4,0,SYNTHETIC
20.3,17.0,5,0,SYNTHETIC
20.3,18.0,6,0,SYNTHETIC
20.3,30.0,7,0,SYNTHETIC
20.3,18.0,8,0,SYNTHETIC
20.3,7.0,9,0,SYNTHETIC
20.3,26.0,10,0,SYNTHETIC
20.3,22.0,11,0,SYNTHETIC
20.3,23.0,12,0,SYNTHETIC
20.3,27.0,13,0,SYNTHETIC
20.3,19.0,14,0,SYNTHETIC
20.3,17.0,15,0,SYNTHETIC
20.3,23.0,16,0,SYNTHETIC
20.3,23.0,17,0,SYNTHETIC
20.3,26.0,18,0,SYNTHETIC
20.3,30.0,19,0,SYNTHETIC
20.3,24.0,20,0,SYNTHETIC
20.3,9.0,21,0,SYNTHETIC
20.3,25.0,22,0,SYNTHETIC
20.3,21.0,23,0,SYNTHETIC
18.46,10.0,0,0,SYNTHETIC
18.46,23.0,1,0,SYNTHETIC
18.46,11.0,2,0,SYNTHETIC
18.46,15.0,3,0,SYNTHETIC
18.46,13.0,4,0,SYNTHETIC
18.46,17.0,5,0,SYNTHETIC
18.46,16.0,6,0,SYNTHETIC
18.46,19.0,7,0,SYNTHETIC
18.46,21.0,8,0,SYNTHETIC
18.46,15.0,9,0,SYNTHETIC
18.46,14.0,10,0,SYNTHETIC
18.46,12.0,11,0,SYNTHETIC
18.46,27.0,12,0,SYNTHETIC
18.46,18.0,13,0,SYNTHETIC
18.46,12.0,14,0,SYNTHETIC
18.46,16.0,15,0,SYNTHETIC
18.46,20.0,16,0,SYNTHETIC
18.46,8.0,17,0,SYNTHETIC
18.46,26.0,18,0,SYNTHETIC
18.46,17.0,19,0,SYNTHETIC
18.46,19.0,20,0,SYNTHETIC
18.46,15.0,21,0,SYNTHETIC
18.46,14.0,22,0,SYNTHETIC
18.46,18.0,23,0,SYNTHETIC
30.74,28.0,0,0,SYNTHETIC
30.74,28.0,1,0,SYNTHETIC
30.74,30.0,2,0,SYNTHETIC
30.74,27.0,3,0,SYNTHETIC
30.74,30.0,4,0,SYNTHETIC
30.74,39.0,5,0,SYNTHETIC
30.74,30.0,6,0,SYNTHETIC
30.74,45.0,7,0,SYNTHETIC
30.74,28.0,8,0,SYNTHETIC
30.74,39.0,9,0,SYNTHETIC
30.74,30.0,10,0,SYNTHETIC
30.74,33.0,11,0,SYNTHETIC
30.74,39.0,12,0,SYNTHETIC
30.74,23.0,13,0,SYNTHETIC
30.74,30.0,14,0,SYNTHETIC
30.74,20.0,15,0,SYNTHETIC
30.74,35.0,16,0,SYNTHETIC
30.74,36.0,17,0,SYNTHETIC
30.74,36.0,18,0,SYNTHETIC
30.74,25.0,19,0,SYNTHETIC
30.74,18.0,20,0,SYNTHETIC
30.74,48.0,21,0,SYNTHETIC
30.74,39.0,22,0,SYNTHETIC
30.74,32.0,23,0,SYNTHETIC
31.79,47.0,0,0,SYNTHETIC
31.79,21.0,1,0,SYNTHETIC
31.79,29.0,2,0,SYNTHETIC
31.79,24.0,3,0,SYNTHETIC
31.79,41.0,4,0,SYNTHETIC
31.79,32.0,5,0,SYNTHETIC
31.79,47.0,6,0,SYNTHETIC
31.79,31.0,7,0,SYNTHETIC
31.79,40.0,8,0,SYNTHETIC
31.79,29.0,9,0,SYNTHETIC
31.79,24.0,10,0,SYNTHETIC
31.79,22.0,11,0,SYNTHETIC
31.79,32.0,12,0,SYNTHETIC
31.79,33.0,13,0,SYNTHETIC
31.79,29.0,14,0,SYNTHETIC
31.79,28.0,15,0,SYNTHETIC
31.79,29.0,16,0,SYNTHETIC
31.79,39.0,17,0,SYNTHETIC
31.79,28.0,18,0,SYNTHETIC
31.79,15.0,19,0,SYNTHETIC
31.79,26.0,20,0,SYNTHETIC
31.79,36.0,21,0,SYNTHETIC
31.79,42.0,22,0,SYNTHETIC
31.79,35.0,23,0,SYNTHETIC
34.6,34.0,0,0,SYNTHETIC
34.6,40.0,1,0,SYNTHETIC
34.6,43.0,2,0,SYNTHETIC
34.6,18.0,3,0,SYNTHETIC
34.6,26.0,4,0,SYNTHETIC
34.6,28.0,5,0,SYNTHETIC
34.6,34.0,6,0,SYNTHETIC
34.6,32.0,7,0,SYNTHETIC
34.6,38.0,8,0,SYNTHETIC
34.6,23.0,9,0,SYNTHETIC
34.6,34.0,10,0,SYNTHETIC
34.6,33.0,11,0,SYNTHETIC
34.6,48.0,12,0,SYNTHETIC
34.6,35.0,13,0,SYNTHETIC
34.6,45.0,14,0,SYNTHETIC
34.6,29.0,15,0,SYNTHETIC
34.6,49.0,16,0,SYNTHETIC
34.6,13.0,17,0,SYNTHETIC
34.6,27.0,18,0,SYNTHETIC
34.6,19.0,19,0,SYNTHETIC
34.6,45.0,20,0,SYNTHETIC
34.6,31.0,21,0,SYNTHETIC
34.6,42.0,22,0,SYNTHETIC
34.6,30.0,23,0,SYNTHETIC
27.16,29.0,0,0,SYNTHETIC
27.16,28.0,1,0,SYNTHETIC
27.16,37.0,2,0,SYNTHETIC
27.16,27.0,3,0,SYNTHETIC
27.16,22.0,4,0,SYNTHETIC
27.16,32.0,5,0,SYNTHETIC
27.16,24.0,6,0,SYNTHETIC
27.16,24.0,7,0,SYNTHETIC
27.16,23.0,8,0,SYNTHETIC
27.16,18.0,9,0,SYNTHETIC
27.16,22.0,10,0,SYNTHETIC
27.16,23.0,11,0,SYNTHETIC
27.16,22.0,12,0,SYNTHETIC
27.16,12.0,13,0,SYNTHETIC
27.16,25.0,14,0,SYNTHETIC
27.16,28.0,15,0,SYNTHETIC
27.16,32.0,16,0,SYNTHETIC
27.16,132.0,17,1,SYNTHETIC
27.16,36.0,18,0,SYNTHETIC
27.16,106.0,19,1,SYNTHETIC
27.16,32.0,20,0,SYNTHETIC
27.16,93.0,21,1,SYNTHETIC
27.16,16.0,22,0,SYNTHETIC
27.16,22.0,23,0,SYNTHETIC
34.75,20.0,0,0,SYNTHETIC
34.75,33.0,1,0,SYNTHETIC
34.75,44.0,2,0,SYNTHETIC
34.75,31.0,3,0,SYNTHETIC
34.75,49.0,4,0,SYNTHETIC
34.75,29.0,5,0,SYNTHETIC
34.75,34.0,6,0,SYNTHETIC
34.75,27.0,7,0,SYNTHETIC
34.75,44.0,8,0,SYNTHETIC
34.75,44.0,9,0,SYNTHETIC
34.75,28.0,10,0,SYNTHETIC
34.75,18.0,11,0,SYNTHETIC
34.75,36.0,12,0,SYNTHETIC
34.75,36.0,13,0,SYNTHETIC
34.75,47.0,14,0,SYNTHETIC
34.75,45.0,15,0,SYNTHETIC
34.75,39.0,16,0,SYNTHETIC
34.75,47.0,17,0,SYNTHETIC
34.75,36.0,18,0,SYNTHETIC
34.75,33.0,19,0,SYNTHETIC
34.75,28.0,20,0,SYNTHETIC
34.75,146.0,21,1,SYNTHETIC
34.75,21.0,22,0,SYNTHETIC
34.75,41.0,23,0,SYNTHETIC
34.59,27.0,0,0,SYNTHETIC
34.59,38.0,1,0,SYNTHETIC
34.59,52.0,2,0,SYNTHETIC
34.59,30.0,3,0,SYNTHETIC
34.59,45.0,4,0,SYNTHETIC
34.59,28.0,5,0,SYNTHETIC
34.59,40.0,6,0,SYNTHETIC
34.59,43.0,7,0,SYNTHETIC
34.59,40.0,8,0,SYNTHETIC
34.59,35.0,9,0,SYNTHETIC
34.59,40.0,10,0,SYNTHETIC
34.59,24.0,11,0,SYNTHETIC
34.59,20.0,12,0,SYNTHETIC
34.59,49.0,13,0,SYNTHETIC
34.59,27.0,14,0,SYNTHETIC
34.59,52.0,15,0,SYNTHETIC
34.59,34.0,16,0,SYNTHETIC
34.59,32.0,17,0,SYNTHETIC
34.59,22.0,18,0,SYNTHETIC
34.59,60.0,19,0,SYNTHETIC
34.59,35.0,20,0,SYNTHETIC
34.59,36.0,21,0,SYNTHETIC
34.59,50.0,22,0,SYNTHETIC
34.59,27.0,23,0,SYNTHETIC
15.8,16.0,0,0,SYNTHETIC
15.8,15.0,1,0,SYNTHETIC
15.8,16.0,2,0,SYNTHETIC
15.8,14.0,3,0,SYNTHETIC
15.8,14.0,4,0,SYNTHETIC
15.8,12.0,5,0,SYNTHETIC
15.8,13.0,6,0,SYNTHETIC
15.8,17.0,7,0,SYNTHETIC
15.8,70.0,8,1,SYNTHETIC
15.8,19.0,9,0,SYNTHETIC
15.8,14.0,10,0,SYNTHETIC
15.8,12.0,11,0,SYNTHETIC
15.8,20.0,12,0,SYNTHETIC
15.8,23.0,13,0,SYNTHETIC
15.8,21.0,14,0,SYNTHETIC
15.8,15.0,15,0,SYNTHETIC
15.8,15.0,16,0,SYNTHETIC
15.8,15.0,17,0,SYNTHETIC
15.8,9.0,18,0,SYNTHETIC
15.8,21.0,19,0,SYNTHETIC
15.8,25.0,20,0,SYNTHETIC
15.8,11.0,21,0,SYNTHETIC
15.8,12.0,22,0,SYNTHETIC
15.8,17.0,23,0,SYNTHETIC
31.51,18.0,0,0,SYNTHETIC
31.51,28.0,1,0,SYNTHETIC
31.51,27.0,2,0,SYNTHETIC
31.51,29.0,3,0,SYNTHETIC
31.51,28.0,4,0,SYNTHETIC
31.51,35.0,5,0,SYNTHETIC
31.51,39.0,6,0,SYNTHETIC
31.51,49.0,7,0,SYNTHETIC
31.51,32.0,8,0,SYNTHETIC
31.51,33.0,9,0,SYNTHETIC
31.51,117.0,10,1,SYNTHETIC
31.51,39.0,11,0,SYNTHETIC
31.51,46.0,12,0,SYNTHETIC
31.51,32.0,13,0,SYNTHETIC
31.51,35.0,14,0,SYNTHETIC
31.51,28.0,15,0,SYNTHETIC
31.51,27.0,16,0,SYNTHETIC
31.51,38.0,17,0,SYNTHETIC
31.51,20.0,18,0,SYNTHETIC
31.51,41.0,19,0,SYNTHETIC
31.51,97.0,20,1,SYNTHETIC
31.51,33.0,21,0,SYNTHETIC
31.51,33.0,22,0,SYNTHETIC
31.51,34.0,23,0,SYNTHETIC
38.49,48.0,0,0,SYNTHETIC
38.49,58.0,1,0,SYNTHETIC
38.49,30.0,2,0,SYNTHETIC
38.49,31.0,3,0,SYNTHETIC
38.49,48.0,4,0,SYNTHETIC
38.49,40.0,5,0,SYNTHETIC
38.49,40.0,6,0,SYNTHETIC
38.49,41.0,7,0,SYNTHETIC
38.49,37.0,8,0,SYNTHETIC
38.49,45.0,9,0,SYNTHETIC
38.49,49.0,10,0,SYNTHETIC
38.49,53.0,11,0,SYNTHETIC
38.49,43.0,12,0,SYNTHETIC
38.49,36.0,13,0,SYNTHETIC
38.49,40.0,14,0,SYNTHETIC
38.49,29.0,15,0,SYNTHETIC
38.49,34.0,16,0,SYNTHETIC
38.49,38.0,17,0,SYNTHETIC
38.49,52.0,18,0,SYNTHETIC
38.49,30.0,19,0,SYNTHETIC
38.49,34.0,20,0,SYNTHETIC
38.49,31.0,21,0,SYNTHETIC
38.49,37.0,22,0,SYNTHETIC
38.49,32.0,23,0,SYNTHETIC
11.33,11.0,0,0,SYNTHETIC
11.33,12.0,1,0,SYNTHETIC
11.33,12.0,2,0,SYNTHETIC
11.33,11.0,3,0,SYNTHETIC
11.33,11.0,4,0,SYNTHETIC
11.33,7.0,5,0,SYNTHETIC
11.33,10.0,6,0,SYNTHETIC
11.33,13.0,7,0,SYNTHETIC
11.33,15.0,8,0,SYNTHETIC
11.33,13.0,9,0,SYNTHETIC
11.33,12.0,10,0,SYNTHETIC
11.33,14.0,11,0,SYNTHETIC
11.33,13.0,12,0,SYNTHETIC
11.33,9.0,13,0,SYNTHETIC
11.33,34.0,14,1,SYNTHETIC
11.33,13.0,15,0,SYNTHETIC
11.33,10.0,16,0,SYNTHETIC
11.33,16.0,17,0,SYNTHETIC
11.33,9.0,18,0,SYNTHETIC
11.33,15.0,19,0,SYNTHETIC
11.33,12.0,20,0,SYNTHETIC
11.33,13.0,21,0,SYNTHETIC
11.33,12.0,22,0,SYNTHETIC
11.33,11.0,23,0,SYNTHETIC
21.96,23.0,0,0,SYNTHETIC
21.96,31.0,1,0,SYNTHETIC
21.96,29.0,2,0,SYNTHETIC
21.96,29.0,3,0,SYNTHETIC
21.96,13.0,4,0,SYNTHETIC
21.96,86.0,5,1,SYNTHETIC
21.96,105.0,6,1,SYNTHETIC
21.96,93.0,7,1,SYNTHETIC
21.96,25.0,8,0,SYNTHETIC
21.96,33.0,9,0,SYNTHETIC
21.96,28.0,10,0,SYNTHETIC
21.96,13.0,11,0,SYNTHETIC
21.96,18.0,12,0,SYNTHETIC
21.96,22.0,13,0,SYNTHETIC
21.96,25.0,14,0,SYNTHETIC
21.96,76.0,15,1,SYNTHETIC
21.96,27.0,16,0,SYNTHETIC
21.96,27.0,17,0,SYNTHETIC
21.96,19.0,18,0,SYNTHETIC
21.96,14.0,19,0,SYNTHETIC
21.96,22.0,20,0,SYNTHETIC
21.96,32.0,21,0,SYNTHETIC
21.96,98.0,22,1,SYNTHETIC
21.96,80.0,23,1,SYNTHETIC
24.84,41.0,0,0,SYNTHETIC
24.84,25.0,1,0,SYNTHETIC
24.84,39.0,2,0,SYNTHETIC
24.84,29.0,3,0,SYNTHETIC
24.84,29.0,4,0,SYNTHETIC
24.84,27.0,5,0,SYNTHETIC
24.84,30.0,6,0,SYNTHETIC
24.84,25.0,7,0,SYNTHETIC
24.84,21.0,8,0,SYNTHETIC
24.84,26.0,9,0,SYNTHETIC
24.84,24.0,10,0,SYNTHETIC
24.84,16.0,11,0,SYNTHETIC
24.84,39.0,12,0,SYNTHETIC
24.84,17.0,13,0,SYNTHETIC
24.84,22.0,14,0,SYNTHETIC
24.84,18.0,15,0,SYNTHETIC
24.84,29.0,16,0,SYNTHETIC
24.84,18.0,17,0,SYNTHETIC
24.84,25.0,18,0,SYNTHETIC
24.84,20.0,19,0,SYNTHETIC
24.84,27.0,20,0,SYNTHETIC
24.84,39.0,21,0,SYNTHETIC
24.84,15.0,22,0,SYNTHETIC
24.84,13.0,23,0,SYNTHETIC
29.05,140.0,0,1,SYNTHETIC
29.05,25.0,1,0,SYNTHETIC
29.05,20.0,2,0,SYNTHETIC
29.05,30.0,3,0,SYNTHETIC
29.05,35.0,4,0,SYNTHETIC
29.05,21.0,5,0,SYNTHETIC
29.05,20.0,6,0,SYNTHETIC
29.05,29.0,7,0,SYNTHETIC
29.05,27.0,8,0,SYNTHETIC
29.05,31.0,9,0,SYNTHETIC
29.05,20.0,10,0,SYNTHETIC
29.05,40.0,11,0,SYNTHETIC
29.05,30.0,12,0,SYNTHETIC
29.05,34.0,13,0,SYNTHETIC
29.05,12.0,14,0,SYNTHETIC
29.05,33.0,15,0,SYNTHETIC
29.05,28.0,16,0,SYNTHETIC
29.05,24.0,17,0,SYNTHETIC
29.05,26.0,18,0,SYNTHETIC
29.05,29.0,19,0,SYNTHETIC
29.05,35.0,20,0,SYNTHETIC
29.05,22.0,21,0,SYNTHETIC
29.05,33.0,22,0,SYNTHETIC
29.05,41.0,23,0,SYNTHETIC
34.25,29.0,0,0,SYNTHETIC
34.25,35.0,1,0,SYNTHETIC
34.25,15.0,2,0,SYNTHETIC
34.25,33.0,3,0,SYNTHETIC
34.25,34.0,4,0,SYNTHETIC
34.25,36.0,5,0,SYNTHETIC
34.25,31.0,6,0,SYNTHETIC
34.25,30.0,7,0,SYNTHETIC
34.25,47.0,8,0,SYNTHETIC
34.25,31.0,9,0,SYNTHETIC
34.25,21.0,10,0,SYNTHETIC
34.25,34.0,11,0,SYNTHETIC
34.25,50.0,12,0,SYNTHETIC
34.25,16.0,13,0,SYNTHETIC
34.25,29.0,14,0,SYNTHETIC
34.25,36.0,15,0,SYNTHETIC
34.25,22.0,16,0,SYNTHETIC
34.25,39.0,17,0,SYNTHETIC
34.25,25.0,18,0,SYNTHETIC
34.25,27.0,19,0,SYNTHETIC
34.25,26.0,20,0,SYNTHETIC
34.25,44.0,21,0,SYNTHETIC
34.25,28.0,22,0,SYNTHETIC
34.25,35.0,23,0,SYNTHETIC
39.22,43.0,0,0,SYNTHETIC
39.22,50.0,1,0,SYNTHETIC
39.22,48.0,2,0,SYNTHETIC
39.22,36.0,3,0,SYNTHETIC
39.22,44.0,4,0,SYNTHETIC
39.22,41.0,5,0,SYNTHETIC
39.22,34.0,6,0,SYNTHETIC
39.22,49.0,7,0,SYNTHETIC
39.22,147.0,8,1,SYNTHETIC
39.22,41.0,9,0,SYNTHETIC
39.22,41.0,10,0,SYNTHETIC
39.22,29.0,11,0,SYNTHETIC
39.22,37.0,12,0,SYNTHETIC
39.22,123.0,13,1,SYNTHETIC
39.22,67.0,14,0,SYNTHETIC
39.22,34.0,15,0,SYNTHETIC
39.22,40.0,16,0,SYNTHETIC
39.22,29.0,17,0,SYNTHETIC
39.22,41.0,18,0,SYNTHETIC
39.22,105.0,19,1,SYNTHETIC
39.22,37.0,20,0,SYNTHETIC
39.22,39.0,21,0,SYNTHETIC
39.22,32.0,22,0,SYNTHETIC
39.22,30.0,23,0,SYNTHETIC
17.98,13.0,0,0,SYNTHETIC
17.98,14.0,1,0,SYNTHETIC
17.98,28.0,2,0,SYNTHETIC
17.98,17.0,3,0,SYNTHETIC
17.98,76.0,4,1,SYNTHETIC
17.98,22.0,5,0,SYNTHETIC
17.98,21.0,6,0,SYNTHETIC
17.98,10.0,7,0,SYNTHETIC
17.98,19.0,8,0,SYNTHETIC
17.98,19.0,9,0,SYNTHETIC
17.98,19.0,10,0,SYNTHETIC
17.98,23.0,11,0,SYNTHETIC
17.98,20.0,12,0,SYNTHETIC
17.98,10.0,13,0,SYNTHETIC
17.98,20.0,14,0,SYNTHETIC
17.98,21.0,15,0,SYNTHETIC
17.98,62.0,16,1,SYNTHETIC
17.98,15.0,17,0,SYNTHETIC
17.98,46.0,18,1,SYNTHETIC
17.98,22.0,19,0,SYNTHETIC
17.98,23.0,20,0,SYNTHETIC
17.98,23.0,21,0,SYNTHETIC
17.98,19.0,22,0,SYNTHETIC
17.98,15.0,23,0,SYNTHETIC
21.75,24.0,0,0,SYNTHETIC
21.75,33.0,1,0,SYNTHETIC
21.75,74.0,2,1,SYNTHETIC
21.75,19.0,3,0,SYNTHETIC
21.75,24.0,4,0,SYNTHETIC
21.75,22.0,5,0,SYNTHETIC
21.75,26.0,6,0,SYNTHETIC
21.75,24.0,7,0,SYNTHETIC
21.75,26.0,8,0,SYNTHETIC
21.75,23.0,9,0,SYNTHETIC
21.75,17.0,10,0,SYNTHETIC
21.75,20.0,11,0,SYNTHETIC
21.75,24.0,12,0,SYNTHETIC
21.75,29.0,13,0,SYNTHETIC
21.75,20.0,14,0,SYNTHETIC
21.75,16.0,15,0,SYNTHETIC
21.75,18.0,16,0,SYNTHETIC
21.75,15.0,17,0,SYNTHETIC
21.75,29.0,18,0,SYNTHETIC
21.75,15.0,19,0,SYNTHETIC
21.75,25.0,20,0,SYNTHETIC
21.75,19.0,21,0,SYNTHETIC
21.75,38.0,22,0,SYNTHETIC
21.75,23.0,23,0,SYNTHETIC
28.77,20.0,0,0,SYNTHETIC
28.77,20.0,1,0,SYNTHETIC
28.77,31.0,2,0,SYNTHETIC
28.77,26.0,3,0,SYNTHETIC
28.77,29.0,4,0,SYNTHETIC
28.77,22.0,5,0,SYNTHETIC
28.77,31.0,6,0,SYNTHETIC
28.77,38.0,7,0,SYNTHETIC
28.77,34.0,8,0,SYNTHETIC
28.77,27.0,9,0,SYNTHETIC
28.77,30.0,10,0,SYNTHETIC
28.77,25.0,11,0,SYNTHETIC
28.77,23.0,12,0,SYNTHETIC
28.77,29.0,13,0,SYNTHETIC
28.77,19.0,14,0,SYNTHETIC
28.77,33.0,15,0,SYNTHETIC
28.77,23.0,16,0,SYNTHETIC
28.77,33.0,17,0,SYNTHETIC
28.77,38.0,18,0,SYNTHETIC
28.77,23.0,19,0,SYNTHETIC
28.77,23.0,20,0,SYNTHETIC
28.77,27.0,21,0,SYNTHETIC
28.77,31.0,22,0,SYNTHETIC
28.77,38.0,23,0,SYNTHETIC
21.99,23.0,0,0,SYNTHETIC
21.99,21.0,1,0,SYNTHETIC
21.99,22.0,2,0,SYNTHETIC
21.99,23.0,3,0,SYNTHETIC
21.99,100.0,4,1,SYNTHETIC
21.99,13.0,5,0,SYNTHETIC
21.99,26.0,6,0,SYNTHETIC
21.99,22.0,7,0,SYNTHETIC
21.99,19.0,8,0,SYNTHETIC
21.99,58.0,9,1,SYNTHETIC
21.99,23.0,10,0,SYNTHETIC
21.99,23.0,11,0,SYNTHETIC
21.99,23.0,12,0,SYNTHETIC
21.99,26.0,13,0,SYNTHETIC
21.99,17.0,14,0,SYNTHETIC
21.99,21.0,15,0,SYNTHETIC
21.99,19.0,16,0,SYNTHETIC
21.99,13.0,17,0,SYNTHETIC
21.99,79.0,18,1,SYNTHETIC
21.99,22.0,19,0,SYNTHETIC
21.99,23.0,20,0,SYNTHETIC
21.99,20.0,21,0,SYNTHETIC
21.99,14.0,22,0,SYNTHETIC
21.99,24.0,23,0,SYNTHETIC
31.54,30.0,0,0,SYNTHETIC
31.54,27.0,1,0,SYNTHETIC
31.54,39.0,2,0,SYNTHETIC
31.54,40.0,3,0,SYNTHETIC
31.54,37.0,4,0,SYNTHETIC
31.54,26.0,5,0,SYNTHETIC
31.54,39.0,6,0,SYNTHETIC
31.54,39.0,7,0,SYNTHETIC
31.54,49.0,8,0,SYNTHETIC
31.54,34.0,9,0,SYNTHETIC
31.54,32.0,10,0,SYNTHETIC
31.54,34.0,11,0,SYNTHETIC
31.54,31.0,12,0,SYNTHETIC
31.54,56.0,13,0,SYNTHETIC
31.54,21.0,14,0,SYNTHETIC
31.54,42.0,15,0,SYNTHETIC
31.54,25.0,16,0,SYNTHETIC
31.54,48.0,17,0,SYNTHETIC
31.54,39.0,18,0,SYNTHETIC
31.54,27.0,19,0,SYNTHETIC
31.54,28.0,20,0,SYNTHETIC
31.54,17.0,21,0,SYNTHETIC
31.54,31.0,22,0,SYNTHETIC
31.54,23.0,23,0,SYNTHETIC
34.06,27.0,0,0,SYNTHETIC
34.06,34.0,1,0,SYNTHETIC
34.06,33.0,2,0,SYNTHETIC
34.06,32.0,3,0,SYNTHETIC
34.06,24.0,4,0,SYNTHETIC
34.06,34.0,5,0,SYNTHETIC
34.06,54.0,6,0,SYNTHETIC
34.06,35.0,7,0,SYNTHETIC
34.06,46.0,8,0,SYNTHETIC
34.06,35.0,9,0,SYNTHETIC
34.06,40.0,10,0,SYNTHETIC
34.06,43.0,11,0,SYNTHETIC
34.06,128.0,12,1,SYNTHETIC
34.06,35.0,13,0,SYNTHETIC
34.06,27.0,14,0,SYNTHETIC
34.06,33.0,15,0,SYNTHETIC
34.06,22.0,16,0,SYNTHETIC
34.06,28.0,17,0,SYNTHETIC
34.06,27.0,18,0,SYNTHETIC
34.06,36.0,19,0,SYNTHETIC
34.06,141.0,20,1,SYNTHETIC
34.06,44.0,21,0,SYNTHETIC
34.06,33.0,22,0,SYNTHETIC
34.06,21.0,23,0,SYNTHETIC
22.7,19.0,0,0,SYNTHETIC
22.7,12.0,1,0,SYNTHETIC
22.7,9.0,2,0,SYNTHETIC
22.7,30.0,3,0,SYNTHETIC
22.7,81.0,4,1,SYNTHETIC
22.7,32.0,5,0,SYNTHETIC
22.7,18.0,6,0,SYNTHETIC
22.7,27.0,7,0,SYNTHETIC
22.7,22.0,8,0,SYNTHETIC
22.7,34.0,9,0,SYNTHETIC
22.7,23.0,10,0,SYNTHETIC
22.7,23.0,11,0,SYNTHETIC
22.7,23.0,12,0,SYNTHETIC
22.7,22.0,13,0,SYNTHETIC
22.7,20.0,14,0,SYNTHETIC
22.7,24.0,15,0,SYNTHETIC
22.7,30.0,16,0,SYNTHETIC
22.7,22.0,17,0,SYNTHETIC
22.7,19.0,18,0,SYNTHETIC
22.7,23.0,19,0,SYNTHETIC
22.7,26.0,20,0,SYNTHETIC
22.7,14.0,21,0,SYNTHETIC
22.7,35.0,22,0,SYNTHETIC
22.7,26.0,23,0,SYNTHETIC
39.4,45.0,0,0,SYNTHETIC
39.4,28.0,1,0,SYNTHETIC
39.4,100.0,2,1,SYNTHETIC
39.4,21.0,3,0,SYNTHETIC
39.4,59.0,4,0,SYNTHETIC
39.4,33.0,5,0,SYNTHETIC
39.4,52.0,6,0,SYNTHETIC
39.4,43.0,7,0,SYNTHETIC
39.4,43.0,8,0,SYNTHETIC
39.4,51.0,9,0,SYNTHETIC
39.4,27.0,10,0,SYNTHETIC
39.4,163.0,11,1,SYNTHETIC
39.4,45.0,12,0,SYNTHETIC
39.4,41.0,13,0,SYNTHETIC
39.4,41.0,14,0,SYNTHETIC
39.4,42.0,15,0,SYNTHETIC
39.4,44.0,16,0,SYNTHETIC
39.4,37.0,17,0,SYNTHETIC
39.4,31.0,18,0,SYNTHETIC
39.4,31.0,19,0,SYNTHETIC
39.4,44.0,20,0,SYNTHETIC
39.4,50.0,21,0,SYNTHETIC
39.4,46.0,22,0,SYNTHETIC
39.4,51.0,23,0,SYNTHETIC
28.88,18.0,0,0,SYNTHETIC
28.88,26.0,1,0,SYNTHETIC
28.88,26.0,2,0,SYNTHETIC
28.88,37.0,3,0,SYNTHETIC
28.88,33.0,4,0,SYNTHETIC
28.88,36.0,5,0,SYNTHETIC
28.88,82.0,6,1,SYNTHETIC
28.88,134.0,7,1,SYNTHETIC
28.88,24.0,8,0,SYNTHETIC
28.88,46.0,9,0,SYNTHETIC
28.88,39.0,10,0,SYNTHETIC
28.88,27.0,11,0,SYNTHETIC
28.88,30.0,12,0,SYNTHETIC
28.88,35.0,13,0,SYNTHETIC
28.88,26.0,14,0,SYNTHETIC
28.88,32.0,15,0,SYNTHETIC
28.88,17.0,16,0,SYNTHETIC
28.88,33.0,17,0,SYNTHETIC
28.88,29.0,18,0,SYNTHETIC
28.88,31.0,19,0,SYNTHETIC
28.88,29.0,20,0,SYNTHETIC
28.88,24.0,21,0,SYNTHETIC
28.88,34.0,22,0,SYNTHETIC
28.88,29.0,23,0,SYNTHETIC
32.28,28.0,0,0,SYNTHETIC
32.28,42.0,1,0,SYNTHETIC
32.28,24.0,2,0,SYNTHETIC
32.28,33.0,3,0,SYNTHETIC
32.28,28.0,4,0,SYNTHETIC
32.28,44.0,5,0,SYNTHETIC
32.28,39.0,6,0,SYNTHETIC
32.28,17.0,7,0,SYNTHETIC
32.28,22.0,8,0,SYNTHETIC
32.28,21.0,9,0,SYNTHETIC
32.28,32.0,10,0,SYNTHETIC
32.28,27.0,11,0,SYNTHETIC
32.28,17.0,12,0,SYNTHETIC
32.28,35.0,13,0,SYNTHETIC
32.28,34.0,14,0,SYNTHETIC
32.28,33.0,15,0,SYNTHETIC
32.28,30.0,16,0,SYNTHETIC
32.28,33.0,17,0,SYNTHETIC
32.28,25.0,18,0,SYNTHETIC
32.28,20.0,19,0,SYNTHETIC
32.28,30.0,20,0,SYNTHETIC
32.28,32.0,21,0,SYNTHETIC
32.28,48.0,22,0,SYNTHETIC
32.28,44.0,23,0,SYNTHETIC
23.85,30.0,0,0,SYNTHETIC
23.85,22.0,1,0,SYNTHETIC
23.85,28.0,2,0,SYNTHETIC
23.85,28.0,3,0,SYNTHETIC
23.85,20.0,4,0,SYNTHETIC
23.85,28.0,5,0,SYNTHETIC
23.85,28.0,6,0,SYNTHETIC
23.85,26.0,7,0,SYNTHETIC
23.85,21.0,8,0,SYNTHETIC
23.85,18.0,9,0,SYNTHETIC
23.85,39.0,10,0,SYNTHETIC
23.85,31.0,11,0,SYNTHETIC
23.85,10.0,12,0,SYNTHETIC
23.85,23.0,13,0,SYNTHETIC
23.85,15.0,14,0,SYNTHETIC
23.85,106.0,15,1,SYNTHETIC
23.85,30.0,16,0,SYNTHETIC
23.85,65.0,17,1,SYNTHETIC
23.85,28.0,18,0,SYNTHETIC
23.85,21.0,19,0,SYNTHETIC
23.85,22.0,20,0,SYNTHETIC
23.85,32.0,21,0,SYNTHETIC
23.85,18.0,22,0,SYNTHETIC
23.85,23.0,23,0,SYNTHETIC
14.21,16.0,0,0,SYNTHETIC
14.21,63.0,1,1,SYNTHETIC
14.21,10.0,2,0,SYNTHETIC
14.21,16.0,3,0,SYNTHETIC
14.21,12.0,4,0,SYNTHETIC
14.21,11.0,5,0,SYNTHETIC
14.21,18.0,6,0,SYNTHETIC
14.21,8.0,7,0,SYNTHETIC
14.21,16.0,8,0,SYNTHETIC
14.21,15.0,9,0,SYNTHETIC
14.21,16.0,10,0,SYNTHETIC
14.21,44.0,11,1,SYNTHETIC
14.21,13.0,12,0,SYNTHETIC
14.21,15.0,13,0,SYNTHETIC
14.21,16.0,14,0,SYNTHETIC
14.21,16.0,15,0,SYNTHETIC
14.21,47.0,16,1,SYNTHETIC
14.21,39.0,17,1,SYNTHETIC
14.21,6.0,18,0,SYNTHETIC
14.21,60.0,19,1,SYNTHETIC
14.21,16.0,20,0,SYNTHETIC
14.21,13.0,21,0,SYNTHETIC
14.21,8.0,22,0,SYNTHETIC
14.21,12.0,23,0,SYNTHETIC
35.53,29.0,0,0,SYNTHETIC
35.53,42.0,1,0,SYNTHETIC
35.53,30.0,2,0,SYNTHETIC
35.53,45.0,3,0,SYNTHETIC
35.53,39.0,4,0,SYNTHETIC
35.53,50.0,5,0,SYNTHETIC
35.53,41.0,6,0,SYNTHETIC
35.53,47.0,7,0,SYNTHETIC
35.53,42.0,8,0,SYNTHETIC
35.53,45.0,9,0,SYNTHETIC
35.53,32.0,10,0,SYNTHETIC
35.53,53.0,11,0,SYNTHETIC
35.53,25.0,12,0,SYNTHETIC
35.53,50.0,13,0,SYNTHETIC
35.53,36.0,14,0,SYNTHETIC
35.53,36.0,15,0,SYNTHETIC
35.53,38.0,16,0,SYNTHETIC
35.53,38.0,17,0,SYNTHETIC
35.53,100.0,18,1,SYNTHETIC
35.53,31.0,19,0,SYNTHETIC
35.53,41.0,20,0,SYNTHETIC
35.53,34.0,21,0,SYNTHETIC
35.53,34.0,22,0,SYNTHETIC
35.53,52.0,23,0,SYNTHETIC
29.7,27.0,0,0,SYNTHETIC
29.7,32.0,1,0,SYNTHETIC
29.7,14.0,2,0,SYNTHETIC
29.7,40.0,3,0,SYNTHETIC
29.7,27.0,4,0,SYNTHETIC
29.7,23.0,5,0,SYNTHETIC
29.7,20.0,6,0,SYNTHETIC
29.7,44.0,7,0,SYNTHETIC
29.7,29.0,8,0,SYNTHETIC
29.7,30.0,9,0,SYNTHETIC
29.7,26.0,10,0,SYNTHETIC
29.7,21.0,11,0,SYNTHETIC
29.7,25.0,12,0,SYNTHETIC
29.7,30.0,13,0,SYNTHETIC
29.7,24.0,14,0,SYNTHETIC
29.7,82.0,15,1,SYNTHETIC
29.7,37.0,16,0,SYNTHETIC
29.7,23.0,17,0,SYNTHETIC
29.7,33.0,18,0,SYNTHETIC
29.7,37.0,19,0,SYNTHETIC
29.7,29.0,20,0,SYNTHETIC
29.7,29.0,21,0,SYNTHETIC
29.7,24.0,22,0,SYNTHETIC
29.7,28.0,23,0,SYNTHETIC
10.07,28.0,0,1,SYNTHETIC
10.07,7.0,1,0,SYNTHETIC
10.07,14.0,2,0,SYNTHETIC
10.07,12.0,3,0,SYNTHETIC
10.07,12.0,4,0,SYNTHETIC
10.07,8.0,5,0,SYNTHETIC
10.07,11.0,6,0,SYNTHETIC
10.07,8.0,7,0,SYNTHETIC
10.07,9.0,8,0,SYNTHETIC
10.07,14.0,9,0,SYNTHETIC
10.07,6.0,10,0,SYNTHETIC
10.07,13.0,11,0,SYNTHETIC
10.07,12.0,12,0,SYNTHETIC
10.07,14.0,13,0,SYNTHETIC
10.07,9.0,14,0,SYNTHETIC
10.07,11.0,15,0,SYNTHETIC
10.07,15.0,16,0,SYNTHETIC
10.07,6.0,17,0,SYNTHETIC
10.07,8.0,18,0,SYNTHETIC
10.07,9.0,19,0,SYNTHETIC
10.07,14.0,20,0,SYNTHETIC
10.07,10.0,21,0,SYNTHETIC
10.07,10.0,22,0,SYNTHETIC
10.07,9.0,23,0,SYNTHETIC
30.24,27.0,0,0,SYNTHETIC
30.24,26.0,1,0,SYNTHETIC
30.24,27.0,2,0,SYNTHETIC
30.24,26.0,3,0,SYNTHETIC
30.24,31.0,4,0,SYNTHETIC
30.24,35.0,5,0,SYNTHETIC
30.24,21.0,6,0,SYNTHETIC
30.24,23.0,7,0,SYNTHETIC
30.24,29.0,8,0,SYNTHETIC
30.24,28.0,9,0,SYNTHETIC
30.24,38.0,10,0,SYNTHETIC
30.24,119.0,11,1,SYNTHETIC
30.24,38.0,12,0,SYNTHETIC
30.24,36.0,13,0,SYNTHETIC
30.24,28.0,14,0,SYNTHETIC
30.24,34.0,15,0,SYNTHETIC
30.24,41.0,16,0,SYNTHETIC
30.24,42.0,17,0,SYNTHETIC
30.24,106.0,18,1,SYNTHETIC
30.24,24.0,19,0,SYNTHETIC
30.24,33.0,20,0,SYNTHETIC
30.24,27.0,21,0,SYNTHETIC
30.24,24.0,22,0,SYNTHETIC
30.24,36.0,23,0,SYNTHETIC
37.51,32.0,0,0,SYNTHETIC
37.51,9.0,1,0,SYNTHETIC
37.51,16.0,2,0,SYNTHETIC
37.51,49.0,3,0,SYNTHETIC
37.51,34.0,4,0,SYNTHETIC
37.51,36.0,5,0,SYNTHETIC
37.51,22.0,6,0,SYNTHETIC
37.51,39.0,7,0,SYNTHETIC
37.51,32.0,8,0,SYNTHETIC
37.51,31.0,9,0,SYNTHETIC
37.51,31.0,10,0,SYNTHETIC
37.51,33.0,11,0,SYNTHETIC
37.51,44.0,12,0,SYNTHETIC
37.51,43.0,13,0,SYNTHETIC
37.51,38.0,14,0,SYNTHETIC
37.51,29.0,15,0,SYNTHETIC
37.51,32.0,16,0,SYNTHETIC
37.51,49.0,17,0,SYNTHETIC
37.51,42.0,18,0,SYNTHETIC
37.51,22.0,19,0,SYNTHETIC
37.51,34.0,20,0,SYNTHETIC
37.51,42.0,21,0,SYNTHETIC
37.51,27.0,22,0,SYNTHETIC
37.51,175.0,23,1,SYNTHETIC
32.09,37.0,0,0,SYNTHETIC
32.09,16.0,1,0,SYNTHETIC
32.09,45.0,2,0,SYNTHETIC
32.09,32.0,3,0,SYNTHETIC
32.09,40.0,4,0,SYNTHETIC
32.09,28.0,5,0,SYNTHETIC
32.09,20.0,6,0,SYNTHETIC
32.09,35.0,7,0,SYNTHETIC
32.09,22.0,8,0,SYNTHETIC
32.09,40.0,9,0,SYNTHETIC
32.09,46.0,10,0,SYNTHETIC
32.09,41.0,11,0,SYNTHETIC
32.09,27.0,12,0,SYNTHETIC
32.09,29.0,13,0,SYNTHETIC
32.09,34.0,14,0,SYNTHETIC
32.09,19.0,15,0,SYNTHETIC
32.09,39.0,16,0,SYNTHETIC
32.09,38.0,17,0,SYNTHETIC
32.09,29.0,18,0,SYNTHETIC
32.09,42.0,19,0,SYNTHETIC
32.09,39.0,20,0,SYNTHETIC
32.09,22.0,21,0,SYNTHETIC
32.09,51.0,22,0,SYNTHETIC
32.09,17.0,23,0,SYNTHETIC
26.14,79.0,0,1,SYNTHETIC
26.14,27.0,1,0,SYNTHETIC
26.14,21.0,2,0,SYNTHETIC
26.14,22.0,3,0,SYNTHETIC
26.14,26.0,4,0,SYNTHETIC
26.14,20.0,5,0,SYNTHETIC
26.14,37.0,6,0,SYNTHETIC
26.14,29.0,7,0,SYNTHETIC
26.14,15.0,8,0,SYNTHETIC
26.14,27.0,9,0,SYNTHETIC
26.14,123.0,10,1,SYNTHETIC
26.14,23.0,11,0,SYNTHETIC
26.14,41.0,12,0,SYNTHETIC
26.14,24.0,13,0,SYNTHETIC
26.14,24.0,14,0,SYNTHETIC
26.14,26.0,15,0,SYNTHETIC
26.14,38.0,16,0,SYNTHETIC
26.14,27.0,17,0,SYNTHETIC
26.14,20.0,18,0,SYNTHETIC
26.14,34.0,19,0,SYNTHETIC
26.14,22.0,20,0,SYNTHETIC
26.14,29.0,21,0,SYNTHETIC
26.14,33.0,22,0,SYNTHETIC
26.14,33.0,23,0,SYNTHETIC
37.89,35.0,0,0,SYNTHETIC
37.89,29.0,1,0,SYNTHETIC
37.89,39.0,2,0,SYNTHETIC
37.89,43.0,3,0,SYNTHETIC
37.89,42.0,4,0,SYNTHETIC
37.89,44.0,5,0,SYNTHETIC
37.89,43.0,6,0,SYNTHETIC
37.89,34.0,7,0,SYNTHETIC
37.89,29.0,8,0,SYNTHETIC
37.89,33.0,9,0,SYNTHETIC
37.89,31.0,10,0,SYNTHETIC
37.89,41.0,11,0,SYNTHETIC
37.89,38.0,12,0,SYNTHETIC
37.89,42.0,13,0,SYNTHETIC
37.89,37.0,14,0,SYNTHETIC
37.89,29.0,15,0,SYNTHETIC
37.89,29.0,16,0,SYNTHETIC
37.89,42.0,17,0,SYNTHETIC
37.89,103.0,18,1,SYNTHETIC
37.89,49.0,19,0,SYNTHETIC
37.89,42.0,20,0,SYNTHETIC
37.89,43.0,21,0,SYNTHETIC
37.89,41.0,22,0,SYNTHETIC
37.89,38.0,23,0,SYNTHETIC
39.03,40.0,0,0,SYNTHETIC
39.03,57.0,1,0,SYNTHETIC
39.03,21.0,2,0,SYNTHETIC
39.03,46.0,3,0,SYNTHETIC
39.03,41.0,4,0,SYNTHETIC
39.03,21.0,5,0,SYNTHETIC
39.03,39.0,6,0,SYNTHETIC
39.03,42.0,7,0,SYNTHETIC
39.03,34.0,8,0,SYNTHETIC
39.03,39.0,9,0,SYNTHETIC
39.03,42.0,10,0,SYNTHETIC
39.03,33.0,11,0,SYNTHETIC
39.03,34.0,12,0,SYNTHETIC
39.03,38.0,13,0,SYNTHETIC
39.03,30.0,14,0,SYNTHETIC
39.03,39.0,15,0,SYNTHETIC
39.03,58.0,16,0,SYNTHETIC
39.03,38.0,17,0,SYNTHETIC
39.03,41.0,18,0,SYNTHETIC
39.03,40.0,19,0,SYNTHETIC
39.03,35.0,20,0,SYNTHETIC
39.03,46.0,21,0,SYNTHETIC
39.03,26.0,22,0,SYNTHETIC
39.03,30.0,23,0,SYNTHETIC
32.16,25.0,0,0,SYNTHETIC
32.16,40.0,1,0,SYNTHETIC
32.16,19.0,2,0,SYNTHETIC
32.16,47.0,3,0,SYNTHETIC
32.16,43.0,4,0,SYNTHETIC
32.16,29.0,5,0,SYNTHETIC
32.16,35.0,6,0,SYNTHETIC
32.16,95.0,7,1,SYNTHETIC
32.16,34.0,8,0,SYNTHETIC
32.16,41.0,9,0,SYNTHETIC
32.16,35.0,10,0,SYNTHETIC
32.16,31.0,11,0,SYNTHETIC
32.16,27.0,12,0,SYNTHETIC
32.16,36.0,13,0,SYNTHETIC
32.16,46.0,14,0,SYNTHETIC
32.16,19.0,15,0,SYNTHETIC
32.16,29.0,16,0,SYNTHETIC
32.16,34.0,17,0,SYNTHETIC
32.16,26.0,18,0,SYNTHETIC
32.16,26.0,19,0,SYNTHETIC
32.16,42.0,20,0,SYNTHETIC
32.16,40.0,21,0,SYNTHETIC
32.16,42.0,22,0,SYNTHETIC
32.16,40.0,23,0,SYNTHETIC
21.93,20.0,0,0,SYNTHETIC
21.93,22.0,1,0,SYNTHETIC
21.93,23.0,2,0,SYNTHETIC
21.93,23.0,3,0,SYNTHETIC
21.93,20.0,4,0,SYNTHETIC
21.93,30.0,5,0,SYNTHETIC
21.93,20.0,6,0,SYNTHETIC
21.93,29.0,7,0,SYNTHETIC
21.93,20.0,8,0,SYNTHETIC
21.93,24.0,9,0,SYNTHETIC
21.93,23.0,10,0,SYNTHETIC
21.93,23.0,11,0,SYNTHETIC
21.93,30.0,12,0,SYNTHETIC
21.93,18.0,13,0,SYNTHETIC
21.93,26.0,14,0,SYNTHETIC
21.93,31.0,15,0,SYNTHETIC
21.93,8.0,16,0,SYNTHETIC
21.93,21.0,17,0,SYNTHETIC
21.93,21.0,18,0,SYNTHETIC
21.93,26.0,19,0,SYNTHETIC
21.93,6.0,20,0,SYNTHETIC
21.93,16.0,21,0,SYNTHETIC
21.93,22.0,22,0,SYNTHETIC
21.93,26.0,23,0,SYNTHETIC
35.41,28.0,0,0,SYNTHETIC
35.41,18.0,1,0,SYNTHETIC
35.41,35.0,2,0,SYNTHETIC
35.41,37.0,3,0,SYNTHETIC
35.41,149.0,4,1,SYNTHETIC
35.41,33.0,5,0,SYNTHETIC
35.41,51.0,6,0,SYNTHETIC
35.41,174.0,7,1,SYNTHETIC
35.41,34.0,8,0,SYNTHETIC
35.41,49.0,9,0,SYNTHETIC
35.41,28.0,10,0,SYNTHETIC
35.41,36.0,11,0,SYNTHETIC
35.41,34.0,12,0,SYNTHETIC
35.41,44.0,13,0,SYNTHETIC
35.41,34.0,14,0,SYNTHETIC
35.41,28.0,15,0,SYNTHETIC
35.41,26.0,16,0,SYNTHETIC
35.41,44.0,17,0,SYNTHETIC
35.41,37.0,18,0,SYNTHETIC
35.41,39.0,19,0,SYNTHETIC
35.41,42.0,20,0,SYNTHETIC
35.41,22.0,21,0,SYNTHETIC
35.41,37.0,22,0,SYNTHETIC
35.41,28.0,23,0,SYNTHETIC
13.39,50.0,0,1,SYNTHETIC
13.39,18.0,1,0,SYNTHETIC
13.39,8.0,2,0,SYNTHETIC
13.39,19.0,3,0,SYNTHETIC
13.39,16.0,4,0,SYNTHETIC
13.39,12.0,5,0,SYNTHETIC
13.39,16.0,6,0,SYNTHETIC
13.39,13.0,7,0,SYNTHETIC
13.39,8.0,8,0,SYNTHETIC
13.39,15.0,9,0,SYNTHETIC
13.39,12.0,10,0,SYNTHETIC
13.39,14.0,11,0,SYNTHETIC
13.39,12.0,12,0,SYNTHETIC
13.39,61.0,13,1,SYNTHETIC
13.39,12.0,14,0,SYNTHETIC
13.39,5.0,15,0,SYNTHETIC
13.39,16.0,16,0,SYNTHETIC
13.39,9.0,17,0,SYNTHETIC
13.39,16.0,18,0,SYNTHETIC
13.39,13.0,19,0,SYNTHETIC
13.39,9.0,20,0,SYNTHETIC
13.39,16.0,21,0,SYNTHETIC
13.39,14.0,22,0,SYNTHETIC
13.39,7.0,23,0,SYNTHETIC
24.37,68.0,0,1,SYNTHETIC
24.37,25.0,1,0,SYNTHETIC
24.37,35.0,2,0,SYNTHETIC
24.37,20.0,3,0,SYNTHETIC
24.37,31.0,4,0,SYNTHETIC
24.37,30.0,5,0,SYNTHETIC
24.37,28.0,6,0,SYNTHETIC
24.37,33.0,7,0,SYNTHETIC
24.37,25.0,8,0,SYNTHETIC
24.37,25.0,9,0,SYNTHETIC
24.37,18.0,10,0,SYNTHETIC
24.37,38.0,11,0,SYNTHETIC
24.37,13.0,12,0,SYNTHETIC
24.37,29.0,13,0,SYNTHETIC
24.37,25.0,14,0,SYNTHETIC
24.37,25.0,15,0,SYNTHETIC
24.37,27.0,16,0,SYNTHETIC
24.37,27.0,17,0,SYNTHETIC
24.37,26.0,18,0,SYNTHETIC
24.37,67.0,19,1,SYNTHETIC
24.37,20.0,20,0,SYNTHETIC
24.37,23.0,21,0,SYNTHETIC
24.37,12.0,22,0,SYNTHETIC
24.37,17.0,23,0,SYNTHETIC
27.73,24.0,0,0,SYNTHETIC
27.73,29.0,1,0,SYNTHETIC
27.73,81.0,2,1,SYNTHETIC
27.73,29.0,3,0,SYNTHETIC
27.73,24.0,4,0,SYNTHETIC
27.73,34.0,5,0,SYNTHETIC
27.73,29.0,6,0,SYNTHETIC
27.73,25.0,7,0,SYNTHETIC
27.73,30.0,8,0,SYNTHETIC
27.73,35.0,9,0,SYNTHETIC
27.73,36.0,10,0,SYNTHETIC
27.73,18.0,11,0,SYNTHETIC
27.73,33.0,12,0,SYNTHETIC
27.73,29.0,13,0,SYNTHETIC
27.73,36.0,14,0,SYNTHETIC
27.73,31.0,15,0,SYNTHETIC
27.73,26.0,16,0,SYNTHETIC
27.73,35.0,17,0,SYNTHETIC
27.73,29.0,18,0,SYNTHETIC
27.73,30.0,19,0,SYNTHETIC
27.73,32.0,20,0,SYNTHETIC
27.73,35.0,21,0,SYNTHETIC
27.73,29.0,22,0,SYNTHETIC
27.73,23.0,23,0,SYNTHETIC
12.37,12.0,0,0,SYNTHETIC
12.37,10.0,1,0,SYNTHETIC
12.37,9.0,2,0,SYNTHETIC
12.37,12.0,3,0,SYNTHETIC
12.37,15.0,4,0,SYNTHETIC
12.37,11.0,5,0,SYNTHETIC
12.37,13.0,6,0,SYNTHETIC
12.37,13.0,7,0,SYNTHETIC
12.37,15.0,8,0,SYNTHETIC
12.37,17.0,9,0,SYNTHETIC
12.37,9.0,10,0,SYNTHETIC
12.37,11.0,11,0,SYNTHETIC
12.37,12.0,12,0,SYNTHETIC
12.37,13.0,13,0,SYNTHETIC
12.37,18.0,14,0,SYNTHETIC
12.37,14.0,15,0,SYNTHETIC
12.37,14.0,16,0,SYNTHETIC
12.37,14.0,17,0,SYNTHETIC
12.37,16.0,18,0,SYNTHETIC
12.37,13.0,19,0,SYNTHETIC
12.37,33.0,20,1,SYNTHETIC
12.37,12.0,21,0,SYNTHETIC
12.37,14.0,22,0,SYNTHETIC
12.37,31.0,23,1,SYNTHETIC
11.03,12.0,0,0,SYNTHETIC
11.03,11.0,1,0,SYNTHETIC
11.03,10.0,2,0,SYNTHETIC
11.03,9.0,3,0,SYNTHETIC
11.03,9.0,4,0,SYNTHETIC
11.03,9.0,5,0,SYNTHETIC
11.03,8.0,6,0,SYNTHETIC
11.03,12.0,7,0,SYNTHETIC
11.03,10.0,8,0,SYNTHETIC
11.03,7.0,9,0,SYNTHETIC
11.03,11.0,10,0,SYNTHETIC
11.03,8.0,11,0,SYNTHETIC
11.03,10.0,12,0,SYNTHETIC
11.03,9.0,13,0,SYNTHETIC
11.03,8.0,14,0,SYNTHETIC
11.03,2.0,15,0,SYNTHETIC
11.03,8.0,16,0,SYNTHETIC
11.03,7.0,17,0,SYNTHETIC
11.03,42.0,18,1,SYNTHETIC
11.03,11.0,19,0,SYNTHETIC
11.03,14.0,20,0,SYNTHETIC
11.03,13.0,21,0,SYNTHETIC
11.03,13.0,22,0,SYNTHETIC
11.03,9.0,23,0,SYNTHETIC
10.09,9.0,0,0,SYNTHETIC
10.09,10.0,1,0,SYNTHETIC
10.09,10.0,2,0,SYNTHETIC
10.09,14.0,3,0,SYNTHETIC
10.09,12.0,4,0,SYNTHETIC
10.09,9.0,5,0,SYNTHETIC
10.09,12.0,6,0,SYNTHETIC
10.09,9.0,7,0,SYNTHETIC
10.09,9.0,8,0,SYNTHETIC
10.09,10.0,9,0,SYNTHETIC
10.09,10.0,10,0,SYNTHETIC
10.09,8.0,11,0,SYNTHETIC
10.09,8.0,12,0,SYNTHETIC
10.09,9.0,13,0,SYNTHETIC
10.09,7.0,14,0,SYNTHETIC
10.09,46.0,15,1,SYNTHETIC
10.09,12.0,16,0,SYNTHETIC
10.09,11.0,17,0,SYNTHETIC
10.09,10.0,18,0,SYNTHETIC
10.09,11.0,19,0,SYNTHETIC
10.09,11.0,20,0,SYNTHETIC
10.09,13.0,21,0,SYNTHETIC
10.09,9.0,22,0,SYNTHETIC
10.09,12.0,23,0,SYNTHETIC
17.2,16.0,0,0,SYNTHETIC
17.2,76.0,1,1,SYNTHETIC
17.2,19.0,2,0,SYNTHETIC
17.2,24.0,3,0,SYNTHETIC
17.2,13.0,4,0,SYNTHETIC
17.2,11.0,5,0,SYNTHETIC
17.2,14.0,6,0,SYNTHETIC
17.2,16.0,7,0,SYNTHETIC
17.2,18.0,8,0,SYNTHETIC
17.2,10.0,9,0,SYNTHETIC
17.2,12.0,10,0,SYNTHETIC
17.2,21.0,11,0,SYNTHETIC
17.2,21.0,12,0,SYNTHETIC
17.2,18.0,13,0,SYNTHETIC
17.2,21.0,14,0,SYNTHETIC
17.2,20.0,15,0,SYNTHETIC
17.2,22.0,16,0,SYNTHETIC
17.2,16.0,17,0,SYNTHETIC
17.2,24.0,18,0,SYNTHETIC
17.2,18.0,19,0,SYNTHETIC
17.2,13.0,20,0,SYNTHETIC
17.2,57.0,21,1,SYNTHETIC
17.2,19.0,22,0,SYNTHETIC
17.2,15.0,23,0,SYNTHETIC
11.84,11.0,0,0,SYNTHETIC
11.84,8.0,1,0,SYNTHETIC
11.84,9.0,2,0,SYNTHETIC
11.84,11.0,3,0,SYNTHETIC
11.84,11.0,4,0,SYNTHETIC
11.84,8.0,5,0,SYNTHETIC
11.84,9.0,6,0,SYNTHETIC
11.84,11.0,7,0,SYNTHETIC
11.84,14.0,8,0,SYNTHETIC
11.84,6.0,9,0,SYNTHETIC
11.84,9.0,10,0,SYNTHETIC
11.84,11.0,11,0,SYNTHETIC
11.84,9.0,12,0,SYNTHETIC
11.84,11.0,13,0,SYNTHETIC
11.84,9.0,14,0,SYNTHETIC
11.84,14.0,15,0,SYNTHETIC
11.84,15.0,16,0,SYNTHETIC
11.84,11.0,17,0,SYNTHETIC
11.84,11.0,18,0,SYNTHETIC
11.84,9.0,19,0,SYNTHETIC
11.84,11.0,20,0,SYNTHETIC
11.84,15.0,21,0,SYNTHETIC
11.84,58.0,22,1,SYNTHETIC
11.84,9.0,23,0,SYNTHETIC
22.36,24.0,0,0,SYNTHETIC
22.36,17.0,1,0,SYNTHETIC
22.36,24.0,2,0,SYNTHETIC
22.36,28.0,3,0,SYNTHETIC
22.36,20.0,4,0,SYNTHETIC
22.36,24.0,5,0,SYNTHETIC
22.36,16.0,6,0,SYNTHETIC
22.36,16.0,7,0,SYNTHETIC
22.36,18.0,8,0,SYNTHETIC
22.36,16.0,9,0,SYNTHETIC
22.36,19.0,10,0,SYNTHETIC
22.36,31.0,11,0,SYNTHETIC
22.36,27.0,12,0,SYNTHETIC
22.36,24.0,13,0,SYNTHETIC
22.36,23.0,14,0,SYNTHETIC
22.36,15.0,15,0,SYNTHETIC
22.36,28.0,16,0,SYNTHETIC
22.36,26.0,17,0,SYNTHETIC
22.36,24.0,18,0,SYNTHETIC
22.36,23.0,19,0,SYNTHETIC
22.36,28.0,20,0,SYNTHETIC
22.36,24.0,21,0,SYNTHETIC
22.36,26.0,22,0,SYNTHETIC
22.36,26.0,23,0,SYNTHETIC
39.64,39.0,0,0,SYNTHETIC
39.64,40.0,1,0,SYNTHETIC
39.64,36.0,2,0,SYNTHETIC
39.64,33.0,3,0,SYNTHETIC
39.64,52.0,4,0,SYNTHETIC
39.64,36.0,5,0,SYNTHETIC
39.64,42.0,6,0,SYNTHETIC
39.64,100.0,7,1,SYNTHETIC
39.64,61.0,8,0,SYNTHETIC
39.64,37.0,9,0,SYNTHETIC
39.64,42.0,10,0,SYNTHETIC
39.64,192.0,11,1,SYNTHETIC
39.64,45.0,12,0,SYNTHETIC
39.64,34.0,13,0,SYNTHETIC
39.64,30.0,14,0,SYNTHETIC
39.64,40.0,15,0,SYNTHETIC
39.64,49.0,16,0,SYNTHETIC
39.64,147.0,17,1,SYNTHETIC
39.64,37.0,18,0,SYNTHETIC
39.64,169.0,19,1,SYNTHETIC
39.64,27.0,20,0,SYNTHETIC
39.64,44.0,21,0,SYNTHETIC
39.64,46.0,22,0,SYNTHETIC
39.64,54.0,23,0,SYNTHETIC
27.32,24.0,0,0,SYNTHETIC
27.32,18.0,1,0,SYNTHETIC
27.32,16.0,2,0,SYNTHETIC
27.32,33.0,3,0,SYNTHETIC
27.32,31.0,4,0,SYNTHETIC
27.32,22.0,5,0,SYNTHETIC
27.32,20.0,6,0,SYNTHETIC
27.32,34.0,7,0,SYNTHETIC
27.32,33.0,8,0,SYNTHETIC
27.32,27.0,9,0,SYNTHETIC
27.32,23.0,10,0,SYNTHETIC
27.32,38.0,11,0,SYNTHETIC
27.32,22.0,12,0,SYNTHETIC
27.32,19.0,13,0,SYNTHETIC
27.32,23.0,14,0,SYNTHETIC
27.32,22.0,15,0,SYNTHETIC
27.32,28.0,16,0,SYNTHETIC
27.32,28.0,17,0,SYNTHETIC
27.32,109.0,18,1,SYNTHETIC
27.32,19.0,19,0,SYNTHETIC
27.32,16.0,20,0,SYNTHETIC
27.32,21.0,21,0,SYNTHETIC
27.32,25.0,22,0,SYNTHETIC
27.32,26.0,23,0,SYNTHETIC
12.12,9.0,0,0,SYNTHETIC
12.12,9.0,1,0,SYNTHETIC
12.12,9.0,2,0,SYNTHETIC
12.12,12.0,3,0,SYNTHETIC
12.12,14.0,4,0,SYNTHETIC
12.12,8.0,5,0,SYNTHETIC
12.12,13.0,6,0,SYNTHETIC
12.12,13.0,7,0,SYNTHETIC
12.12,17.0,8,0,SYNTHETIC
12.12,14.0,9,0,SYNTHETIC
12.12,14.0,10,0,SYNTHETIC
12.12,15.0,11,0,SYNTHETIC
12.12,9.0,12,0,SYNTHETIC
12.12,14.0,13,0,SYNTHETIC
12.12,12.0,14,0,SYNTHETIC
12.12,7.0,15,0,SYNTHETIC
12.12,11.0,16,0,SYNTHETIC
12.12,15.0,17,0,SYNTHETIC
12.12,12.0,18,0,SYNTHETIC
12.12,15.0,19,0,SYNTHETIC
12.12,10.0,20,0,SYNTHETIC
12.12,14.0,21,0,SYNTHETIC
12.12,11.0,22,0,SYNTHETIC
12.12,15.0,23,0,SYNTHETIC
38.23,38.0,0,0,SYNTHETIC
38.23,45.0,1,0,SYNTHETIC
38.23,27.0,2,0,SYNTHETIC
38.23,50.0,3,0,SYNTHETIC
38.23,48.0,4,0,SYNTHETIC
38.23,28.0,5,0,SYNTHETIC
38.23,47.0,6,0,SYNTHETIC
38.23,36.0,7,0,SYNTHETIC
38.23,108.0,8,1,SYNTHETIC
38.23,40.0,9,0,SYNTHETIC
38.23,41.0,10,0,SYNTHETIC
38.23,46.0,11,0,SYNTHETIC
38.23,39.0,12,0,SYNTHETIC
38.23,36.0,13,0,SYNTHETIC
38.23,33.0,14,0,SYNTHETIC
38.23,41.0,15,0,SYNTHETIC
38.23,42.0,16,0,SYNTHETIC
38.23,44.0,17,0,SYNTHETIC
38.23,31.0,18,0,SYNTHETIC
38.23,37.0,19,0,SYNTHETIC
38.23,46.0,20,0,SYNTHETIC
38.23,55.0,21,0,SYNTHETIC
38.23,45.0,22,0,SYNTHETIC
38.23,36.0,23,0,SYNTHETIC
29.7,20.0,0,0,SYNTHETIC
29.7,29.0,1,0,SYNTHETIC
29.7,25.0,2,0,SYNTHETIC
29.7,28.0,3,0,SYNTHETIC
29.7,32.0,4,0,SYNTHETIC
29.7,45.0,5,0,SYNTHETIC
29.7,21.0,6,0,SYNTHETIC
29.7,27.0,7,0,SYNTHETIC
29.7,17.0,8,0,SYNTHETIC
29.7,9.0,9,0,SYNTHETIC
29.7,25.0,10,0,SYNTHETIC
29.7,25.0,11,0,SYNTHETIC
29.7,27.0,12,0,SYNTHETIC
29.7,11.0,13,0,SYNTHETIC
29.7,33.0,14,0,SYNTHETIC
29.7,36.0,15,0,SYNTHETIC
29.7,19.0,16,0,SYNTHETIC
29.7,33.0,17,0,SYNTHETIC
29.7,24.0,18,0,SYNTHETIC
29.7,38.0,19,0,SYNTHETIC
29.7,32.0,20,0,SYNTHETIC
29.7,18.0,21,0,SYNTHETIC
29.7,25.0,22,0,SYNTHETIC
29.7,37.0,23,0,SYNTHETIC
30.87,38.0,0,0,SYNTHETIC
30.87,36.0,1,0,SYNTHETIC
30.87,23.0,2,0,SYNTHETIC
30.87,41.0,3,0,SYNTHETIC
30.87,16.0,4,0,SYNTHETIC
30.87,39.0,5,0,SYNTHETIC
30.87,34.0,6,0,SYNTHETIC
30.87,140.0,7,1,SYNTHETIC
30.87,24.0,8,0,SYNTHETIC
30.87,39.0,9,0,SYNTHETIC
30.87,31.0,10,0,SYNTHETIC
30.87,32.0,11,0,SYNTHETIC
30.87,36.0,12,0,SYNTHETIC
30.87,27.0,13,0,SYNTHETIC
30.87,42.0,14,0,SYNTHETIC
30.87,24.0,15,0,SYNTHETIC
30.87,34.0,16,0,SYNTHETIC
30.87,23.0,17,0,SYNTHETIC
30.87,22.0,18,0,SYNTHETIC
30.87,25.0,19,0,SYNTHETIC
30.87,29.0,20,0,SYNTHETIC
30.87,23.0,21,0,SYNTHETIC
30.87,25.0,22,0,SYNTHETIC
30.87,30.0,23,0,SYNTHETIC
15.5,19.0,0,0,SYNTHETIC
15.5,17.0,1,0,SYNTHETIC
15.5,15.0,2,0,SYNTHETIC
15.5,18.0,3,0,SYNTHETIC
15.5,15.0,4,0,SYNTHETIC
15.5,10.0,5,0,SYNTHETIC
15.5,18.0,6,0,SYNTHETIC
15.5,13.0,7,0,SYNTHETIC
15.5,12.0,8,0,SYNTHETIC
15.5,18.0,9,0,SYNTHETIC
15.5,14.0,10,0,SYNTHETIC
15.5,18.0,11,0,SYNTHETIC
15.5,16.0,12,0,SYNTHETIC
15.5,15.0,13,0,SYNTHETIC
15.5,19.0,14,0,SYNTHETIC
15.5,9.0,15,0,SYNTHETIC
15.5,18.0,16,0,SYNTHETIC
15.5,17.0,17,0,SYNTHETIC
15.5,39.0,18,1,SYNTHETIC
15.5,53.0,19,1,SYNTHETIC
15.5,22.0,20,0,SYNTHETIC
15.5,17.0,21,0,SYNTHETIC
15.5,19.0,22,0,SYNTHETIC
15.5,12.0,23,0,SYNTHETIC
36.94,34.0,0,0,SYNTHETIC
36.94,40.0,1,0,SYNTHETIC
36.94,45.0,2,0,SYNTHETIC
36.94,36.0,3,0,SYNTHETIC
36.94,53.0,4,0,SYNTHETIC
36.94,56.0,5,0,SYNTHETIC
36.94,30.0,6,0,SYNTHETIC
36.94,41.0,7,0,SYNTHETIC
36.94,25.0,8,0,SYNTHETIC
36.94,47.0,9,0,SYNTHETIC
36.94,36.0,10,0,SYNTHETIC
36.94,161.0,11,1,SYNTHETIC
36.94,28.0,12,0,SYNTHETIC
36.94,37.0,13,0,SYNTHETIC
36.94,45.0,14,0,SYNTHETIC
36.94,27.0,15,0,SYNTHETIC
36.94,26.0,16,0,SYNTHETIC
36.94,17.0,17,0,SYNTHETIC
36.94,35.0,18,0,SYNTHETIC
36.94,20.0,19,0,SYNTHETIC
36.94,149.0,20,1,SYNTHETIC
36.94,27.0,21,0,SYNTHETIC
36.94,40.0,22,0,SYNTHETIC
36.94,17.0,23,0,SYNTHETIC
24.88,16.0,0,0,SYNTHETIC
24.88,21.0,1,0,SYNTHETIC
24.88,18.0,2,0,SYNTHETIC
24.88,12.0,3,0,SYNTHETIC
24.88,25.0,4,0,SYNTHETIC
24.88,122.0,5,1,SYNTHETIC
24.88,28.0,6,0,SYNTHETIC
24.88,32.0,7,0,SYNTHETIC
24.88,37.0,8,0,SYNTHETIC
24.88,32.0,9,0,SYNTHETIC
24.88,40.0,10,0,SYNTHETIC
24.88,7.0,11,0,SYNTHETIC
24.88,13.0,12,0,SYNTHETIC
24.88,21.0,13,0,SYNTHETIC
24.88,24.0,14,0,SYNTHETIC
24.88,36.0,15,0,SYNTHETIC
24.88,28.0,16,0,SYNTHETIC
24.88,12.0,17,0,SYNTHETIC
24.88,24.0,18,0,SYNTHETIC
24.88,23.0,19,0,SYNTHETIC
24.88,20.0,20,0,SYNTHETIC
24.88,31.0,21,0,SYNTHETIC
24.88,33.0,22,0,SYNTHETIC
24.88,83.0,23,1,SYNTHETIC
36.28,45.0,0,0,SYNTHETIC
36.28,37.0,1,0,SYNTHETIC
36.28,31.0,2,0,SYNTHETIC
36.28,42.0,3,0,SYNTHETIC
36.28,40.0,4,0,SYNTHETIC
36.28,59.0,5,0,SYNTHETIC
36.28,32.0,6,0,SYNTHETIC
36.28,44.0,7,0,SYNTHETIC
36.28,38.0,8,0,SYNTHETIC
36.28,33.0,9,0,SYNTHETIC
36.28,36.0,10,0,SYNTHETIC
36.28,42.0,11,0,SYNTHETIC
36.28,16.0,12,0,SYNTHETIC
36.28,21.0,13,0,SYNTHETIC
36.28,31.0,14,0,SYNTHETIC
36.28,25.0,15,0,SYNTHETIC
36.28,33.0,16,0,SYNTHETIC
36.28,41.0,17,0,SYNTHETIC
36.28,37.0,18,0,SYNTHETIC
36.28,34.0,19,0,SYNTHETIC
36.28,29.0,20,0,SYNTHETIC
36.28,37.0,21,0,SYNTHETIC
36.28,159.0,22,1,SYNTHETIC
36.28,33.0,23,0,SYNTHETIC
31.93,18.0,0,0,SYNTHETIC
31.93,34.0,1,0,SYNTHETIC
31.93,54.0,2,0,SYNTHETIC
31.93,35.0,3,0,SYNTHETIC
31.93,35.0,4,0,SYNTHETIC
31.93,23.0,5,0,SYNTHETIC
31.93,37.0,6,0,SYNTHETIC
31.93,40.0,7,0,SYNTHETIC
31.93,19.0,8,0,SYNTHETIC
31.93,50.0,9,0,SYNTHETIC
31.93,38.0,10,0,SYNTHETIC
31.93,28.0,11,0,SYNTHETIC
31.93,25.0,12,0,SYNTHETIC
31.93,30.0,13,0,SYNTHETIC
31.93,142.0,14,1,SYNTHETIC
31.93,46.0,15,0,SYNTHETIC
31.93,44.0,16,0,SYNTHETIC
31.93,133.0,17,1,SYNTHETIC
31.93,29.0,18,0,SYNTHETIC
31.93,36.0,19,0,SYNTHETIC
31.93,31.0,20,0,SYNTHETIC
31.93,26.0,21,0,SYNTHETIC
31.93,36.0,22,0,SYNTHETIC
31.93,33.0,23,0,SYNTHETIC
19.98,19.0,0,0,SYNTHETIC
19.98,22.0,1,0,SYNTHETIC
19.98,30.0,2,0,SYNTHETIC
19.98,19.0,3,0,SYNTHETIC
19.98,17.0,4,0,SYNTHETIC
19.98,34.0,5,0,SYNTHETIC
19.98,14.0,6,0,SYNTHETIC
19.98,23.0,7,0,SYNTHETIC
19.98,28.0,8,0,SYNTHETIC
19.98,29.0,9,0,SYNTHETIC
19.98,25.0,10,0,SYNTHETIC
19.98,18.0,11,0,SYNTHETIC
19.98,21.0,12,0,SYNTHETIC
19.98,22.0,13,0,SYNTHETIC
19.98,13.0,14,0,SYNTHETIC
19.98,23.0,15,0,SYNTHETIC
19.98,25.0,16,0,SYNTHETIC
19.98,17.0,17,0,SYNTHETIC
19.98,36.0,18,0,SYNTHETIC
19.98,23.0,19,0,SYNTHETIC
19.98,24.0,20,0,SYNTHETIC
19.98,18.0,21,0,SYNTHETIC
19.98,16.0,22,0,SYNTHETIC
19.98,15.0,23,0,SYNTHETIC
32.41,38.0,0,0,SYNTHETIC
32.41,28.0,1,0,SYNTHETIC
32.41,42.0,2,0,SYNTHETIC
32.41,31.0,3,0,SYNTHETIC
32.41,44.0,4,0,SYNTHETIC
32.41,44.0,5,0,SYNTHETIC
32.41,39.0,6,0,SYNTHETIC
32.41,33.0,7,0,SYNTHETIC
32.41,22.0,8,0,SYNTHETIC
32.41,38.0,9,0,SYNTHETIC
32.41,35.0,10,0,SYNTHETIC
32.41,27.0,11,0,SYNTHETIC
32.41,33.0,12,0,SYNTHETIC
32.41,20.0,13,0,SYNTHETIC
32.41,25.0,14,0,SYNTHETIC
32.41,141.0,15,1,SYNTHETIC
32.41,31.0,16,0,SYNTHETIC
32.41,26.0,17,0,SYNTHETIC
32.41,36.0,18,0,SYNTHETIC
32.41,33.0,19,0,SYNTHETIC
32.41,21.0,20,0,SYNTHETIC
32.41,35.0,21,0,SYNTHETIC
32.41,28.0,22,0,SYNTHETIC
32.41,48.0,23,0,SYNTHETIC
39.02,37.0,0,0,SYNTHETIC
39.02,123.0,1,1,SYNTHETIC
39.02,29.0,2,0,SYNTHETIC
39.02,148.0,3,1,SYNTHETIC
39.02,17.0,4,0,SYNTHETIC
39.02,35.0,5,0,SYNTHETIC
39.02,44.0,6,0,SYNTHETIC
39.02,58.0,7,0,SYNTHETIC
39.02,41.0,8,0,SYNTHETIC
39.02,54.0,9,0,SYNTHETIC
39.02,28.0,10,0,SYNTHETIC
39.02,33.0,11,0,SYNTHETIC
39.02,47.0,12,0,SYNTHETIC
39.02,53.0,13,0,SYNTHETIC
39.02,50.0,14,0,SYNTHETIC
39.02,41.0,15,0,SYNTHETIC
39.02,34.0,16,0,SYNTHETIC
39.02,36.0,17,0,SYNTHETIC
39.02,37.0,18,0,SYNTHETIC
39.02,38.0,19,0,SYNTHETIC
39.02,34.0,20,0,SYNTHETIC
39.02,43.0,21,0,SYNTHETIC
39.02,41.0,22,0,SYNTHETIC
39.02,31.0,23,0,SYNTHETIC
27.29,22.0,0,0,SYNTHETIC
27.29,33.0,1,0,SYNTHETIC
27.29,17.0,2,0,SYNTHETIC
27.29,25.0,3,0,SYNTHETIC
27.29,37.0,4,0,SYNTHETIC
27.29,28.0,5,0,SYNTHETIC
27.29,111.0,6,1,SYNTHETIC
27.29,26.0,7,0,SYNTHETIC
27.29,28.0,8,0,SYNTHETIC
27.29,30.0,9,0,SYNTHETIC
27.29,115.0,10,1,SYNTHETIC
27.29,21.0,11,0,SYNTHETIC
27.29,38.0,12,0,SYNTHETIC
27.29,134.0,13,1,SYNTHETIC
27.29,30.0,14,0,SYNTHETIC
27.29,11.0,15,0,SYNTHETIC
27.29,33.0,16,0,SYNTHETIC
27.29,117.0,17,1,SYNTHETIC
27.29,26.0,18,0,SYNTHETIC
27.29,23.0,19,0,SYNTHETIC
27.29,18.0,20,0,SYNTHETIC
27.29,23.0,21,0,SYNTHETIC
27.29,22.0,22,0,SYNTHETIC
27.29,26.0,23,0,SYNTHETIC
36.72,34.0,0,0,SYNTHETIC
36.72,23.0,1,0,SYNTHETIC
36.72,43.0,2,0,SYNTHETIC
36.72,29.0,3,0,SYNTHETIC
36.72,98.0,4,1,SYNTHETIC
36.72,32.0,5,0,SYNTHETIC
36.72,27.0,6,0,SYNTHETIC
36.72,38.0,7,0,SYNTHETIC
36.72,62.0,8,0,SYNTHETIC
36.72,38.0,9,0,SYNTHETIC
36.72,48.0,10,0,SYNTHETIC
36.72,40.0,11,0,SYNTHETIC
36.72,51.0,12,0,SYNTHETIC
36.72,35.0,13,0,SYNTHETIC
36.72,33.0,14,0,SYNTHETIC
36.72,42.0,15,0,SYNTHETIC
36.72,42.0,16,0,SYNTHETIC
36.72,98.0,17,1,SYNTHETIC
36.72,27.0,18,0,SYNTHETIC
36.72,110.0,19,1,SYNTHETIC
36.72,31.0,20,0,SYNTHETIC
36.72,30.0,21,0,SYNTHETIC
36.72,95.0,22,1,SYNTHETIC
36.72,42.0,23,0,SYNTHETIC
14.21,7.0,0,0,SYNTHETIC
14.21,15.0,1,0,SYNTHETIC
14.21,6.0,2,0,SYNTHETIC
14.21,10.0,3,0,SYNTHETIC
14.21,14.0,4,0,SYNTHETIC
14.21,17.0,5,0,SYNTHETIC
14.21,10.0,6,0,SYNTHETIC
14.21,13.0,7,0,SYNTHETIC
14.21,23.0,8,0,SYNTHETIC
14.21,54.0,9,1,SYNTHETIC
14.21,20.0,10,0,SYNTHETIC
14.21,63.0,11,1,SYNTHETIC
14.21,14.0,12,0,SYNTHETIC
14.21,14.0,13,0,SYNTHETIC
14.21,19.0,14,0,SYNTHETIC
14.21,16.0,15,0,SYNTHETIC
14.21,12.0,16,0,SYNTHETIC
14.21,14.0,17,0,SYNTHETIC
14.21,15.0,18,0,SYNTHETIC
14.21,4.0,19,0,SYNTHETIC
14.21,20.0,20,0,SYNTHETIC
14.21,13.0,21,0,SYNTHETIC
14.21,20.0,22,0,SYNTHETIC
14.21,6.0,23,0,SYNTHETIC
26.52,24.0,0,0,SYNTHETIC
26.52,33.0,1,0,SYNTHETIC
26.52,34.0,2,0,SYNTHETIC
26.52,36.0,3,0,SYNTHETIC
26.52,22.0,4,0,SYNTHETIC
26.52,30.0,5,0,SYNTHETIC
26.52,37.0,6,0,SYNTHETIC
26.52,25.0,7,0,SYNTHETIC
26.52,18.0,8,0,SYNTHETIC
26.52,25.0,9,0,SYNTHETIC
26.52,30.0,10,0,SYNTHETIC
26.52,29.0,11,0,SYNTHETIC
26.52,36.0,12,0,SYNTHETIC
26.52,29.0,13,0,SYNTHETIC
26.52,26.0,14,0,SYNTHETIC
26.52,29.0,15,0,SYNTHETIC
26.52,19.0,16,0,SYNTHETIC
26.52,25.0,17,0,SYNTHETIC
26.52,39.0,18,0,SYNTHETIC
26.52,23.0,19,0,SYNTHETIC
26.52,27.0,20,0,SYNTHETIC
26.52,28.0,21,0,SYNTHETIC
26.52,29.0,22,0,SYNTHETIC
26.52,16.0,23,0,SYNTHETIC
14.26,22.0,0,0,SYNTHETIC
14.26,14.0,1,0,SYNTHETIC
14.26,44.0,2,1,SYNTHETIC
14.26,14.0,3,0,SYNTHETIC
14.26,13.0,4,0,SYNTHETIC
14.26,11.0,5,0,SYNTHETIC
14.26,11.0,6,0,SYNTHETIC
14.26,14.0,7,0,SYNTHETIC
14.26,12.0,8,0,SYNTHETIC
14.26,13.0,9,0,SYNTHETIC
14.26,12.0,10,0,SYNTHETIC
14.26,13.0,11,0,SYNTHETIC
14.26,10.0,12,0,SYNTHETIC
14.26,15.0,13,0,SYNTHETIC
14.26,12.0,14,0,SYNTHETIC
14.26,17.0,15,0,SYNTHETIC
14.26,10.0,16,0,SYNTHETIC
14.26,7.0,17,0,SYNTHETIC
14.26,19.0,18,0,SYNTHETIC
14.26,8.0,19,0,SYNTHETIC
14.26,10.0,20,0,SYNTHETIC
14.26,11.0,21,0,SYNTHETIC
14.26,17.0,22,0,SYNTHETIC
14.26,18.0,23,0,SYNTHETIC
12.54,16.0,0,0,SYNTHETIC
12.54,16.0,1,0,SYNTHETIC
12.54,14.0,2,0,SYNTHETIC
12.54,14.0,3,0,SYNTHETIC
12.54,16.0,4,0,SYNTHETIC
12.54,13.0,5,0,SYNTHETIC
12.54,57.0,6,1,SYNTHETIC
12.54,12.0,7,0,SYNTHETIC
12.54,12.0,8,0,SYNTHETIC
12.54,13.0,9,0,SYNTHETIC
12.54,59.0,10,1,SYNTHETIC
12.54,9.0,11,0,SYNTHETIC
12.54,7.0,12,0,SYNTHETIC
12.54,8.0,13,0,SYNTHETIC
12.54,14.0,14,0,SYNTHETIC
12.54,8.0,15,0,SYNTHETIC
12.54,13.0,16,0,SYNTHETIC
12.54,15.0,17,0,SYNTHETIC
12.54,11.0,18,0,SYNTHETIC
12.54,10.0,19,0,SYNTHETIC
12.54,10.0,20,0,SYNTHETIC
12.54,14.0,21,0,SYNTHETIC
12.54,17.0,22,0,SYNTHETIC
12.54,12.0,23,0,SYNTHETIC
29.08,33.0,0,0,SYNTHETIC
29.08,40.0,1,0,SYNTHETIC
29.08,27.0,2,0,SYNTHETIC
29.08,19.0,3,0,SYNTHETIC
29.08,24.0,4,0,SYNTHETIC
29.08,19.0,5,0,SYNTHETIC
29.08,27.0,6,0,SYNTHETIC
29.08,37.0,7,0,SYNTHETIC
29.08,35.0,8,0,SYNTHETIC
29.08,34.0,9,0,SYNTHETIC
29.08,125.0,10,1,SYNTHETIC
29.08,26.0,11,0,SYNTHETIC
29.08,21.0,12,0,SYNTHETIC
29.08,28.0,13,0,SYNTHETIC
29.08,39.0,14,0,SYNTHETIC
29.08,30.0,15,0,SYNTHETIC
29.08,26.0,16,0,SYNTHETIC
29.08,26.0,17,0,SYNTHETIC
29.08,27.0,18,0,SYNTHETIC
29.08,25.0,19,0,SYNTHETIC
29.08,35.0,20,0,SYNTHETIC
29.08,34.0,21,0,SYNTHETIC
29.08,29.0,22,0,SYNTHETIC
29.08,31.0,23,0,SYNTHETIC
34.27,28.0,0,0,SYNTHETIC
34.27,14.0,1,0,SYNTHETIC
34.27,50.0,2,0,SYNTHETIC
34.27,39.0,3,0,SYNTHETIC
34.27,89.0,4,1,SYNTHETIC
34.27,48.0,5,0,SYNTHETIC
34.27,27.0,6,0,SYNTHETIC
34.27,38.0,7,0,SYNTHETIC
34.27,22.0,8,0,SYNTHETIC
34.27,64.0,9,0,SYNTHETIC
34.27,33.0,10,0,SYNTHETIC
34.27,40.0,11,0,SYNTHETIC
34.27,133.0,12,1,SYNTHETIC
34.27,25.0,13,0,SYNTHETIC
34.27,13.0,14,0,SYNTHETIC
34.27,38.0,15,0,SYNTHETIC
34.27,32.0,16,0,SYNTHETIC
34.27,34.0,17,0,SYNTHETIC
34.27,37.0,18,0,SYNTHETIC
34.27,33.0,19,0,SYNTHETIC
34.27,38.0,20,0,SYNTHETIC
34.27,35.0,21,0,SYNTHETIC
34.27,31.0,22,0,SYNTHETIC
34.27,24.0,23,0,SYNTHETIC
15.5,23.0,0,0,SYNTHETIC
15.5,13.0,1,0,SYNTHETIC
15.5,19.0,2,0,SYNTHETIC
15.5,15.0,3,0,SYNTHETIC
15.5,11.0,4,0,SYNTHETIC
15.5,17.0,5,0,SYNTHETIC
15.5,71.0,6,1,SYNTHETIC
15.5,25.0,7,0,SYNTHETIC
15.5,9.0,8,0,SYNTHETIC
15.5,15.0,9,0,SYNTHETIC
15.5,18.0,10,0,SYNTHETIC
15.5,15.0,11,0,SYNTHETIC
15.5,16.0,12,0,SYNTHETIC
15.5,16.0,13,0,SYNTHETIC
15.5,10.0,14,0,SYNTHETIC
15.5,13.0,15,0,SYNTHETIC
15.5,10.0,16,0,SYNTHETIC
15.5,19.0,17,0,SYNTHETIC
15.5,18.0,18,0,SYNTHETIC
15.5,11.0,19,0,SYNTHETIC
15.5,12.0,20,0,SYNTHETIC
15.5,13.0,21,0,SYNTHETIC
15.5,16.0,22,0,SYNTHETIC
15.5,17.0,23,0,SYNTHETIC
15.6,13.0,0,0,SYNTHETIC
15.6,14.0,1,0,SYNTHETIC
15.6,25.0,2,0,SYNTHETIC
15.6,20.0,3,0,SYNTHETIC
15.6,18.0,4,0,SYNTHETIC
15.6,19.0,5,0,SYNTHETIC
15.6,14.0,6,0,SYNTHETIC
15.6,21.0,7,0,SYNTHETIC
15.6,16.0,8,0,SYNTHETIC
15.6,9.0,9,0,SYNTHETIC
15.6,10.0,10,0,SYNTHETIC
15.6,7.0,11,0,SYNTHETIC
15.6,12.0,12,0,SYNTHETIC
15.6,16.0,13,0,SYNTHETIC
15.6,14.0,14,0,SYNTHETIC
15.6,15.0,15,0,SYNTHETIC
15.6,12.0,16,0,SYNTHETIC
15.6,22.0,17,0,SYNTHETIC
15.6,21.0,18,0,SYNTHETIC
15.6,15.0,19,0,SYNTHETIC
15.6,13.0,20,0,SYNTHETIC
15.6,12.0,21,0,SYNTHETIC
15.6,11.0,22,0,SYNTHETIC
15.6,12.0,23,0,SYNTHETIC
17.16,21.0,0,0,SYNTHETIC
17.16,13.0,1,0,SYNTHETIC
17.16,15.0,2,0,SYNTHETIC
17.16,18.0,3,0,SYNTHETIC
17.16,13.0,4,0,SYNTHETIC
17.16,16.0,5,0,SYNTHETIC
17.16,19.0,6,0,SYNTHETIC
17.16,16.0,7,0,SYNTHETIC
17.16,16.0,8,0,SYNTHETIC
17.16,8.0,9,0,SYNTHETIC
17.16,22.0,10,0,SYNTHETIC
17.16,21.0,11,0,SYNTHETIC
17.16,15.0,12,0,SYNTHETIC
17.16,19.0,13,0,SYNTHETIC
17.16,15.0,14,0,SYNTHETIC
17.16,20.0,15,0,SYNTHETIC
17.16,20.0,16,0,SYNTHETIC
17.16,17.0,17,0,SYNTHETIC
17.16,16.0,18,0,SYNTHETIC
17.16,18.0,19,0,SYNTHETIC
17.16,18.0,20,0,SYNTHETIC
17.16,17.0,21,0,SYNTHETIC
17.16,22.0,22,0,SYNTHETIC
17.16,20.0,23,0,SYNTHETIC
37.25,28.0,0,0,SYNTHETIC
37.25,35.0,1,0,SYNTHETIC
37.25,36.0,2,0,SYNTHETIC
37.25,39.0,3,0,SYNTHETIC
37.25,47.0,4,0,SYNTHETIC
37.25,46.0,5,0,SYNTHETIC
37.25,42.0,6,0,SYNTHETIC
37.25,46.0,7,0,SYNTHETIC
37.25,52.0,8,0,SYNTHETIC
37.25,38.0,9,0,SYNTHETIC
37.25,49.0,10,0,SYNTHETIC
37.25,40.0,11,0,SYNTHETIC
37.25,46.0,12,0,SYNTHETIC
37.25,57.0,13,0,SYNTHETIC
37.25,49.0,14,0,SYNTHETIC
37.25,34.0,15,0,SYNTHETIC
37.25,34.0,16,0,SYNTHETIC
37.25,31.0,17,0,SYNTHETIC
37.25,33.0,18,0,SYNTHETIC
37.25,49.0,19,0,SYNTHETIC
37.25,46.0,20,0,SYNTHETIC
37.25,37.0,21,0,SYNTHETIC
37.25,24.0,22,0,SYNTHETIC
37.25,35.0,23,0,SYNTHETIC
10.39,6.0,0,0,SYNTHETIC
10.39,14.0,1,0,SYNTHETIC
10.39,15.0,2,0,SYNTHETIC
10.39,12.0,3,0,SYNTHETIC
10.39,12.0,4,0,SYNTHETIC
10.39,11.0,5,0,SYNTHETIC
10.39,12.0,6,0,SYNTHETIC
10.39,8.0,7,0,SYNTHETIC
10.39,10.0,8,0,SYNTHETIC
10.39,8.0,9,0,SYNTHETIC
10.39,11.0,10,0,SYNTHETIC
10.39,9.0,11,0,SYNTHETIC
10.39,11.0,12,0,SYNTHETIC
10.39,10.0,13,0,SYNTHETIC
10.39,4.0,14,0,SYNTHETIC
10.39,10.0,15,0,SYNTHETIC
10.39,8.0,16,0,SYNTHETIC
10.39,11.0,17,0,SYNTHETIC
10.39,11.0,18,0,SYNTHETIC
10.39,8.0,19,0,SYNTHETIC
10.39,12.0,20,0,SYNTHETIC
10.39,10.0,21,0,SYNTHETIC
10.39,32.0,22,1,SYNTHETIC
10.39,7.0,23,0,SYNTHETIC
20.75,15.0,0,0,SYNTHETIC
20.75,67.0,1,1,SYNTHETIC
20.75,12.0,2,0,SYNTHETIC
20.75,21.0,3,0,SYNTHETIC
20.75,20.0,4,0,SYNTHETIC
20.75,90.0,5,1,SYNTHETIC
20.75,30.0,6,0,SYNTHETIC
20.75,27.0,7,0,SYNTHETIC
20.75,18.0,8,0,SYNTHETIC
20.75,21.0,9,0,SYNTHETIC
20.75,17.0,10,0,SYNTHETIC
20.75,20.0,11,0,SYNTHETIC
20.75,62.0,12,1,SYNTHETIC
20.75,21.0,13,0,SYNTHETIC
20.75,12.0,14,0,SYNTHETIC
20.75,63.0,15,1,SYNTHETIC
20.75,20.0,16,0,SYNTHETIC
20.75,21.0,17,0,SYNTHETIC
20.75,19.0,18,0,SYNTHETIC
20.75,29.0,19,0,SYNTHETIC
20.75,18.0,20,0,SYNTHETIC
20.75,27.0,21,0,SYNTHETIC
20.75,16.0,22,0,SYNTHETIC
20.75,14.0,23,0,SYNTHETIC
35.18,39.0,0,0,SYNTHETIC
35.18,37.0,1,0,SYNTHETIC
35.18,26.0,2,0,SYNTHETIC
35.18,27.0,3,0,SYNTHETIC
35.18,34.0,4,0,SYNTHETIC
35.18,36.0,5,0,SYNTHETIC
35.18,40.0,6,0,SYNTHETIC
35.18,35.0,7,0,SYNTHETIC
35.18,32.0,8,0,SYNTHETIC
35.18,36.0,9,0,SYNTHETIC
35.18,32.0,10,0,SYNTHETIC
35.18,33.0,11,0,SYNTHETIC
35.18,41.0,12,0,SYNTHETIC
35.18,25.0,13,0,SYNTHETIC
35.18,41.0,14,0,SYNTHETIC
35.18,41.0,15,0,SYNTHETIC
35.18,42.0,16,0,SYNTHETIC
35.18,46.0,17,0,SYNTHETIC
35.18,50.0,18,0,SYNTHETIC
35.18,31.0,19,0,SYNTHETIC
35.18,32.0,20,0,SYNTHETIC
35.18,36.0,21,0,SYNTHETIC
35.18,42.0,22,0,SYNTHETIC
35.18,46.0,23,0,SYNTHETIC
32.39,42.0,0,0,SYNTHETIC
32.39,40.0,1,0,SYNTHETIC
32.39,24.0,2,0,SYNTHETIC
32.39,11.0,3,0,SYNTHETIC
32.39,30.0,4,0,SYNTHETIC
32.39,26.0,5,0,SYNTHETIC
32.39,22.0,6,0,SYNTHETIC
32.39,38.0,7,0,SYNTHETIC
32.39,38.0,8,0,SYNTHETIC
32.39,26.0,9,0,SYNTHETIC
32.39,30.0,10,0,SYNTHETIC
32.39,37.0,11,0,SYNTHETIC
32.39,31.0,12,0,SYNTHETIC
32.39,32.0,13,0,SYNTHETIC
32.39,30.0,14,0,SYNTHETIC
32.39,40.0,15,0,SYNTHETIC
32.39,50.0,16,0,SYNTHETIC
32.39,39.0,17,0,SYNTHETIC
32.39,36.0,18,0,SYNTHETIC
32.39,41.0,19,0,SYNTHETIC
32.39,22.0,20,0,SYNTHETIC
32.39,28.0,21,0,SYNTHETIC
32.39,25.0,22,0,SYNTHETIC
32.39,38.0,23,0,SYNTHETIC
13.94,15.0,0,0,SYNTHETIC
13.94,7.0,1,0,SYNTHETIC
13.94,16.0,2,0,SYNTHETIC
13.94,17.0,3,0,SYNTHETIC
13.94,17.0,4,0,SYNTHETIC
13.94,20.0,5,0,SYNTHETIC
13.94,14.0,6,0,SYNTHETIC
13.94,15.0,7,0,SYNTHETIC
13.94,11.0,8,0,SYNTHETIC
13.94,15.0,9,0,SYNTHETIC
13.94,16.0,10,0,SYNTHETIC
13.94,13.0,11,0,SYNTHETIC
13.94,10.0,12,0,SYNTHETIC
13.94,16.0,13,0,SYNTHETIC
13.94,9.0,14,0,SYNTHETIC
13.94,15.0,15,0,SYNTHETIC
13.94,15.0,16,0,SYNTHETIC
13.94,13.0,17,0,SYNTHETIC
13.94,13.0,18,0,SYNTHETIC
13.94,16.0,19,0,SYNTHETIC
13.94,18.0,20,0,SYNTHETIC
13.94,15.0,21,0,SYNTHETIC
13.94,11.0,22,0,SYNTHETIC
13.94,12.0,23,0,SYNTHETIC
12.67,14.0,0,0,SYNTHETIC
12.67,16.0,1,0,SYNTHETIC
12.67,12.0,2,0,SYNTHETIC
12.67,14.0,3,0,SYNTHETIC
12.67,15.0,4,0,SYNTHETIC
12.67,11.0,5,0,SYNTHETIC
12.67,6.0,6,0,SYNTHETIC
12.67,12.0,7,0,SYNTHETIC
12.67,16.0,8,0,SYNTHETIC
12.67,11.0,9,0,SYNTHETIC
12.67,16.0,10,0,SYNTHETIC
12.67,9.0,11,0,SYNTHETIC
12.67,17.0,12,0,SYNTHETIC
12.67,11.0,13,0,SYNTHETIC
12.67,16.0,14,0,SYNTHETIC
12.67,17.0,15,0,SYNTHETIC
12.67,16.0,16,0,SYNTHETIC
12.67,6.0,17,0,SYNTHETIC
12.67,11.0,18,0,SYNTHETIC
12.67,14.0,19,0,SYNTHETIC
12.67,13.0,20,0,SYNTHETIC
12.67,13.0,21,0,SYNTHETIC
12.67,5.0,22,0,SYNTHETIC
12.67,13.0,23,0,SYNTHETIC
30.63,27.0,0,0,SYNTHETIC
30.63,23.0,1,0,SYNTHETIC
30.63,36.0,2,0,SYNTHETIC
30.63,153.0,3,1,SYNTHETIC
30.63,27.0,4,0,SYNTHETIC
30.63,26.0,5,0,SYNTHETIC
30.63,137.0,6,1,SYNTHETIC
30.63,35.0,7,0,SYNTHETIC
30.63,26.0,8,0,SYNTHETIC
30.63,29.0,9,0,SYNTHETIC
30.63,46.0,10,0,SYNTHETIC
30.63,29.0,11,0,SYNTHETIC
30.63,18.0,12,0,SYNTHETIC
30.63,28.0,13,0,SYNTHETIC
30.63,31.0,14,0,SYNTHETIC
30.63,27.0,15,0,SYNTHETIC
30.63,139.0,16,1,SYNTHETIC
30.63,28.0,17,0,SYNTHETIC
30.63,35.0,18,0,SYNTHETIC
30.63,28.0,19,0,SYNTHETIC
30.63,27.0,20,0,SYNTHETIC
30.63,38.0,21,0,SYNTHETIC
30.63,34.0,22,0,SYNTHETIC
30.63,30.0,23,0,SYNTHETIC
28.16,37.0,0,0,SYNTHETIC
28.16,39.0,1,0,SYNTHETIC
28.16,24.0,2,0,SYNTHETIC
28.16,29.0,3,0,SYNTHETIC
28.16,22.0,4,0,SYNTHETIC
28.16,14.0,5,0,SYNTHETIC
28.16,25.0,6,0,SYNTHETIC
28.16,32.0,7,0,SYNTHETIC
28.16,33.0,8,0,SYNTHETIC
28.16,21.0,9,0,SYNTHETIC
28.16,17.0,10,0,SYNTHETIC
28.16,26.0,11,0,SYNTHETIC
28.16,34.0,12,0,SYNTHETIC
28.16,25.0,13,0,SYNTHETIC
28.16,29.0,14,0,SYNTHETIC
28.16,29.0,15,0,SYNTHETIC
28.16,27.0,16,0,SYNTHETIC
28.16,41.0,17,0,SYNTHETIC
28.16,23.0,18,0,SYNTHETIC
28.16,32.0,19,0,SYNTHETIC
28.16,23.0,20,0,SYNTHETIC
28.16,93.0,21,1,SYNTHETIC
28.16,33.0,22,0,SYNTHETIC
28.16,82.0,23,1,SYNTHETIC
23.99,19.0,0,0,SYNTHETIC
23.99,15.0,1,0,SYNTHETIC
23.99,20.0,2,0,SYNTHETIC
23.99,30.0,3,0,SYNTHETIC
23.99,24.0,4,0,SYNTHETIC
23.99,35.0,5,0,SYNTHETIC
23.99,31.0,6,0,SYNTHETIC
23.99,31.0,7,0,SYNTHETIC
23.99,31.0,8,0,SYNTHETIC
23.99,29.0,9,0,SYNTHETIC
23.99,30.0,10,0,SYNTHETIC
23.99,26.0,11,0,SYNTHETIC
23.99,26.0,12,0,SYNTHETIC
23.99,24.0,13,0,SYNTHETIC
23.99,23.0,14,0,SYNTHETIC
23.99,31.0,15,0,SYNTHETIC
23.99,25.0,16,0,SYNTHETIC
23.99,27.0,17,0,SYNTHETIC
23.99,30.0,18,0,SYNTHETIC
23.99,31.0,19,0,SYNTHETIC
23.99,22.0,20,0,SYNTHETIC
23.99,19.0,21,0,SYNTHETIC
23.99,19.0,22,0,SYNTHETIC
23.99,17.0,23,0,SYNTHETIC
17.43,19.0,0,0,SYNTHETIC
17.43,19.0,1,0,SYNTHETIC
17.43,18.0,2,0,SYNTHETIC
17.43,45.0,3,1,SYNTHETIC
17.43,24.0,4,0,SYNTHETIC
17.43,18.0,5,0,SYNTHETIC
17.43,21.0,6,0,SYNTHETIC
17.43,19.0,7,0,SYNTHETIC
17.43,15.0,8,0,SYNTHETIC
17.43,16.0,9,0,SYNTHETIC
17.43,11.0,10,0,SYNTHETIC
17.43,20.0,11,0,SYNTHETIC
17.43,19.0,12,0,SYNTHETIC
17.43,25.0,13,0,SYNTHETIC
17.43,18.0,14,0,SYNTHETIC
17.43,16.0,15,0,SYNTHETIC
17.43,19.0,16,0,SYNTHETIC
17.43,20.0,17,0,SYNTHETIC
17.43,17.0,18,0,SYNTHETIC
17.43,18.0,19,0,SYNTHETIC
17.43,14.0,20,0,SYNTHETIC
17.43,19.0,21,0,SYNTHETIC
17.43,22.0,22,0,SYNTHETIC
17.43,19.0,23,0,SYNTHETIC
38.96,42.0,0,0,SYNTHETIC
38.96,40.0,1,0,SYNTHETIC
38.96,39.0,2,0,SYNTHETIC
38.96,55.0,3,0,SYNTHETIC
38.96,44.0,4,0,SYNTHETIC
38.96,41.0,5,0,SYNTHETIC
38.96,47.0,6,0,SYNTHETIC
38.96,44.0,7,0,SYNTHETIC
38.96,52.0,8,0,SYNTHETIC
38.96,31.0,9,0,SYNTHETIC
38.96,37.0,10,0,SYNTHETIC
38.96,29.0,11,0,SYNTHETIC
38.96,31.0,12,0,SYNTHETIC
38.96,37.0,13,0,SYNTHETIC
38.96,35.0,14,0,SYNTHETIC
38.96,35.0,15,0,SYNTHETIC
38.96,43.0,16,0,SYNTHETIC
38.96,31.0,17,0,SYNTHETIC
38.96,54.0,18,0,SYNTHETIC
38.96,25.0,19,0,SYNTHETIC
38.96,39.0,20,0,SYNTHETIC
38.96,31.0,21,0,SYNTHETIC
38.96,47.0,22,0,SYNTHETIC
38.96,26.0,23,0,SYNTHETIC
38.78,33.0,0,0,SYNTHETIC
38.78,35.0,1,0,SYNTHETIC
38.78,33.0,2,0,SYNTHETIC
38.78,55.0,3,0,SYNTHETIC
38.78,41.0,4,0,SYNTHETIC
38.78,38.0,5,0,SYNTHETIC
38.78,33.0,6,0,SYNTHETIC
38.78,40.0,7,0,SYNTHETIC
38.78,37.0,8,0,SYNTHETIC
38.78,29.0,9,0,SYNTHETIC
38.78,143.0,10,1,SYNTHETIC
38.78,44.0,11,0,SYNTHETIC
38.78,54.0,12,0,SYNTHETIC
38.78,58.0,13,0,SYNTHETIC
38.78,37.0,14,0,SYNTHETIC
38.78,127.0,15,1,SYNTHETIC
38.78,37.0,16,0,SYNTHETIC
38.78,47.0,17,0,SYNTHETIC
38.78,29.0,18,0,SYNTHETIC
38.78,29.0,19,0,SYNTHETIC
38.78,33.0,20,0,SYNTHETIC
38.78,34.0,21,0,SYNTHETIC
38.78,41.0,22,0,SYNTHETIC
38.78,36.0,23,0,SYNTHETIC
20.57,28.0,0,0,SYNTHETIC
20.57,23.0,1,0,SYNTHETIC
20.57,20.0,2,0,SYNTHETIC
20.57,23.0,3,0,SYNTHETIC
20.57,23.0,4,0,SYNTHETIC
20.57,19.0,5,0,SYNTHETIC
20.57,17.0,6,0,SYNTHETIC
20.57,24.0,7,0,SYNTHETIC
20.57,18.0,8,0,SYNTHETIC
20.57,20.0,9,0,SYNTHETIC
20.57,21.0,10,0,SYNTHETIC
20.57,25.0,11,0,SYNTHETIC
20.57,14.0,12,0,SYNTHETIC
20.57,20.0,13,0,SYNTHETIC
20.57,18.0,14,0,SYNTHETIC
20.57,24.0,15,0,SYNTHETIC
20.57,22.0,16,0,SYNTHETIC
20.57,19.0,17,0,SYNTHETIC
20.57,29.0,18,0,SYNTHETIC
20.57,18.0,19,0,SYNTHETIC
20.57,12.0,20,0,SYNTHETIC
20.57,18.0,21,0,SYNTHETIC
20.57,19.0,22,0,SYNTHETIC
20.57,17.0,23,0,SYNTHETIC
29.33,32.0,0,0,SYNTHETIC
29.33,33.0,1,0,SYNTHETIC
29.33,23.0,2,0,SYNTHETIC
29.33,27.0,3,0,SYNTHETIC
29.33,25.0,4,0,SYNTHETIC
29.33,45.0,5,0,SYNTHETIC
29.33,35.0,6,0,SYNTHETIC
29.33,28.0,7,0,SYNTHETIC
29.33,29.0,8,0,SYNTHETIC
29.33,21.0,9,0,SYNTHETIC
29.33,24.0,10,0,SYNTHETIC
29.33,22.0,11,0,SYNTHETIC
29.33,30.0,12,0,SYNTHETIC
29.33,32.0,13,0,SYNTHETIC
29.33,43.0,14,0,SYNTHETIC
29.33,35.0,15,0,SYNTHETIC
29.33,34.0,16,0,SYNTHETIC
29.33,30.0,17,0,SYNTHETIC
29.33,27.0,18,0,SYNTHETIC
29.33,33.0,19,0,SYNTHETIC
29.33,27.0,20,0,SYNTHETIC
29.33,21.0,21,0,SYNTHETIC
29.33,23.0,22,0,SYNTHETIC
29.33,29.0,23,0,SYNTHETIC
15.24,12.0,0,0,SYNTHETIC
15.24,16.0,1,0,SYNTHETIC
15.24,15.0,2,0,SYNTHETIC
15.24,14.0,3,0,SYNTHETIC
15.24,16.0,4,0,SYNTHETIC
15.24,19.0,5,0,SYNTHETIC
15.24,6.0,6,0,SYNTHETIC
15.24,12.0,7,0,SYNTHETIC
15.24,20.0,8,0,SYNTHETIC
15.24,18.0,9,0,SYNTHETIC
15.24,14.0,10,0,SYNTHETIC
15.24,11.0,11,0,SYNTHETIC
15.24,12.0,12,0,SYNTHETIC
15.24,19.0,13,0,SYNTHETIC
15.24,43.0,14,1,SYNTHETIC
15.24,65.0,15,1,SYNTHETIC
15.24,15.0,16,0,SYNTHETIC
15.24,12.0,17,0,SYNTHETIC
15.24,13.0,18,0,SYNTHETIC
15.24,14.0,19,0,SYNTHETIC
15.24,18.0,20,0,SYNTHETIC
15.24,12.0,21,0,SYNTHETIC
15.24,11.0,22,0,SYNTHETIC
15.24,13.0,23,0,SYNTHETIC
21.16,15.0,0,0,SYNTHETIC
21.16,16.0,1,0,SYNTHETIC
21.16,17.0,2,0,SYNTHETIC
21.16,19.0,3,0,SYNTHETIC
21.16,23.0,4,0,SYNTHETIC
21.16,34.0,5,0,SYNTHETIC
21.16,15.0,6,0,SYNTHETIC
21.16,15.0,7,0,SYNTHETIC
21.16,24.0,8,0,SYNTHETIC
21.16,20.0,9,0,SYNTHETIC
21.16,21.0,10,0,SYNTHETIC
21.16,24.0,11,0,SYNTHETIC
21.16,30.0,12,0,SYNTHETIC
21.16,14.0,13,0,SYNTHETIC
21.16,23.0,14,0,SYNTHETIC
21.16,29.0,15,0,SYNTHETIC
21.16,21.0,16,0,SYNTHETIC
21.16,20.0,17,0,SYNTHETIC
21.16,26.0,18,0,SYNTHETIC
21.16,11.0,19,0,SYNTHETIC
21.16,25.0,20,0,SYNTHETIC
21.16,17.0,21,0,SYNTHETIC
21.16,25.0,22,0,SYNTHETIC
21.16,60.0,23,1,SYNTHETIC
14.59,14.0,0,0,SYNTHETIC
14.59,9.0,1,0,SYNTHETIC
14.59,13.0,2,0,SYNTHETIC
14.59,18.0,3,0,SYNTHETIC
14.59,8.0,4,0,SYNTHETIC
14.59,19.0,5,0,SYNTHETIC
14.59,9.0,6,0,SYNTHETIC
14.59,17.0,7,0,SYNTHETIC
14.59,14.0,8,0,SYNTHETIC
14.59,18.0,9,0,SYNTHETIC
14.59,19.0,10,0,SYNTHETIC
14.59,13.0,11,0,SYNTHETIC
14.59,16.0,12,0,SYNTHETIC
14.59,17.0,13,0,SYNTHETIC
14.59,19.0,14,0,SYNTHETIC
14.59,14.0,15,0,SYNTHETIC
14.59,13.0,16,0,SYNTHETIC
14.59,18.0,17,0,SYNTHETIC
14.59,15.0,18,0,SYNTHETIC
14.59,9.0,19,0,SYNTHETIC
14.59,18.0,20,0,SYNTHETIC
14.59,15.0,21,0,SYNTHETIC
14.59,15.0,22,0,SYNTHETIC
14.59,12.0,23,0,SYNTHETIC
25.7,23.0,0,0,SYNTHETIC
25.7,26.0,1,0,SYNTHETIC
25.7,33.0,2,0,SYNTHETIC
25.7,31.0,3,0,SYNTHETIC
25.7,21.0,4,0,SYNTHETIC
25.7,37.0,5,0,SYNTHETIC
25.7,108.0,6,1,SYNTHETIC
25.7,24.0,7,0,SYNTHETIC
25.7,31.0,8,0,SYNTHETIC
25.7,24.0,9,0,SYNTHETIC
25.7,21.0,10,0,SYNTHETIC
25.7,13.0,11,0,SYNTHETIC
25.7,29.0,12,0,SYNTHETIC
25.7,25.0,13,0,SYNTHETIC
25.7,32.0,14,0,SYNTHETIC
25.7,25.0,15,0,SYNTHETIC
25.7,27.0,16,0,SYNTHETIC
25.7,20.0,17,0,SYNTHETIC
25.7,19.0,18,0,SYNTHETIC
25.7,32.0,19,0,SYNTHETIC
25.7,17.0,20,0,SYNTHETIC
25.7,25.0,21,0,SYNTHETIC
25.7,31.0,22,0,SYNTHETIC
25.7,22.0,23,0,SYNTHETIC
21.08,22.0,0,0,SYNTHETIC
21.08,25.0,1,0,SYNTHETIC
21.08,18.0,2,0,SYNTHETIC
21.08,22.0,3,0,SYNTHETIC
21.08,19.0,4,0,SYNTHETIC
21.08,17.0,5,0,SYNTHETIC
21.08,21.0,6,0,SYNTHETIC
21.08,19.0,7,0,SYNTHETIC
21.08,21.0,8,0,SYNTHETIC
21.08,20.0,9,0,SYNTHETIC
21.08,24.0,10,0,SYNTHETIC
21.08,22.0,11,0,SYNTHETIC
21.08,30.0,12,0,SYNTHETIC
21.08,19.0,13,0,SYNTHETIC
21.08,18.0,14,0,SYNTHETIC
21.08,28.0,15,0,SYNTHETIC
21.08,20.0,16,0,SYNTHETIC
21.08,24.0,17,0,SYNTHETIC
21.08,11.0,18,0,SYNTHETIC
21.08,26.0,19,0,SYNTHETIC
21.08,16.0,20,0,SYNTHETIC
21.08,23.0,21,0,SYNTHETIC
21.08,25.0,22,0,SYNTHETIC
21.08,15.0,23,0,SYNTHETIC
16.16,19.0,0,0,SYNTHETIC
16.16,56.0,1,1,SYNTHETIC
16.16,13.0,2,0,SYNTHETIC
16.16,11.0,3,0,SYNTHETIC
16.16,15.0,4,0,SYNTHETIC
16.16,12.0,5,0,SYNTHETIC
16.16,11.0,6,0,SYNTHETIC
16.16,19.0,7,0,SYNTHETIC
16.16,22.0,8,0,SYNTHETIC
16.16,15.0,9,0,SYNTHETIC
16.16,17.0,10,0,SYNTHETIC
16.16,13.0,11,0,SYNTHETIC
16.16,17.0,12,0,SYNTHETIC
16.16,22.0,13,0,SYNTHETIC
16.16,9.0,14,0,SYNTHETIC
16.16,21.0,15,0,SYNTHETIC
16.16,18.0,16,0,SYNTHETIC
16.16,15.0,17,0,SYNTHETIC
16.16,18.0,18,0,SYNTHETIC
16.16,17.0,19,0,SYNTHETIC
16.16,18.0,20,0,SYNTHETIC
16.16,15.0,21,0,SYNTHETIC
16.16,15.0,22,0,SYNTHETIC
16.16,12.0,23,0,SYNTHETIC
23.61,20.0,0,0,SYNTHETIC
23.61,32.0,1,0,SYNTHETIC
23.61,70.0,2,1,SYNTHETIC
23.61,69.0,3,1,SYNTHETIC
23.61,27.0,4,0,SYNTHETIC
23.61,26.0,5,0,SYNTHETIC
23.61,13.0,6,0,SYNTHETIC
23.61,22.0,7,0,SYNTHETIC
23.61,26.0,8,0,SYNTHETIC
23.61,98.0,9,1,SYNTHETIC
23.61,34.0,10,0,SYNTHETIC
23.61,25.0,11,0,SYNTHETIC
23.61,18.0,12,0,SYNTHETIC
23.61,33.0,13,0,SYNTHETIC
23.61,31.0,14,0,SYNTHETIC
23.61,24.0,15,0,SYNTHETIC
23.61,18.0,16,0,SYNTHETIC
23.61,21.0,17,0,SYNTHETIC
23.61,24.0,18,0,SYNTHETIC
23.61,26.0,19,0,SYNTHETIC
23.61,20.0,20,0,SYNTHETIC
23.61,22.0,21,0,SYNTHETIC
23.61,28.0,22,0,SYNTHETIC
23.61,29.0,23,0,SYNTHETIC
16.0,16.0,0,0,SYNTHETIC
16.0,15.0,1,0,SYNTHETIC
16.0,13.0,2,0,SYNTHETIC
16.0,14.0,3,0,SYNTHETIC
16.0,13.0,4,0,SYNTHETIC
16.0,14.0,5,0,SYNTHETIC
16.0,14.0,6,0,SYNTHETIC
16.0,18.0,7,0,SYNTHETIC
16.0,18.0,8,0,SYNTHETIC
16.0,18.0,9,0,SYNTHETIC
16.0,10.0,10,0,SYNTHETIC
16.0,13.0,11,0,SYNTHETIC
16.0,15.0,12,0,SYNTHETIC
16.0,21.0,13,0,SYNTHETIC
16.0,20.0,14,0,SYNTHETIC
16.0,47.0,15,1,SYNTHETIC
16.0,14.0,16,0,SYNTHETIC
16.0,27.0,17,0,SYNTHETIC
16.0,15.0,18,0,SYNTHETIC
16.0,14.0,19,0,SYNTHETIC
16.0,23.0,20,0,SYNTHETIC
16.0,19.0,21,0,SYNTHETIC
16.0,17.0,22,0,SYNTHETIC
16.0,14.0,23,0,SYNTHETIC
22.17,20.0,0,0,SYNTHETIC
22.17,19.0,1,0,SYNTHETIC
22.17,12.0,2,0,SYNTHETIC
22.17,21.0,3,0,SYNTHETIC
22.17,27.0,4,0,SYNTHETIC
22.17,22.0,5,0,SYNTHETIC
22.17,21.0,6,0,SYNTHETIC
22.17,24.0,7,0,SYNTHETIC
22.17,22.0,8,0,SYNTHETIC
22.17,16.0,9,0,SYNTHETIC
22.17,25.0,10,0,SYNTHETIC
22.17,26.0,11,0,SYNTHETIC
22.17,19.0,12,0,SYNTHETIC
22.17,28.0,13,0,SYNTHETIC
22.17,19.0,14,0,SYNTHETIC
22.17,15.0,15,0,SYNTHETIC
22.17,21.0,16,0,SYNTHETIC
22.17,22.0,17,0,SYNTHETIC
22.17,19.0,18,0,SYNTHETIC
22.17,27.0,19,0,SYNTHETIC
22.17,18.0,20,0,SYNTHETIC
22.17,23.0,21,0,SYNTHETIC
22.17,19.0,22,0,SYNTHETIC
22.17,27.0,23,0,SYNTHETIC
25.49,22.0,0,0,SYNTHETIC
25.49,29.0,1,0,SYNTHETIC
25.49,29.0,2,0,SYNTHETIC
25.49,16.0,3,0,SYNTHETIC
25.49,27.0,4,0,SYNTHETIC
25.49,25.0,5,0,SYNTHETIC
25.49,33.0,6,0,SYNTHETIC
25.49,16.0,7,0,SYNTHETIC
25.49,30.0,8,0,SYNTHETIC
25.49,33.0,9,0,SYNTHETIC
25.49,21.0,10,0,SYNTHETIC
25.49,23.0,11,0,SYNTHETIC
25.49,25.0,12,0,SYNTHETIC
25.49,25.0,13,0,SYNTHETIC
25.49,106.0,14,1,SYNTHETIC
25.49,20.0,15,0,SYNTHETIC
25.49,21.0,16,0,SYNTHETIC
25.49,24.0,17,0,SYNTHETIC
25.49,38.0,18,0,SYNTHETIC
25.49,24.0,19,0,SYNTHETIC
25.49,21.0,20,0,SYNTHETIC
25.49,27.0,21,0,SYNTHETIC
25.49,29.0,22,0,SYNTHETIC
25.49,19.0,23,0,SYNTHETIC
13.48,14.0,0,0,SYNTHETIC
13.48,13.0,1,0,SYNTHETIC
13.48,16.0,2,0,SYNTHETIC
13.48,17.0,3,0,SYNTHETIC
13.48,11.0,4,0,SYNTHETIC
13.48,19.0,5,0,SYNTHETIC
13.48,17.0,6,0,SYNTHETIC
13.48,12.0,7,0,SYNTHETIC
13.48,12.0,8,0,SYNTHETIC
13.48,14.0,9,0,SYNTHETIC
13.48,7.0,10,0,SYNTHETIC
13.48,15.0,11,0,SYNTHETIC
13.48,42.0,12,1,SYNTHETIC
13.48,13.0,13,0,SYNTHETIC
13.48,19.0,14,0,SYNTHETIC
13.48,13.0,15,0,SYNTHETIC
13.48,13.0,16,0,SYNTHETIC
13.48,17.0,17,0,SYNTHETIC
13.48,11.0,18,0,SYNTHETIC
13.48,13.0,19,0,SYNTHETIC
13.48,14.0,20,0,SYNTHETIC
13.48,12.0,21,0,SYNTHETIC
13.48,9.0,22,0,SYNTHETIC
13.48,14.0,23,0,SYNTHETIC
38.89,16.0,0,0,SYNTHETIC
38.89,48.0,1,0,SYNTHETIC
38.89,51.0,2,0,SYNTHETIC
38.89,32.0,3,0,SYNTHETIC
38.89,49.0,4,0,SYNTHETIC
38.89,48.0,5,0,SYNTHETIC
38.89,25.0,6,0,SYNTHETIC
38.89,31.0,7,0,SYNTHETIC
38.89,29.0,8,0,SYNTHETIC
38.89,41.0,9,0,SYNTHETIC
38.89,164.0,10,1,SYNTHETIC
38.89,53.0,11,0,SYNTHETIC
38.89,40.0,12,0,SYNTHETIC
38.89,45.0,13,0,SYNTHETIC
38.89,27.0,14,0,SYNTHETIC
38.89,35.0,15,0,SYNTHETIC
38.89,52.0,16,0,SYNTHETIC
38.89,35.0,17,0,SYNTHETIC
38.89,44.0,18,0,SYNTHETIC
38.89,111.0,19,1,SYNTHETIC
38.89,26.0,20,0,SYNTHETIC
38.89,37.0,21,0,SYNTHETIC
38.89,29.0,22,0,SYNTHETIC
38.89,15.0,23,0,SYNTHETIC
37.62,19.0,0,0,SYNTHETIC
37.62,45.0,1,0,SYNTHETIC
37.62,33.0,2,0,SYNTHETIC
37.62,31.0,3,0,SYNTHETIC
37.62,46.0,4,0,SYNTHETIC
37.62,50.0,5,0,SYNTHETIC
37.62,46.0,6,0,SYNTHETIC
37.62,47.0,7,0,SYNTHETIC
37.62,27.0,8,0,SYNTHETIC
37.62,38.0,9,0,SYNTHETIC
37.62,29.0,10,0,SYNTHETIC
37.62,39.0,11,0,SYNTHETIC
37.62,29.0,12,0,SYNTHETIC
37.62,27.0,13,0,SYNTHETIC
37.62,32.0,14,0,SYNTHETIC
37.62,28.0,15,0,SYNTHETIC
37.62,32.0,16,0,SYNTHETIC
37.62,42.0,17,0,SYNTHETIC
37.62,30.0,18,0,SYNTHETIC
37.62,30.0,19,0,SYNTHETIC
37.62,41.0,20,0,SYNTHETIC
37.62,36.0,21,0,SYNTHETIC
37.62,21.0,22,0,SYNTHETIC
37.62,44.0,23,0,SYNTHETIC
25.24,16.0,0,0,SYNTHETIC
25.24,25.0,1,0,SYNTHETIC
25.24,29.0,2,0,SYNTHETIC
25.24,28.0,3,0,SYNTHETIC
25.24,28.0,4,0,SYNTHETIC
25.24,20.0,5,0,SYNTHETIC
25.24,20.0,6,0,SYNTHETIC
25.24,37.0,7,0,SYNTHETIC
25.24,27.0,8,0,SYNTHETIC
25.24,21.0,9,0,SYNTHETIC
25.24,29.0,10,0,SYNTHETIC
25.24,35.0,11,0,SYNTHETIC
25.24,27.0,12,0,SYNTHETIC
25.24,25.0,13,0,SYNTHETIC
25.24,17.0,14,0,SYNTHETIC
25.24,69.0,15,1,SYNTHETIC
25.24,14.0,16,0,SYNTHETIC
25.24,30.0,17,0,SYNTHETIC
25.24,25.0,18,0,SYNTHETIC
25.24,22.0,19,0,SYNTHETIC
25.24,29.0,20,0,SYNTHETIC
25.24,36.0,21,0,SYNTHETIC
25.24,26.0,22,0,SYNTHETIC
25.24,24.0,23,0,SYNTHETIC
23.44,21.0,0,0,SYNTHETIC
23.44,21.0,1,0,SYNTHETIC
23.44,28.0,2,0,SYNTHETIC
23.44,31.0,3,0,SYNTHETIC
23.44,21.0,4,0,SYNTHETIC
23.44,21.0,5,0,SYNTHETIC
23.44,22.0,6,0,SYNTHETIC
23.44,26.0,7,0,SYNTHETIC
23.44,25.0,8,0,SYNTHETIC
23.44,22.0,9,0,SYNTHETIC
23.44,23.0,10,0,SYNTHETIC
23.44,27.0,11,0,SYNTHETIC
23.44,21.0,12,0,SYNTHETIC
23.44,22.0,13,0,SYNTHETIC
23.44,34.0,14,0,SYNTHETIC
23.44,21.0,15,0,SYNTHETIC
23.44,7.0,16,0,SYNTHETIC
23.44,28.0,17,0,SYNTHETIC
23.44,27.0,18,0,SYNTHETIC
23.44,24.0,19,0,SYNTHETIC
23.44,17.0,20,0,SYNTHETIC
23.44,20.0,21,0,SYNTHETIC
23.44,36.0,22,0,SYNTHETIC
23.44,21.0,23,0,SYNTHETIC
21.6,16.0,0,0,SYNTHETIC
21.6,20.0,1,0,SYNTHETIC
21.6,20.0,2,0,SYNTHETIC
21.6,19.0,3,0,SYNTHETIC
21.6,13.0,4,0,SYNTHETIC
21.6,21.0,5,0,SYNTHETIC
21.6,76.0,6,1,SYNTHETIC
21.6,28.0,7,0,SYNTHETIC
21.6,22.0,8,0,SYNTHETIC
21.6,23.0,9,0,SYNTHETIC
21.6,75.0,10,1,SYNTHETIC
21.6,16.0,11,0,SYNTHETIC
21.6,18.0,12,0,SYNTHETIC
21.6,21.0,13,0,SYNTHETIC
21.6,23.0,14,0,SYNTHETIC
21.6,29.0,15,0,SYNTHETIC
21.6,21.0,16,0,SYNTHETIC
21.6,20.0,17,0,SYNTHETIC
21.6,21.0,18,0,SYNTHETIC
21.6,24.0,19,0,SYNTHETIC
21.6,19.0,20,0,SYNTHETIC
21.6,27.0,21,0,SYNTHETIC
21.6,26.0,22,0,SYNTHETIC
21.6,26.0,23,0,SYNTHETIC
22.1,11.0,0,0,SYNTHETIC
22.1,22.0,1,0,SYNTHETIC
22.1,22.0,2,0,SYNTHETIC
22.1,20.0,3,0,SYNTHETIC
22.1,16.0,4,0,SYNTHETIC
22.1,26.0,5,0,SYNTHETIC
22.1,30.0,6,0,SYNTHETIC
22.1,12.0,7,0,SYNTHETIC
22.1,22.0,8,0,SYNTHETIC
22.1,21.0,9,0,SYNTHETIC
22.1,12.0,10,0,SYNTHETIC
22.1,24.0,11,0,SYNTHETIC
22.1,23.0,12,0,SYNTHETIC
22.1,22.0,13,0,SYNTHETIC
22.1,18.0,14,0,SYNTHETIC
22.1,25.0,15,0,SYNTHETIC
22.1,93.0,16,1,SYNTHETIC
22.1,23.0,17,0,SYNTHETIC
22.1,23.0,18,0,SYNTHETIC
22.1,35.0,19,0,SYNTHETIC
22.1,32.0,20,0,SYNTHETIC
22.1,26.0,21,0,SYNTHETIC
22.1,21.0,22,0,SYNTHETIC
22.1,61.0,23,1,SYNTHETIC
39.34,46.0,0,0,SYNTHETIC
39.34,176.0,1,1,SYNTHETIC
39.34,31.0,2,0,SYNTHETIC
39.34,27.0,3,0,SYNTHETIC
39.34,141.0,4,1,SYNTHETIC
39.34,68.0,5,0,SYNTHETIC
39.34,44.0,6,0,SYNTHETIC
39.34,45.0,7,0,SYNTHETIC
39.34,60.0,8,0,SYNTHETIC
39.34,46.0,9,0,SYNTHETIC
39.34,48.0,10,0,SYNTHETIC
39.34,49.0,11,0,SYNTHETIC
39.34,30.0,12,0,SYNTHETIC
39.34,47.0,13,0,SYNTHETIC
39.34,63.0,14,0,SYNTHETIC
39.34,21.0,15,0,SYNTHETIC
39.34,23.0,16,0,SYNTHETIC
39.34,50.0,17,0,SYNTHETIC
39.34,32.0,18,0,SYNTHETIC
39.34,39.0,19,0,SYNTHETIC
39.34,33.0,20,0,SYNTHETIC
39.34,36.0,21,0,SYNTHETIC
39.34,35.0,22,0,SYNTHETIC
39.34,48.0,23,0,SYNTHETIC
14.79,22.0,0,0,SYNTHETIC
14.79,16.0,1,0,SYNTHETIC
14.79,15.0,2,0,SYNTHETIC
14.79,13.0,3,0,SYNTHETIC
14.79,14.0,4,0,SYNTHETIC
14.79,14.0,5,0,SYNTHETIC
14.79,13.0,6,0,SYNTHETIC
14.79,14.0,7,0,SYNTHETIC
14.79,20.0,8,0,SYNTHETIC
14.79,14.0,9,0,SYNTHETIC
14.79,13.0,10,0,SYNTHETIC
14.79,18.0,11,0,SYNTHETIC
14.79,10.0,12,0,SYNTHETIC
14.79,11.0,13,0,SYNTHETIC
14.79,14.0,14,0,SYNTHETIC
14.79,16.0,15,0,SYNTHETIC
14.79,21.0,16,0,SYNTHETIC
14.79,12.0,17,0,SYNTHETIC
14.79,17.0,18,0,SYNTHETIC
14.79,18.0,19,0,SYNTHETIC
14.79,21.0,20,0,SYNTHETIC
14.79,16.0,21,0,SYNTHETIC
14.79,12.0,22,0,SYNTHETIC
14.79,62.0,23,1,SYNTHETIC
27.81,19.0,0,0,SYNTHETIC
27.81,127.0,1,1,SYNTHETIC
27.81,22.0,2,0,SYNTHETIC
27.81,24.0,3,0,SYNTHETIC
27.81,28.0,4,0,SYNTHETIC
27.81,27.0,5,0,SYNTHETIC
27.81,17.0,6,0,SYNTHETIC
27.81,27.0,7,0,SYNTHETIC
27.81,25.0,8,0,SYNTHETIC
27.81,21.0,9,0,SYNTHETIC
27.81,20.0,10,0,SYNTHETIC
27.81,31.0,11,0,SYNTHETIC
27.81,41.0,12,0,SYNTHETIC
27.81,40.0,13,0,SYNTHETIC
27.81,31.0,14,0,SYNTHETIC
27.81,19.0,15,0,SYNTHETIC
27.81,28.0,16,0,SYNTHETIC
27.81,33.0,17,0,SYNTHETIC
27.81,22.0,18,0,SYNTHETIC
27.81,26.0,19,0,SYNTHETIC
27.81,39.0,20,0,SYNTHETIC
27.81,23.0,21,0,SYNTHETIC
27.81,46.0,22,0,SYNTHETIC
27.81,25.0,23,0,SYNTHETIC
13.9,14.0,0,0,SYNTHETIC
13.9,13.0,1,0,SYNTHETIC
13.9,14.0,2,0,SYNTHETIC
13.9,13.0,3,0,SYNTHETIC
13.9,47.0,4,1,SYNTHETIC
13.9,11.0,5,0,SYNTHETIC
13.9,15.0,6,0,SYNTHETIC
13.9,17.0,7,0,SYNTHETIC
13.9,10.0,8,0,SYNTHETIC
13.9,13.0,9,0,SYNTHETIC
13.9,20.0,10,0,SYNTHETIC
13.9,10.0,11,0,SYNTHETIC
13.9,14.0,12,0,SYNTHETIC
13.9,19.0,13,0,SYNTHETIC
13.9,11.0,14,0,SYNTHETIC
13.9,10.0,15,0,SYNTHETIC
13.9,9.0,16,0,SYNTHETIC
13.9,8.0,17,0,SYNTHETIC
13.9,16.0,18,0,SYNTHETIC
13.9,20.0,19,0,SYNTHETIC
13.9,11.0,20,0,SYNTHETIC
13.9,13.0,21,0,SYNTHETIC
13.9,8.0,22,0,SYNTHETIC
13.9,7.0,23,0,SYNTHETIC
37.07,39.0,0,0,SYNTHETIC
37.07,42.0,1,0,SYNTHETIC
37.07,31.0,2,0,SYNTHETIC
37.07,40.0,3,0,SYNTHETIC
37.07,34.0,4,0,SYNTHETIC
37.07,48.0,5,0,SYNTHETIC
37.07,35.0,6,0,SYNTHETIC
37.07,52.0,7,0,SYNTHETIC
37.07,24.0,8,0,SYNTHETIC
37.07,42.0,9,0,SYNTHETIC
37.07,55.0,10,0,SYNTHETIC
37.07,34.0,11,0,SYNTHETIC
37.07,37.0,12,0,SYNTHETIC
37.07,49.0,13,0,SYNTHETIC
37.07,35.0,14,0,SYNTHETIC
37.07,55.0,15,0,SYNTHETIC
37.07,51.0,16,0,SYNTHETIC
37.07,38.0,17,0,SYNTHETIC
37.07,34.0,18,0,SYNTHETIC
37.07,40.0,19,0,SYNTHETIC
37.07,41.0,20,0,SYNTHETIC
37.07,34.0,21,0,SYNTHETIC
37.07,52.0,22,0,SYNTHETIC
37.07,177.0,23,1,SYNTHETIC
16.28,18.0,0,0,SYNTHETIC
16.28,17.0,1,0,SYNTHETIC
16.28,13.0,2,0,SYNTHETIC
16.28,18.0,3,0,SYNTHETIC
16.28,20.0,4,0,SYNTHETIC
16.28,14.0,5,0,SYNTHETIC
16.28,22.0,6,0,SYNTHETIC
16.28,15.0,7,0,SYNTHETIC
16.28,9.0,8,0,SYNTHETIC
16.28,13.0,9,0,SYNTHETIC
16.28,7.0,10,0,SYNTHETIC
16.28,15.0,11,0,SYNTHETIC
16.28,19.0,12,0,SYNTHETIC
16.28,23.0,13,0,SYNTHETIC
16.28,16.0,14,0,SYNTHETIC
16.28,23.0,15,0,SYNTHETIC
16.28,57.0,16,1,SYNTHETIC
16.28,18.0,17,0,SYNTHETIC
16.28,12.0,18,0,SYNTHETIC
16.28,22.0,19,0,SYNTHETIC
16.28,11.0,20,0,SYNTHETIC
16.28,14.0,21,0,SYNTHETIC
16.28,59.0,22,1,SYNTHETIC
16.28,19.0,23,0,SYNTHETIC
11.28,17.0,0,0,SYNTHETIC
11.28,11.0,1,0,SYNTHETIC
11.28,9.0,2,0,SYNTHETIC
11.28,18.0,3,0,SYNTHETIC
11.28,16.0,4,0,SYNTHETIC
11.28,14.0,5,0,SYNTHETIC
11.28,16.0,6,0,SYNTHETIC
11.28,9.0,7,0,SYNTHETIC
11.28,14.0,8,0,SYNTHETIC
11.28,14.0,9,0,SYNTHETIC
11.28,11.0,10,0,SYNTHETIC
11.28,13.0,11,0,SYNTHETIC
11.28,12.0,12,0,SYNTHETIC
11.28,6.0,13,0,SYNTHETIC
11.28,10.0,14,0,SYNTHETIC
11.28,13.0,15,0,SYNTHETIC
11.28,14.0,16,0,SYNTHETIC
11.28,15.0,17,0,SYNTHETIC
11.28,15.0,18,0,SYNTHETIC
11.28,10.0,19,0,SYNTHETIC
11.28,12.0,20,0,SYNTHETIC
11.28,15.0,21,0,SYNTHETIC
11.28,9.0,22,0,SYNTHETIC
11.28,9.0,23,0,SYNTHETIC
23.84,114.0,0,1,SYNTHETIC
23.84,22.0,1,0,SYNTHETIC
23.84,16.0,2,0,SYNTHETIC
23.84,22.0,3,0,SYNTHETIC
23.84,23.0,4,0,SYNTHETIC
23.84,118.0,5,1,SYNTHETIC
23.84,20.0,6,0,SYNTHETIC
23.84,18.0,7,0,SYNTHETIC
23.84,28.0,8,0,SYNTHETIC
23.84,21.0,9,0,SYNTHETIC
23.84,29.0,10,0,SYNTHETIC
23.84,25.0,11,0,SYNTHETIC
23.84,28.0,12,0,SYNTHETIC
23.84,10.0,13,0,SYNTHETIC
23.84,23.0,14,0,SYNTHETIC
23.84,83.0,15,1,SYNTHETIC
23.84,33.0,16,0,SYNTHETIC
23.84,18.0,17,0,SYNTHETIC
23.84,29.0,18,0,SYNTHETIC
23.84,18.0,19,0,SYNTHETIC
23.84,19.0,20,0,SYNTHETIC
23.84,28.0,21,0,SYNTHETIC
23.84,30.0,22,0,SYNTHETIC
23.84,27.0,23,0,SYNTHETIC
37.65,52.0,0,0,SYNTHETIC
37.65,27.0,1,0,SYNTHETIC
37.65,32.0,2,0,SYNTHETIC
37.65,33.0,3,0,SYNTHETIC
37.65,51.0,4,0,SYNTHETIC
37.65,34.0,5,0,SYNTHETIC
37.65,34.0,6,0,SYNTHETIC
37.65,39.0,7,0,SYNTHETIC
37.65,42.0,8,0,SYNTHETIC
37.65,20.0,9,0,SYNTHETIC
37.65,41.0,10,0,SYNTHETIC
37.65,22.0,11,0,SYNTHETIC
37.65,45.0,12,0,SYNTHETIC
37.65,49.0,13,0,SYNTHETIC
37.65,34.0,14,0,SYNTHETIC
37.65,37.0,15,0,SYNTHETIC
37.65,38.0,16,0,SYNTHETIC
37.65,17.0,17,0,SYNTHETIC
37.65,50.0,18,0,SYNTHETIC
37.65,35.0,19,0,SYNTHETIC
37.65,29.0,20,0,SYNTHETIC
37.65,35.0,21,0,SYNTHETIC
37.65,23.0,22,0,SYNTHETIC
37.65,26.0,23,0,SYNTHETIC
29.84,35.0,0,0,SYNTHETIC
29.84,39.0,1,0,SYNTHETIC
29.84,32.0,2,0,SYNTHETIC
29.84,31.0,3,0,SYNTHETIC
29.84,30.0,4,0,SYNTHETIC
29.84,27.0,5,0,SYNTHETIC
29.84,32.0,6,0,SYNTHETIC
29.84,26.0,7,0,SYNTHETIC
29.84,24.0,8,0,SYNTHETIC
29.84,27.0,9,0,SYNTHETIC
29.84,31.0,10,0,SYNTHETIC
29.84,39.0,11,0,SYNTHETIC
29.84,22.0,12,0,SYNTHETIC
29.84,96.0,13,1,SYNTHETIC
29.84,22.0,14,0,SYNTHETIC
29.84,24.0,15,0,SYNTHETIC
29.84,35.0,16,0,SYNTHETIC
29.84,35.0,17,0,SYNTHETIC
29.84,29.0,18,0,SYNTHETIC
29.84,25.0,19,0,SYNTHETIC
29.84,22.0,20,0,SYNTHETIC
29.84,37.0,21,0,SYNTHETIC
29.84,34.0,22,0,SYNTHETIC
29.84,40.0,23,0,SYNTHETIC
12.18,15.0,0,0,SYNTHETIC
12.18,9.0,1,0,SYNTHETIC
12.18,13.0,2,0,SYNTHETIC
12.18,12.0,3,0,SYNTHETIC
12.18,11.0,4,0,SYNTHETIC
12.18,11.0,5,0,SYNTHETIC
12.18,9.0,6,0,SYNTHETIC
12.18,16.0,7,0,SYNTHETIC
12.18,12.0,8,0,SYNTHETIC
12.18,10.0,9,0,SYNTHETIC
12.18,14.0,10,0,SYNTHETIC
12.18,13.0,11,0,SYNTHETIC
12.18,11.0,12,0,SYNTHETIC
12.18,14.0,13,0,SYNTHETIC
12.18,12.0,14,0,SYNTHETIC
12.18,15.0,15,0,SYNTHETIC
12.18,17.0,16,0,SYNTHETIC
12.18,15.0,17,0,SYNTHETIC
12.18,37.0,18,1,SYNTHETIC
12.18,14.0,19,0,SYNTHETIC
12.18,10.0,20,0,SYNTHETIC
12.18,8.0,21,0,SYNTHETIC
12.18,10.0,22,0,SYNTHETIC
12.18,12.0,23,0,SYNTHETIC
10.31,14.0,0,0,SYNTHETIC
10.31,11.0,1,0,SYNTHETIC
10.31,15.0,2,0,SYNTHETIC
10.31,8.0,3,0,SYNTHETIC
10.31,11.0,4,0,SYNTHETIC
10.31,9.0,5,0,SYNTHETIC
10.31,12.0,6,0,SYNTHETIC
10.31,8.0,7,0,SYNTHETIC
10.31,11.0,8,0,SYNTHETIC
10.31,11.0,9,0,SYNTHETIC
10.31,13.0,10,0,SYNTHETIC
10.31,10.0,11,0,SYNTHETIC
10.31,14.0,12,0,SYNTHETIC
10.31,8.0,13,0,SYNTHETIC
10.31,11.0,14,0,SYNTHETIC
10.31,13.0,15,0,SYNTHETIC
10.31,12.0,16,0,SYNTHETIC
10.31,8.0,17,0,SYNTHETIC
10.31,10.0,18,0,SYNTHETIC
10.31,9.0,19,0,SYNTHETIC
10.31,15.0,20,0,SYNTHETIC
10.31,6.0,21,0,SYNTHETIC
10.31,10.0,22,0,SYNTHETIC
10.31,11.0,23,0,SYNTHETIC
36.14,40.0,0,0,SYNTHETIC
36.14,30.0,1,0,SYNTHETIC
36.14,46.0,2,0,SYNTHETIC
36.14,43.0,3,0,SYNTHETIC
36.14,42.0,4,0,SYNTHETIC
36.14,51.0,5,0,SYNTHETIC
36.14,39.0,6,0,SYNTHETIC
36.14,23.0,7,0,SYNTHETIC
36.14,33.0,8,0,SYNTHETIC
36.14,26.0,9,0,SYNTHETIC
36.14,51.0,10,0,SYNTHETIC
36.14,32.0,11,0,SYNTHETIC
36.14,38.0,12,0,SYNTHETIC
36.14,49.0,13,0,SYNTHETIC
36.14,34.0,14,0,SYNTHETIC
36.14,34.0,15,0,SYNTHETIC
36.14,45.0,16,0,SYNTHETIC
36.14,43.0,17,0,SYNTHETIC
36.14,94.0,18,1,SYNTHETIC
36.14,36.0,19,0,SYNTHETIC
36.14,35.0,20,0,SYNTHETIC
36.14,22.0,21,0,SYNTHETIC
36.14,36.0,22,0,SYNTHETIC
36.14,33.0,23,0,SYNTHETIC
11.99,12.0,0,0,SYNTHETIC
11.99,11.0,1,0,SYNTHETIC
11.99,9.0,2,0,SYNTHETIC
11.99,11.0,3,0,SYNTHETIC
11.99,15.0,4,0,SYNTHETIC
11.99,5.0,5,0,SYNTHETIC
11.99,17.0,6,0,SYNTHETIC
11.99,15.0,7,0,SYNTHETIC
11.99,12.0,8,0,SYNTHETIC
11.99,13.0,9,0,SYNTHETIC
11.99,12.0,10,0,SYNTHETIC
11.99,10.0,11,0,SYNTHETIC
11.99,12.0,12,0,SYNTHETIC
11.99,17.0,13,0,SYNTHETIC
11.99,7.0,14,0,SYNTHETIC
11.99,13.0,15,0,SYNTHETIC
11.99,11.0,16,0,SYNTHETIC
11.99,8.0,17,0,SYNTHETIC
11.99,12.0,18,0,SYNTHETIC
11.99,60.0,19,1,SYNTHETIC
11.99,6.0,20,0,SYNTHETIC
11.99,43.0,21,1,SYNTHETIC
11.99,16.0,22,0,SYNTHETIC
11.99,9.0,23,0,SYNTHETIC
39.36,37.0,0,0,SYNTHETIC
39.36,48.0,1,0,SYNTHETIC
39.36,32.0,2,0,SYNTHETIC
39.36,37.0,3,0,SYNTHETIC
39.36,36.0,4,0,SYNTHETIC
39.36,174.0,5,1,SYNTHETIC
39.36,60.0,6,0,SYNTHETIC
39.36,27.0,7,0,SYNTHETIC
39.36,30.0,8,0,SYNTHETIC
39.36,41.0,9,0,SYNTHETIC
39.36,40.0,10,0,SYNTHETIC
39.36,28.0,11,0,SYNTHETIC
39.36,51.0,12,0,SYNTHETIC
39.36,40.0,13,0,SYNTHETIC
39.36,36.0,14,0,SYNTHETIC
39.36,49.0,15,0,SYNTHETIC
39.36,48.0,16,0,SYNTHETIC
39.36,51.0,17,0,SYNTHETIC
39.36,50.0,18,0,SYNTHETIC
39.36,41.0,19,0,SYNTHETIC
39.36,27.0,20,0,SYNTHETIC
39.36,44.0,21,0,SYNTHETIC
39.36,31.0,22,0,SYNTHETIC
39.36,43.0,23,0,SYNTHETIC
39.48,42.0,0,0,SYNTHETIC
39.48,58.0,1,0,SYNTHETIC
39.48,45.0,2,0,SYNTHETIC
39.48,40.0,3,0,SYNTHETIC
39.48,58.0,4,0,SYNTHETIC
39.48,59.0,5,0,SYNTHETIC
39.48,38.0,6,0,SYNTHETIC
39.48,38.0,7,0,SYNTHETIC
39.48,26.0,8,0,SYNTHETIC
39.48,25.0,9,0,SYNTHETIC
39.48,38.0,10,0,SYNTHETIC
39.48,49.0,11,0,SYNTHETIC
39.48,30.0,12,0,SYNTHETIC
39.48,112.0,13,1,SYNTHETIC
39.48,39.0,14,0,SYNTHETIC
39.48,51.0,15,0,SYNTHETIC
39.48,37.0,16,0,SYNTHETIC
39.48,57.0,17,0,SYNTHETIC
39.48,43.0,18,0,SYNTHETIC
39.48,106.0,19,1,SYNTHETIC
39.48,49.0,20,0,SYNTHETIC
39.48,28.0,21,0,SYNTHETIC
39.48,19.0,22,0,SYNTHETIC
39.48,30.0,23,0,SYNTHETIC
22.7,21.0,0,0,SYNTHETIC
22.7,20.0,1,0,SYNTHETIC
22.7,30.0,2,0,SYNTHETIC
22.7,19.0,3,0,SYNTHETIC
22.7,19.0,4,0,SYNTHETIC
22.7,26.0,5,0,SYNTHETIC
22.7,21.0,6,0,SYNTHETIC
22.7,14.0,7,0,SYNTHETIC
22.7,28.0,8,0,SYNTHETIC
22.7,27.0,9,0,SYNTHETIC
22.7,19.0,10,0,SYNTHETIC
22.7,23.0,11,0,SYNTHETIC
22.7,20.0,12,0,SYNTHETIC
22.7,27.0,13,0,SYNTHETIC
22.7,20.0,14,0,SYNTHETIC
22.7,22.0,15,0,SYNTHETIC
22.7,26.0,16,0,SYNTHETIC
22.7,30.0,17,0,SYNTHETIC
22.7,16.0,18,0,SYNTHETIC
22.7,30.0,19,0,SYNTHETIC
22.7,18.0,20,0,SYNTHETIC
22.7,22.0,21,0,SYNTHETIC
22.7,23.0,22,0,SYNTHETIC
22.7,17.0,23,0,SYNTHETIC
38.84,37.0,0,0,SYNTHETIC
38.84,31.0,1,0,SYNTHETIC
38.84,49.0,2,0,SYNTHETIC
38.84,38.0,3,0,SYNTHETIC
38.84,37.0,4,0,SYNTHETIC
38.84,38.0,5,0,SYNTHETIC
38.84,44.0,6,0,SYNTHETIC
38.84,41.0,7,0,SYNTHETIC
38.84,32.0,8,0,SYNTHETIC
38.84,48.0,9,0,SYNTHETIC
38.84,16.0,10,0,SYNTHETIC
38.84,26.0,11,0,SYNTHETIC
38.84,45.0,12,0,SYNTHETIC
38.84,147.0,13,1,SYNTHETIC
38.84,37.0,14,0,SYNTHETIC
38.84,24.0,15,0,SYNTHETIC
38.84,23.0,16,0,SYNTHETIC
38.84,32.0,17,0,SYNTHETIC
38.84,52.0,18,0,SYNTHETIC
38.84,41.0,19,0,SYNTHETIC
38.84,40.0,20,0,SYNTHETIC
38.84,103.0,21,1,SYNTHETIC
38.84,30.0,22,0,SYNTHETIC
38.84,48.0,23,0,SYNTHETIC
10.07,12.0,0,0,SYNTHETIC
10.07,8.0,1,0,SYNTHETIC
10.07,10.0,2,0,SYNTHETIC
10.07,9.0,3,0,SYNTHETIC
10.07,11.0,4,0,SYNTHETIC
10.07,6.0,5,0,SYNTHETIC
10.07,6.0,6,0,SYNTHETIC
10.07,9.0,7,0,SYNTHETIC
10.07,9.0,8,0,SYNTHETIC
10.07,11.0,9,0,SYNTHETIC
10.07,10.0,10,0,SYNTHETIC
10.07,12.0,11,0,SYNTHETIC
10.07,6.0,12,0,SYNTHETIC
10.07,9.0,13,0,SYNTHETIC
10.07,11.0,14,0,SYNTHETIC
10.07,14.0,15,0,SYNTHETIC
10.07,13.0,16,0,SYNTHETIC
10.07,8.0,17,0,SYNTHETIC
10.07,36.0,18,1,SYNTHETIC
10.07,13.0,19,0,SYNTHETIC
10.07,15.0,20,0,SYNTHETIC
10.07,9.0,21,0,SYNTHETIC
10.07,10.0,22,0,SYNTHETIC
10.07,11.0,23,0,SYNTHETIC
28.69,42.0,0,0,SYNTHETIC
28.69,32.0,1,0,SYNTHETIC
28.69,30.0,2,0,SYNTHETIC
28.69,31.0,3,0,SYNTHETIC
28.69,77.0,4,1,SYNTHETIC
28.69,18.0,5,0,SYNTHETIC
28.69,35.0,6,0,SYNTHETIC
28.69,42.0,7,0,SYNTHETIC
28.69,30.0,8,0,SYNTHETIC
28.69,20.0,9,0,SYNTHETIC
28.69,37.0,10,0,SYNTHETIC
28.69,29.0,11,0,SYNTHETIC
28.69,16.0,12,0,SYNTHETIC
28.69,41.0,13,0,SYNTHETIC
28.69,21.0,14,0,SYNTHETIC
28.69,32.0,15,0,SYNTHETIC
28.69,35.0,16,0,SYNTHETIC
28.69,25.0,17,0,SYNTHETIC
28.69,18.0,18,0,SYNTHETIC
28.69,28.0,19,0,SYNTHETIC
28.69,26.0,20,0,SYNTHETIC
28.69,27.0,21,0,SYNTHETIC
28.69,31.0,22,0,SYNTHETIC
28.69,32.0,23,0,SYNTHETIC
12.53,15.0,0,0,SYNTHETIC
12.53,19.0,1,0,SYNTHETIC
12.53,18.0,2,0,SYNTHETIC
12.53,13.0,3,0,SYNTHETIC
12.53,11.0,4,0,SYNTHETIC
12.53,13.0,5,0,SYNTHETIC
12.53,13.0,6,0,SYNTHETIC
12.53,12.0,7,0,SYNTHETIC
12.53,19.0,8,0,SYNTHETIC
12.53,11.0,9,0,SYNTHETIC
12.53,15.0,10,0,SYNTHETIC
12.53,10.0,11,0,SYNTHETIC
12.53,15.0,12,0,SYNTHETIC
12.53,4.0,13,0,SYNTHETIC
12.53,15.0,14,0,SYNTHETIC
12.53,9.0,15,0,SYNTHETIC
12.53,14.0,16,0,SYNTHETIC
12.53,11.0,17,0,SYNTHETIC
12.53,8.0,18,0,SYNTHETIC
12.53,12.0,19,0,SYNTHETIC
12.53,12.0,20,0,SYNTHETIC
12.53,13.0,21,0,SYNTHETIC
12.53,9.0,22,0,SYNTHETIC
12.53,12.0,23,0,SYNTHETIC
37.41,36.0,0,0,SYNTHETIC
37.41,51.0,1,0,SYNTHETIC
37.41,38.0,2,0,SYNTHETIC
37.41,51.0,3,0,SYNTHETIC
37.41,40.0,4,0,SYNTHETIC
37.41,31.0,5,0,SYNTHETIC
37.41,43.0,6,0,SYNTHETIC
37.41,51.0,7,0,SYNTHETIC
37.41,40.0,8,0,SYNTHETIC
37.41,41.0,9,0,SYNTHETIC
37.41,56.0,10,0,SYNTHETIC
37.41,49.0,11,0,SYNTHETIC
37.41,43.0,12,0,SYNTHETIC
37.41,25.0,13,0,SYNTHETIC
37.41,33.0,14,0,SYNTHETIC
37.41,23.0,15,0,SYNTHETIC
37.41,49.0,16,0,SYNTHETIC
37.41,39.0,17,0,SYNTHETIC
37.41,45.0,18,0,SYNTHETIC
37.41,50.0,19,0,SYNTHETIC
37.41,37.0,20,0,SYNTHETIC
37.41,100.0,21,1,SYNTHETIC
37.41,52.0,22,0,SYNTHETIC
37.41,31.0,23,0,SYNTHETIC
22.58,19.0,0,0,SYNTHETIC
22.58,23.0,1,0,SYNTHETIC
22.58,104.0,2,1,SYNTHETIC
22.58,25.0,3,0,SYNTHETIC
22.58,14.0,4,0,SYNTHETIC
22.58,62.0,5,1,SYNTHETIC
22.58,17.0,6,0,SYNTHETIC
22.58,19.0,7,0,SYNTHETIC
22.58,22.0,8,0,SYNTHETIC
22.58,32.0,9,0,SYNTHETIC
22.58,23.0,10,0,SYNTHETIC
22.58,23.0,11,0,SYNTHETIC
22.58,30.0,12,0,SYNTHETIC
22.58,36.0,13,0,SYNTHETIC
22.58,22.0,14,0,SYNTHETIC
22.58,13.0,15,0,SYNTHETIC
22.58,16.0,16,0,SYNTHETIC
22.58,26.0,17,0,SYNTHETIC
22.58,16.0,18,0,SYNTHETIC
22.58,24.0,19,0,SYNTHETIC
22.58,20.0,20,0,SYNTHETIC
22.58,27.0,21,0,SYNTHETIC
22.58,25.0,22,0,SYNTHETIC
22.58,19.0,23,0,SYNTHETIC
18.51,16.0,0,0,SYNTHETIC
18.51,18.0,1,0,SYNTHETIC
18.51,24.0,2,0,SYNTHETIC
18.51,13.0,3,0,SYNTHETIC
18.51,12.0,4,0,SYNTHETIC
18.51,22.0,5,0,SYNTHETIC
18.51,19.0,6,0,SYNTHETIC
18.51,28.0,7,0,SYNTHETIC
18.51,21.0,8,0,SYNTHETIC
18.51,19.0,9,0,SYNTHETIC
18.51,15.0,10,0,SYNTHETIC
18.51,15.0,11,0,SYNTHETIC
18.51,20.0,12,0,SYNTHETIC
18.51,17.0,13,0,SYNTHETIC
18.51,13.0,14,0,SYNTHETIC
18.51,25.0,15,0,SYNTHETIC
18.51,83.0,16,1,SYNTHETIC
18.51,20.0,17,0,SYNTHETIC
18.51,19.0,18,0,SYNTHETIC
18.51,23.0,19,0,SYNTHETIC
18.51,16.0,20,0,SYNTHETIC
18.51,20.0,21,0,SYNTHETIC
18.51,26.0,22,0,SYNTHETIC
18.51,18.0,23,0,SYNTHETIC
30.46,33.0,0,0,SYNTHETIC
30.46,40.0,1,0,SYNTHETIC
30.46,37.0,2,0,SYNTHETIC
30.46,15.0,3,0,SYNTHETIC
30.46,20.0,4,0,SYNTHETIC
30.46,43.0,5,0,SYNTHETIC
30.46,35.0,6,0,SYNTHETIC
30.46,20.0,7,0,SYNTHETIC
30.46,33.0,8,0,SYNTHETIC
30.46,19.0,9,0,SYNTHETIC
30.46,82.0,10,1,SYNTHETIC
30.46,19.0,11,0,SYNTHETIC
30.46,21.0,12,0,SYNTHETIC
30.46,39.0,13,0,SYNTHETIC
30.46,26.0,14,0,SYNTHETIC
30.46,25.0,15,0,SYNTHETIC
30.46,29.0,16,0,SYNTHETIC
30.46,27.0,17,0,SYNTHETIC
30.46,23.0,18,0,SYNTHETIC
30.46,19.0,19,0,SYNTHETIC
30.46,32.0,20,0,SYNTHETIC
30.46,25.0,21,0,SYNTHETIC
30.46,31.0,22,0,SYNTHETIC
30.46,28.0,23,0,SYNTHETIC
26.08,8.0,0,0,SYNTHETIC
26.08,27.0,1,0,SYNTHETIC
26.08,12.0,2,0,SYNTHETIC
26.08,93.0,3,1,SYNTHETIC
26.08,116.0,4,1,SYNTHETIC
26.08,27.0,5,0,SYNTHETIC
26.08,17.0,6,0,SYNTHETIC
26.08,28.0,7,0,SYNTHETIC
26.08,21.0,8,0,SYNTHETIC
26.08,24.0,9,0,SYNTHETIC
26.08,28.0,10,0,SYNTHETIC
26.08,23.0,11,0,SYNTHETIC
26.08,25.0,12,0,SYNTHETIC
26.08,19.0,13,0,SYNTHETIC
26.08,26.0,14,0,SYNTHETIC
26.08,25.0,15,0,SYNTHETIC
26.08,30.0,16,0,SYNTHETIC
26.08,25.0,17,0,SYNTHETIC
26.08,26.0,18,0,SYNTHETIC
26.08,17.0,19,0,SYNTHETIC
26.08,35.0,20,0,SYNTHETIC
26.08,34.0,21,0,SYNTHETIC
26.08,28.0,22,0,SYNTHETIC
26.08,30.0,23,0,SYNTHETIC
15.98,16.0,0,0,SYNTHETIC
15.98,10.0,1,0,SYNTHETIC
15.98,52.0,2,1,SYNTHETIC
15.98,68.0,3,1,SYNTHETIC
15.98,15.0,4,0,SYNTHETIC
15.98,14.0,5,0,SYNTHETIC
15.98,21.0,6,0,SYNTHETIC
15.98,6.0,7,0,SYNTHETIC
15.98,24.0,8,0,SYNTHETIC
15.98,10.0,9,0,SYNTHETIC
15.98,17.0,10,0,SYNTHETIC
15.98,19.0,11,0,SYNTHETIC
15.98,11.0,12,0,SYNTHETIC
15.98,18.0,13,0,SYNTHETIC
15.98,21.0,14,0,SYNTHETIC
15.98,16.0,15,0,SYNTHETIC
15.98,15.0,16,0,SYNTHETIC
15.98,16.0,17,0,SYNTHETIC
15.98,17.0,18,0,SYNTHETIC
15.98,18.0,19,0,SYNTHETIC
15.98,18.0,20,0,SYNTHETIC
15.98,14.0,21,0,SYNTHETIC
15.98,15.0,22,0,SYNTHETIC
15.98,21.0,23,0,SYNTHETIC
32.18,17.0,0,0,SYNTHETIC
32.18,12.0,1,0,SYNTHETIC
32.18,36.0,2,0,SYNTHETIC
32.18,116.0,3,1,SYNTHETIC
32.18,37.0,4,0,SYNTHETIC
32.18,30.0,5,0,SYNTHETIC
32.18,30.0,6,0,SYNTHETIC
32.18,23.0,7,0,SYNTHETIC
32.18,23.0,8,0,SYNTHETIC
32.18,31.0,9,0,SYNTHETIC
32.18,34.0,10,0,SYNTHETIC
32.18,20.0,11,0,SYNTHETIC
32.18,19.0,12,0,SYNTHETIC
32.18,15.0,13,0,SYNTHETIC
32.18,37.0,14,0,SYNTHETIC
32.18,41.0,15,0,SYNTHETIC
32.18,19.0,16,0,SYNTHETIC
32.18,28.0,17,0,SYNTHETIC
32.18,35.0,18,0,SYNTHETIC
32.18,26.0,19,0,SYNTHETIC
32.18,28.0,20,0,SYNTHETIC
32.18,21.0,21,0,SYNTHETIC
32.18,30.0,22,0,SYNTHETIC
32.18,42.0,23,0,SYNTHETIC
28.82,30.0,0,0,SYNTHETIC
28.82,31.0,1,0,SYNTHETIC
28.82,34.0,2,0,SYNTHETIC
28.82,27.0,3,0,SYNTHETIC
28.82,30.0,4,0,SYNTHETIC
28.82,31.0,5,0,SYNTHETIC
28.82,36.0,6,0,SYNTHETIC
28.82,18.0,7,0,SYNTHETIC
28.82,41.0,8,0,SYNTHETIC
28.82,31.0,9,0,SYNTHETIC
28.82,31.0,10,0,SYNTHETIC
28.82,21.0,11,0,SYNTHETIC
28.82,41.0,12,0,SYNTHETIC
28.82,40.0,13,0,SYNTHETIC
28.82,79.0,14,1,SYNTHETIC
28.82,40.0,15,0,SYNTHETIC
28.82,28.0,16,0,SYNTHETIC
28.82,27.0,17,0,SYNTHETIC
28.82,30.0,18,0,SYNTHETIC
28.82,26.0,19,0,SYNTHETIC
28.82,125.0,20,1,SYNTHETIC
28.82,40.0,21,0,SYNTHETIC
28.82,36.0,22,0,SYNTHETIC
28.82,19.0,23,0,SYNTHETIC
34.08,28.0,0,0,SYNTHETIC
34.08,42.0,1,0,SYNTHETIC
34.08,37.0,2,0,SYNTHETIC
34.08,32.0,3,0,SYNTHETIC
34.08,28.0,4,0,SYNTHETIC
34.08,33.0,5,0,SYNTHETIC
34.08,31.0,6,0,SYNTHETIC
34.08,27.0,7,0,SYNTHETIC
34.08,48.0,8,0,SYNTHETIC
34.08,27.0,9,0,SYNTHETIC
34.08,38.0,10,0,SYNTHETIC
34.08,31.0,11,0,SYNTHETIC
34.08,46.0,12,0,SYNTHETIC
34.08,41.0,13,0,SYNTHETIC
34.08,31.0,14,0,SYNTHETIC
34.08,26.0,15,0,SYNTHETIC
34.08,56.0,16,0,SYNTHETIC
34.08,48.0,17,0,SYNTHETIC
34.08,41.0,18,0,SYNTHETIC
34.08,26.0,19,0,SYNTHETIC
34.08,37.0,20,0,SYNTHETIC
34.08,43.0,21,0,SYNTHETIC
34.08,36.0,22,0,SYNTHETIC
34.08,14.0,23,0,SYNTHETIC
22.37,30.0,0,0,SYNTHETIC
22.37,24.0,1,0,SYNTHETIC
22.37,13.0,2,0,SYNTHETIC
22.37,20.0,3,0,SYNTHETIC
22.37,22.0,4,0,SYNTHETIC
22.37,25.0,5,0,SYNTHETIC
22.37,18.0,6,0,SYNTHETIC
22.37,14.0,7,0,SYNTHETIC
22.37,95.0,8,1,SYNTHETIC
22.37,21.0,9,0,SYNTHETIC
22.37,24.0,10,0,SYNTHETIC
22.37,28.0,11,0,SYNTHETIC
22.37,25.0,12,0,SYNTHETIC
22.37,26.0,13,0,SYNTHETIC
22.37,22.0,14,0,SYNTHETIC
22.37,33.0,15,0,SYNTHETIC
22.37,24.0,16,0,SYNTHETIC
22.37,20.0,17,0,SYNTHETIC
22.37,23.0,18,0,SYNTHETIC
22.37,21.0,19,0,SYNTHETIC
22.37,22.0,20,0,SYNTHETIC
22.37,19.0,21,0,SYNTHETIC
22.37,20.0,22,0,SYNTHETIC
22.37,23.0,23,0,SYNTHETIC
15.63,24.0,0,0,SYNTHETIC
15.63,20.0,1,0,SYNTHETIC
15.63,13.0,2,0,SYNTHETIC
15.63,13.0,3,0,SYNTHETIC
15.63,20.0,4,0,SYNTHETIC
15.63,17.0,5,0,SYNTHETIC
15.63,15.0,6,0,SYNTHETIC
15.63,13.0,7,0,SYNTHETIC
15.63,14.0,8,0,SYNTHETIC
15.63,16.0,9,0,SYNTHETIC
15.63,18.0,10,0,SYNTHETIC
15.63,19.0,11,0,SYNTHETIC
15.63,11.0,12,0,SYNTHETIC
15.63,10.0,13,0,SYNTHETIC
15.63,20.0,14,0,SYNTHETIC
15.63,15.0,15,0,SYNTHETIC
15.63,16.0,16,0,SYNTHETIC
15.63,13.0,17,0,SYNTHETIC
15.63,18.0,18,0,SYNTHETIC
15.63,22.0,19,0,SYNTHETIC
15.63,8.0,20,0,SYNTHETIC
15.63,16.0,21,0,SYNTHETIC
15.63,16.0,22,0,SYNTHETIC
15.63,49.0,23,1,SYNTHETIC
24.36,24.0,0,0,SYNTHETIC
24.36,23.0,1,0,SYNTHETIC
24.36,14.0,2,0,SYNTHETIC
24.36,28.0,3,0,SYNTHETIC
24.36,21.0,4,0,SYNTHETIC
24.36,38.0,5,0,SYNTHETIC
24.36,27.0,6,0,SYNTHETIC
24.36,22.0,7,0,SYNTHETIC
24.36,21.0,8,0,SYNTHETIC
24.36,24.0,9,0,SYNTHETIC
24.36,22.0,10,0,SYNTHETIC
24.36,26.0,11,0,SYNTHETIC
24.36,19.0,12,0,SYNTHETIC
24.36,19.0,13,0,SYNTHETIC
24.36,23.0,14,0,SYNTHETIC
24.36,21.0,15,0,SYNTHETIC
24.36,20.0,16,0,SYNTHETIC
24.36,16.0,17,0,SYNTHETIC
24.36,15.0,18,0,SYNTHETIC
24.36,24.0,19,0,SYNTHETIC
24.36,19.0,20,0,SYNTHETIC
24.36,28.0,21,0,SYNTHETIC
24.36,18.0,22,0,SYNTHETIC
24.36,24.0,23,0,SYNTHETIC
33.29,39.0,0,0,SYNTHETIC
33.29,33.0,1,0,SYNTHETIC
33.29,14.0,2,0,SYNTHETIC
33.29,28.0,3,0,SYNTHETIC
33.29,32.0,4,0,SYNTHETIC
33.29,25.0,5,0,SYNTHETIC
33.29,37.0,6,0,SYNTHETIC
33.29,36.0,7,0,SYNTHETIC
33.29,37.0,8,0,SYNTHETIC
33.29,40.0,9,0,SYNTHETIC
33.29,39.0,10,0,SYNTHETIC
33.29,39.0,11,0,SYNTHETIC
33.29,36.0,12,0,SYNTHETIC
33.29,34.0,13,0,SYNTHETIC
33.29,20.0,14,0,SYNTHETIC
33.29,27.0,15,0,SYNTHETIC
33.29,28.0,16,0,SYNTHETIC
33.29,43.0,17,0,SYNTHETIC
33.29,55.0,18,0,SYNTHETIC
33.29,22.0,19,0,SYNTHETIC
33.29,40.0,20,0,SYNTHETIC
33.29,30.0,21,0,SYNTHETIC
33.29,48.0,22,0,SYNTHETIC
33.29,33.0,23,0,SYNTHETIC
32.19,34.0,0,0,SYNTHETIC
32.19,9.0,1,0,SYNTHETIC
32.19,31.0,2,0,SYNTHETIC
32.19,34.0,3,0,SYNTHETIC
32.19,35.0,4,0,SYNTHETIC
32.19,30.0,5,0,SYNTHETIC
32.19,30.0,6,0,SYNTHETIC
32.19,34.0,7,0,SYNTHETIC
32.19,35.0,8,0,SYNTHETIC
32.19,29.0,9,0,SYNTHETIC
32.19,48.0,10,0,SYNTHETIC
32.19,38.0,11,0,SYNTHETIC
32.19,34.0,12,0,SYNTHETIC
32.19,26.0,13,0,SYNTHETIC
32.19,28.0,14,0,SYNTHETIC
32.19,46.0,15,0,SYNTHETIC
32.19,31.0,16,0,SYNTHETIC
32.19,30.0,17,0,SYNTHETIC
32.19,23.0,18,0,SYNTHETIC
32.19,28.0,19,0,SYNTHETIC
32.19,33.0,20,0,SYNTHETIC
32.19,28.0,21,0,SYNTHETIC
32.19,33.0,22,0,SYNTHETIC
32.19,33.0,23,0,SYNTHETIC
22.53,19.0,0,0,SYNTHETIC
22.53,25.0,1,0,SYNTHETIC
22.53,25.0,2,0,SYNTHETIC
22.53,28.0,3,0,SYNTHETIC
22.53,30.0,4,0,SYNTHETIC
22.53,82.0,5,1,SYNTHETIC
22.53,22.0,6,0,SYNTHETIC
22.53,99.0,7,1,SYNTHETIC
22.53,24.0,8,0,SYNTHETIC
22.53,26.0,9,0,SYNTHETIC
22.53,28.0,10,0,SYNTHETIC
22.53,20.0,11,0,SYNTHETIC
22.53,27.0,12,0,SYNTHETIC
22.53,24.0,13,0,SYNTHETIC
22.53,21.0,14,0,SYNTHETIC
22.53,25.0,15,0,SYNTHETIC
22.53,25.0,16,0,SYNTHETIC
22.53,29.0,17,0,SYNTHETIC
22.53,8.0,18,0,SYNTHETIC
22.53,22.0,19,0,SYNTHETIC
22.53,28.0,20,0,SYNTHETIC
22.53,22.0,21,0,SYNTHETIC
22.53,17.0,22,0,SYNTHETIC
22.53,11.0,23,0,SYNTHETIC
39.12,21.0,0,0,SYNTHETIC
39.12,140.0,1,1,SYNTHETIC
39.12,41.0,2,0,SYNTHETIC
39.12,25.0,3,0,SYNTHETIC
39.12,28.0,4,0,SYNTHETIC
39.12,28.0,5,0,SYNTHETIC
39.12,34.0,6,0,SYNTHETIC
39.12,37.0,7,0,SYNTHETIC
39.12,40.0,8,0,SYNTHETIC
39.12,13.0,9,0,SYNTHETIC
39.12,36.0,10,0,SYNTHETIC
39.12,191.0,11,1,SYNTHETIC
39.12,29.0,12,0,SYNTHETIC
39.12,31.0,13,0,SYNTHETIC
39.12,31.0,14,0,SYNTHETIC
39.12,131.0,15,1,SYNTHETIC
39.12,37.0,16,0,SYNTHETIC
39.12,37.0,17,0,SYNTHETIC
39.12,29.0,18,0,SYNTHETIC
39.12,45.0,19,0,SYNTHETIC
39.12,57.0,20,0,SYNTHETIC
39.12,55.0,21,0,SYNTHETIC
39.12,36.0,22,0,SYNTHETIC
39.12,46.0,23,0,SYNTHETIC
33.93,15.0,0,0,SYNTHETIC
33.93,31.0,1,0,SYNTHETIC
33.93,26.0,2,0,SYNTHETIC
33.93,50.0,3,0,SYNTHETIC
33.93,43.0,4,0,SYNTHETIC
33.93,36.0,5,0,SYNTHETIC
33.93,43.0,6,0,SYNTHETIC
33.93,32.0,7,0,SYNTHETIC
33.93,27.0,8,0,SYNTHETIC
33.93,35.0,9,0,SYNTHETIC
33.93,41.0,10,0,SYNTHETIC
33.93,43.0,11,0,SYNTHETIC
33.93,17.0,12,0,SYNTHETIC
33.93,32.0,13,0,SYNTHETIC
33.93,38.0,14,0,SYNTHETIC
33.93,47.0,15,0,SYNTHETIC
33.93,42.0,16,0,SYNTHETIC
33.93,27.0,17,0,SYNTHETIC
33.93,27.0,18,0,SYNTHETIC
33.93,39.0,19,0,SYNTHETIC
33.93,39.0,20,0,SYNTHETIC
33.93,30.0,21,0,SYNTHETIC
33.93,32.0,22,0,SYNTHETIC
33.93,29.0,23,0,SYNTHETIC
26.63,34.0,0,0,SYNTHETIC
26.63,25.0,1,0,SYNTHETIC
26.63,23.0,2,0,SYNTHETIC
26.63,38.0,3,0,SYNTHETIC
26.63,22.0,4,0,SYNTHETIC
26.63,36.0,5,0,SYNTHETIC
26.63,30.0,6,0,SYNTHETIC
26.63,27.0,7,0,SYNTHETIC
26.63,39.0,8,0,SYNTHETIC
26.63,33.0,9,0,SYNTHETIC
26.63,23.0,10,0,SYNTHETIC
26.63,36.0,11,0,SYNTHETIC
26.63,34.0,12,0,SYNTHETIC
26.63,44.0,13,0,SYNTHETIC
26.63,24.0,14,0,SYNTHETIC
26.63,34.0,15,0,SYNTHETIC
26.63,18.0,16,0,SYNTHETIC
26.63,28.0,17,0,SYNTHETIC
26.63,33.0,18,0,SYNTHETIC
26.63,18.0,19,0,SYNTHETIC
26.63,23.0,20,0,SYNTHETIC
26.63,20.0,21,0,SYNTHETIC
26.63,34.0,22,0,SYNTHETIC
26.63,25.0,23,0,SYNTHETIC
12.34,12.0,0,0,SYNTHETIC
12.34,15.0,1,0,SYNTHETIC
12.34,12.0,2,0,SYNTHETIC
12.34,11.0,3,0,SYNTHETIC
12.34,13.0,4,0,SYNTHETIC
12.34,14.0,5,0,SYNTHETIC
12.34,49.0,6,1,SYNTHETIC
12.34,12.0,7,0,SYNTHETIC
12.34,4.0,8,0,SYNTHETIC
12.34,14.0,9,0,SYNTHETIC
12.34,18.0,10,0,SYNTHETIC
12.34,10.0,11,0,SYNTHETIC
12.34,9.0,12,0,SYNTHETIC
12.34,14.0,13,0,SYNTHETIC
12.34,8.0,14,0,SYNTHETIC
12.34,18.0,15,0,SYNTHETIC
12.34,6.0,16,0,SYNTHETIC
12.34,9.0,17,0,SYNTHETIC
12.34,16.0,18,0,SYNTHETIC
12.34,14.0,19,0,SYNTHETIC
12.34,14.0,20,0,SYNTHETIC
12.34,17.0,21,0,SYNTHETIC
12.34,14.0,22,0,SYNTHETIC
12.34,5.0,23,0,SYNTHETIC
15.69,16.0,0,0,SYNTHETIC
15.69,18.0,1,0,SYNTHETIC
15.69,24.0,2,0,SYNTHETIC
15.69,15.0,3,0,SYNTHETIC
15.69,20.0,4,0,SYNTHETIC
15.69,17.0,5,0,SYNTHETIC
15.69,9.0,6,0,SYNTHETIC
15.69,20.0,7,0,SYNTHETIC
15.69,14.0,8,0,SYNTHETIC
15.69,16.0,9,0,SYNTHETIC
15.69,19.0,10,0,SYNTHETIC
15.69,16.0,11,0,SYNTHETIC
15.69,23.0,12,0,SYNTHETIC
15.69,17.0,13,0,SYNTHETIC
15.69,11.0,14,0,SYNTHETIC
15.69,17.0,15,0,SYNTHETIC
15.69,14.0,16,0,SYNTHETIC
15.69,16.0,17,0,SYNTHETIC
15.69,6.0,18,0,SYNTHETIC
15.69,19.0,19,0,SYNTHETIC
15.69,19.0,20,0,SYNTHETIC
15.69,16.0,21,0,SYNTHETIC
15.69,15.0,22,0,SYNTHETIC
15.69,12.0,23,0,SYNTHETIC
24.52,18.0,0,0,SYNTHETIC
24.52,24.0,1,0,SYNTHETIC
24.52,20.0,2,0,SYNTHETIC
24.52,29.0,3,0,SYNTHETIC
24.52,14.0,4,0,SYNTHETIC
24.52,17.0,5,0,SYNTHETIC
24.52,21.0,6,0,SYNTHETIC
24.52,15.0,7,0,SYNTHETIC
24.52,29.0,8,0,SYNTHETIC
24.52,26.0,9,0,SYNTHETIC
24.52,33.0,10,0,SYNTHETIC
24.52,28.0,11,0,SYNTHETIC
24.52,13.0,12,0,SYNTHETIC
24.52,18.0,13,0,SYNTHETIC
24.52,20.0,14,0,SYNTHETIC
24.52,26.0,15,0,SYNTHETIC
24.52,20.0,16,0,SYNTHETIC
24.52,26.0,17,0,SYNTHETIC
24.52,12.0,18,0,SYNTHETIC
24.52,43.0,19,0,SYNTHETIC
24.52,18.0,20,0,SYNTHETIC
24.52,24.0,21,0,SYNTHETIC
24.52,29.0,22,0,SYNTHETIC
24.52,28.0,23,0,SYNTHETIC
13.74,16.0,0,0,SYNTHETIC
13.74,5.0,1,0,SYNTHETIC
13.74,48.0,2,1,SYNTHETIC
13.74,16.0,3,0,SYNTHETIC
13.74,12.0,4,0,SYNTHETIC
13.74,17.0,5,0,SYNTHETIC
13.74,7.0,6,0,SYNTHETIC
13.74,66.0,7,1,SYNTHETIC
13.74,15.0,8,0,SYNTHETIC
13.74,11.0,9,0,SYNTHETIC
13.74,14.0,10,0,SYNTHETIC
13.74,12.0,11,0,SYNTHETIC
13.74,9.0,12,0,SYNTHETIC
13.74,12.0,13,0,SYNTHETIC
13.74,14.0,14,0,SYNTHETIC
13.74,11.0,15,0,SYNTHETIC
13.74,12.0,16,0,SYNTHETIC
13.74,21.0,17,0,SYNTHETIC
13.74,13.0,18,0,SYNTHETIC
13.74,15.0,19,0,SYNTHETIC
13.74,12.0,20,0,SYNTHETIC
13.74,16.0,21,0,SYNTHETIC
13.74,13.0,22,0,SYNTHETIC
13.74,15.0,23,0,SYNTHETIC
28.91,30.0,0,0,SYNTHETIC
28.91,29.0,1,0,SYNTHETIC
28.91,54.0,2,0,SYNTHETIC
28.91,34.0,3,0,SYNTHETIC
28.91,34.0,4,0,SYNTHETIC
28.91,26.0,5,0,SYNTHETIC
28.91,114.0,6,1,SYNTHETIC
28.91,37.0,7,0,SYNTHETIC
28.91,21.0,8,0,SYNTHETIC
28.91,19.0,9,0,SYNTHETIC
28.91,20.0,10,0,SYNTHETIC
28.91,38.0,11,0,SYNTHETIC
28.91,19.0,12,0,SYNTHETIC
28.91,27.0,13,0,SYNTHETIC
28.91,33.0,14,0,SYNTHETIC
28.91,37.0,15,0,SYNTHETIC
28.91,24.0,16,0,SYNTHETIC
28.91,24.0,17,0,SYNTHETIC
28.91,19.0,18,0,SYNTHETIC
28.91,22.0,19,0,SYNTHETIC
28.91,31.0,20,0,SYNTHETIC
28.91,92.0,21,1,SYNTHETIC
28.91,19.0,22,0,SYNTHETIC
28.91,26.0,23,0,SYNTHETIC
38.55,43.0,0,0,SYNTHETIC
38.55,55.0,1,0,SYNTHETIC
38.55,135.0,2,1,SYNTHETIC
38.55,127.0,3,1,SYNTHETIC
38.55,41.0,4,0,SYNTHETIC
38.55,26.0,5,0,SYNTHETIC
38.55,36.0,6,0,SYNTHETIC
38.55,20.0,7,0,SYNTHETIC
38.55,38.0,8,0,SYNTHETIC
38.55,50.0,9,0,SYNTHETIC
38.55,30.0,10,0,SYNTHETIC
38.55,42.0,11,0,SYNTHETIC
38.55,47.0,12,0,SYNTHETIC
38.55,56.0,13,0,SYNTHETIC
38.55,31.0,14,0,SYNTHETIC
38.55,36.0,15,0,SYNTHETIC
38.55,44.0,16,0,SYNTHETIC
38.55,48.0,17,0,SYNTHETIC
38.55,37.0,18,0,SYNTHETIC
38.55,28.0,19,0,SYNTHETIC
38.55,46.0,20,0,SYNTHETIC
38.55,25.0,21,0,SYNTHETIC
38.55,52.0,22,0,SYNTHETIC
38.55,33.0,23,0,SYNTHETIC
36.88,30.0,0,0,SYNTHETIC
36.88,36.0,1,0,SYNTHETIC
36.88,25.0,2,0,SYNTHETIC
36.88,39.0,3,0,SYNTHETIC
36.88,31.0,4,0,SYNTHETIC
36.88,47.0,5,0,SYNTHETIC
36.88,0.0,6,0,SYNTHETIC
36.88,31.0,7,0,SYNTHETIC
36.88,35.0,8,0,SYNTHETIC
36.88,130.0,9,1,SYNTHETIC
36.88,49.0,10,0,SYNTHETIC
36.88,42.0,11,0,SYNTHETIC
36.88,45.0,12,0,SYNTHETIC
36.88,48.0,13,0,SYNTHETIC
36.88,25.0,14,0,SYNTHETIC
36.88,35.0,15,0,SYNTHETIC
36.88,34.0,16,0,SYNTHETIC
36.88,35.0,17,0,SYNTHETIC
36.88,39.0,18,0,SYNTHETIC
36.88,55.0,19,0,SYNTHETIC
36.88,48.0,20,0,SYNTHETIC
36.88,29.0,21,0,SYNTHETIC
36.88,38.0,22,0,SYNTHETIC
36.88,22.0,23,0,SYNTHETIC
34.97,44.0,0,0,SYNTHETIC
34.97,35.0,1,0,SYNTHETIC
34.97,26.0,2,0,SYNTHETIC
34.97,32.0,3,0,SYNTHETIC
34.97,28.0,4,0,SYNTHETIC
34.97,46.0,5,0,SYNTHETIC
34.97,36.0,6,0,SYNTHETIC
34.97,36.0,7,0,SYNTHETIC
34.97,43.0,8,0,SYNTHETIC
34.97,36.0,9,0,SYNTHETIC
34.97,21.0,10,0,SYNTHETIC
34.97,54.0,11,0,SYNTHETIC
34.97,101.0,12,1,SYNTHETIC
34.97,31.0,13,0,SYNTHETIC
34.97,25.0,14,0,SYNTHETIC
34.97,44.0,15,0,SYNTHETIC
34.97,34.0,16,0,SYNTHETIC
34.97,46.0,17,0,SYNTHETIC
34.97,19.0,18,0,SYNTHETIC
34.97,32.0,19,0,SYNTHETIC
34.97,31.0,20,0,SYNTHETIC
34.97,26.0,21,0,SYNTHETIC
34.97,28.0,22,0,SYNTHETIC
34.97,45.0,23,0,SYNTHETIC
33.81,25.0,0,0,SYNTHETIC
33.81,45.0,1,0,SYNTHETIC
33.81,28.0,2,0,SYNTHETIC
33.81,37.0,3,0,SYNTHETIC
33.81,28.0,4,0,SYNTHETIC
33.81,44.0,5,0,SYNTHETIC
33.81,35.0,6,0,SYNTHETIC
33.81,43.0,7,0,SYNTHETIC
33.81,44.0,8,0,SYNTHETIC
33.81,24.0,9,0,SYNTHETIC
33.81,20.0,10,0,SYNTHETIC
33.81,28.0,11,0,SYNTHETIC
33.81,23.0,12,0,SYNTHETIC
33.81,24.0,13,0,SYNTHETIC
33.81,23.0,14,0,SYNTHETIC
33.81,32.0,15,0,SYNTHETIC
33.81,40.0,16,0,SYNTHETIC
33.81,26.0,17,0,SYNTHETIC
33.81,37.0,18,0,SYNTHETIC
33.81,100.0,19,1,SYNTHETIC
33.81,31.0,20,0,SYNTHETIC
33.81,19.0,21,0,SYNTHETIC
33.81,25.0,22,0,SYNTHETIC
33.81,36.0,23,0,SYNTHETIC
29.94,23.0,0,0,SYNTHETIC
29.94,34.0,1,0,SYNTHETIC
29.94,36.0,2,0,SYNTHETIC
29.94,45.0,3,0,SYNTHETIC
29.94,28.0,4,0,SYNTHETIC
29.94,23.0,5,0,SYNTHETIC
29.94,25.0,6,0,SYNTHETIC
29.94,32.0,7,0,SYNTHETIC
29.94,12.0,8,0,SYNTHETIC
29.94,18.0,9,0,SYNTHETIC
29.94,12.0,10,0,SYNTHETIC
29.94,32.0,11,0,SYNTHETIC
29.94,23.0,12,0,SYNTHETIC
29.94,37.0,13,0,SYNTHETIC
29.94,44.0,14,0,SYNTHETIC
29.94,31.0,15,0,SYNTHETIC
29.94,19.0,16,0,SYNTHETIC
29.94,39.0,17,0,SYNTHETIC
29.94,19.0,18,0,SYNTHETIC
29.94,33.0,19,0,SYNTHETIC
29.94,31.0,20,0,SYNTHETIC
29.94,37.0,21,0,SYNTHETIC
29.94,38.0,22,0,SYNTHETIC
29.94,21.0,23,0,SYNTHETIC
33.2,34.0,0,0,SYNTHETIC
33.2,41.0,1,0,SYNTHETIC
33.2,18.0,2,0,SYNTHETIC
33.2,102.0,3,1,SYNTHETIC
33.2,45.0,4,0,SYNTHETIC
33.2,39.0,5,0,SYNTHETIC
33.2,32.0,6,0,SYNTHETIC
33.2,47.0,7,0,SYNTHETIC
33.2,37.0,8,0,SYNTHETIC
33.2,34.0,9,0,SYNTHETIC
33.2,40.0,10,0,SYNTHETIC
33.2,36.0,11,0,SYNTHETIC
33.2,34.0,12,0,SYNTHETIC
33.2,40.0,13,0,SYNTHETIC
33.2,30.0,14,0,SYNTHETIC
33.2,21.0,15,0,SYNTHETIC
33.2,26.0,16,0,SYNTHETIC
33.2,30.0,17,0,SYNTHETIC
33.2,28.0,18,0,SYNTHETIC
33.2,35.0,19,0,SYNTHETIC
33.2,28.0,20,0,SYNTHETIC
33.2,27.0,21,0,SYNTHETIC
33.2,34.0,22,0,SYNTHETIC
33.2,114.0,23,1,SYNTHETIC
24.8,33.0,0,0,SYNTHETIC
24.8,29.0,1,0,SYNTHETIC
24.8,24.0,2,0,SYNTHETIC
24.8,30.0,3,0,SYNTHETIC
24.8,28.0,4,0,SYNTHETIC
24.8,33.0,5,0,SYNTHETIC
24.8,32.0,6,0,SYNTHETIC
24.8,19.0,7,0,SYNTHETIC
24.8,18.0,8,0,SYNTHETIC
24.8,17.0,9,0,SYNTHETIC
24.8,14.0,10,0,SYNTHETIC
24.8,34.0,11,0,SYNTHETIC
24.8,20.0,12,0,SYNTHETIC
24.8,34.0,13,0,SYNTHETIC
24.8,36.0,14,0,SYNTHETIC
24.8,16.0,15,0,SYNTHETIC
24.8,21.0,16,0,SYNTHETIC
24.8,20.0,17,0,SYNTHETIC
24.8,21.0,18,0,SYNTHETIC
24.8,26.0,19,0,SYNTHETIC
24.8,34.0,20,0,SYNTHETIC
24.8,26.0,21,0,SYNTHETIC
24.8,30.0,22,0,SYNTHETIC
24.8,118.0,23,1,SYNTHETIC
26.15,26.0,0,0,SYNTHETIC
26.15,33.0,1,0,SYNTHETIC
26.15,20.0,2,0,SYNTHETIC
26.15,26.0,3,0,SYNTHETIC
26.15,28.0,4,0,SYNTHETIC
26.15,34.0,5,0,SYNTHETIC
26.15,35.0,6,0,SYNTHETIC
26.15,74.0,7,1,SYNTHETIC
26.15,17.0,8,0,SYNTHETIC
26.15,104.0,9,1,SYNTHETIC
26.15,11.0,10,0,SYNTHETIC
26.15,37.0,11,0,SYNTHETIC
26.15,20.0,12,0,SYNTHETIC
26.15,41.0,13,0,SYNTHETIC
26.15,20.0,14,0,SYNTHETIC
26.15,24.0,15,0,SYNTHETIC
26.15,34.0,16,0,SYNTHETIC
26.15,27.0,17,0,SYNTHETIC
26.15,20.0,18,0,SYNTHETIC
26.15,29.0,19,0,SYNTHETIC
26.15,34.0,20,0,SYNTHETIC
26.15,27.0,21,0,SYNTHETIC
26.15,21.0,22,0,SYNTHETIC
26.15,30.0,23,0,SYNTHETIC
20.67,13.0,0,0,SYNTHETIC
20.67,18.0,1,0,SYNTHETIC
20.67,34.0,2,0,SYNTHETIC
20.67,65.0,3,1,SYNTHETIC
20.67,6.0,4,0,SYNTHETIC
20.67,20.0,5,0,SYNTHETIC
20.67,21.0,6,0,SYNTHETIC
20.67,16.0,7,0,SYNTHETIC
20.67,22.0,8,0,SYNTHETIC
20.67,22.0,9,0,SYNTHETIC
20.67,18.0,10,0,SYNTHETIC
20.67,20.0,11,0,SYNTHETIC
20.67,25.0,12,0,SYNTHETIC
20.67,29.0,13,0,SYNTHETIC
20.67,22.0,14,0,SYNTHETIC
20.67,20.0,15,0,SYNTHETIC
20.67,14.0,16,0,SYNTHETIC
20.67,22.0,17,0,SYNTHETIC
20.67,19.0,18,0,SYNTHETIC
20.67,18.0,19,0,SYNTHETIC
20.67,20.0,20,0,SYNTHETIC
20.67,21.0,21,0,SYNTHETIC
20.67,16.0,22,0,SYNTHETIC
20.67,21.0,23,0,SYNTHETIC
12.01,13.0,0,0,SYNTHETIC
12.01,12.0,1,0,SYNTHETIC
12.01,14.0,2,0,SYNTHETIC
12.01,12.0,3,0,SYNTHETIC
12.01,14.0,4,0,SYNTHETIC
12.01,14.0,5,0,SYNTHETIC
12.01,12.0,6,0,SYNTHETIC
12.01,11.0,7,0,SYNTHETIC
12.01,13.0,8,0,SYNTHETIC
12.01,56.0,9,1,SYNTHETIC
12.01,14.0,10,0,SYNTHETIC
12.01,12.0,11,0,SYNTHETIC
12.01,12.0,12,0,SYNTHETIC
12.01,14.0,13,0,SYNTHETIC
12.01,13.0,14,0,SYNTHETIC
12.01,7.0,15,0,SYNTHETIC
12.01,13.0,16,0,SYNTHETIC
12.01,10.0,17,0,SYNTHETIC
12.01,14.0,18,0,SYNTHETIC
12.01,12.0,19,0,SYNTHETIC
12.01,6.0,20,0,SYNTHETIC
12.01,11.0,21,0,SYNTHETIC
12.01,11.0,22,0,SYNTHETIC
12.01,15.0,23,0,SYNTHETIC
34.48,32.0,0,0,SYNTHETIC
34.48,42.0,1,0,SYNTHETIC
34.48,46.0,2,0,SYNTHETIC
34.48,31.0,3,0,SYNTHETIC
34.48,18.0,4,0,SYNTHETIC
34.48,44.0,5,0,SYNTHETIC
34.48,38.0,6,0,SYNTHETIC
34.48,34.0,7,0,SYNTHETIC
34.48,44.0,8,0,SYNTHETIC
34.48,32.0,9,0,SYNTHETIC
34.48,37.0,10,0,SYNTHETIC
34.48,39.0,11,0,SYNTHETIC
34.48,29.0,12,0,SYNTHETIC
34.48,27.0,13,0,SYNTHETIC
34.48,49.0,14,0,SYNTHETIC
34.48,27.0,15,0,SYNTHETIC
34.48,33.0,16,0,SYNTHETIC
34.48,37.0,17,0,SYNTHETIC
34.48,24.0,18,0,SYNTHETIC
34.48,47.0,19,0,SYNTHETIC
34.48,39.0,20,0,SYNTHETIC
34.48,32.0,21,0,SYNTHETIC
34.48,33.0,22,0,SYNTHETIC
34.48,134.0,23,1,SYNTHETIC
22.42,18.0,0,0,SYNTHETIC
22.42,80.0,1,1,SYNTHETIC
22.42,27.0,2,0,SYNTHETIC
22.42,20.0,3,0,SYNTHETIC
22.42,25.0,4,0,SYNTHETIC
22.42,18.0,5,0,SYNTHETIC
22.42,19.0,6,0,SYNTHETIC
22.42,32.0,7,0,SYNTHETIC
22.42,21.0,8,0,SYNTHETIC
22.42,34.0,9,0,SYNTHETIC
22.42,22.0,10,0,SYNTHETIC
22.42,111.0,11,1,SYNTHETIC
22.42,17.0,12,0,SYNTHETIC
22.42,20.0,13,0,SYNTHETIC
22.42,27.0,14,0,SYNTHETIC
22.42,16.0,15,0,SYNTHETIC
22.42,25.0,16,0,SYNTHETIC
22.42,99.0,17,1,SYNTHETIC
22.42,18.0,18,0,SYNTHETIC
22.42,30.0,19,0,SYNTHETIC
22.42,22.0,20,0,SYNTHETIC
22.42,16.0,21,0,SYNTHETIC
22.42,23.0,22,0,SYNTHETIC
22.42,26.0,23,0,SYNTHETIC
21.94,22.0,0,0,SYNTHETIC
21.94,29.0,1,0,SYNTHETIC
21.94,13.0,2,0,SYNTHETIC
21.94,26.0,3,0,SYNTHETIC
21.94,20.0,4,0,SYNTHETIC
21.94,84.0,5,1,SYNTHETIC
21.94,17.0,6,0,SYNTHETIC
21.94,27.0,7,0,SYNTHETIC
21.94,32.0,8,0,SYNTHETIC
21.94,23.0,9,0,SYNTHETIC
21.94,30.0,10,0,SYNTHETIC
21.94,16.0,11,0,SYNTHETIC
21.94,22.0,12,0,SYNTHETIC
21.94,20.0,13,0,SYNTHETIC
21.94,29.0,14,0,SYNTHETIC
21.94,18.0,15,0,SYNTHETIC
21.94,28.0,16,0,SYNTHETIC
21.94,26.0,17,0,SYNTHETIC
21.94,21.0,18,0,SYNTHETIC
21.94,24.0,19,0,SYNTHETIC
21.94,18.0,20,0,SYNTHETIC
21.94,18.0,21,0,SYNTHETIC
21.94,5.0,22,0,SYNTHETIC
21.94,22.0,23,0,SYNTHETIC
28.64,36.0,0,0,SYNTHETIC
28.64,25.0,1,0,SYNTHETIC
28.64,25.0,2,0,SYNTHETIC
28.64,30.0,3,0,SYNTHETIC
28.64,36.0,4,0,SYNTHETIC
28.64,84.0,5,1,SYNTHETIC
28.64,21.0,6,0,SYNTHETIC
28.64,33.0,7,0,SYNTHETIC
28.64,26.0,8,0,SYNTHETIC
28.64,36.0,9,0,SYNTHETIC
28.64,26.0,10,0,SYNTHETIC
28.64,27.0,11,0,SYNTHETIC
28.64,27.0,12,0,SYNTHETIC
28.64,31.0,13,0,SYNTHETIC
28.64,42.0,14,0,SYNTHETIC
28.64,20.0,15,0,SYNTHETIC
28.64,24.0,16,0,SYNTHETIC
28.64,31.0,17,0,SYNTHETIC
28.64,41.0,18,0,SYNTHETIC
28.64,15.0,19,0,SYNTHETIC
28.64,30.0,20,0,SYNTHETIC
28.64,38.0,21,0,SYNTHETIC
28.64,38.0,22,0,SYNTHETIC
28.64,30.0,23,0,SYNTHETIC
37.01,42.0,0,0,SYNTHETIC
37.01,26.0,1,0,SYNTHETIC
37.01,44.0,2,0,SYNTHETIC
37.01,52.0,3,0,SYNTHETIC
37.01,32.0,4,0,SYNTHETIC
37.01,23.0,5,0,SYNTHETIC
37.01,109.0,6,1,SYNTHETIC
37.01,40.0,7,0,SYNTHETIC
37.01,33.0,8,0,SYNTHETIC
37.01,42.0,9,0,SYNTHETIC
37.01,36.0,10,0,SYNTHETIC
37.01,48.0,11,0,SYNTHETIC
37.01,19.0,12,0,SYNTHETIC
37.01,24.0,13,0,SYNTHETIC
37.01,22.0,14,0,SYNTHETIC
37.01,39.0,15,0,SYNTHETIC
37.01,55.0,16,0,SYNTHETIC
37.01,58.0,17,0,SYNTHETIC
37.01,25.0,18,0,SYNTHETIC
37.01,20.0,19,0,SYNTHETIC
37.01,70.0,20,0,SYNTHETIC
37.01,23.0,21,0,SYNTHETIC
37.01,44.0,22,0,SYNTHETIC
37.01,45.0,23,0,SYNTHETIC
23.13,22.0,0,0,SYNTHETIC
23.13,26.0,1,0,SYNTHETIC
23.13,11.0,2,0,SYNTHETIC
23.13,26.0,3,0,SYNTHETIC
23.13,17.0,4,0,SYNTHETIC
23.13,36.0,5,0,SYNTHETIC
23.13,30.0,6,0,SYNTHETIC
23.13,12.0,7,0,SYNTHETIC
23.13,6.0,8,0,SYNTHETIC
23.13,14.0,9,0,SYNTHETIC
23.13,24.0,10,0,SYNTHETIC
23.13,25.0,11,0,SYNTHETIC
23.13,17.0,12,0,SYNTHETIC
23.13,36.0,13,0,SYNTHETIC
23.13,29.0,14,0,SYNTHETIC
23.13,109.0,15,1,SYNTHETIC
23.13,33.0,16,0,SYNTHETIC
23.13,28.0,17,0,SYNTHETIC
23.13,72.0,18,1,SYNTHETIC
23.13,25.0,19,0,SYNTHETIC
23.13,37.0,20,0,SYNTHETIC
23.13,24.0,21,0,SYNTHETIC
23.13,32.0,22,0,SYNTHETIC
23.13,22.0,23,0,SYNTHETIC
23.94,23.0,0,0,SYNTHETIC
23.94,26.0,1,0,SYNTHETIC
23.94,23.0,2,0,SYNTHETIC
23.94,24.0,3,0,SYNTHETIC
23.94,28.0,4,0,SYNTHETIC
23.94,26.0,5,0,SYNTHETIC
23.94,16.0,6,0,SYNTHETIC
23.94,27.0,7,0,SYNTHETIC
23.94,27.0,8,0,SYNTHETIC
23.94,25.0,9,0,SYNTHETIC
23.94,33.0,10,0,SYNTHETIC
23.94,30.0,11,0,SYNTHETIC
23.94,7.0,12,0,SYNTHETIC
23.94,24.0,13,0,SYNTHETIC
23.94,35.0,14,0,SYNTHETIC
23.94,26.0,15,0,SYNTHETIC
23.94,22.0,16,0,SYNTHETIC
23.94,27.0,17,0,SYNTHETIC
23.94,30.0,18,0,SYNTHETIC
23.94,26.0,19,0,SYNTHETIC
23.94,25.0,20,0,SYNTHETIC
23.94,19.0,21,0,SYNTHETIC
23.94,8.0,22,0,SYNTHETIC
23.94,30.0,23,0,SYNTHETIC
11.19,6.0,0,0,SYNTHETIC
11.19,11.0,1,0,SYNTHETIC
11.19,6.0,2,0,SYNTHETIC
11.19,11.0,3,0,SYNTHETIC
11.19,14.0,4,0,SYNTHETIC
11.19,6.0,5,0,SYNTHETIC
11.19,10.0,6,0,SYNTHETIC
11.19,11.0,7,0,SYNTHETIC
11.19,7.0,8,0,SYNTHETIC
11.19,8.0,9,0,SYNTHETIC
11.19,13.0,10,0,SYNTHETIC
11.19,12.0,11,0,SYNTHETIC
11.19,12.0,12,0,SYNTHETIC
11.19,15.0,13,0,SYNTHETIC
11.19,10.0,14,0,SYNTHETIC
11.19,11.0,15,0,SYNTHETIC
11.19,8.0,16,0,SYNTHETIC
11.19,32.0,17,1,SYNTHETIC
11.19,12.0,18,0,SYNTHETIC
11.19,13.0,19,0,SYNTHETIC
11.19,9.0,20,0,SYNTHETIC
11.19,6.0,21,0,SYNTHETIC
11.19,6.0,22,0,SYNTHETIC
11.19,10.0,23,0,SYNTHETIC
36.79,32.0,0,0,SYNTHETIC
36.79,44.0,1,0,SYNTHETIC
36.79,41.0,2,0,SYNTHETIC
36.79,35.0,3,0,SYNTHETIC
36.79,40.0,4,0,SYNTHETIC
36.79,26.0,5,0,SYNTHETIC
36.79,26.0,6,0,SYNTHETIC
36.79,39.0,7,0,SYNTHETIC
36.79,39.0,8,0,SYNTHETIC
36.79,102.0,9,1,SYNTHETIC
36.79,38.0,10,0,SYNTHETIC
36.79,42.0,11,0,SYNTHETIC
36.79,33.0,12,0,SYNTHETIC
36.79,33.0,13,0,SYNTHETIC
36.79,42.0,14,0,SYNTHETIC
36.79,40.0,15,0,SYNTHETIC
36.79,31.0,16,0,SYNTHETIC
36.79,16.0,17,0,SYNTHETIC
36.79,37.0,18,0,SYNTHETIC
36.79,126.0,19,1,SYNTHETIC
36.79,28.0,20,0,SYNTHETIC
36.79,54.0,21,0,SYNTHETIC
36.79,42.0,22,0,SYNTHETIC
36.79,43.0,23,0,SYNTHETIC
32.97,26.0,0,0,SYNTHETIC
32.97,32.0,1,0,SYNTHETIC
32.97,25.0,2,0,SYNTHETIC
32.97,39.0,3,0,SYNTHETIC
32.97,145.0,4,1,SYNTHETIC
32.97,108.0,5,1,SYNTHETIC
32.97,27.0,6,0,SYNTHETIC
32.97,29.0,7,0,SYNTHETIC
32.97,35.0,8,0,SYNTHETIC
32.97,23.0,9,0,SYNTHETIC
32.97,43.0,10,0,SYNTHETIC
32.97,27.0,11,0,SYNTHETIC
32.97,22.0,12,0,SYNTHETIC
32.97,12.0,13,0,SYNTHETIC
32.97,34.0,14,0,SYNTHETIC
32.97,27.0,15,0,SYNTHETIC
32.97,28.0,16,0,SYNTHETIC
32.97,28.0,17,0,SYNTHETIC
32.97,39.0,18,0,SYNTHETIC
32.97,35.0,19,0,SYNTHETIC
32.97,27.0,20,0,SYNTHETIC
32.97,21.0,21,0,SYNTHETIC
32.97,44.0,22,0,SYNTHETIC
32.97,29.0,23,0,SYNTHETIC
32.96,27.0,0,0,SYNTHETIC
32.96,23.0,1,0,SYNTHETIC
32.96,19.0,2,0,SYNTHETIC
32.96,41.0,3,0,SYNTHETIC
32.96,35.0,4,0,SYNTHETIC
32.96,41.0,5,0,SYNTHETIC
32.96,38.0,6,0,SYNTHETIC
32.96,27.0,7,0,SYNTHETIC
32.96,25.0,8,0,SYNTHETIC
32.96,36.0,9,0,SYNTHETIC
32.96,23.0,10,0,SYNTHETIC
32.96,48.0,11,0,SYNTHETIC
32.96,43.0,12,0,SYNTHETIC
32.96,28.0,13,0,SYNTHETIC
32.96,26.0,14,0,SYNTHETIC
32.96,30.0,15,0,SYNTHETIC
32.96,28.0,16,0,SYNTHETIC
32.96,39.0,17,0,SYNTHETIC
32.96,24.0,18,0,SYNTHETIC
32.96,34.0,19,0,SYNTHETIC
32.96,24.0,20,0,SYNTHETIC
32.96,147.0,21,1,SYNTHETIC
32.96,105.0,22,1,SYNTHETIC
32.96,28.0,23,0,SYNTHETIC
35.17,34.0,0,0,SYNTHETIC
35.17,18.0,1,0,SYNTHETIC
35.17,47.0,2,0,SYNTHETIC
35.17,41.0,3,0,SYNTHETIC
35.17,30.0,4,0,SYNTHETIC
35.17,27.0,5,0,SYNTHETIC
35.17,35.0,6,0,SYNTHETIC
35.17,61.0,7,0,SYNTHETIC
35.17,48.0,8,0,SYNTHETIC
35.17,22.0,9,0,SYNTHETIC
35.17,34.0,10,0,SYNTHETIC
35.17,36.0,11,0,SYNTHETIC
35.17,27.0,12,0,SYNTHETIC
35.17,10.0,13,0,SYNTHETIC
35.17,38.0,14,0,SYNTHETIC
35.17,21.0,15,0,SYNTHETIC
35.17,35.0,16,0,SYNTHETIC
35.17,89.0,17,1,SYNTHETIC
35.17,31.0,18,0,SYNTHETIC
35.17,36.0,19,0,SYNTHETIC
35.17,37.0,20,0,SYNTHETIC
35.17,28.0,21,0,SYNTHETIC
35.17,42.0,22,0,SYNTHETIC
35.17,27.0,23,0,SYNTHETIC
35.17,30.0,0,0,SYNTHETIC
35.17,19.0,1,0,SYNTHETIC
35.17,37.0,2,0,SYNTHETIC
35.17,47.0,3,0,SYNTHETIC
35.17,45.0,4,0,SYNTHETIC
35.17,42.0,5,0,SYNTHETIC
35.17,32.0,6,0,SYNTHETIC
35.17,37.0,7,0,SYNTHETIC
35.17,50.0,8,0,SYNTHETIC
35.17,42.0,9,0,SYNTHETIC
35.17,32.0,10,0,SYNTHETIC
35.17,32.0,11,0,SYNTHETIC
35.17,29.0,12,0,SYNTHETIC
35.17,93.0,13,1,SYNTHETIC
35.17,47.0,14,0,SYNTHETIC
35.17,40.0,15,0,SYNTHETIC
35.17,32.0,16,0,SYNTHETIC
35.17,49.0,17,0,SYNTHETIC
35.17,27.0,18,0,SYNTHETIC
35.17,38.0,19,0,SYNTHETIC
35.17,16.0,20,0,SYNTHETIC
35.17,46.0,21,0,SYNTHETIC
35.17,38.0,22,0,SYNTHETIC
35.17,36.0,23,0,SYNTHETIC
33.67,25.0,0,0,SYNTHETIC
33.67,40.0,1,0,SYNTHETIC
33.67,86.0,2,1,SYNTHETIC
33.67,34.0,3,0,SYNTHETIC
33.67,46.0,4,0,SYNTHETIC
33.67,41.0,5,0,SYNTHETIC
33.67,136.0,6,1,SYNTHETIC
33.67,39.0,7,0,SYNTHETIC
33.67,8.0,8,0,SYNTHETIC
33.67,33.0,9,0,SYNTHETIC
33.67,46.0,10,0,SYNTHETIC
33.67,21.0,11,0,SYNTHETIC
33.67,23.0,12,0,SYNTHETIC
33.67,25.0,13,0,SYNTHETIC
33.67,47.0,14,0,SYNTHETIC
33.67,46.0,15,0,SYNTHETIC
33.67,47.0,16,0,SYNTHETIC
33.67,36.0,17,0,SYNTHETIC
33.67,31.0,18,0,SYNTHETIC
33.67,27.0,19,0,SYNTHETIC
33.67,48.0,20,0,SYNTHETIC
33.67,24.0,21,0,SYNTHETIC
33.67,44.0,22,0,SYNTHETIC
33.67,25.0,23,0,SYNTHETIC
35.66,173.0,0,1,SYNTHETIC
35.66,28.0,1,0,SYNTHETIC
35.66,47.0,2,0,SYNTHETIC
35.66,139.0,3,1,SYNTHETIC
35.66,54.0,4,0,SYNTHETIC
35.66,41.0,5,0,SYNTHETIC
35.66,45.0,6,0,SYNTHETIC
35.66,19.0,7,0,SYNTHETIC
35.66,42.0,8,0,SYNTHETIC
35.66,41.0,9,0,SYNTHETIC
35.66,38.0,10,0,SYNTHETIC
35.66,45.0,11,0,SYNTHETIC
35.66,116.0,12,1,SYNTHETIC
35.66,34.0,13,0,SYNTHETIC
35.66,42.0,14,0,SYNTHETIC
35.66,30.0,15,0,SYNTHETIC
35.66,33.0,16,0,SYNTHETIC
35.66,30.0,17,0,SYNTHETIC
35.66,45.0,18,0,SYNTHETIC
35.66,44.0,19,0,SYNTHETIC
35.66,35.0,20,0,SYNTHETIC
35.66,44.0,21,0,SYNTHETIC
35.66,20.0,22,0,SYNTHETIC
35.66,34.0,23,0,SYNTHETIC
10.79,15.0,0,0,SYNTHETIC
10.79,8.0,1,0,SYNTHETIC
10.79,13.0,2,0,SYNTHETIC
10.79,10.0,3,0,SYNTHETIC
10.79,9.0,4,0,SYNTHETIC
10.79,9.0,5,0,SYNTHETIC
10.79,15.0,6,0,SYNTHETIC
10.79,11.0,7,0,SYNTHETIC
10.79,7.0,8,0,SYNTHETIC
10.79,10.0,9,0,SYNTHETIC
10.79,10.0,10,0,SYNTHETIC
10.79,53.0,11,1,SYNTHETIC
10.79,16.0,12,0,SYNTHETIC
10.79,9.0,13,0,SYNTHETIC
10.79,17.0,14,0,SYNTHETIC
10.79,4.0,15,0,SYNTHETIC
10.79,38.0,16,1,SYNTHETIC
10.79,13.0,17,0,SYNTHETIC
10.79,12.0,18,0,SYNTHETIC
10.79,11.0,19,0,SYNTHETIC
10.79,7.0,20,0,SYNTHETIC
10.79,16.0,21,0,SYNTHETIC
10.79,12.0,22,0,SYNTHETIC
10.79,9.0,23,0,SYNTHETIC
19.35,23.0,0,0,SYNTHETIC
19.35,20.0,1,0,SYNTHETIC
19.35,25.0,2,0,SYNTHETIC
19.35,22.0,3,0,SYNTHETIC
19.35,19.0,4,0,SYNTHETIC
19.35,14.0,5,0,SYNTHETIC
19.35,68.0,6,1,SYNTHETIC
19.35,29.0,7,0,SYNTHETIC
19.35,16.0,8,0,SYNTHETIC
19.35,87.0,9,1,SYNTHETIC
19.35,17.0,10,0,SYNTHETIC
19.35,15.0,11,0,SYNTHETIC
19.35,16.0,12,0,SYNTHETIC
19.35,16.0,13,0,SYNTHETIC
19.35,15.0,14,0,SYNTHETIC
19.35,28.0,15,0,SYNTHETIC
19.35,24.0,16,0,SYNTHETIC
19.35,19.0,17,0,SYNTHETIC
19.35,21.0,18,0,SYNTHETIC
19.35,20.0,19,0,SYNTHETIC
19.35,17.0,20,0,SYNTHETIC
19.35,22.0,21,0,SYNTHETIC
19.35,17.0,22,0,SYNTHETIC
19.35,11.0,23,0,SYNTHETIC
32.76,26.0,0,0,SYNTHETIC
32.76,38.0,1,0,SYNTHETIC
32.76,26.0,2,0,SYNTHETIC
32.76,15.0,3,0,SYNTHETIC
32.76,25.0,4,0,SYNTHETIC
32.76,30.0,5,0,SYNTHETIC
32.76,40.0,6,0,SYNTHETIC
32.76,35.0,7,0,SYNTHETIC
32.76,18.0,8,0,SYNTHETIC
32.76,35.0,9,0,SYNTHETIC
32.76,39.0,10,0,SYNTHETIC
32.76,19.0,11,0,SYNTHETIC
32.76,27.0,12,0,SYNTHETIC
32.76,44.0,13,0,SYNTHETIC
32.76,31.0,14,0,SYNTHETIC
32.76,37.0,15,0,SYNTHETIC
32.76,29.0,16,0,SYNTHETIC
32.76,13.0,17,0,SYNTHETIC
32.76,40.0,18,0,SYNTHETIC
32.76,33.0,19,0,SYNTHETIC
32.76,28.0,20,0,SYNTHETIC
32.76,28.0,21,0,SYNTHETIC
32.76,37.0,22,0,SYNTHETIC
32.76,28.0,23,0,SYNTHETIC
11.23,12.0,0,0,SYNTHETIC
11.23,8.0,1,0,SYNTHETIC
11.23,19.0,2,0,SYNTHETIC
11.23,11.0,3,0,SYNTHETIC
11.23,8.0,4,0,SYNTHETIC
11.23,8.0,5,0,SYNTHETIC
11.23,9.0,6,0,SYNTHETIC
11.23,10.0,7,0,SYNTHETIC
11.23,12.0,8,0,SYNTHETIC
11.23,14.0,9,0,SYNTHETIC
11.23,8.0,10,0,SYNTHETIC
11.23,6.0,11,0,SYNTHETIC
11.23,6.0,12,0,SYNTHETIC
11.23,12.0,13,0,SYNTHETIC
11.23,13.0,14,0,SYNTHETIC
11.23,18.0,15,0,SYNTHETIC
11.23,17.0,16,0,SYNTHETIC
11.23,11.0,17,0,SYNTHETIC
11.23,16.0,18,0,SYNTHETIC
11.23,7.0,19,0,SYNTHETIC
11.23,11.0,20,0,SYNTHETIC
11.23,16.0,21,0,SYNTHETIC
11.23,9.0,22,0,SYNTHETIC
11.23,14.0,23,0,SYNTHETIC
18.44,12.0,0,0,SYNTHETIC
18.44,19.0,1,0,SYNTHETIC
18.44,21.0,2,0,SYNTHETIC
18.44,21.0,3,0,SYNTHETIC
18.44,8.0,4,0,SYNTHETIC
18.44,50.0,5,1,SYNTHETIC
18.44,20.0,6,0,SYNTHETIC
18.44,17.0,7,0,SYNTHETIC
18.44,25.0,8,0,SYNTHETIC
18.44,15.0,9,0,SYNTHETIC
18.44,27.0,10,0,SYNTHETIC
18.44,15.0,11,0,SYNTHETIC
18.44,19.0,12,0,SYNTHETIC
18.44,25.0,13,0,SYNTHETIC
18.44,30.0,14,0,SYNTHETIC
18.44,8.0,15,0,SYNTHETIC
18.44,18.0,16,0,SYNTHETIC
18.44,13.0,17,0,SYNTHETIC
18.44,20.0,18,0,SYNTHETIC
18.44,19.0,19,0,SYNTHETIC
18.44,14.0,20,0,SYNTHETIC
18.44,16.0,21,0,SYNTHETIC
18.44,20.0,22,0,SYNTHETIC
18.44,19.0,23,0,SYNTHETIC
28.51,17.0,0,0,SYNTHETIC
28.51,34.0,1,0,SYNTHETIC
28.51,25.0,2,0,SYNTHETIC
28.51,25.0,3,0,SYNTHETIC
28.51,21.0,4,0,SYNTHETIC
28.51,31.0,5,0,SYNTHETIC
28.51,28.0,6,0,SYNTHETIC
28.51,42.0,7,0,SYNTHETIC
28.51,24.0,8,0,SYNTHETIC
28.51,38.0,9,0,SYNTHETIC
28.51,27.0,10,0,SYNTHETIC
28.51,29.0,11,0,SYNTHETIC
28.51,29.0,12,0,SYNTHETIC
28.51,31.0,13,0,SYNTHETIC
28.51,134.0,14,1,SYNTHETIC
28.51,35.0,15,0,SYNTHETIC
28.51,89.0,16,1,SYNTHETIC
28.51,24.0,17,0,SYNTHETIC
28.51,13.0,18,0,SYNTHETIC
28.51,34.0,19,0,SYNTHETIC
28.51,25.0,20,0,SYNTHETIC
28.51,30.0,21,0,SYNTHETIC
28.51,21.0,22,0,SYNTHETIC
28.51,31.0,23,0,SYNTHETIC
32.14,26.0,0,0,SYNTHETIC
32.14,29.0,1,0,SYNTHETIC
32.14,44.0,2,0,SYNTHETIC
32.14,36.0,3,0,SYNTHETIC
32.14,38.0,4,0,SYNTHETIC
32.14,24.0,5,0,SYNTHETIC
32.14,25.0,6,0,SYNTHETIC
32.14,40.0,7,0,SYNTHETIC
32.14,46.0,8,0,SYNTHETIC
32.14,38.0,9,0,SYNTHETIC
32.14,15.0,10,0,SYNTHETIC
32.14,10.0,11,0,SYNTHETIC
32.14,35.0,12,0,SYNTHETIC
32.14,35.0,13,0,SYNTHETIC
32.14,40.0,14,0,SYNTHETIC
32.14,31.0,15,0,SYNTHETIC
32.14,88.0,16,1,SYNTHETIC
32.14,34.0,17,0,SYNTHETIC
32.14,18.0,18,0,SYNTHETIC
32.14,31.0,19,0,SYNTHETIC
32.14,34.0,20,0,SYNTHETIC
32.14,40.0,21,0,SYNTHETIC
32.14,39.0,22,0,SYNTHETIC
32.14,17.0,23,0,SYNTHETIC
17.3,21.0,0,0,SYNTHETIC
17.3,14.0,1,0,SYNTHETIC
17.3,28.0,2,0,SYNTHETIC
17.3,13.0,3,0,SYNTHETIC
17.3,17.0,4,0,SYNTHETIC
17.3,13.0,5,0,SYNTHETIC
17.3,13.0,6,0,SYNTHETIC
17.3,3.0,7,0,SYNTHETIC
17.3,19.0,8,0,SYNTHETIC
17.3,20.0,9,0,SYNTHETIC
17.3,14.0,10,0,SYNTHETIC
17.3,13.0,11,0,SYNTHETIC
17.3,18.0,12,0,SYNTHETIC
17.3,19.0,13,0,SYNTHETIC
17.3,20.0,14,0,SYNTHETIC
17.3,61.0,15,1,SYNTHETIC
17.3,21.0,16,0,SYNTHETIC
17.3,20.0,17,0,SYNTHETIC
17.3,20.0,18,0,SYNTHETIC
17.3,17.0,19,0,SYNTHETIC
17.3,18.0,20,0,SYNTHETIC
17.3,21.0,21,0,SYNTHETIC
17.3,26.0,22,0,SYNTHETIC
17.3,10.0,23,0,SYNTHETIC
11.14,6.0,0,0,SYNTHETIC
11.14,12.0,1,0,SYNTHETIC
11.14,12.0,2,0,SYNTHETIC
11.14,55.0,3,1,SYNTHETIC
11.14,51.0,4,1,SYNTHETIC
11.14,28.0,5,1,SYNTHETIC
11.14,7.0,6,0,SYNTHETIC
11.14,13.0,7,0,SYNTHETIC
11.14,11.0,8,0,SYNTHETIC
11.14,8.0,9,0,SYNTHETIC
11.14,18.0,10,0,SYNTHETIC
11.14,14.0,11,0,SYNTHETIC
11.14,12.0,12,0,SYNTHETIC
11.14,10.0,13,0,SYNTHETIC
11.14,10.0,14,0,SYNTHETIC
11.14,10.0,15,0,SYNTHETIC
11.14,12.0,16,0,SYNTHETIC
11.14,11.0,17,0,SYNTHETIC
11.14,8.0,18,0,SYNTHETIC
11.14,13.0,19,0,SYNTHETIC
11.14,8.0,20,0,SYNTHETIC
11.14,10.0,21,0,SYNTHETIC
11.14,14.0,22,0,SYNTHETIC
11.14,12.0,23,0,SYNTHETIC
23.5,23.0,0,0,SYNTHETIC
23.5,20.0,1,0,SYNTHETIC
23.5,21.0,2,0,SYNTHETIC
23.5,20.0,3,0,SYNTHETIC
23.5,17.0,4,0,SYNTHETIC
23.5,29.0,5,0,SYNTHETIC
23.5,12.0,6,0,SYNTHETIC
23.5,28.0,7,0,SYNTHETIC
23.5,25.0,8,0,SYNTHETIC
23.5,6.0,9,0,SYNTHETIC
23.5,29.0,10,0,SYNTHETIC
23.5,19.0,11,0,SYNTHETIC
23.5,19.0,12,0,SYNTHETIC
23.5,22.0,13,0,SYNTHETIC
23.5,14.0,14,0,SYNTHETIC
23.5,16.0,15,0,SYNTHETIC
23.5,33.0,16,0,SYNTHETIC
23.5,36.0,17,0,SYNTHETIC
23.5,19.0,18,0,SYNTHETIC
23.5,64.0,19,1,SYNTHETIC
23.5,29.0,20,0,SYNTHETIC
23.5,23.0,21,0,SYNTHETIC
23.5,24.0,22,0,SYNTHETIC
23.5,19.0,23,0,SYNTHETIC
29.46,32.0,0,0,SYNTHETIC
29.46,33.0,1,0,SYNTHETIC
29.46,14.0,2,0,SYNTHETIC
29.46,35.0,3,0,SYNTHETIC
29.46,38.0,4,0,SYNTHETIC
29.46,83.0,5,1,SYNTHETIC
29.46,24.0,6,0,SYNTHETIC
29.46,146.0,7,1,SYNTHETIC
29.46,26.0,8,0,SYNTHETIC
29.46,25.0,9,0,SYNTHETIC
29.46,39.0,10,0,SYNTHETIC
29.46,19.0,11,0,SYNTHETIC
29.46,28.0,12,0,SYNTHETIC
29.46,47.0,13,0,SYNTHETIC
29.46,82.0,14,1,SYNTHETIC
29.46,38.0,15,0,SYNTHETIC
29.46,35.0,16,0,SYNTHETIC
29.46,33.0,17,0,SYNTHETIC
29.46,30.0,18,0,SYNTHETIC
29.46,105.0,19,1,SYNTHETIC
29.46,38.0,20,0,SYNTHETIC
29.46,53.0,21,0,SYNTHETIC
29.46,28.0,22,0,SYNTHETIC
29.46,32.0,23,0,SYNTHETIC
13.41,17.0,0,0,SYNTHETIC
13.41,9.0,1,0,SYNTHETIC
13.41,15.0,2,0,SYNTHETIC
13.41,13.0,3,0,SYNTHETIC
13.41,16.0,4,0,SYNTHETIC
13.41,17.0,5,0,SYNTHETIC
13.41,14.0,6,0,SYNTHETIC
13.41,17.0,7,0,SYNTHETIC
13.41,5.0,8,0,SYNTHETIC
13.41,15.0,9,0,SYNTHETIC
13.41,18.0,10,0,SYNTHETIC
13.41,16.0,11,0,SYNTHETIC
13.41,11.0,12,0,SYNTHETIC
13.41,13.0,13,0,SYNTHETIC
13.41,13.0,14,0,SYNTHETIC
13.41,13.0,15,0,SYNTHETIC
13.41,12.0,16,0,SYNTHETIC
13.41,9.0,17,0,SYNTHETIC
13.41,12.0,18,0,SYNTHETIC
13.41,10.0,19,0,SYNTHETIC
13.41,16.0,20,0,SYNTHETIC
13.41,16.0,21,0,SYNTHETIC
13.41,10.0,22,0,SYNTHETIC
13.41,18.0,23,0,SYNTHETIC
25.67,19.0,0,0,SYNTHETIC
25.67,30.0,1,0,SYNTHETIC
25.67,24.0,2,0,SYNTHETIC
25.67,29.0,3,0,SYNTHETIC
25.67,18.0,4,0,SYNTHETIC
25.67,16.0,5,0,SYNTHETIC
25.67,112.0,6,1,SYNTHETIC
25.67,41.0,7,0,SYNTHETIC
25.67,12.0,8,0,SYNTHETIC
25.67,27.0,9,0,SYNTHETIC
25.67,21.0,10,0,SYNTHETIC
25.67,27.0,11,0,SYNTHETIC
25.67,30.0,12,0,SYNTHETIC
25.67,26.0,13,0,SYNTHETIC
25.67,38.0,14,0,SYNTHETIC
25.67,25.0,15,0,SYNTHETIC
25.67,29.0,16,0,SYNTHETIC
25.67,25.0,17,0,SYNTHETIC
25.67,34.0,18,0,SYNTHETIC
25.67,23.0,19,0,SYNTHETIC
25.67,25.0,20,0,SYNTHETIC
25.67,17.0,21,0,SYNTHETIC
25.67,30.0,22,0,SYNTHETIC
25.67,19.0,23,0,SYNTHETIC
23.24,34.0,0,0,SYNTHETIC
23.24,31.0,1,0,SYNTHETIC
23.24,20.0,2,0,SYNTHETIC
23.24,17.0,3,0,SYNTHETIC
23.24,17.0,4,0,SYNTHETIC
23.24,18.0,5,0,SYNTHETIC
23.24,22.0,6,0,SYNTHETIC
23.24,5.0,7,0,SYNTHETIC
23.24,19.0,8,0,SYNTHETIC
23.24,27.0,9,0,SYNTHETIC
23.24,23.0,10,0,SYNTHETIC
23.24,24.0,11,0,SYNTHETIC
23.24,25.0,12,0,SYNTHETIC
23.24,25.0,13,0,SYNTHETIC
23.24,19.0,14,0,SYNTHETIC
23.24,22.0,15,0,SYNTHETIC
23.24,12.0,16,0,SYNTHETIC
23.24,23.0,17,0,SYNTHETIC
23.24,30.0,18,0,SYNTHETIC
23.24,106.0,19,1,SYNTHETIC
23.24,25.0,20,0,SYNTHETIC
23.24,18.0,21,0,SYNTHETIC
23.24,20.0,22,0,SYNTHETIC
23.24,20.0,23,0,SYNTHETIC
37.14,47.0,0,0,SYNTHETIC
37.14,46.0,1,0,SYNTHETIC
37.14,41.0,2,0,SYNTHETIC
37.14,37.0,3,0,SYNTHETIC
37.14,26.0,4,0,SYNTHETIC
37.14,37.0,5,0,SYNTHETIC
37.14,31.0,6,0,SYNTHETIC
37.14,39.0,7,0,SYNTHETIC
37.14,11.0,8,0,SYNTHETIC
37.14,43.0,9,0,SYNTHETIC
37.14,21.0,10,0,SYNTHETIC
37.14,37.0,11,0,SYNTHETIC
37.14,54.0,12,0,SYNTHETIC
37.14,58.0,13,0,SYNTHETIC
37.14,49.0,14,0,SYNTHETIC
37.14,33.0,15,0,SYNTHETIC
37.14,46.0,16,0,SYNTHETIC
37.14,134.0,17,1,SYNTHETIC
37.14,52.0,18,0,SYNTHETIC
37.14,116.0,19,1,SYNTHETIC
37.14,34.0,20,0,SYNTHETIC
37.14,54.0,21,0,SYNTHETIC
37.14,31.0,22,0,SYNTHETIC
37.14,132.0,23,1,SYNTHETIC
24.58,22.0,0,0,SYNTHETIC
24.58,26.0,1,0,SYNTHETIC
24.58,27.0,2,0,SYNTHETIC
24.58,20.0,3,0,SYNTHETIC
24.58,23.0,4,0,SYNTHETIC
24.58,16.0,5,0,SYNTHETIC
24.58,14.0,6,0,SYNTHETIC
24.58,34.0,7,0,SYNTHETIC
24.58,15.0,8,0,SYNTHETIC
24.58,21.0,9,0,SYNTHETIC
24.58,31.0,10,0,SYNTHETIC
24.58,26.0,11,0,SYNTHETIC
24.58,22.0,12,0,SYNTHETIC
24.58,22.0,13,0,SYNTHETIC
24.58,28.0,14,0,SYNTHETIC
24.58,31.0,15,0,SYNTHETIC
24.58,28.0,16,0,SYNTHETIC
24.58,26.0,17,0,SYNTHETIC
24.58,27.0,18,0,SYNTHETIC
24.58,34.0,19,0,SYNTHETIC
24.58,16.0,20,0,SYNTHETIC
24.58,38.0,21,0,SYNTHETIC
24.58,26.0,22,0,SYNTHETIC
24.58,26.0,23,0,SYNTHETIC
15.15,19.0,0,0,SYNTHETIC
15.15,6.0,1,0,SYNTHETIC
15.15,10.0,2,0,SYNTHETIC
15.15,15.0,3,0,SYNTHETIC
15.15,18.0,4,0,SYNTHETIC
15.15,11.0,5,0,SYNTHETIC
15.15,16.0,6,0,SYNTHETIC
15.15,13.0,7,0,SYNTHETIC
15.15,13.0,8,0,SYNTHETIC
15.15,12.0,9,0,SYNTHETIC
15.15,18.0,10,0,SYNTHETIC
15.15,13.0,11,0,SYNTHETIC
15.15,14.0,12,0,SYNTHETIC
15.15,10.0,13,0,SYNTHETIC
15.15,15.0,14,0,SYNTHETIC
15.15,15.0,15,0,SYNTHETIC
15.15,13.0,16,0,SYNTHETIC
15.15,15.0,17,0,SYNTHETIC
15.15,13.0,18,0,SYNTHETIC
15.15,15.0,19,0,SYNTHETIC
15.15,17.0,20,0,SYNTHETIC
15.15,17.0,21,0,SYNTHETIC
15.15,14.0,22,0,SYNTHETIC
15.15,13.0,23,0,SYNTHETIC
25.43,29.0,0,0,SYNTHETIC
25.43,30.0,1,0,SYNTHETIC
25.43,22.0,2,0,SYNTHETIC
25.43,89.0,3,1,SYNTHETIC
25.43,26.0,4,0,SYNTHETIC
25.43,21.0,5,0,SYNTHETIC
25.43,34.0,6,0,SYNTHETIC
25.43,29.0,7,0,SYNTHETIC
25.43,34.0,8,0,SYNTHETIC
25.43,21.0,9,0,SYNTHETIC
25.43,27.0,10,0,SYNTHETIC
25.43,31.0,11,0,SYNTHETIC
25.43,29.0,12,0,SYNTHETIC
25.43,36.0,13,0,SYNTHETIC
25.43,100.0,14,1,SYNTHETIC
25.43,31.0,15,0,SYNTHETIC
25.43,12.0,16,0,SYNTHETIC
25.43,31.0,17,0,SYNTHETIC
25.43,29.0,18,0,SYNTHETIC
25.43,24.0,19,0,SYNTHETIC
25.43,35.0,20,0,SYNTHETIC
25.43,22.0,21,0,SYNTHETIC
25.43,28.0,22,0,SYNTHETIC
25.43,30.0,23,0,SYNTHETIC
19.46,14.0,0,0,SYNTHETIC
19.46,19.0,1,0,SYNTHETIC
19.46,10.0,2,0,SYNTHETIC
19.46,12.0,3,0,SYNTHETIC
19.46,18.0,4,0,SYNTHETIC
19.46,9.0,5,0,SYNTHETIC
19.46,31.0,6,0,SYNTHETIC
19.46,17.0,7,0,SYNTHETIC
19.46,12.0,8,0,SYNTHETIC
19.46,15.0,9,0,SYNTHETIC
19.46,16.0,10,0,SYNTHETIC
19.46,19.0,11,0,SYNTHETIC
19.46,13.0,12,0,SYNTHETIC
19.46,24.0,13,0,SYNTHETIC
19.46,12.0,14,0,SYNTHETIC
19.46,14.0,15,0,SYNTHETIC
19.46,22.0,16,0,SYNTHETIC
19.46,18.0,17,0,SYNTHETIC
19.46,13.0,18,0,SYNTHETIC
19.46,13.0,19,0,SYNTHETIC
19.46,18.0,20,0,SYNTHETIC
19.46,24.0,21,0,SYNTHETIC
19.46,11.0,22,0,SYNTHETIC
19.46,20.0,23,0,SYNTHETIC
36.13,54.0,0,0,SYNTHETIC
36.13,37.0,1,0,SYNTHETIC
36.13,34.0,2,0,SYNTHETIC
36.13,43.0,3,0,SYNTHETIC
36.13,42.0,4,0,SYNTHETIC
36.13,27.0,5,0,SYNTHETIC
36.13,42.0,6,0,SYNTHETIC
36.13,36.0,7,0,SYNTHETIC
36.13,30.0,8,0,SYNTHETIC
36.13,24.0,9,0,SYNTHETIC
36.13,48.0,10,0,SYNTHETIC
36.13,42.0,11,0,SYNTHETIC
36.13,26.0,12,0,SYNTHETIC
36.13,23.0,13,0,SYNTHETIC
36.13,49.0,14,0,SYNTHETIC
36.13,31.0,15,0,SYNTHETIC
36.13,35.0,16,0,SYNTHETIC
36.13,27.0,17,0,SYNTHETIC
36.13,26.0,18,0,SYNTHETIC
36.13,25.0,19,0,SYNTHETIC
36.13,48.0,20,0,SYNTHETIC
36.13,39.0,21,0,SYNTHETIC
36.13,36.0,22,0,SYNTHETIC
36.13,22.0,23,0,SYNTHETIC
23.72,23.0,0,0,SYNTHETIC
23.72,19.0,1,0,SYNTHETIC
23.72,21.0,2,0,SYNTHETIC
23.72,23.0,3,0,SYNTHETIC
23.72,67.0,4,1,SYNTHETIC
23.72,21.0,5,0,SYNTHETIC
23.72,25.0,6,0,SYNTHETIC
23.72,17.0,7,0,SYNTHETIC
23.72,20.0,8,0,SYNTHETIC
23.72,22.0,9,0,SYNTHETIC
23.72,24.0,10,0,SYNTHETIC
23.72,24.0,11,0,SYNTHETIC
23.72,34.0,12,0,SYNTHETIC
23.72,14.0,13,0,SYNTHETIC
23.72,20.0,14,0,SYNTHETIC
23.72,23.0,15,0,SYNTHETIC
23.72,22.0,16,0,SYNTHETIC
23.72,20.0,17,0,SYNTHETIC
23.72,16.0,18,0,SYNTHETIC
23.72,26.0,19,0,SYNTHETIC
23.72,35.0,20,0,SYNTHETIC
23.72,29.0,21,0,SYNTHETIC
23.72,117.0,22,1,SYNTHETIC
23.72,20.0,23,0,SYNTHETIC
28.49,31.0,0,0,SYNTHETIC
28.49,27.0,1,0,SYNTHETIC
28.49,23.0,2,0,SYNTHETIC
28.49,32.0,3,0,SYNTHETIC
28.49,35.0,4,0,SYNTHETIC
28.49,26.0,5,0,SYNTHETIC
28.49,17.0,6,0,SYNTHETIC
28.49,26.0,7,0,SYNTHETIC
28.49,32.0,8,0,SYNTHETIC
28.49,123.0,9,1,SYNTHETIC
28.49,27.0,10,0,SYNTHETIC
28.49,32.0,11,0,SYNTHETIC
28.49,31.0,12,0,SYNTHETIC
28.49,21.0,13,0,SYNTHETIC
28.49,29.0,14,0,SYNTHETIC
28.49,23.0,15,0,SYNTHETIC
28.49,26.0,16,0,SYNTHETIC
28.49,34.0,17,0,SYNTHETIC
28.49,20.0,18,0,SYNTHETIC
28.49,28.0,19,0,SYNTHETIC
28.49,25.0,20,0,SYNTHETIC
28.49,37.0,21,0,SYNTHETIC
28.49,31.0,22,0,SYNTHETIC
28.49,26.0,23,0,SYNTHETIC
30.88,52.0,0,0,SYNTHETIC
30.88,28.0,1,0,SYNTHETIC
30.88,33.0,2,0,SYNTHETIC
30.88,39.0,3,0,SYNTHETIC
30.88,49.0,4,0,SYNTHETIC
30.88,40.0,5,0,SYNTHETIC
30.88,20.0,6,0,SYNTHETIC
30.88,29.0,7,0,SYNTHETIC
30.88,36.0,8,0,SYNTHETIC
30.88,26.0,9,0,SYNTHETIC
30.88,23.0,10,0,SYNTHETIC
30.88,45.0,11,0,SYNTHETIC
30.88,30.0,12,0,SYNTHETIC
30.88,26.0,13,0,SYNTHETIC
30.88,21.0,14,0,SYNTHETIC
30.88,33.0,15,0,SYNTHETIC
30.88,37.0,16,0,SYNTHETIC
30.88,23.0,17,0,SYNTHETIC
30.88,31.0,18,0,SYNTHETIC
30.88,37.0,19,0,SYNTHETIC
30.88,37.0,20,0,SYNTHETIC
30.88,36.0,21,0,SYNTHETIC
30.88,46.0,22,0,SYNTHETIC
30.88,31.0,23,0,SYNTHETIC
24.15,19.0,0,0,SYNTHETIC
24.15,32.0,1,0,SYNTHETIC
24.15,31.0,2,0,SYNTHETIC
24.15,19.0,3,0,SYNTHETIC
24.15,25.0,4,0,SYNTHETIC
24.15,30.0,5,0,SYNTHETIC
24.15,30.0,6,0,SYNTHETIC
24.15,24.0,7,0,SYNTHETIC
24.15,16.0,8,0,SYNTHETIC
24.15,25.0,9,0,SYNTHETIC
24.15,14.0,10,0,SYNTHETIC
24.15,13.0,11,0,SYNTHETIC
24.15,15.0,12,0,SYNTHETIC
24.15,20.0,13,0,SYNTHETIC
24.15,17.0,14,0,SYNTHETIC
24.15,94.0,15,1,SYNTHETIC
24.15,18.0,16,0,SYNTHETIC
24.15,25.0,17,0,SYNTHETIC
24.15,24.0,18,0,SYNTHETIC
24.15,26.0,19,0,SYNTHETIC
24.15,13.0,20,0,SYNTHETIC
24.15,19.0,21,0,SYNTHETIC
24.15,21.0,22,0,SYNTHETIC
24.15,28.0,23,0,SYNTHETIC
14.2,17.0,0,0,SYNTHETIC
14.2,12.0,1,0,SYNTHETIC
14.2,16.0,2,0,SYNTHETIC
14.2,17.0,3,0,SYNTHETIC
14.2,15.0,4,0,SYNTHETIC
14.2,9.0,5,0,SYNTHETIC
14.2,17.0,6,0,SYNTHETIC
14.2,39.0,7,1,SYNTHETIC
14.2,11.0,8,0,SYNTHETIC
14.2,12.0,9,0,SYNTHETIC
14.2,20.0,10,0,SYNTHETIC
14.2,21.0,11,0,SYNTHETIC
14.2,18.0,12,0,SYNTHETIC
14.2,11.0,13,0,SYNTHETIC
14.2,20.0,14,0,SYNTHETIC
14.2,19.0,15,0,SYNTHETIC
14.2,12.0,16,0,SYNTHETIC
14.2,19.0,17,0,SYNTHETIC
14.2,17.0,18,0,SYNTHETIC
14.2,22.0,19,0,SYNTHETIC
14.2,17.0,20,0,SYNTHETIC
14.2,16.0,21,0,SYNTHETIC
14.2,12.0,22,0,SYNTHETIC
14.2,16.0,23,0,SYNTHETIC
37.03,56.0,0,0,SYNTHETIC
37.03,40.0,1,0,SYNTHETIC
37.03,52.0,2,0,SYNTHETIC
37.03,29.0,3,0,SYNTHETIC
37.03,33.0,4,0,SYNTHETIC
37.03,41.0,5,0,SYNTHETIC
37.03,37.0,6,0,SYNTHETIC
37.03,35.0,7,0,SYNTHETIC
37.03,37.0,8,0,SYNTHETIC
37.03,32.0,9,0,SYNTHETIC
37.03,40.0,10,0,SYNTHETIC
37.03,21.0,11,0,SYNTHETIC
37.03,38.0,12,0,SYNTHETIC
37.03,38.0,13,0,SYNTHETIC
37.03,31.0,14,0,SYNTHETIC
37.03,20.0,15,0,SYNTHETIC
37.03,32.0,16,0,SYNTHETIC
37.03,37.0,17,0,SYNTHETIC
37.03,27.0,18,0,SYNTHETIC
37.03,53.0,19,0,SYNTHETIC
37.03,33.0,20,0,SYNTHETIC
37.03,26.0,21,0,SYNTHETIC
37.03,38.0,22,0,SYNTHETIC
37.03,45.0,23,0,SYNTHETIC
18.83,21.0,0,0,SYNTHETIC
18.83,19.0,1,0,SYNTHETIC
18.83,80.0,2,1,SYNTHETIC
18.83,24.0,3,0,SYNTHETIC
18.83,16.0,4,0,SYNTHETIC
18.83,16.0,5,0,SYNTHETIC
18.83,20.0,6,0,SYNTHETIC
18.83,20.0,7,0,SYNTHETIC
18.83,17.0,8,0,SYNTHETIC
18.83,13.0,9,0,SYNTHETIC
18.83,10.0,10,0,SYNTHETIC
18.83,18.0,11,0,SYNTHETIC
18.83,20.0,12,0,SYNTHETIC
18.83,23.0,13,0,SYNTHETIC
18.83,12.0,14,0,SYNTHETIC
18.83,19.0,15,0,SYNTHETIC
18.83,15.0,16,0,SYNTHETIC
18.83,24.0,17,0,SYNTHETIC
18.83,18.0,18,0,SYNTHETIC
18.83,67.0,19,1,SYNTHETIC
18.83,16.0,20,0,SYNTHETIC
18.83,17.0,21,0,SYNTHETIC
18.83,13.0,22,0,SYNTHETIC
18.83,22.0,23,0,SYNTHETIC
12.15,11.0,0,0,SYNTHETIC
12.15,8.0,1,0,SYNTHETIC
12.15,11.0,2,0,SYNTHETIC
12.15,13.0,3,0,SYNTHETIC
12.15,10.0,4,0,SYNTHETIC
12.15,12.0,5,0,SYNTHETIC
12.15,8.0,6,0,SYNTHETIC
12.15,11.0,7,0,SYNTHETIC
12.15,11.0,8,0,SYNTHETIC
12.15,11.0,9,0,SYNTHETIC
12.15,12.0,10,0,SYNTHETIC
12.15,7.0,11,0,SYNTHETIC
12.15,8.0,12,0,SYNTHETIC
12.15,13.0,13,0,SYNTHETIC
12.15,14.0,14,0,SYNTHETIC
12.15,9.0,15,0,SYNTHETIC
12.15,9.0,16,0,SYNTHETIC
12.15,18.0,17,0,SYNTHETIC
12.15,13.0,18,0,SYNTHETIC
12.15,8.0,19,0,SYNTHETIC
12.15,14.0,20,0,SYNTHETIC
12.15,10.0,21,0,SYNTHETIC
12.15,14.0,22,0,SYNTHETIC
12.15,12.0,23,0,SYNTHETIC
21.74,12.0,0,0,SYNTHETIC
21.74,17.0,1,0,SYNTHETIC
21.74,26.0,2,0,SYNTHETIC
21.74,22.0,3,0,SYNTHETIC
21.74,8.0,4,0,SYNTHETIC
21.74,30.0,5,0,SYNTHETIC
21.74,25.0,6,0,SYNTHETIC
21.74,19.0,7,0,SYNTHETIC
21.74,29.0,8,0,SYNTHETIC
21.74,21.0,9,0,SYNTHETIC
21.74,22.0,10,0,SYNTHETIC
21.74,20.0,11,0,SYNTHETIC
21.74,25.0,12,0,SYNTHETIC
21.74,19.0,13,0,SYNTHETIC
21.74,28.0,14,0,SYNTHETIC
21.74,17.0,15,0,SYNTHETIC
21.74,26.0,16,0,SYNTHETIC
21.74,16.0,17,0,SYNTHETIC
21.74,18.0,18,0,SYNTHETIC
21.74,19.0,19,0,SYNTHETIC
21.74,22.0,20,0,SYNTHETIC
21.74,21.0,21,0,SYNTHETIC
21.74,13.0,22,0,SYNTHETIC
21.74,26.0,23,0,SYNTHETIC
12.27,14.0,0,0,SYNTHETIC
12.27,38.0,1,1,SYNTHETIC
12.27,12.0,2,0,SYNTHETIC
12.27,8.0,3,0,SYNTHETIC
12.27,8.0,4,0,SYNTHETIC
12.27,10.0,5,0,SYNTHETIC
12.27,12.0,6,0,SYNTHETIC
12.27,10.0,7,0,SYNTHETIC
12.27,14.0,8,0,SYNTHETIC
12.27,12.0,9,0,SYNTHETIC
12.27,10.0,10,0,SYNTHETIC
12.27,13.0,11,0,SYNTHETIC
12.27,13.0,12,0,SYNTHETIC
12.27,9.0,13,0,SYNTHETIC
12.27,4.0,14,0,SYNTHETIC
12.27,12.0,15,0,SYNTHETIC
12.27,15.0,16,0,SYNTHETIC
12.27,18.0,17,0,SYNTHETIC
12.27,16.0,18,0,SYNTHETIC
12.27,10.0,19,0,SYNTHETIC
12.27,5.0,20,0,SYNTHETIC
12.27,10.0,21,0,SYNTHETIC
12.27,18.0,22,0,SYNTHETIC
12.27,13.0,23,0,SYNTHETIC
35.75,21.0,0,0,SYNTHETIC
35.75,39.0,1,0,SYNTHETIC
35.75,22.0,2,0,SYNTHETIC
35.75,34.0,3,0,SYNTHETIC
35.75,22.0,4,0,SYNTHETIC
35.75,29.0,5,0,SYNTHETIC
35.75,26.0,6,0,SYNTHETIC
35.75,37.0,7,0,SYNTHETIC
35.75,94.0,8,1,SYNTHETIC
35.75,35.0,9,0,SYNTHETIC
35.75,30.0,10,0,SYNTHETIC
35.75,42.0,11,0,SYNTHETIC
35.75,35.0,12,0,SYNTHETIC
35.75,42.0,13,0,SYNTHETIC
35.75,39.0,14,0,SYNTHETIC
35.75,42.0,15,0,SYNTHETIC
35.75,22.0,16,0,SYNTHETIC
35.75,53.0,17,0,SYNTHETIC
35.75,37.0,18,0,SYNTHETIC
35.75,41.0,19,0,SYNTHETIC
35.75,37.0,20,0,SYNTHETIC
35.75,41.0,21,0,SYNTHETIC
35.75,145.0,22,1,SYNTHETIC
35.75,31.0,23,0,SYNTHETIC
37.88,40.0,0,0,SYNTHETIC
37.88,33.0,1,0,SYNTHETIC
37.88,49.0,2,0,SYNTHETIC
37.88,31.0,3,0,SYNTHETIC
37.88,48.0,4,0,SYNTHETIC
37.88,40.0,5,0,SYNTHETIC
37.88,36.0,6,0,SYNTHETIC
37.88,33.0,7,0,SYNTHETIC
37.88,58.0,8,0,SYNTHETIC
37.88,16.0,9,0,SYNTHETIC
37.88,39.0,10,0,SYNTHETIC
37.88,35.0,11,0,SYNTHETIC
37.88,27.0,12,0,SYNTHETIC
37.88,135.0,13,1,SYNTHETIC
37.88,32.0,14,0,SYNTHETIC
37.88,34.0,15,0,SYNTHETIC
37.88,45.0,16,0,SYNTHETIC
37.88,31.0,17,0,SYNTHETIC
37.88,50.0,18,0,SYNTHETIC
37.88,27.0,19,0,SYNTHETIC
37.88,44.0,20,0,SYNTHETIC
37.88,40.0,21,0,SYNTHETIC
37.88,45.0,22,0,SYNTHETIC
37.88,31.0,23,0,SYNTHETIC
19.81,18.0,0,0,SYNTHETIC
19.81,23.0,1,0,SYNTHETIC
19.81,14.0,2,0,SYNTHETIC
19.81,16.0,3,0,SYNTHETIC
19.81,22.0,4,0,SYNTHETIC
19.81,19.0,5,0,SYNTHETIC
19.81,19.0,6,0,SYNTHETIC
19.81,20.0,7,0,SYNTHETIC
19.81,15.0,8,0,SYNTHETIC
19.81,11.0,9,0,SYNTHETIC
19.81,21.0,10,0,SYNTHETIC
19.81,27.0,11,0,SYNTHETIC
19.81,15.0,12,0,SYNTHETIC
19.81,32.0,13,0,SYNTHETIC
19.81,26.0,14,0,SYNTHETIC
19.81,18.0,15,0,SYNTHETIC
19.81,17.0,16,0,SYNTHETIC
19.81,21.0,17,0,SYNTHETIC
19.81,26.0,18,0,SYNTHETIC
19.81,26.0,19,0,SYNTHETIC
19.81,18.0,20,0,SYNTHETIC
19.81,28.0,21,0,SYNTHETIC
19.81,16.0,22,0,SYNTHETIC
19.81,18.0,23,0,SYNTHETIC
19.42,26.0,0,0,SYNTHETIC
19.42,11.0,1,0,SYNTHETIC
19.42,21.0,2,0,SYNTHETIC
19.42,92.0,3,1,SYNTHETIC
19.42,17.0,4,0,SYNTHETIC
19.42,19.0,5,0,SYNTHETIC
19.42,19.0,6,0,SYNTHETIC
19.42,90.0,7,1,SYNTHETIC
19.42,21.0,8,0,SYNTHETIC
19.42,16.0,9,0,SYNTHETIC
19.42,18.0,10,0,SYNTHETIC
19.42,17.0,11,0,SYNTHETIC
19.42,23.0,12,0,SYNTHETIC
19.42,25.0,13,0,SYNTHETIC
19.42,15.0,14,0,SYNTHETIC
19.42,22.0,15,0,SYNTHETIC
19.42,21.0,16,0,SYNTHETIC
19.42,15.0,17,0,SYNTHETIC
19.42,19.0,18,0,SYNTHETIC
19.42,23.0,19,0,SYNTHETIC
19.42,20.0,20,0,SYNTHETIC
19.42,32.0,21,0,SYNTHETIC
19.42,20.0,22,0,SYNTHETIC
19.42,22.0,23,0,SYNTHETIC
34.49,32.0,0,0,SYNTHETIC
34.49,34.0,1,0,SYNTHETIC
34.49,49.0,2,0,SYNTHETIC
34.49,33.0,3,0,SYNTHETIC
34.49,39.0,4,0,SYNTHETIC
34.49,14.0,5,0,SYNTHETIC
34.49,39.0,6,0,SYNTHETIC
34.49,37.0,7,0,SYNTHETIC
34.49,38.0,8,0,SYNTHETIC
34.49,36.0,9,0,SYNTHETIC
34.49,20.0,10,0,SYNTHETIC
34.49,36.0,11,0,SYNTHETIC
34.49,26.0,12,0,SYNTHETIC
34.49,28.0,13,0,SYNTHETIC
34.49,26.0,14,0,SYNTHETIC
34.49,32.0,15,0,SYNTHETIC
34.49,19.0,16,0,SYNTHETIC
34.49,42.0,17,0,SYNTHETIC
34.49,42.0,18,0,SYNTHETIC
34.49,37.0,19,0,SYNTHETIC
34.49,23.0,20,0,SYNTHETIC
34.49,36.0,21,0,SYNTHETIC
34.49,170.0,22,1,SYNTHETIC
34.49,38.0,23,0,SYNTHETIC
22.13,32.0,0,0,SYNTHETIC
22.13,23.0,1,0,SYNTHETIC
22.13,13.0,2,0,SYNTHETIC
22.13,25.0,3,0,SYNTHETIC
22.13,14.0,4,0,SYNTHETIC
22.13,19.0,5,0,SYNTHETIC
22.13,23.0,6,0,SYNTHETIC
22.13,17.0,7,0,SYNTHETIC
22.13,26.0,8,0,SYNTHETIC
22.13,31.0,9,0,SYNTHETIC
22.13,24.0,10,0,SYNTHETIC
22.13,23.0,11,0,SYNTHETIC
22.13,27.0,12,0,SYNTHETIC
22.13,29.0,13,0,SYNTHETIC
22.13,21.0,14,0,SYNTHETIC
22.13,24.0,15,0,SYNTHETIC
22.13,28.0,16,0,SYNTHETIC
22.13,24.0,17,0,SYNTHETIC
22.13,22.0,18,0,SYNTHETIC
22.13,21.0,19,0,SYNTHETIC
22.13,20.0,20,0,SYNTHETIC
22.13,19.0,21,0,SYNTHETIC
22.13,28.0,22,0,SYNTHETIC
22.13,22.0,23,0,SYNTHETIC
12.49,13.0,0,0,SYNTHETIC
12.49,8.0,1,0,SYNTHETIC
12.49,14.0,2,0,SYNTHETIC
12.49,17.0,3,0,SYNTHETIC
12.49,7.0,4,0,SYNTHETIC
12.49,15.0,5,0,SYNTHETIC
12.49,13.0,6,0,SYNTHETIC
12.49,15.0,7,0,SYNTHETIC
12.49,11.0,8,0,SYNTHETIC
12.49,17.0,9,0,SYNTHETIC
12.49,15.0,10,0,SYNTHETIC
12.49,16.0,11,0,SYNTHETIC
12.49,5.0,12,0,SYNTHETIC
12.49,19.0,13,0,SYNTHETIC
12.49,13.0,14,0,SYNTHETIC
12.49,12.0,15,0,SYNTHETIC
12.49,9.0,16,0,SYNTHETIC
12.49,16.0,17,0,SYNTHETIC
12.49,47.0,18,1,SYNTHETIC
12.49,11.0,19,0,SYNTHETIC
12.49,11.0,20,0,SYNTHETIC
12.49,10.0,21,0,SYNTHETIC
12.49,17.0,22,0,SYNTHETIC
12.49,9.0,23,0,SYNTHETIC
16.84,24.0,0,0,SYNTHETIC
16.84,14.0,1,0,SYNTHETIC
16.84,20.0,2,0,SYNTHETIC
16.84,12.0,3,0,SYNTHETIC
16.84,45.0,4,1,SYNTHETIC
16.84,12.0,5,0,SYNTHETIC
16.84,16.0,6,0,SYNTHETIC
16.84,24.0,7,0,SYNTHETIC
16.84,17.0,8,0,SYNTHETIC
16.84,18.0,9,0,SYNTHETIC
16.84,20.0,10,0,SYNTHETIC
16.84,18.0,11,0,SYNTHETIC
16.84,17.0,12,0,SYNTHETIC
16.84,11.0,13,0,SYNTHETIC
16.84,22.0,14,0,SYNTHETIC
16.84,11.0,15,0,SYNTHETIC
16.84,14.0,16,0,SYNTHETIC
16.84,19.0,17,0,SYNTHETIC
16.84,12.0,18,0,SYNTHETIC
16.84,22.0,19,0,SYNTHETIC
16.84,23.0,20,0,SYNTHETIC
16.84,17.0,21,0,SYNTHETIC
16.84,13.0,22,0,SYNTHETIC
16.84,17.0,23,0,SYNTHETIC
37.19,16.0,0,0,SYNTHETIC
37.19,37.0,1,0,SYNTHETIC
37.19,39.0,2,0,SYNTHETIC
37.19,37.0,3,0,SYNTHETIC
37.19,23.0,4,0,SYNTHETIC
37.19,46.0,5,0,SYNTHETIC
37.19,56.0,6,0,SYNTHETIC
37.19,41.0,7,0,SYNTHETIC
37.19,39.0,8,0,SYNTHETIC
37.19,38.0,9,0,SYNTHETIC
37.19,39.0,10,0,SYNTHETIC
37.19,44.0,11,0,SYNTHETIC
37.19,49.0,12,0,SYNTHETIC
37.19,40.0,13,0,SYNTHETIC
37.19,19.0,14,0,SYNTHETIC
37.19,23.0,15,0,SYNTHETIC
37.19,35.0,16,0,SYNTHETIC
37.19,36.0,17,0,SYNTHETIC
37.19,28.0,18,0,SYNTHETIC
37.19,37.0,19,0,SYNTHETIC
37.19,41.0,20,0,SYNTHETIC
37.19,34.0,21,0,SYNTHETIC
37.19,33.0,22,0,SYNTHETIC
37.19,25.0,23,0,SYNTHETIC
35.82,41.0,0,0,SYNTHETIC
35.82,33.0,1,0,SYNTHETIC
35.82,21.0,2,0,SYNTHETIC
35.82,31.0,3,0,SYNTHETIC
35.82,42.0,4,0,SYNTHETIC
35.82,56.0,5,0,SYNTHETIC
35.82,46.0,6,0,SYNTHETIC
35.82,39.0,7,0,SYNTHETIC
35.82,42.0,8,0,SYNTHETIC
35.82,30.0,9,0,SYNTHETIC
35.82,47.0,10,0,SYNTHETIC
35.82,42.0,11,0,SYNTHETIC
35.82,52.0,12,0,SYNTHETIC
35.82,41.0,13,0,SYNTHETIC
35.82,53.0,14,0,SYNTHETIC
35.82,39.0,15,0,SYNTHETIC
35.82,55.0,16,0,SYNTHETIC
35.82,106.0,17,1,SYNTHETIC
35.82,28.0,18,0,SYNTHETIC
35.82,28.0,19,0,SYNTHETIC
35.82,40.0,20,0,SYNTHETIC
35.82,44.0,21,0,SYNTHETIC
35.82,36.0,22,0,SYNTHETIC
35.82,34.0,23,0,SYNTHETIC
29.43,32.0,0,0,SYNTHETIC
29.43,26.0,1,0,SYNTHETIC
29.43,26.0,2,0,SYNTHETIC
29.43,15.0,3,0,SYNTHETIC
29.43,34.0,4,0,SYNTHETIC
29.43,30.0,5,0,SYNTHETIC
29.43,20.0,6,0,SYNTHETIC
29.43,36.0,7,0,SYNTHETIC
29.43,33.0,8,0,SYNTHETIC
29.43,33.0,9,0,SYNTHETIC
29.43,26.0,10,0,SYNTHETIC
29.43,33.0,11,0,SYNTHETIC
29.43,30.0,12,0,SYNTHETIC
29.43,34.0,13,0,SYNTHETIC
29.43,33.0,14,0,SYNTHETIC
29.43,29.0,15,0,SYNTHETIC
29.43,42.0,16,0,SYNTHETIC
29.43,34.0,17,0,SYNTHETIC
29.43,37.0,18,0,SYNTHETIC
29.43,31.0,19,0,SYNTHETIC
29.43,24.0,20,0,SYNTHETIC
29.43,31.0,21,0,SYNTHETIC
29.43,30.0,22,0,SYNTHETIC
29.43,24.0,23,0,SYNTHETIC
26.97,35.0,0,0,SYNTHETIC
26.97,28.0,1,0,SYNTHETIC
26.97,134.0,2,1,SYNTHETIC
26.97,28.0,3,0,SYNTHETIC
26.97,28.0,4,0,SYNTHETIC
26.97,38.0,5,0,SYNTHETIC
26.97,118.0,6,1,SYNTHETIC
26.97,22.0,7,0,SYNTHETIC
26.97,28.0,8,0,SYNTHETIC
26.97,24.0,9,0,SYNTHETIC
26.97,31.0,10,0,SYNTHETIC
26.97,38.0,11,0,SYNTHETIC
26.97,25.0,12,0,SYNTHETIC
26.97,43.0,13,0,SYNTHETIC
26.97,25.0,14,0,SYNTHETIC
26.97,26.0,15,0,SYNTHETIC
26.97,37.0,16,0,SYNTHETIC
26.97,29.0,17,0,SYNTHETIC
26.97,20.0,18,0,SYNTHETIC
26.97,25.0,19,0,SYNTHETIC
26.97,16.0,20,0,SYNTHETIC
26.97,24.0,21,0,SYNTHETIC
26.97,34.0,22,0,SYNTHETIC
26.97,32.0,23,0,SYNTHETIC
30.8,20.0,0,0,SYNTHETIC
30.8,31.0,1,0,SYNTHETIC
30.8,38.0,2,0,SYNTHETIC
30.8,36.0,3,0,SYNTHETIC
30.8,24.0,4,0,SYNTHETIC
30.8,22.0,5,0,SYNTHETIC
30.8,30.0,6,0,SYNTHETIC
30.8,24.0,7,0,SYNTHETIC
30.8,43.0,8,0,SYNTHETIC
30.8,34.0,9,0,SYNTHETIC
30.8,38.0,10,0,SYNTHETIC
30.8,26.0,11,0,SYNTHETIC
30.8,26.0,12,0,SYNTHETIC
30.8,97.0,13,1,SYNTHETIC
30.8,20.0,14,0,SYNTHETIC
30.8,30.0,15,0,SYNTHETIC
30.8,28.0,16,0,SYNTHETIC
30.8,20.0,17,0,SYNTHETIC
30.8,30.0,18,0,SYNTHETIC
30.8,19.0,19,0,SYNTHETIC
30.8,43.0,20,0,SYNTHETIC
30.8,24.0,21,0,SYNTHETIC
30.8,37.0,22,0,SYNTHETIC
30.8,32.0,23,0,SYNTHETIC
27.1,28.0,0,0,SYNTHETIC
27.1,35.0,1,0,SYNTHETIC
27.1,23.0,2,0,SYNTHETIC
27.1,31.0,3,0,SYNTHETIC
27.1,25.0,4,0,SYNTHETIC
27.1,81.0,5,1,SYNTHETIC
27.1,24.0,6,0,SYNTHETIC
27.1,23.0,7,0,SYNTHETIC
27.1,35.0,8,0,SYNTHETIC
27.1,32.0,9,0,SYNTHETIC
27.1,30.0,10,0,SYNTHETIC
27.1,21.0,11,0,SYNTHETIC
27.1,31.0,12,0,SYNTHETIC
27.1,25.0,13,0,SYNTHETIC
27.1,33.0,14,0,SYNTHETIC
27.1,24.0,15,0,SYNTHETIC
27.1,89.0,16,1,SYNTHETIC
27.1,23.0,17,0,SYNTHETIC
27.1,25.0,18,0,SYNTHETIC
27.1,70.0,19,1,SYNTHETIC
27.1,30.0,20,0,SYNTHETIC
27.1,22.0,21,0,SYNTHETIC
27.1,25.0,22,0,SYNTHETIC
27.1,24.0,23,0,SYNTHETIC
37.41,28.0,0,0,SYNTHETIC
37.41,27.0,1,0,SYNTHETIC
37.41,58.0,2,0,SYNTHETIC
37.41,50.0,3,0,SYNTHETIC
37.41,111.0,4,1,SYNTHETIC
37.41,39.0,5,0,SYNTHETIC
37.41,37.0,6,0,SYNTHETIC
37.41,39.0,7,0,SYNTHETIC
37.41,40.0,8,0,SYNTHETIC
37.41,27.0,9,0,SYNTHETIC
37.41,53.0,10,0,SYNTHETIC
37.41,32.0,11,0,SYNTHETIC
37.41,43.0,12,0,SYNTHETIC
37.41,42.0,13,0,SYNTHETIC
37.41,48.0,14,0,SYNTHETIC
37.41,49.0,15,0,SYNTHETIC
37.41,41.0,16,0,SYNTHETIC
37.41,42.0,17,0,SYNTHETIC
37.41,39.0,18,0,SYNTHETIC
37.41,38.0,19,0,SYNTHETIC
37.41,40.0,20,0,SYNTHETIC
37.41,26.0,21,0,SYNTHETIC
37.41,27.0,22,0,SYNTHETIC
37.41,25.0,23,0,SYNTHETIC
17.75,8.0,0,0,SYNTHETIC
17.75,16.0,1,0,SYNTHETIC
17.75,19.0,2,0,SYNTHETIC
17.75,22.0,3,0,SYNTHETIC
17.75,19.0,4,0,SYNTHETIC
17.75,24.0,5,0,SYNTHETIC
17.75,19.0,6,0,SYNTHETIC
17.75,18.0,7,0,SYNTHETIC
17.75,85.0,8,1,SYNTHETIC
17.75,9.0,9,0,SYNTHETIC
17.75,11.0,10,0,SYNTHETIC
17.75,17.0,11,0,SYNTHETIC
17.75,15.0,12,0,SYNTHETIC
17.75,12.0,13,0,SYNTHETIC
17.75,18.0,14,0,SYNTHETIC
17.75,18.0,15,0,SYNTHETIC
17.75,16.0,16,0,SYNTHETIC
17.75,19.0,17,0,SYNTHETIC
17.75,20.0,18,0,SYNTHETIC
17.75,23.0,19,0,SYNTHETIC
17.75,23.0,20,0,SYNTHETIC
17.75,14.0,21,0,SYNTHETIC
17.75,14.0,22,0,SYNTHETIC
17.75,27.0,23,0,SYNTHETIC
33.87,45.0,0,0,SYNTHETIC
33.87,30.0,1,0,SYNTHETIC
33.87,26.0,2,0,SYNTHETIC
33.87,167.0,3,1,SYNTHETIC
33.87,48.0,4,0,SYNTHETIC
33.87,42.0,5,0,SYNTHETIC
33.87,36.0,6,0,SYNTHETIC
33.87,30.0,7,0,SYNTHETIC
33.87,29.0,8,0,SYNTHETIC
33.87,33.0,9,0,SYNTHETIC
33.87,31.0,10,0,SYNTHETIC
33.87,43.0,11,0,SYNTHETIC
33.87,24.0,12,0,SYNTHETIC
33.87,34.0,13,0,SYNTHETIC
33.87,22.0,14,0,SYNTHETIC
33.87,39.0,15,0,SYNTHETIC
33.87,53.0,16,0,SYNTHETIC
33.87,38.0,17,0,SYNTHETIC
33.87,20.0,18,0,SYNTHETIC
33.87,53.0,19,0,SYNTHETIC
33.87,33.0,20,0,SYNTHETIC
33.87,35.0,21,0,SYNTHETIC
33.87,124.0,22,1,SYNTHETIC
33.87,33.0,23,0,SYNTHETIC
25.99,33.0,0,0,SYNTHETIC
25.99,25.0,1,0,SYNTHETIC
25.99,27.0,2,0,SYNTHETIC
25.99,20.0,3,0,SYNTHETIC
25.99,28.0,4,0,SYNTHETIC
25.99,31.0,5,0,SYNTHETIC
25.99,21.0,6,0,SYNTHETIC
25.99,18.0,7,0,SYNTHETIC
25.99,24.0,8,0,SYNTHETIC
25.99,33.0,9,0,SYNTHETIC
25.99,26.0,10,0,SYNTHETIC
25.99,17.0,11,0,SYNTHETIC
25.99,26.0,12,0,SYNTHETIC
25.99,30.0,13,0,SYNTHETIC
25.99,23.0,14,0,SYNTHETIC
25.99,25.0,15,0,SYNTHETIC
25.99,25.0,16,0,SYNTHETIC
25.99,29.0,17,0,SYNTHETIC
25.99,24.0,18,0,SYNTHETIC
25.99,15.0,19,0,SYNTHETIC
25.99,29.0,20,0,SYNTHETIC
25.99,25.0,21,0,SYNTHETIC
25.99,29.0,22,0,SYNTHETIC
25.99,33.0,23,0,SYNTHETIC
34.0,22.0,0,0,SYNTHETIC
34.0,23.0,1,0,SYNTHETIC
34.0,41.0,2,0,SYNTHETIC
34.0,38.0,3,0,SYNTHETIC
34.0,32.0,4,0,SYNTHETIC
34.0,48.0,5,0,SYNTHETIC
34.0,27.0,6,0,SYNTHETIC
34.0,47.0,7,0,SYNTHETIC
34.0,34.0,8,0,SYNTHETIC
34.0,40.0,9,0,SYNTHETIC
34.0,29.0,10,0,SYNTHETIC
34.0,33.0,11,0,SYNTHETIC
34.0,31.0,12,0,SYNTHETIC
34.0,37.0,13,0,SYNTHETIC
34.0,33.0,14,0,SYNTHETIC
34.0,33.0,15,0,SYNTHETIC
34.0,35.0,16,0,SYNTHETIC
34.0,30.0,17,0,SYNTHETIC
34.0,31.0,18,0,SYNTHETIC
34.0,46.0,19,0,SYNTHETIC
34.0,92.0,20,1,SYNTHETIC
34.0,17.0,21,0,SYNTHETIC
34.0,130.0,22,1,SYNTHETIC
34.0,44.0,23,0,SYNTHETIC
34.4,33.0,0,0,SYNTHETIC
34.4,39.0,1,0,SYNTHETIC
34.4,26.0,2,0,SYNTHETIC
34.4,26.0,3,0,SYNTHETIC
34.4,42.0,4,0,SYNTHETIC
34.4,31.0,5,0,SYNTHETIC
34.4,27.0,6,0,SYNTHETIC
34.4,36.0,7,0,SYNTHETIC
34.4,19.0,8,0,SYNTHETIC
34.4,38.0,9,0,SYNTHETIC
34.4,21.0,10,0,SYNTHETIC
34.4,44.0,11,0,SYNTHETIC
34.4,26.0,12,0,SYNTHETIC
34.4,47.0,13,0,SYNTHETIC
34.4,33.0,14,0,SYNTHETIC
34.4,34.0,15,0,SYNTHETIC
34.4,32.0,16,0,SYNTHETIC
34.4,36.0,17,0,SYNTHETIC
34.4,37.0,18,0,SYNTHETIC
34.4,21.0,19,0,SYNTHETIC
34.4,46.0,20,0,SYNTHETIC
34.4,40.0,21,0,SYNTHETIC
34.4,41.0,22,0,SYNTHETIC
34.4,40.0,23,0,SYNTHETIC
35.43,31.0,0,0,SYNTHETIC
35.43,48.0,1,0,SYNTHETIC
35.43,42.0,2,0,SYNTHETIC
35.43,46.0,3,0,SYNTHETIC
35.43,28.0,4,0,SYNTHETIC
35.43,26.0,5,0,SYNTHETIC
35.43,27.0,6,0,SYNTHETIC
35.43,29.0,7,0,SYNTHETIC
35.43,29.0,8,0,SYNTHETIC
35.43,36.0,9,0,SYNTHETIC
35.43,21.0,10,0,SYNTHETIC
35.43,37.0,11,0,SYNTHETIC
35.43,39.0,12,0,SYNTHETIC
35.43,35.0,13,0,SYNTHETIC
35.43,48.0,14,0,SYNTHETIC
35.43,39.0,15,0,SYNTHETIC
35.43,24.0,16,0,SYNTHETIC
35.43,39.0,17,0,SYNTHETIC
35.43,47.0,18,0,SYNTHETIC
35.43,35.0,19,0,SYNTHETIC
35.43,26.0,20,0,SYNTHETIC
35.43,27.0,21,0,SYNTHETIC
35.43,45.0,22,0,SYNTHETIC
35.43,28.0,23,0,SYNTHETIC
24.09,16.0,0,0,SYNTHETIC
24.09,33.0,1,0,SYNTHETIC
24.09,23.0,2,0,SYNTHETIC
24.09,19.0,3,0,SYNTHETIC
24.09,31.0,4,0,SYNTHETIC
24.09,61.0,5,1,SYNTHETIC
24.09,24.0,6,0,SYNTHETIC
24.09,22.0,7,0,SYNTHETIC
24.09,27.0,8,0,SYNTHETIC
24.09,24.0,9,0,SYNTHETIC
24.09,14.0,10,0,SYNTHETIC
24.09,25.0,11,0,SYNTHETIC
24.09,28.0,12,0,SYNTHETIC
24.09,24.0,13,0,SYNTHETIC
24.09,26.0,14,0,SYNTHETIC
24.09,30.0,15,0,SYNTHETIC
24.09,14.0,16,0,SYNTHETIC
24.09,9.0,17,0,SYNTHETIC
24.09,21.0,18,0,SYNTHETIC
24.09,28.0,19,0,SYNTHETIC
24.09,20.0,20,0,SYNTHETIC
24.09,40.0,21,0,SYNTHETIC
24.09,23.0,22,0,SYNTHETIC
24.09,13.0,23,0,SYNTHETIC
38.56,59.0,0,0,SYNTHETIC
38.56,39.0,1,0,SYNTHETIC
38.56,41.0,2,0,SYNTHETIC
38.56,31.0,3,0,SYNTHETIC
38.56,49.0,4,0,SYNTHETIC
38.56,29.0,5,0,SYNTHETIC
38.56,43.0,6,0,SYNTHETIC
38.56,38.0,7,0,SYNTHETIC
38.56,44.0,8,0,SYNTHETIC
38.56,51.0,9,0,SYNTHETIC
38.56,33.0,10,0,SYNTHETIC
38.56,20.0,11,0,SYNTHETIC
38.56,43.0,12,0,SYNTHETIC
38.56,28.0,13,0,SYNTHETIC
38.56,27.0,14,0,SYNTHETIC
38.56,30.0,15,0,SYNTHETIC
38.56,23.0,16,0,SYNTHETIC
38.56,42.0,17,0,SYNTHETIC
38.56,43.0,18,0,SYNTHETIC
38.56,55.0,19,0,SYNTHETIC
38.56,31.0,20,0,SYNTHETIC
38.56,43.0,21,0,SYNTHETIC
38.56,26.0,22,0,SYNTHETIC
38.56,40.0,23,0,SYNTHETIC
22.12,27.0,0,0,SYNTHETIC
22.12,67.0,1,1,SYNTHETIC
22.12,17.0,2,0,SYNTHETIC
22.12,21.0,3,0,SYNTHETIC
22.12,23.0,4,0,SYNTHETIC
22.12,23.0,5,0,SYNTHETIC
22.12,19.0,6,0,SYNTHETIC
22.12,26.0,7,0,SYNTHETIC
22.12,21.0,8,0,SYNTHETIC
22.12,22.0,9,0,SYNTHETIC
22.12,19.0,10,0,SYNTHETIC
22.12,31.0,11,0,SYNTHETIC
22.12,27.0,12,0,SYNTHETIC
22.12,32.0,13,0,SYNTHETIC
22.12,19.0,14,0,SYNTHETIC
22.12,14.0,15,0,SYNTHETIC
22.12,29.0,16,0,SYNTHETIC
22.12,30.0,17,0,SYNTHETIC
22.12,23.0,18,0,SYNTHETIC
22.12,16.0,19,0,SYNTHETIC
22.12,25.0,20,0,SYNTHETIC
22.12,22.0,21,0,SYNTHETIC
22.12,19.0,22,0,SYNTHETIC
22.12,67.0,23,1,SYNTHETIC
11.42,11.0,0,0,SYNTHETIC
11.42,10.0,1,0,SYNTHETIC
11.42,13.0,2,0,SYNTHETIC
11.42,9.0,3,0,SYNTHETIC
11.42,12.0,4,0,SYNTHETIC
11.42,11.0,5,0,SYNTHETIC
11.42,12.0,6,0,SYNTHETIC
11.42,11.0,7,0,SYNTHETIC
11.42,14.0,8,0,SYNTHETIC
11.42,13.0,9,0,SYNTHETIC
11.42,8.0,10,0,SYNTHETIC
11.42,5.0,11,0,SYNTHETIC
11.42,13.0,12,0,SYNTHETIC
11.42,14.0,13,0,SYNTHETIC
11.42,12.0,14,0,SYNTHETIC
11.42,10.0,15,0,SYNTHETIC
11.42,13.0,16,0,SYNTHETIC
11.42,7.0,17,0,SYNTHETIC
11.42,12.0,18,0,SYNTHETIC
11.42,14.0,19,0,SYNTHETIC
11.42,14.0,20,0,SYNTHETIC
11.42,11.0,21,0,SYNTHETIC
11.42,11.0,22,0,SYNTHETIC
11.42,12.0,23,0,SYNTHETIC
