current_mastery,prerequisite_avg,prerequisite_min,incorrect_attempts,recent_accuracy,confusion_frequency,recent_confusion_count,time_since_last_practice,total_attempts,streak,revision_completion_rate,previous_concept_accuracy,is_confused,dataset_type
0.3738,0.4746,0.4467,4,0.8399,0.0446,0,22.45,9,4,0.8349,0.5596,0,SYNTHETIC
0.9362,0.5481,0.3823,1,0.6874,0.2341,1,104.02,16,0,0.4609,0.9401,0,SYNTHETIC
0.231,0.8155,0.73,1,0.4508,0.5767,1,57.15,10,1,0.7278,0.3669,0,SYNTHETIC
0.5654,0.7017,0.6342,4,0.6006,0.0554,0,8.05,13,2,0.2619,0.6013,0,SYNTHETIC
0.9123,0.4862,0.348,2,0.699,0.058,1,7.16,13,1,0.5178,0.8946,0,SYNTHETIC
0.6576,0.6316,0.4823,2,0.8322,0.4323,1,6.71,16,2,0.8219,0.9913,1,SYNTHETIC
0.6562,0.5656,0.3676,0,0.8801,0.1926,1,29.09,12,7,0.5809,0.8008,0,SYNTHETIC
0.1871,0.6659,0.6555,10,0.1823,0.4761,1,4.08,10,1,0.2448,0.2866,1,SYNTHETIC
0.3145,0.4055,0.3729,2,0.6428,0.2123,1,24.74,13,4,0.5832,0.4847,0,SYNTHETIC
0.7754,0.6842,0.4981,1,0.969,0.0746,0,55.88,13,3,0.7592,0.7945,1,SYNTHETIC
0.2298,0.6035,0.5749,2,0.7393,0.5754,0,41.4,15,0,0.8245,0.5037,0,SYNTHETIC
0.507,0.2454,0.1704,2,0.7568,0.3363,1,19.37,14,4,0.4193,0.6286,0,SYNTHETIC
0.9088,0.5197,0.3257,4,0.6311,0.3437,0,48.01,17,1,0.5421,0.5107,0,SYNTHETIC
0.7009,0.6142,0.4333,7,0.5476,0.7776,3,93.93,13,1,0.8206,0.3938,0,SYNTHETIC
0.5088,0.4026,0.3657,7,0.1813,0.5534,1,54.14,13,0,0.8677,0.2154,1,SYNTHETIC
0.1467,0.4469,0.2496,4,0.4118,0.511,0,4.96,11,1,0.3782,0.2081,0,SYNTHETIC
0.4566,0.06,0.0291,3,0.2697,0.848,4,10.3,21,2,0.3786,0.5669,1,SYNTHETIC
0.7969,0.4684,0.422,1,0.9726,0.0451,0,2.98,19,1,0.5185,1.0,0,SYNTHETIC
0.1654,0.499,0.3905,2,0.5281,0.6413,3,21.18,13,0,0.4356,0.6199,0,SYNTHETIC
0.9147,0.7383,0.6586,2,0.9797,0.4413,1,14.45,9,3,0.6975,0.9302,0,SYNTHETIC
0.8011,0.6248,0.5446,2,0.5172,0.2357,1,0.62,9,1,0.3633,0.4886,0,SYNTHETIC
0.9152,0.9019,0.8336,0,1.0,0.0272,0,23.49,12,4,0.1779,0.9352,0,SYNTHETIC
0.5297,0.3632,0.233,2,0.2761,0.8535,2,59.0,12,1,0.5193,0.2803,1,SYNTHETIC
0.6817,0.5877,0.5727,3,0.6683,0.3118,0,41.04,16,2,0.4278,0.8611,1,SYNTHETIC
0.6612,0.6012,0.5373,4,0.3131,0.3365,0,30.96,7,2,0.4904,0.4243,0,SYNTHETIC
0.8135,0.8939,0.8718,1,0.6943,0.1106,0,0.43,12,3,0.1908,0.6951,1,SYNTHETIC
0.2454,0.2617,0.0985,6,0.0503,0.8732,6,12.6,12,1,0.1904,0.0,0,SYNTHETIC
0.8527,0.4244,0.3007,4,0.4833,0.4731,2,40.89,17,0,0.6021,0.507,0,SYNTHETIC
0.7077,0.6359,0.5118,5,0.6986,0.3454,1,7.67,12,2,0.4173,0.7386,1,SYNTHETIC
0.3734,0.2227,0.0537,3,0.5145,0.7697,4,3.21,15,0,0.195,0.3736,1,SYNTHETIC
0.4685,0.0159,0.0,1,0.3264,0.6827,2,10.36,12,3,0.4229,0.4512,0,SYNTHETIC
0.8061,0.8035,0.6717,3,0.7334,0.6422,3,27.36,7,3,0.2964,0.82,0,SYNTHETIC
0.9636,0.5903,0.5409,5,0.5571,0.1255,0,83.69,10,2,0.5231,0.5978,0,SYNTHETIC
0.5411,0.4282,0.322,1,0.7517,0.4463,0,14.44,19,1,0.5554,0.4917,1,SYNTHETIC
0.5474,0.2008,0.0866,4,0.4437,0.3985,1,25.28,8,1,0.2679,0.6915,0,SYNTHETIC
0.4913,0.4753,0.4298,0,0.7172,0.3545,2,14.94,12,2,0.7638,1.0,1,SYNTHETIC
0.7265,0.8589,0.8044,1,0.7224,0.0696,0,27.43,10,2,0.7827,0.9503,0,SYNTHETIC
0.8678,0.8662,0.8326,2,0.975,0.4968,0,0.57,14,2,0.2468,0.6399,0,SYNTHETIC
0.8345,0.855,0.7485,1,0.8377,0.1676,2,19.58,15,0,0.676,0.8522,0,SYNTHETIC
0.2241,0.488,0.3228,3,0.3997,0.2826,0,66.33,13,1,0.2558,0.483,0,SYNTHETIC
0.7918,0.7133,0.6868,3,0.7932,0.2318,1,3.8,12,0,0.6758,0.9377,0,SYNTHETIC
0.1243,0.8174,0.7972,5,0.5884,0.3864,1,3.36,17,0,0.1935,0.446,1,SYNTHETIC
0.5046,0.1912,0.1611,10,0.1539,0.8148,2,55.69,13,2,0.5875,0.1014,0,SYNTHETIC
0.5354,0.3019,0.2977,3,0.3623,0.5608,1,22.91,16,1,0.8602,0.6436,0,SYNTHETIC
0.5846,0.6743,0.502,9,0.4806,0.5667,3,4.32,9,1,0.7558,0.4254,0,SYNTHETIC
0.7763,0.7135,0.6425,2,0.5479,0.2802,1,32.86,12,0,0.7661,0.6623,1,SYNTHETIC
0.3137,0.3224,0.1871,5,0.4355,0.2063,0,36.88,13,0,0.8774,0.4739,0,SYNTHETIC
0.5745,0.4271,0.3673,1,0.9832,0.3241,1,44.27,10,2,0.7113,1.0,0,SYNTHETIC
0.5655,0.7234,0.6258,0,0.56,0.3112,0,56.86,9,1,0.6343,0.5707,0,SYNTHETIC
0.5985,0.5108,0.3662,0,0.8691,0.1873,1,2.05,13,4,0.9111,1.0,0,SYNTHETIC
0.3383,0.1758,0.0762,3,0.532,0.3142,2,17.78,11,3,0.2402,0.4433,0,SYNTHETIC
0.8894,0.719,0.5921,3,0.6286,0.2402,0,19.69,13,1,0.3779,0.9043,0,SYNTHETIC
0.9002,0.6609,0.5367,5,0.5158,0.215,1,27.83,7,2,0.904,0.3979,0,SYNTHETIC
0.3843,0.6191,0.5346,0,0.8662,0.0892,0,60.05,11,4,0.8036,0.9234,0,SYNTHETIC
0.1725,0.3953,0.3884,8,0.0657,0.8392,6,9.15,12,0,0.2047,0.3286,1,SYNTHETIC
0.6994,0.6577,0.6016,2,0.7018,0.7073,2,64.43,12,1,0.3448,0.5966,1,SYNTHETIC
0.8327,0.8228,0.7461,1,0.8639,0.3008,1,2.01,15,2,0.4107,0.9988,0,SYNTHETIC
0.1063,0.5747,0.4401,8,0.483,0.7196,3,11.26,9,0,0.1152,0.3391,0,SYNTHETIC
0.5351,0.4823,0.4055,1,0.4246,0.3507,0,33.88,13,1,0.4362,0.4843,1,SYNTHETIC
0.8752,0.9006,0.8311,3,0.3224,0.1173,2,20.22,14,1,0.5271,0.6154,1,SYNTHETIC
0.4943,0.2214,0.1229,8,0.6141,0.8682,2,45.05,18,2,0.3967,0.6453,0,SYNTHETIC
0.2971,0.2814,0.1122,3,0.4591,0.6557,2,10.3,20,2,0.4189,0.0997,1,SYNTHETIC
0.1659,0.6564,0.5392,3,0.538,0.7946,5,35.84,11,1,0.2136,0.4377,1,SYNTHETIC
0.3519,0.4058,0.2793,2,0.4026,0.7853,6,2.67,16,0,0.396,0.0,1,SYNTHETIC
0.6221,0.6538,0.5907,6,0.2352,0.2228,0,2.84,13,1,0.5963,0.2927,0,SYNTHETIC
0.1802,0.7321,0.679,0,0.7033,0.3455,0,35.6,13,1,0.9096,0.7446,0,SYNTHETIC
0.6719,0.3307,0.3013,3,0.8464,0.2098,0,10.16,18,3,0.8203,0.8183,0,SYNTHETIC
0.4652,0.2285,0.1098,8,0.2871,0.638,2,26.36,9,1,0.2291,0.3863,0,SYNTHETIC
0.8727,0.595,0.5448,1,0.7793,0.2003,0,60.09,8,1,0.6739,0.872,1,SYNTHETIC
0.9137,0.681,0.6147,3,0.4269,0.2033,0,39.97,17,3,0.9382,0.4737,0,SYNTHETIC
0.4555,0.0923,0.0,5,0.4074,0.6145,2,36.41,14,2,0.5477,0.6541,1,SYNTHETIC
0.7324,0.5936,0.4468,1,0.5769,0.0167,0,40.78,13,2,0.4375,0.6699,1,SYNTHETIC
0.258,0.406,0.3194,2,0.7016,0.6288,3,13.0,15,1,0.4698,0.6592,1,SYNTHETIC
0.5438,0.4601,0.4007,2,0.4882,0.2916,0,80.47,10,2,0.5596,0.6589,1,SYNTHETIC
0.2098,0.0893,0.0689,1,0.4168,0.5673,2,13.68,15,2,0.307,0.4338,0,SYNTHETIC
0.8427,0.8779,0.7303,1,0.8108,0.0656,0,18.55,11,5,0.8763,0.4371,1,SYNTHETIC
0.1344,0.611,0.4781,7,0.0,0.7035,3,58.82,20,0,0.4306,0.0,1,SYNTHETIC
0.2515,0.1371,0.1333,5,0.3469,0.4331,0,1.43,12,0,0.2766,0.4175,1,SYNTHETIC
0.5628,0.7228,0.5436,1,0.7144,0.5962,1,15.43,14,2,0.4021,0.7642,1,SYNTHETIC
0.7777,0.4769,0.3473,1,0.5353,0.8388,3,10.36,12,1,0.5833,0.71,0,SYNTHETIC
0.5536,0.4647,0.4307,8,0.4509,0.601,2,5.42,11,1,0.8825,0.5588,1,SYNTHETIC
0.5003,0.3068,0.1439,3,0.464,0.6831,1,7.21,10,0,0.6805,0.5136,1,SYNTHETIC
0.636,0.9028,0.772,0,0.9656,0.4643,0,43.55,14,6,0.8931,0.7491,1,SYNTHETIC
0.7161,0.5469,0.4271,5,0.3951,0.2908,0,36.24,14,4,0.4893,0.4663,1,SYNTHETIC
0.6768,0.7027,0.6096,2,0.6478,0.2717,0,88.86,19,1,0.6545,0.3104,1,SYNTHETIC
0.594,0.604,0.4913,2,0.578,0.2827,1,23.48,11,0,0.3393,0.485,1,SYNTHETIC
0.18,0.6639,0.5983,2,0.6452,0.5293,0,72.6,9,3,0.1407,0.4882,1,SYNTHETIC
0.3665,0.6075,0.5634,4,0.4233,0.7518,4,14.71,11,2,0.223,0.0392,0,SYNTHETIC
0.0643,0.5502,0.5432,4,0.1195,0.5451,0,30.95,8,0,0.1666,0.2017,0,SYNTHETIC
0.1204,0.2213,0.0347,9,0.2813,0.6759,3,1.97,12,0,0.403,0.1536,1,SYNTHETIC
0.1032,0.0789,0.0364,9,0.2558,0.6394,2,31.87,13,1,0.2621,0.2729,1,SYNTHETIC
0.9207,0.5738,0.55,2,0.9354,0.2043,0,25.8,13,2,0.9455,0.6547,0,SYNTHETIC
0.3877,0.1929,0.0965,7,0.3098,0.3292,1,15.49,12,2,0.6984,0.1848,0,SYNTHETIC
0.6895,0.8576,0.7786,1,0.6469,0.5671,2,16.75,14,4,0.6286,0.808,0,SYNTHETIC
0.7821,0.5455,0.4113,6,0.6164,0.1871,1,66.94,10,0,0.9751,0.6406,0,SYNTHETIC
0.5902,0.487,0.4848,2,0.5152,0.0817,1,7.73,15,3,0.7214,0.7588,0,SYNTHETIC
0.6815,0.8806,0.8498,1,0.5856,0.38,1,0.85,12,2,0.3532,0.7926,0,SYNTHETIC
0.3577,0.1656,0.0721,12,0.0,0.5153,1,48.16,8,1,0.1271,0.0,1,SYNTHETIC
0.1544,0.8007,0.7324,4,0.3491,0.5276,0,23.95,12,0,0.5253,0.3792,0,SYNTHETIC
0.2577,0.2145,0.0786,2,0.6482,0.4696,3,31.32,11,2,0.658,0.7794,0,SYNTHETIC
0.4779,0.8062,0.7432,1,0.69,0.034,0,49.64,16,1,0.8448,0.8637,0,SYNTHETIC
0.4428,0.213,0.1173,3,0.4038,0.6946,2,41.16,15,0,0.0896,0.4703,0,SYNTHETIC
0.7756,0.5531,0.4775,0,0.7503,0.2217,0,16.92,9,3,0.5973,0.7693,1,SYNTHETIC
0.4575,0.8167,0.7476,2,0.8839,0.2437,2,8.43,9,2,0.7094,1.0,1,SYNTHETIC
0.2877,0.1324,0.0557,6,0.2213,0.6462,4,76.05,13,0,0.7089,0.2399,1,SYNTHETIC
0.5968,0.6395,0.5248,4,0.7504,0.2358,0,1.08,10,1,0.5872,0.7573,0,SYNTHETIC
0.3815,0.7137,0.6506,1,0.8093,0.6341,0,4.73,16,3,0.3768,0.7063,0,SYNTHETIC
0.6272,0.8158,0.7353,4,0.5063,0.2566,1,13.01,12,1,0.1612,0.8037,1,SYNTHETIC
0.5216,0.2395,0.2382,6,0.0107,0.9547,5,0.55,17,1,0.1741,0.034,1,SYNTHETIC
0.1909,0.4746,0.3408,3,0.4131,0.8453,6,50.84,6,1,0.266,0.4239,0,SYNTHETIC
0.6128,0.6405,0.555,2,0.6488,0.1247,0,7.53,10,5,0.5145,0.6464,0,SYNTHETIC
0.6319,0.7387,0.5782,1,0.7924,0.7225,6,46.93,9,4,0.6532,0.6216,1,SYNTHETIC
0.5126,0.7141,0.6325,3,0.6188,0.5059,1,6.87,19,2,0.6674,0.3528,0,SYNTHETIC
0.1252,0.5715,0.5202,5,0.6391,0.368,0,5.48,12,0,0.6172,0.7639,0,SYNTHETIC
0.2959,0.0336,0.0,7,0.1832,0.8519,3,10.18,11,0,0.1211,0.0444,1,SYNTHETIC
0.7682,0.4491,0.435,4,0.5878,0.3294,1,17.21,18,1,0.4887,0.2731,1,SYNTHETIC
0.5208,0.1313,0.0,6,0.1062,0.6635,2,52.43,14,0,0.2829,0.0104,1,SYNTHETIC
0.3611,0.642,0.4653,4,0.2828,0.6265,1,2.02,9,0,0.5247,0.2361,1,SYNTHETIC
0.8994,0.5542,0.378,0,0.6418,0.2923,0,32.69,18,3,0.2913,0.7933,1,SYNTHETIC
0.7318,0.5174,0.3905,4,0.3741,0.1749,0,82.07,12,3,0.8261,0.3353,0,SYNTHETIC
0.9323,0.8652,0.7705,6,0.3082,0.4281,2,5.25,10,1,0.7191,0.7126,0,SYNTHETIC
0.5666,0.8111,0.6778,4,0.467,0.2286,1,2.13,12,1,0.5314,0.579,0,SYNTHETIC
0.3046,0.7027,0.5352,3,0.5247,0.0848,0,0.89,8,2,0.5184,0.4301,0,SYNTHETIC
0.5356,0.6457,0.4631,1,0.8273,0.5251,3,0.39,21,1,0.3794,1.0,0,SYNTHETIC
0.8572,0.5785,0.4551,0,0.7103,0.3778,0,100.25,10,2,0.1206,0.7129,0,SYNTHETIC
0.4442,0.5397,0.4832,5,0.6295,0.4155,1,70.81,10,3,0.8018,0.3754,1,SYNTHETIC
0.6893,0.6301,0.5459,0,0.9618,0.3665,3,15.47,15,2,0.5173,0.9036,1,SYNTHETIC
0.284,0.5424,0.4454,5,0.3896,0.5108,1,0.96,9,1,0.4623,0.4013,1,SYNTHETIC
0.7135,0.6325,0.4328,2,0.3503,0.1361,0,7.19,11,0,0.444,0.4353,1,SYNTHETIC
0.224,0.6568,0.5481,6,0.3911,0.4971,2,37.92,14,1,0.3073,0.5523,0,SYNTHETIC
0.6459,0.7653,0.5737,8,0.2719,0.5966,1,16.21,11,0,0.7993,0.0,1,SYNTHETIC
0.3399,0.2208,0.2062,4,0.2901,0.5145,0,12.71,15,1,0.3071,0.2546,0,SYNTHETIC
0.5876,0.7979,0.6593,1,1.0,0.111,1,33.44,14,4,0.867,0.9396,0,SYNTHETIC
0.7841,0.4373,0.3218,3,0.3822,0.3261,1,18.92,9,1,0.9691,0.7558,1,SYNTHETIC
0.6553,0.7951,0.5955,1,0.9083,0.0837,3,41.4,14,1,0.7496,0.9273,0,SYNTHETIC
0.4731,0.8042,0.6612,1,0.7374,0.0271,0,21.85,12,0,0.5902,0.8068,1,SYNTHETIC
0.9489,0.533,0.365,0,0.8366,0.1947,1,10.32,14,0,0.3273,1.0,0,SYNTHETIC
0.164,0.1115,0.0487,3,0.3227,0.6845,1,59.12,10,3,0.4842,0.3384,1,SYNTHETIC
0.8733,0.5668,0.4314,1,0.765,0.1368,0,2.34,9,2,0.8126,0.6429,0,SYNTHETIC
0.5642,0.6124,0.591,7,0.4946,0.7252,4,7.0,7,3,0.9325,0.52,0,SYNTHETIC
0.494,0.832,0.7564,0,0.6106,0.3665,0,102.75,16,0,0.779,0.5806,0,SYNTHETIC
0.9064,0.949,0.8668,2,0.7083,0.4558,1,16.93,12,1,0.752,1.0,0,SYNTHETIC
0.3028,0.453,0.4122,4,0.7254,0.3777,2,21.18,13,1,0.5686,0.6239,1,SYNTHETIC
0.6876,0.766,0.7089,1,0.5578,0.2863,2,22.88,18,1,0.4804,0.5786,0,SYNTHETIC
0.3254,0.2231,0.1493,12,0.2561,0.6059,3,3.9,13,1,0.2189,0.1585,0,SYNTHETIC
0.8145,0.822,0.7183,1,0.7486,0.2004,2,14.57,16,2,0.4108,0.6163,0,SYNTHETIC
0.0458,0.0902,0.0,13,0.0,0.673,2,2.71,11,0,0.3886,0.0953,1,SYNTHETIC
0.6474,0.7958,0.7562,3,0.7749,0.6254,0,5.24,19,3,0.2523,0.5998,0,SYNTHETIC
0.1664,0.3442,0.169,8,0.2534,0.4447,1,8.6,10,0,0.3588,0.3157,1,SYNTHETIC
0.176,0.5517,0.5226,5,0.6809,0.6542,1,29.16,12,1,0.3281,0.4348,1,SYNTHETIC
0.6989,0.4653,0.2681,5,0.7955,0.3285,2,53.86,18,4,0.6456,0.7251,0,SYNTHETIC
0.6099,0.625,0.4973,2,0.7475,0.4776,1,10.88,17,4,0.7829,0.6859,0,SYNTHETIC
0.3567,0.1888,0.1153,5,0.533,0.4039,2,0.71,14,1,0.3995,0.1436,0,SYNTHETIC
0.8649,0.5725,0.4689,0,0.8532,0.1255,0,60.85,15,2,0.9408,0.9731,0,SYNTHETIC
0.5466,0.7145,0.5164,5,0.4276,0.3824,1,49.59,11,2,0.7883,0.1944,1,SYNTHETIC
0.6598,0.9046,0.7922,1,0.77,0.0583,0,18.1,11,1,0.4,0.679,1,SYNTHETIC
0.6125,0.788,0.6012,7,0.6533,0.2407,0,18.03,9,2,0.8577,0.9715,0,SYNTHETIC
0.2025,0.2211,0.052,7,0.3129,0.8008,2,1.66,17,3,0.6133,0.1158,0,SYNTHETIC
0.8964,0.7633,0.5722,1,0.6704,0.2705,0,20.65,9,3,0.594,0.7183,1,SYNTHETIC
0.1389,0.3137,0.2902,8,0.2524,0.7575,1,66.19,11,1,0.1366,0.1043,1,SYNTHETIC
0.6821,0.3979,0.308,5,0.6798,0.656,4,48.06,11,1,0.7234,0.352,0,SYNTHETIC
0.9329,0.8608,0.688,2,0.6756,0.2088,0,10.4,13,2,0.4338,0.8063,0,SYNTHETIC
0.7548,0.4372,0.3497,1,0.8027,0.4064,1,42.19,12,0,0.5614,0.468,1,SYNTHETIC
0.4563,0.565,0.3651,1,0.7051,0.2044,0,4.3,11,4,0.361,0.674,1,SYNTHETIC
0.4438,0.339,0.3169,7,0.1797,0.663,3,15.8,22,1,0.4195,0.542,1,SYNTHETIC
0.6921,0.7411,0.7256,1,0.753,0.3033,2,2.08,14,2,0.7059,1.0,0,SYNTHETIC
0.6657,0.5026,0.3739,0,0.9469,0.2408,0,12.91,24,1,0.5369,0.8718,0,SYNTHETIC
0.7668,0.7107,0.6487,3,1.0,0.0371,0,6.23,17,3,0.5621,0.5517,0,SYNTHETIC
0.8938,0.7604,0.7526,0,0.9435,0.1132,0,65.54,11,2,0.6081,0.9858,0,SYNTHETIC
0.5478,0.4348,0.3865,7,0.1847,0.2995,1,99.73,12,1,0.5703,0.2689,1,SYNTHETIC
0.1709,0.2404,0.0798,8,0.0242,0.6937,0,16.52,9,1,0.471,0.6213,1,SYNTHETIC
0.874,0.959,0.9117,1,0.8387,0.2125,0,76.67,14,0,0.4171,0.6161,0,SYNTHETIC
0.7153,0.6811,0.5469,0,0.8225,0.2291,0,32.2,17,1,0.3484,0.6878,0,SYNTHETIC
0.7045,0.8901,0.7935,7,0.2756,0.4651,1,12.65,14,1,0.1688,0.3321,0,SYNTHETIC
0.8652,0.8507,0.7375,5,0.7466,0.5641,4,70.69,12,1,0.1792,0.7997,0,SYNTHETIC
0.8168,0.4769,0.4388,1,0.9142,0.2234,1,5.1,12,3,0.6786,0.7739,0,SYNTHETIC
0.4846,0.749,0.6211,1,0.5556,0.4568,1,0.99,11,0,0.528,0.695,0,SYNTHETIC
0.9328,0.9308,0.9209,0,0.9372,0.5352,3,28.41,13,2,0.632,1.0,0,SYNTHETIC
0.6971,0.8003,0.7761,0,0.974,0.347,1,21.33,8,4,0.8556,0.9721,0,SYNTHETIC
0.4336,0.3442,0.2934,4,0.6387,0.8267,1,5.24,15,1,0.2088,0.2664,1,SYNTHETIC
0.489,0.2626,0.1751,8,0.2284,0.7188,3,11.61,14,1,0.2173,0.1735,1,SYNTHETIC
0.7698,0.2855,0.1769,2,0.5976,0.626,3,22.4,8,2,0.6978,0.7331,1,SYNTHETIC
0.3954,0.3855,0.3522,0,0.6818,0.1568,1,42.48,12,3,0.8373,0.7955,0,SYNTHETIC
0.9808,0.7797,0.6753,3,0.5248,0.4651,0,20.83,18,1,0.6515,0.3363,0,SYNTHETIC
0.7382,0.8388,0.7182,3,0.6207,0.3689,0,0.58,12,1,0.3214,0.8081,0,SYNTHETIC
0.5636,0.8203,0.6663,7,0.6103,0.4836,1,35.07,15,0,0.5992,0.1519,1,SYNTHETIC
0.3268,0.7086,0.5978,1,0.8046,0.3365,2,2.43,13,1,0.6687,0.7544,0,SYNTHETIC
0.3735,0.472,0.4327,1,0.6563,0.085,0,29.99,15,1,0.7515,0.5704,0,SYNTHETIC
0.1094,0.6515,0.4642,3,0.2405,0.7113,2,2.94,17,0,0.4034,0.1755,1,SYNTHETIC
0.7258,0.6668,0.5902,3,0.4205,0.1739,0,41.25,14,1,0.6317,0.245,0,SYNTHETIC
0.0879,0.0576,0.0,2,0.5972,0.5439,1,16.81,16,3,0.4418,0.709,1,SYNTHETIC
0.7895,0.7049,0.6692,6,0.261,0.0517,0,35.19,14,0,0.8088,0.0331,0,SYNTHETIC
0.8754,0.7305,0.7227,1,0.9142,0.1826,0,15.17,14,1,0.7553,0.6834,1,SYNTHETIC
0.8869,0.8278,0.8044,4,0.3099,0.2551,2,61.4,14,1,0.6,0.2146,1,SYNTHETIC
0.8985,0.8335,0.7844,2,0.7585,0.2195,0,46.36,12,1,0.6251,0.5814,0,SYNTHETIC
0.2658,0.4492,0.3273,4,0.4582,0.7339,1,27.58,15,3,0.2723,0.3691,1,SYNTHETIC
0.7369,0.729,0.6946,3,0.5075,0.0747,0,3.26,10,4,0.7218,0.7166,0,SYNTHETIC
0.4159,0.8072,0.7267,2,0.7722,0.1312,0,10.83,12,4,0.085,0.7003,0,SYNTHETIC
0.2494,0.5039,0.4225,5,0.2204,0.9429,2,19.58,12,1,0.1836,0.3632,1,SYNTHETIC
0.9765,0.4614,0.3194,1,0.4498,0.3042,1,21.45,18,2,0.2923,0.5856,1,SYNTHETIC
0.7429,0.8909,0.6957,5,0.3469,0.2888,2,5.04,14,0,0.6267,0.4679,0,SYNTHETIC
0.2256,0.7241,0.7111,8,0.4951,0.8673,5,41.37,13,4,0.6875,0.4535,1,SYNTHETIC
0.7853,0.6397,0.5236,2,0.4352,0.86,3,26.1,17,2,0.4467,0.6616,1,SYNTHETIC
0.6865,0.9198,0.7647,2,0.7418,0.2903,1,6.21,11,2,0.874,0.6965,0,SYNTHETIC
0.4879,0.3314,0.2028,5,0.6732,0.4898,2,13.78,13,0,0.6923,0.7396,0,SYNTHETIC
0.6406,0.6089,0.524,3,0.5534,0.5254,1,21.76,18,0,0.6301,0.5203,1,SYNTHETIC
0.7039,0.2416,0.1068,7,0.3445,0.3426,1,25.07,12,1,0.7055,0.3962,1,SYNTHETIC
0.8776,0.6882,0.6439,6,0.5325,0.3892,0,12.38,13,2,0.8668,0.2765,0,SYNTHETIC
0.1187,0.5074,0.4507,4,0.2798,0.8168,3,22.38,14,0,0.2467,0.0788,0,SYNTHETIC
0.405,0.1257,0.0,7,0.013,0.3915,1,29.7,13,0,0.1944,0.0,1,SYNTHETIC
0.2265,0.1477,0.003,12,0.3753,0.5863,3,5.8,12,0,0.124,0.1988,1,SYNTHETIC
0.4761,0.4684,0.37,0,0.7128,0.8364,3,39.12,16,1,0.2619,0.7224,1,SYNTHETIC
0.7531,0.8945,0.7418,0,0.8514,0.5908,4,35.05,5,2,0.9154,1.0,0,SYNTHETIC
0.1628,0.1367,0.0,5,0.1784,0.5197,2,28.09,13,0,0.4226,0.2001,1,SYNTHETIC
0.1855,0.0605,0.0,5,0.3916,0.7851,0,3.62,11,0,0.2353,0.3843,1,SYNTHETIC
0.6915,0.6296,0.464,3,0.4587,0.5053,0,93.95,12,0,0.503,0.419,1,SYNTHETIC
0.5751,0.4562,0.2856,3,0.3914,0.3009,1,21.51,15,0,0.8091,0.5923,0,SYNTHETIC
0.3531,0.7022,0.6691,1,0.9167,0.5195,4,23.86,11,3,0.5464,0.7495,1,SYNTHETIC
0.9386,0.4464,0.3832,4,0.3109,0.4809,3,19.01,17,0,0.5815,0.0,0,SYNTHETIC
0.2041,0.2533,0.2257,5,0.1491,0.5804,3,8.18,12,1,0.1687,0.1415,0,SYNTHETIC
0.9774,0.8531,0.7329,2,0.7757,0.3266,2,35.97,13,3,0.7886,0.5426,0,SYNTHETIC
0.3324,0.3943,0.3371,2,0.6501,0.5582,0,7.68,10,2,0.602,0.7808,1,SYNTHETIC
0.3643,0.3691,0.2107,5,0.0718,0.5193,1,58.0,17,0,0.2252,0.1289,0,SYNTHETIC
0.8013,0.6899,0.5069,3,0.5914,0.2979,0,24.09,10,2,0.7792,0.7836,0,SYNTHETIC
0.9005,0.5923,0.5746,4,0.7368,0.3443,0,17.22,13,6,0.9033,0.6586,0,SYNTHETIC
0.9317,0.5053,0.4689,9,0.4097,0.0739,0,24.04,13,2,0.6245,0.2733,1,SYNTHETIC
0.1239,0.3629,0.2068,1,0.683,0.4697,1,6.8,15,2,0.6803,0.5821,0,SYNTHETIC
0.9122,0.7719,0.7321,4,0.4222,0.2787,1,18.0,13,3,0.402,0.4613,0,SYNTHETIC
0.8476,0.5581,0.3862,0,0.9039,0.5079,3,27.63,13,5,0.649,0.8139,0,SYNTHETIC
0.2491,0.4232,0.3199,7,0.2541,0.6587,1,28.75,14,0,0.421,0.3386,1,SYNTHETIC
0.6942,0.6266,0.5328,0,0.9371,0.0728,1,70.17,15,2,0.4039,1.0,0,SYNTHETIC
0.175,0.4404,0.4136,3,0.7597,0.4279,1,32.24,12,2,0.5734,0.6339,1,SYNTHETIC
0.3728,0.5372,0.4599,4,0.3554,0.6096,0,26.23,11,1,0.179,0.2442,1,SYNTHETIC
0.623,0.0971,0.0446,3,0.2743,0.7223,3,4.18,12,1,0.1539,0.0,1,SYNTHETIC
0.2768,0.86,0.7038,0,0.9612,0.4228,1,0.06,12,3,0.7331,0.3317,0,SYNTHETIC
0.3294,0.1762,0.0553,4,0.1106,0.4049,2,0.88,19,0,0.5592,0.3293,1,SYNTHETIC
0.9325,0.6604,0.5819,5,0.3845,0.1214,0,0.49,10,0,0.8156,0.7975,1,SYNTHETIC
0.4148,0.2847,0.1574,6,0.5434,0.2378,0,54.19,8,1,0.457,0.5185,1,SYNTHETIC
0.8766,0.7307,0.5695,1,0.8212,0.1254,0,5.28,18,2,0.8797,0.9149,0,SYNTHETIC
0.3825,0.5381,0.4022,1,0.6932,0.5229,0,11.2,9,3,0.742,0.7703,0,SYNTHETIC
0.4527,0.179,0.0041,2,0.519,0.6615,0,25.99,11,1,0.6119,0.5208,1,SYNTHETIC
0.6757,0.298,0.132,2,0.6549,0.2711,2,9.43,11,3,0.904,0.7432,0,SYNTHETIC
0.0822,0.4292,0.4235,3,0.4249,0.686,0,100.59,15,1,0.5528,0.2186,0,SYNTHETIC
0.3754,0.0871,0.0,10,0.3822,0.1694,1,0.78,14,0,0.8956,0.1425,0,SYNTHETIC
0.5693,0.7566,0.6157,2,0.5893,0.1386,0,33.69,13,3,0.592,0.5583,0,SYNTHETIC
0.5041,0.4547,0.2956,6,0.1558,0.328,1,13.01,11,1,0.85,0.4067,0,SYNTHETIC
0.9501,0.5513,0.3736,0,0.8636,0.3685,1,6.4,13,2,0.755,0.9159,0,SYNTHETIC
0.7608,0.6038,0.5514,1,0.8567,0.4412,3,42.73,11,2,0.651,0.8428,0,SYNTHETIC
0.5569,0.2988,0.2267,2,0.6792,0.3226,1,17.73,15,3,0.4395,0.6261,0,SYNTHETIC
0.8078,0.9023,0.7635,0,0.8521,0.2296,0,10.36,17,2,0.7926,0.5017,0,SYNTHETIC
0.6686,0.4918,0.4188,4,0.7317,0.2393,3,7.04,10,7,0.1383,0.7382,0,SYNTHETIC
0.1901,0.3137,0.2973,5,0.4309,0.7418,2,43.64,9,1,0.5917,0.2425,1,SYNTHETIC
0.5932,0.8079,0.8039,5,0.4972,0.2582,0,38.45,13,2,0.6928,0.5242,0,SYNTHETIC
0.8121,0.2388,0.2313,0,0.4818,0.627,3,29.96,11,2,0.415,0.5508,1,SYNTHETIC
0.8425,0.8843,0.7718,1,0.8743,0.0352,0,56.59,17,1,0.4288,0.9757,0,SYNTHETIC
0.1501,0.3859,0.2055,6,0.343,0.7946,3,23.59,12,3,0.4666,0.3779,1,SYNTHETIC
0.7245,0.7309,0.6079,4,0.8784,0.2172,1,5.96,12,4,0.3676,1.0,0,SYNTHETIC
0.2059,0.8457,0.7048,4,0.2052,0.4956,0,8.06,10,0,0.5733,0.1646,1,SYNTHETIC
0.8098,0.8684,0.8451,5,0.6065,0.3594,0,6.66,15,3,0.7829,0.6684,0,SYNTHETIC
0.632,0.4979,0.4076,0,1.0,0.6814,2,24.96,10,2,0.6004,0.9814,1,SYNTHETIC
0.8765,0.2822,0.2652,1,0.4869,0.5399,3,4.57,11,2,0.7984,0.5037,1,SYNTHETIC
0.6248,0.4359,0.2655,1,0.7229,0.2407,0,16.96,13,3,0.3173,0.7859,0,SYNTHETIC
0.884,0.6989,0.5482,2,0.7516,0.287,0,57.85,11,1,0.8817,0.5943,0,SYNTHETIC
0.516,0.8895,0.8072,4,0.4598,0.5509,2,2.7,13,2,0.6006,0.5032,0,SYNTHETIC
0.6017,0.6397,0.5952,3,0.7073,0.5373,3,17.8,13,2,0.8853,0.8198,1,SYNTHETIC
0.3573,0.1416,0.0456,7,0.2167,0.618,0,71.26,15,3,0.4208,0.4689,1,SYNTHETIC
0.6408,0.8881,0.7732,2,1.0,0.0532,0,11.72,12,0,0.2944,0.9956,0,SYNTHETIC
0.5789,0.8868,0.723,7,0.6501,0.0589,1,0.98,11,1,0.3934,0.3887,0,SYNTHETIC
0.8133,0.6563,0.6527,4,0.582,0.299,1,9.4,15,1,0.5479,0.6489,0,SYNTHETIC
0.8726,0.7902,0.6834,0,0.7397,0.3491,0,15.96,8,7,0.8911,0.8185,0,SYNTHETIC
0.4965,0.1614,0.1331,5,0.2354,0.4709,1,12.32,12,2,0.5369,0.504,0,SYNTHETIC
0.5472,0.3358,0.2701,4,0.3825,0.3919,0,8.65,14,3,0.2709,0.2058,0,SYNTHETIC
0.4352,0.7328,0.6,4,0.1953,0.1461,0,1.26,20,1,0.7967,0.0745,0,SYNTHETIC
0.9697,0.8458,0.7661,1,0.6993,0.2756,1,72.68,20,2,0.7032,0.7452,0,SYNTHETIC
0.8674,0.7958,0.7559,2,0.9767,0.4453,1,15.76,14,4,0.3888,0.9855,0,SYNTHETIC
0.5573,0.5933,0.5203,2,0.2179,0.8164,2,93.2,13,0,0.4408,0.2089,1,SYNTHETIC
0.3429,0.6135,0.488,2,0.6644,0.326,0,27.83,7,3,0.6798,0.3736,0,SYNTHETIC
0.9077,0.3327,0.1558,5,0.4147,0.6974,0,21.89,17,2,0.2822,0.6082,0,SYNTHETIC
0.3588,0.2292,0.2049,8,0.4002,0.8542,5,45.31,12,1,0.5454,0.3152,1,SYNTHETIC
0.6214,0.6237,0.4668,4,0.6398,0.4674,1,5.81,14,5,0.6786,0.5543,0,SYNTHETIC
0.1138,0.4952,0.4189,10,0.0108,0.6376,3,4.62,12,0,0.1979,0.1139,1,SYNTHETIC
0.5166,0.6109,0.5567,2,0.5648,0.3951,1,20.3,10,3,0.8808,0.6525,0,SYNTHETIC
0.9002,0.2653,0.2268,2,0.583,0.7613,2,29.59,14,2,0.7694,0.736,0,SYNTHETIC
0.388,0.4052,0.3948,0,0.5084,0.8913,2,3.27,13,2,0.1725,0.7197,0,SYNTHETIC
0.8622,0.7084,0.5945,2,0.7228,0.4045,2,8.24,9,5,0.7267,0.7207,0,SYNTHETIC
0.5148,0.6966,0.5348,3,0.4152,0.4241,2,9.68,14,3,0.8631,0.4032,0,SYNTHETIC
0.8122,0.9283,0.7334,6,0.4154,0.2227,5,44.32,16,0,0.5558,0.4851,0,SYNTHETIC
0.8082,0.7088,0.5436,5,0.4983,0.4337,4,58.83,11,2,0.4279,0.363,0,SYNTHETIC
0.3725,0.4522,0.2629,1,0.5641,0.1413,1,25.49,7,3,0.648,0.5961,0,SYNTHETIC
0.6667,0.6429,0.5751,3,0.8723,0.0244,0,5.56,14,3,0.6466,0.6994,0,SYNTHETIC
0.5445,0.8841,0.8543,3,0.7322,0.132,1,23.58,6,0,0.4473,1.0,0,SYNTHETIC
0.2121,0.2836,0.2242,7,0.2074,0.4415,2,14.52,15,0,0.3609,0.0162,1,SYNTHETIC
0.6614,0.7079,0.5732,2,0.7301,0.3,0,11.35,14,1,0.4244,0.8356,0,SYNTHETIC
0.5484,0.6247,0.578,5,0.6028,0.2241,0,37.74,9,0,0.3804,0.635,0,SYNTHETIC
0.6101,0.9409,0.9244,4,0.5252,0.6276,5,1.31,8,0,0.203,0.6405,0,SYNTHETIC
0.4575,0.8851,0.7648,2,0.5904,0.0694,0,34.66,11,0,0.4783,0.7527,0,SYNTHETIC
0.9102,0.6557,0.5855,2,0.5596,0.3846,0,84.2,9,2,0.5452,0.6917,1,SYNTHETIC
0.7304,0.6356,0.5701,4,0.6237,0.654,2,22.52,12,1,0.8474,0.3428,1,SYNTHETIC
0.1684,0.1251,0.0,5,0.4717,0.9043,3,1.07,17,1,0.5493,0.309,1,SYNTHETIC
0.7047,0.5283,0.4054,2,0.5439,0.1302,2,50.27,16,2,0.9681,0.3876,0,SYNTHETIC
0.8131,0.7635,0.5975,1,0.8791,0.2492,0,12.0,7,3,0.4939,1.0,1,SYNTHETIC
0.4229,0.5645,0.396,1,0.8526,0.2047,0,0.03,14,2,0.5314,0.6801,1,SYNTHETIC
0.3703,0.4646,0.3371,9,0.0723,0.5715,2,3.12,14,0,0.4634,0.1401,0,SYNTHETIC
0.6402,0.7394,0.6442,3,0.8161,0.7138,3,7.26,11,1,0.5786,0.5742,1,SYNTHETIC
0.8621,0.6283,0.4926,2,0.723,0.1183,0,28.37,18,1,0.7593,0.7247,0,SYNTHETIC
0.3716,0.2511,0.1005,7,0.4065,0.5663,1,27.55,12,1,0.4886,0.5458,0,SYNTHETIC
0.9041,0.5911,0.5686,3,0.4679,0.3951,6,8.77,10,1,0.8904,0.5226,1,SYNTHETIC
0.608,0.6412,0.5985,0,0.9221,0.3254,1,34.42,13,4,0.5615,0.5472,0,SYNTHETIC
0.5346,0.7905,0.6557,2,0.6512,0.3162,2,9.39,13,2,0.5496,0.271,0,SYNTHETIC
0.3447,0.3296,0.2754,7,0.3094,0.7156,1,50.26,13,0,0.2284,0.6446,1,SYNTHETIC
0.3968,0.7183,0.609,1,0.7955,0.1814,0,2.9,8,4,0.7775,0.8021,0,SYNTHETIC
0.6617,0.6096,0.5984,2,0.8323,0.1559,0,10.65,12,4,0.3886,0.9041,0,SYNTHETIC
0.1933,0.1266,0.0,4,0.2992,0.561,2,16.79,15,0,0.1419,0.4288,1,SYNTHETIC
0.8467,0.6998,0.5103,1,0.8565,0.1793,1,4.79,17,6,0.5128,0.7174,0,SYNTHETIC
0.3803,0.3774,0.2959,4,0.4726,0.4658,1,87.53,12,2,0.3377,0.3444,1,SYNTHETIC
0.7923,0.7221,0.7009,3,0.5161,0.0972,0,8.61,10,2,0.2291,0.3324,0,SYNTHETIC
0.2366,0.8025,0.766,5,0.3492,0.5798,0,31.14,19,2,0.6144,0.4046,1,SYNTHETIC
0.4213,0.6485,0.5646,3,0.3693,0.2943,2,65.66,17,0,0.5683,0.215,1,SYNTHETIC
0.5045,0.7441,0.5762,5,0.6294,0.6486,1,30.22,8,0,0.7948,0.8263,1,SYNTHETIC
0.7539,0.9127,0.7694,2,0.5958,0.4193,3,9.5,9,1,0.7619,0.2793,0,SYNTHETIC
0.9559,0.6391,0.516,4,0.6746,0.3934,0,14.77,10,1,0.8547,0.6523,0,SYNTHETIC
0.716,0.4735,0.4119,8,0.1684,0.3625,2,30.95,17,0,0.6292,0.0494,1,SYNTHETIC
0.8514,0.4754,0.4137,4,0.585,0.3669,0,6.31,18,0,0.1282,0.3489,0,SYNTHETIC
0.2541,0.7164,0.6639,3,0.6008,0.426,1,77.21,11,2,0.6263,0.4496,0,SYNTHETIC
0.7755,0.6878,0.5993,2,0.5686,0.0906,0,15.29,15,2,0.4437,0.8526,0,SYNTHETIC
0.6958,0.3842,0.3176,5,0.7821,0.5141,3,7.55,12,1,0.72,0.5819,1,SYNTHETIC
0.6469,0.2407,0.1713,4,0.6819,0.3413,0,34.15,8,0,0.9434,0.4459,0,SYNTHETIC
0.7358,0.8192,0.6434,4,0.3005,0.1623,1,5.31,13,0,0.7626,0.6785,1,SYNTHETIC
0.1303,0.8516,0.7194,3,0.8764,0.2642,1,17.25,13,5,0.2552,1.0,1,SYNTHETIC
0.8099,0.5317,0.4686,6,0.5801,0.2583,1,37.96,13,1,0.457,0.539,1,SYNTHETIC
0.758,0.4892,0.3396,1,0.7353,0.0998,0,9.19,20,4,0.5969,0.7591,0,SYNTHETIC
0.3468,0.24,0.0445,12,0.1762,0.654,2,10.53,11,0,0.3439,0.0,1,SYNTHETIC
0.3923,0.2764,0.1152,2,0.065,0.6129,1,25.38,9,0,0.2481,0.0,1,SYNTHETIC
0.3094,0.7454,0.6056,3,0.5699,0.6842,0,8.08,17,2,0.4626,0.3804,1,SYNTHETIC
0.3801,0.3458,0.2149,3,0.6194,0.455,1,64.18,13,1,0.7665,0.4282,0,SYNTHETIC
0.4521,0.6097,0.575,0,0.7503,0.2506,1,0.95,14,1,0.7837,0.8747,1,SYNTHETIC
0.5546,0.7577,0.6047,2,0.8063,0.4925,1,0.22,10,2,0.5204,0.821,0,SYNTHETIC
0.3648,0.5867,0.4204,6,0.654,0.4088,1,41.08,11,0,0.1699,0.5881,1,SYNTHETIC
0.2853,0.4235,0.3788,14,0.0538,0.4142,1,10.24,19,1,0.3446,0.0678,1,SYNTHETIC
0.7228,0.628,0.5673,3,0.7984,0.1684,1,42.45,14,2,0.5662,0.5336,0,SYNTHETIC
0.6192,0.8769,0.7695,5,0.5464,0.526,0,24.48,17,0,0.6174,0.4057,0,SYNTHETIC
0.6192,0.651,0.5592,3,0.5269,0.2977,0,16.13,16,0,0.7737,0.8715,1,SYNTHETIC
0.8474,0.8914,0.7871,1,0.9085,0.1465,0,0.04,8,6,0.3783,0.8478,0,SYNTHETIC
0.49,0.5613,0.4666,4,0.388,0.7583,3,4.53,12,0,0.4974,0.5105,1,SYNTHETIC
0.7322,0.4923,0.4755,4,0.4226,0.616,1,6.17,12,2,0.4882,0.1089,0,SYNTHETIC
0.1435,0.3795,0.3606,9,0.2863,0.9154,9,41.84,11,2,0.3926,0.1229,1,SYNTHETIC
0.4504,0.2029,0.0429,10,0.3611,0.7357,0,11.5,18,2,0.1249,0.112,1,SYNTHETIC
0.4352,0.7322,0.5351,1,0.9273,0.2122,2,52.78,17,4,0.7754,0.8252,0,SYNTHETIC
0.5821,0.6701,0.4931,0,0.9647,0.1673,1,65.29,16,2,0.5746,1.0,0,SYNTHETIC
0.7558,0.7458,0.6751,4,0.7292,0.2019,1,12.55,13,1,0.5468,0.5865,0,SYNTHETIC
0.1183,0.4871,0.3313,7,0.1593,0.6177,5,7.02,8,3,0.7877,0.4675,0,SYNTHETIC
0.6784,0.373,0.1972,3,0.6541,0.341,1,24.43,13,4,0.4459,0.9072,0,SYNTHETIC
0.3118,0.3365,0.2584,5,0.4024,0.2328,0,49.44,13,1,0.602,0.1936,0,SYNTHETIC
0.4527,0.6514,0.5427,1,0.7914,0.5596,0,19.19,11,3,0.6829,0.8379,0,SYNTHETIC
0.639,0.5017,0.3915,0,0.8683,0.1188,0,13.91,16,2,0.2573,0.8318,0,SYNTHETIC
0.7351,0.699,0.5642,1,0.735,0.7141,1,12.52,9,4,0.8929,0.6053,0,SYNTHETIC
0.9485,0.7202,0.5799,5,0.2489,0.454,1,20.79,14,2,0.8482,0.3634,1,SYNTHETIC
0.4752,0.2806,0.0944,1,0.6995,0.4095,1,20.78,13,2,0.1254,0.38,0,SYNTHETIC
0.5021,0.535,0.3878,9,0.3269,0.4312,1,16.76,14,0,0.3747,0.3168,0,SYNTHETIC
0.2326,0.3446,0.1909,7,0.3302,0.9345,3,1.04,13,0,0.3829,0.137,0,SYNTHETIC
0.9632,0.8991,0.7983,0,0.7235,0.0691,0,4.51,13,2,0.5332,0.7801,0,SYNTHETIC
0.6462,0.6654,0.5663,3,0.5247,0.2842,1,3.62,15,1,0.6054,0.4868,1,SYNTHETIC
0.8358,0.7616,0.7346,2,0.772,0.5519,2,21.57,13,2,0.5141,0.7764,0,SYNTHETIC
0.1382,0.2983,0.1703,6,0.3249,0.9431,2,7.67,11,3,0.3785,0.3995,0,SYNTHETIC
0.4695,0.5381,0.5042,7,0.0,0.6206,0,3.0,13,0,0.8035,0.0,1,SYNTHETIC
0.2274,0.6641,0.5588,3,0.4676,0.3449,1,67.08,9,2,0.674,0.1277,0,SYNTHETIC
0.4732,0.656,0.4713,4,0.5549,0.4633,2,24.3,11,1,0.1718,0.2441,1,SYNTHETIC
0.5426,0.5836,0.5399,5,0.4138,0.2434,1,22.21,15,0,0.7208,0.5543,1,SYNTHETIC
0.879,0.8561,0.7149,1,0.5651,0.517,0,30.54,17,2,0.672,0.9398,0,SYNTHETIC
0.6105,0.7231,0.5571,3,0.6038,0.2902,3,6.96,13,0,0.382,0.2721,1,SYNTHETIC
0.6092,0.6299,0.4793,1,0.8323,0.2894,1,9.33,15,4,0.4262,0.9959,0,SYNTHETIC
0.359,0.1538,0.1494,12,0.078,0.4865,0,17.05,8,0,0.4732,0.0,1,SYNTHETIC
0.756,0.9287,0.7365,8,0.4318,0.1832,2,2.17,13,0,0.3316,0.2762,0,SYNTHETIC
0.5393,0.7566,0.6078,4,0.6676,0.0323,0,2.58,7,6,0.8596,0.5433,0,SYNTHETIC
0.744,0.511,0.4888,1,0.7333,0.3304,0,25.67,14,1,0.7296,0.92,1,SYNTHETIC
0.3782,0.5546,0.3935,7,0.1574,0.7608,4,20.0,16,2,0.6012,0.2196,0,SYNTHETIC
0.5721,0.0914,0.0,6,0.1915,0.8159,0,34.22,19,0,0.1935,0.307,0,SYNTHETIC
0.6909,0.5823,0.4288,3,0.1598,0.6984,3,11.32,13,0,0.8816,0.0,1,SYNTHETIC
0.4495,0.8115,0.753,1,0.8224,0.1754,1,19.21,10,1,0.5311,0.9473,1,SYNTHETIC
0.0819,0.1051,0.0806,6,0.0504,0.8334,0,22.49,15,0,0.2357,0.1505,1,SYNTHETIC
0.5793,0.1082,0.0991,7,0.1822,0.7388,3,16.38,14,1,0.5457,0.026,0,SYNTHETIC
0.691,0.6593,0.4884,5,0.3588,0.5248,1,6.0,10,1,0.401,0.4806,1,SYNTHETIC
0.852,0.764,0.6827,0,0.4708,0.4382,0,50.41,12,1,0.8508,0.6224,0,SYNTHETIC
0.8451,0.485,0.4088,2,0.8291,0.0555,0,46.45,13,1,0.6487,1.0,1,SYNTHETIC
0.3896,0.518,0.4235,0,0.448,0.3509,0,9.8,10,6,0.6689,0.8897,1,SYNTHETIC
0.1723,0.6173,0.587,11,0.1219,0.4866,0,7.94,7,0,0.2125,0.0,0,SYNTHETIC
0.8376,0.8478,0.7692,6,0.6334,0.2079,0,36.18,11,1,0.8038,0.5493,1,SYNTHETIC
0.8222,0.4834,0.472,0,0.5628,0.4953,2,14.43,10,2,0.683,1.0,1,SYNTHETIC
0.2483,0.5535,0.4656,1,0.7828,0.6192,3,14.38,14,3,0.8539,0.8566,1,SYNTHETIC
0.4872,0.5527,0.3592,1,0.4533,0.3598,1,30.27,17,2,0.6983,0.7823,1,SYNTHETIC
0.1947,0.0584,0.0112,4,0.0128,0.734,3,36.58,20,0,0.4112,0.0,1,SYNTHETIC
0.8138,0.4167,0.3776,3,0.7026,0.1702,0,25.62,12,1,0.8806,0.7824,0,SYNTHETIC
0.6314,0.7914,0.6501,1,0.9701,0.3576,3,10.34,13,0,0.5765,0.9643,0,SYNTHETIC
0.6306,0.4978,0.4198,6,0.1201,0.571,1,15.77,13,1,0.8104,0.3981,1,SYNTHETIC
0.3588,0.6378,0.5733,6,0.5883,0.3895,1,6.75,15,2,0.9404,0.7859,1,SYNTHETIC
0.5821,0.0865,0.0,1,0.3548,0.6774,1,43.66,10,1,0.5463,0.2561,1,SYNTHETIC
0.4502,0.9447,0.9385,2,0.6352,0.3601,0,3.14,11,2,0.6058,0.4534,0,SYNTHETIC
0.675,0.046,0.0,7,0.4199,0.2688,0,14.38,16,1,0.386,0.1983,0,SYNTHETIC
0.498,0.4798,0.3309,4,0.3154,0.6363,3,40.87,12,0,0.7301,0.6622,1,SYNTHETIC
0.0948,0.4054,0.3406,7,0.341,0.8679,3,3.77,14,0,0.7609,0.4172,1,SYNTHETIC
0.2802,0.2403,0.0894,4,0.4513,0.6719,3,169.67,15,1,0.3644,0.3171,1,SYNTHETIC
0.1747,0.2868,0.2708,2,0.6651,0.6497,0,60.85,13,1,0.5175,0.392,1,SYNTHETIC
0.8872,0.6918,0.5108,5,0.5814,0.5683,2,15.39,15,3,0.4613,0.6566,0,SYNTHETIC
0.2,0.4171,0.3182,6,0.2536,0.9098,1,1.12,18,5,0.2764,0.3694,0,SYNTHETIC
0.973,0.8413,0.7313,1,0.7288,0.3175,1,21.54,15,7,0.8328,0.385,0,SYNTHETIC
0.573,0.8029,0.6227,2,0.3819,0.3547,1,7.04,13,2,0.6373,0.5238,0,SYNTHETIC
0.5458,0.4759,0.4634,5,0.4198,0.7411,4,4.27,15,2,0.8278,0.5701,0,SYNTHETIC
0.0763,0.5684,0.3739,13,0.0741,0.7432,4,25.14,8,1,0.6322,0.2102,1,SYNTHETIC
0.3342,0.1563,0.0687,10,0.2372,0.5117,1,15.19,11,1,0.8664,0.2599,0,SYNTHETIC
0.3063,0.484,0.2974,2,0.5357,0.4916,0,40.17,14,3,0.8995,0.616,1,SYNTHETIC
0.5616,0.1678,0.0,3,0.3305,0.6938,2,33.57,15,1,0.4594,0.2746,1,SYNTHETIC
0.4706,0.7516,0.6389,10,0.4003,0.3811,1,140.76,14,2,0.2138,0.2299,0,SYNTHETIC
0.6122,0.6623,0.6621,1,0.663,0.1804,0,3.86,12,1,0.5282,0.8278,0,SYNTHETIC
0.2663,0.3206,0.2132,7,0.5339,0.5644,4,12.43,11,1,0.4518,0.4317,1,SYNTHETIC
0.427,0.5485,0.45,7,0.2563,0.7427,3,16.73,14,2,0.3102,0.265,0,SYNTHETIC
0.6377,0.6511,0.5741,0,0.9806,0.4329,1,16.84,16,3,0.3524,0.8353,0,SYNTHETIC
0.8191,0.5586,0.513,5,0.4676,0.4288,5,5.47,11,2,0.944,0.7585,0,SYNTHETIC
0.5933,0.6218,0.481,4,0.5798,0.734,2,15.31,10,0,0.4814,0.6393,0,SYNTHETIC
0.3146,0.3537,0.3243,4,0.1948,0.2128,0,97.08,9,0,0.6688,0.1362,1,SYNTHETIC
0.1769,0.1165,0.0,8,0.4026,0.4716,1,61.19,6,1,0.0957,0.3913,1,SYNTHETIC
0.3118,0.6291,0.5099,9,0.4436,0.4511,4,45.54,20,2,0.5783,0.542,0,SYNTHETIC
0.3809,0.6501,0.4703,8,0.5054,0.5422,0,1.67,15,1,0.2855,0.051,1,SYNTHETIC
0.4646,0.2464,0.1514,5,0.1463,0.5172,2,19.92,20,0,0.3871,0.4918,1,SYNTHETIC
0.5183,0.9348,0.7639,6,0.117,0.5185,1,29.66,8,0,0.6825,0.1493,1,SYNTHETIC
0.5262,0.7047,0.5341,6,0.4146,0.3765,1,38.22,16,1,0.6818,0.4706,1,SYNTHETIC
0.7121,0.2902,0.1941,4,0.4212,0.503,2,8.68,12,3,0.7458,0.2617,0,SYNTHETIC
0.8442,0.689,0.4946,2,0.8462,0.6752,2,20.11,12,1,0.7988,0.752,0,SYNTHETIC
0.8365,0.9022,0.8078,4,0.5227,0.1429,1,2.92,15,1,0.2936,0.2903,0,SYNTHETIC
0.0963,0.473,0.2737,5,0.817,0.7674,1,37.71,7,1,0.2365,0.7344,1,SYNTHETIC
0.4391,0.1217,0.0,6,0.1014,0.2008,0,56.04,19,0,0.0538,0.3118,1,SYNTHETIC
0.3566,0.4348,0.3204,8,0.4917,0.6702,3,12.54,14,0,0.2015,0.4783,1,SYNTHETIC
0.8077,0.6441,0.5563,2,0.7259,0.2384,1,32.2,13,2,0.7686,0.9807,1,SYNTHETIC
0.8049,0.7358,0.6306,2,0.849,0.411,1,30.15,20,5,0.6492,0.7747,0,SYNTHETIC
0.6857,0.6795,0.5944,1,0.708,0.1559,0,53.42,14,2,0.4823,0.6166,0,SYNTHETIC
0.7334,0.8165,0.8082,2,0.5205,0.272,0,12.98,9,0,0.7333,0.7177,1,SYNTHETIC
0.9408,0.8299,0.7843,1,1.0,0.053,0,31.14,11,4,0.632,0.8648,0,SYNTHETIC
0.0377,0.4088,0.2768,2,0.6428,0.7564,0,5.61,11,0,0.1687,0.432,1,SYNTHETIC
0.5582,0.6324,0.5956,0,0.7153,0.2381,1,9.47,14,0,0.2483,0.6501,0,SYNTHETIC
0.8717,0.8897,0.8703,0,1.0,0.3072,1,19.74,9,1,0.2583,0.8522,0,SYNTHETIC
0.5452,0.4587,0.4289,1,0.929,0.3979,2,2.2,13,1,0.3723,0.7524,1,SYNTHETIC
0.4204,0.2219,0.0626,4,0.2785,0.8939,3,8.81,14,0,0.4032,0.0,0,SYNTHETIC
0.5202,0.345,0.1597,0,0.6857,0.2826,1,16.82,9,0,0.189,0.546,1,SYNTHETIC
0.3304,0.5519,0.4054,2,0.7036,0.5435,1,22.19,12,1,0.4403,0.8794,0,SYNTHETIC
0.635,0.7353,0.5471,1,0.7706,0.4867,2,11.07,14,2,0.4177,0.8819,0,SYNTHETIC
0.4682,0.6723,0.5688,5,0.5452,0.3039,0,22.46,14,5,0.8414,0.6333,1,SYNTHETIC
0.5843,0.5743,0.4952,2,0.7888,0.3496,0,14.82,20,2,0.7936,0.3778,1,SYNTHETIC
0.5581,0.6498,0.5775,2,0.8196,0.6647,4,11.23,15,2,0.5558,0.8592,0,SYNTHETIC
0.3157,0.2054,0.0204,1,0.3839,0.5678,2,18.99,8,1,0.2207,0.2111,0,SYNTHETIC
0.7711,0.7968,0.6484,1,0.8513,0.4163,2,42.13,16,3,0.4123,0.9313,0,SYNTHETIC
0.7583,0.641,0.4967,3,0.3718,0.1494,1,15.13,12,2,0.3346,0.1792,1,SYNTHETIC
0.5546,0.7358,0.5634,8,0.504,0.4256,1,55.23,11,1,0.2974,0.1455,0,SYNTHETIC
0.068,0.0575,0.0,3,0.469,0.8859,4,21.68,22,5,0.6436,0.163,0,SYNTHETIC
0.6486,0.8456,0.7219,5,0.8704,0.3194,2,12.16,20,9,0.9374,0.6717,0,SYNTHETIC
0.942,0.5588,0.5378,1,1.0,0.1429,0,43.49,15,2,0.4353,0.3895,0,SYNTHETIC
0.4586,0.8873,0.6873,5,0.6161,0.1672,0,27.54,6,2,0.8631,0.8823,0,SYNTHETIC
0.8961,0.8053,0.6111,0,0.86,0.2567,0,55.67,12,3,0.7574,0.6367,0,SYNTHETIC
0.0293,0.3752,0.2429,4,0.3568,0.6718,3,6.19,10,1,0.3461,0.6044,0,SYNTHETIC
0.3926,0.4329,0.4325,9,0.1194,0.4338,0,17.14,13,0,0.747,0.092,1,SYNTHETIC
0.6729,0.6519,0.5627,2,0.7874,0.2821,0,2.51,17,4,0.6134,0.764,0,SYNTHETIC
0.8119,0.6099,0.5097,5,0.4473,0.2021,1,0.8,16,3,0.6909,0.6492,0,SYNTHETIC
0.4135,0.6964,0.5679,2,0.7958,0.3532,0,11.61,10,1,0.6837,0.7113,1,SYNTHETIC
0.2061,0.0622,0.0,5,0.4039,0.8608,1,115.75,11,1,0.145,0.4753,1,SYNTHETIC
0.3358,0.6354,0.459,0,0.6698,0.1545,1,35.04,12,2,0.75,0.9048,1,SYNTHETIC
0.6288,0.5823,0.5304,8,0.4101,0.3203,0,11.53,23,5,0.4691,0.3565,1,SYNTHETIC
0.423,0.5394,0.3706,3,0.5462,0.2708,0,45.87,15,1,0.3255,0.801,1,SYNTHETIC
0.7368,0.5078,0.3087,0,0.9683,0.5081,2,11.16,15,4,0.9234,0.941,0,SYNTHETIC
0.4114,0.5313,0.5141,0,0.8636,0.2169,0,14.58,16,0,0.6408,0.9062,0,SYNTHETIC
0.7325,0.7409,0.5976,2,0.7277,0.4384,2,12.47,9,1,0.7712,0.6788,1,SYNTHETIC
0.1933,0.0847,0.0,5,0.3949,0.4848,3,10.77,15,1,0.2501,0.3469,1,SYNTHETIC
0.6662,0.8035,0.6275,4,0.6806,0.1871,1,10.39,8,0,0.7574,0.5606,0,SYNTHETIC
0.4731,0.7472,0.6328,3,0.5249,0.1723,0,9.25,12,1,0.75,0.5902,0,SYNTHETIC
0.549,0.7974,0.6626,3,0.5611,0.6949,3,5.14,9,1,0.4608,0.6939,0,SYNTHETIC
0.5777,0.3197,0.1849,6,0.1113,0.7673,5,16.78,13,1,0.3577,0.3411,1,SYNTHETIC
0.9212,0.8296,0.7309,1,0.5981,0.4822,1,1.31,13,2,0.8884,0.5521,0,SYNTHETIC
0.2687,0.645,0.5819,5,0.4489,0.3157,1,34.45,12,1,0.1325,0.4809,1,SYNTHETIC
0.1529,0.5087,0.4401,4,0.5464,0.8107,2,22.5,13,3,0.5841,0.4805,1,SYNTHETIC
0.6242,0.6679,0.4902,5,0.7697,0.5143,0,1.77,12,0,0.2624,0.8942,1,SYNTHETIC
0.327,0.3257,0.3131,5,0.5055,0.4586,4,0.37,15,0,0.12,0.4434,0,SYNTHETIC
0.1755,0.1572,0.0,4,0.3672,0.923,5,33.68,10,1,0.382,0.4561,0,SYNTHETIC
0.9356,0.529,0.4902,4,0.4787,0.1429,1,40.52,13,2,0.3855,0.2718,0,SYNTHETIC
0.867,0.5463,0.5094,3,0.6258,0.3144,1,3.51,11,4,0.8769,0.5435,0,SYNTHETIC
0.5724,0.2905,0.2781,5,0.3435,0.6169,3,3.72,18,1,0.9533,0.212,1,SYNTHETIC
0.4558,0.3852,0.3434,6,0.4534,0.6129,3,56.69,6,0,0.7496,0.4982,0,SYNTHETIC
0.8741,0.9529,0.896,2,0.7243,0.0746,0,1.87,10,3,0.5605,0.9746,1,SYNTHETIC
0.4216,0.6066,0.5332,3,0.6428,0.7229,1,0.56,11,5,0.1099,0.5324,0,SYNTHETIC
0.5778,0.4301,0.3105,1,0.7549,0.2857,0,33.72,12,3,0.7302,0.9329,0,SYNTHETIC
0.7537,0.5983,0.5219,4,0.4715,0.5989,5,2.88,14,1,0.6371,0.6432,1,SYNTHETIC
0.241,0.3809,0.2772,6,0.3248,0.8293,1,22.57,15,0,0.5124,0.5141,1,SYNTHETIC
0.6942,0.8516,0.7819,5,0.5526,0.509,1,49.59,14,0,0.5059,0.5281,1,SYNTHETIC
0.677,0.9256,0.8392,4,0.6475,0.1486,0,8.58,11,3,0.7684,0.6554,1,SYNTHETIC
0.3744,0.4458,0.287,3,0.7837,0.1646,1,19.05,19,1,0.4498,1.0,0,SYNTHETIC
0.9321,0.7436,0.6664,2,0.8174,0.3581,1,93.49,8,2,0.5199,0.9833,0,SYNTHETIC
0.4102,0.3543,0.2733,2,0.5274,0.3443,1,1.6,13,2,0.6703,0.2417,0,SYNTHETIC
0.979,0.6323,0.6181,0,0.8205,0.2514,0,33.22,14,1,0.709,0.8367,0,SYNTHETIC
0.8594,0.7186,0.716,10,0.1796,0.3923,2,11.26,17,2,0.4755,0.3592,1,SYNTHETIC
0.5508,0.5696,0.3927,2,0.5527,0.4611,0,64.16,19,3,0.6779,0.769,1,SYNTHETIC
0.1423,0.1388,0.0312,7,0.3134,0.8414,0,12.3,14,1,0.196,0.2647,1,SYNTHETIC
0.2139,0.8379,0.683,7,0.3801,0.4372,1,12.46,16,1,0.3529,0.3476,0,SYNTHETIC
0.9337,0.7006,0.5216,4,0.393,0.5301,4,2.18,13,1,0.3936,0.3826,1,SYNTHETIC
0.5492,0.5688,0.4246,2,1.0,0.2776,1,17.88,18,2,0.5297,1.0,0,SYNTHETIC
0.3445,0.5017,0.46,5,0.5166,0.1621,1,140.03,16,1,0.7342,0.6221,1,SYNTHETIC
0.5131,0.8545,0.7289,3,0.7298,0.2903,2,60.04,10,1,0.5328,0.7559,0,SYNTHETIC
0.6653,0.8855,0.8044,1,0.6586,0.2037,1,30.32,12,0,0.2738,0.6817,0,SYNTHETIC
0.8159,0.4493,0.3527,4,0.6827,0.339,1,55.25,11,2,0.6535,0.9015,0,SYNTHETIC
0.6502,0.8229,0.7916,3,0.6813,0.5035,2,69.09,11,2,0.2421,0.4833,1,SYNTHETIC
0.4447,0.7918,0.7872,1,0.6594,0.2046,1,77.32,13,2,0.6856,0.5509,1,SYNTHETIC
0.874,0.8252,0.7852,2,0.8895,0.7212,1,13.02,14,0,0.8037,0.6783,1,SYNTHETIC
0.1617,0.5696,0.5272,6,0.108,0.6744,1,36.7,7,0,0.4929,0.3394,0,SYNTHETIC
0.3072,0.5691,0.3802,5,0.0799,0.5192,1,43.97,7,0,0.6092,0.152,0,SYNTHETIC
0.8677,0.6471,0.6414,5,0.7636,0.5355,2,73.81,12,0,0.6651,0.6382,1,SYNTHETIC
0.9145,0.8577,0.7858,1,0.8564,0.3016,1,11.19,12,1,0.5392,1.0,0,SYNTHETIC
0.6861,0.299,0.1376,4,0.348,0.8775,4,38.59,9,5,0.4573,0.3611,1,SYNTHETIC
0.6468,0.6125,0.5021,6,0.686,0.8291,3,7.1,9,1,0.4634,0.6142,0,SYNTHETIC
0.508,0.4416,0.3639,1,0.5069,0.4367,1,32.65,9,0,0.5558,0.5982,0,SYNTHETIC
0.6577,0.5713,0.5115,6,0.5045,0.3643,0,7.47,13,1,0.4986,0.182,1,SYNTHETIC
0.1906,0.218,0.1658,4,0.3434,0.6345,0,1.64,13,0,0.4893,0.357,0,SYNTHETIC
0.6902,0.495,0.3567,2,0.8677,0.4301,1,11.18,14,1,0.6148,0.9559,0,SYNTHETIC
0.8363,0.6808,0.572,2,0.8533,0.3004,1,13.93,11,3,0.8093,0.991,0,SYNTHETIC
0.7926,0.9293,0.8926,4,0.5259,0.3484,7,1.88,13,1,0.6418,0.3018,0,SYNTHETIC
0.5331,0.1547,0.1005,1,0.5027,0.6627,2,84.28,14,1,0.2232,0.5171,1,SYNTHETIC
0.5446,0.4173,0.324,5,0.3059,0.2598,0,10.05,14,2,0.5043,0.2922,1,SYNTHETIC
0.4049,0.4693,0.3706,4,0.4787,0.878,5,1.12,13,1,0.2804,0.5776,1,SYNTHETIC
0.7244,0.4842,0.2847,3,0.571,0.1457,2,0.29,13,0,0.7372,0.8061,0,SYNTHETIC
0.5386,0.5386,0.5363,2,0.3159,0.2766,1,2.45,20,1,0.6575,0.5424,0,SYNTHETIC
0.7755,0.6024,0.5966,5,0.3928,0.4738,1,25.31,14,3,0.7919,0.4159,0,SYNTHETIC
0.6462,0.497,0.3002,3,0.74,0.3522,0,47.22,12,2,0.4032,0.93,1,SYNTHETIC
0.0981,0.1391,0.1391,7,0.2121,0.4414,1,0.0,19,0,0.2974,0.1855,0,SYNTHETIC
0.5705,0.4175,0.22,5,0.4658,0.1871,1,8.29,12,2,0.6636,0.3942,1,SYNTHETIC
0.5289,0.8487,0.6892,2,0.738,0.1575,0,38.93,11,4,0.7692,0.8258,0,SYNTHETIC
0.6696,0.8028,0.6854,1,0.8694,0.4384,1,37.34,9,2,0.6216,0.5362,1,SYNTHETIC
0.4913,0.8334,0.7151,0,0.8701,0.2259,0,39.93,9,1,0.4431,1.0,0,SYNTHETIC
0.8763,0.602,0.5404,1,0.6287,0.4196,3,4.16,11,4,0.4292,0.6053,0,SYNTHETIC
0.7222,0.7849,0.6095,1,0.7546,0.8487,3,4.91,10,2,0.9332,0.8526,0,SYNTHETIC
0.59,0.767,0.6941,4,0.3095,0.1854,1,24.24,16,1,0.5694,0.5633,1,SYNTHETIC
0.3002,0.3326,0.2457,9,0.4125,0.4195,1,12.9,18,4,0.1915,0.4176,0,SYNTHETIC
0.1217,0.3961,0.3491,10,0.0,0.6964,1,55.29,16,0,0.1874,0.0,1,SYNTHETIC
0.2964,0.2321,0.2133,8,0.3984,0.7895,3,13.92,10,1,0.3379,0.0,0,SYNTHETIC
0.346,0.4792,0.2804,6,0.184,0.6027,0,1.25,14,0,0.6589,0.1527,0,SYNTHETIC
0.6669,0.5835,0.4131,6,0.4454,0.1484,2,79.8,21,4,0.3636,0.4611,1,SYNTHETIC
0.6343,0.4221,0.2316,2,0.6006,0.2849,0,51.38,12,2,0.5537,0.7492,0,SYNTHETIC
0.893,0.9028,0.7806,4,0.7109,0.3989,3,67.69,12,2,0.4544,0.7445,0,SYNTHETIC
0.7745,0.5333,0.4662,4,0.7023,0.6119,2,12.64,13,1,0.4863,0.8121,0,SYNTHETIC
0.9004,0.5114,0.4633,1,0.8333,0.0633,0,28.13,19,2,0.6478,0.4559,0,SYNTHETIC
0.0794,0.4935,0.3235,7,0.0527,0.6298,2,26.96,10,1,0.5395,0.0694,0,SYNTHETIC
0.727,0.6146,0.5649,2,0.7142,0.6246,1,11.8,14,3,0.6289,0.652,0,SYNTHETIC
0.0825,0.1128,0.0,9,0.0511,0.8791,4,0.27,13,0,0.4612,0.1492,1,SYNTHETIC
0.899,0.8601,0.6791,1,0.5291,0.4443,1,0.24,16,4,0.8265,0.6054,0,SYNTHETIC
0.4468,0.3047,0.2279,1,0.7998,0.4023,1,5.07,15,5,0.4844,0.8479,0,SYNTHETIC
0.7237,0.7764,0.6412,7,0.3409,0.2809,1,48.58,14,3,0.2419,0.2728,0,SYNTHETIC
0.6174,0.6838,0.4886,5,0.6382,0.1717,0,9.26,12,3,0.5342,0.677,0,SYNTHETIC
0.4731,0.5858,0.529,1,0.3624,0.1107,0,78.38,14,0,0.3303,0.7849,0,SYNTHETIC
0.6954,0.7811,0.6083,3,0.559,0.2249,0,17.42,15,2,0.2486,0.7024,0,SYNTHETIC
0.2089,0.2416,0.1268,7,0.2133,0.5476,2,63.77,15,1,0.3653,0.1758,1,SYNTHETIC
0.6381,0.5421,0.419,5,0.5102,0.4631,2,31.52,18,0,0.8655,0.2814,1,SYNTHETIC
0.2903,0.5144,0.4785,2,0.2761,0.3792,0,9.31,17,0,0.1056,0.1689,1,SYNTHETIC
0.6041,0.6852,0.6498,1,1.0,0.9482,6,23.65,16,5,0.3149,0.8766,0,SYNTHETIC
0.3163,0.622,0.4768,6,0.2793,0.527,1,16.62,12,1,0.2047,0.1798,0,SYNTHETIC
0.6945,0.7092,0.5282,5,0.5148,0.3146,2,50.79,10,0,0.7851,0.467,0,SYNTHETIC
0.6296,0.4962,0.4028,5,0.6925,0.225,1,24.5,11,1,0.6006,0.5925,0,SYNTHETIC
0.0679,0.7021,0.5641,8,0.7355,0.844,4,10.65,10,2,0.0917,0.5946,1,SYNTHETIC
0.4941,0.4257,0.2416,4,0.3011,0.7104,4,7.69,12,1,0.657,0.3073,0,SYNTHETIC
0.3862,0.4816,0.3032,2,0.4967,0.5025,2,12.94,15,1,0.5677,0.6585,0,SYNTHETIC
0.9339,0.7097,0.5819,2,0.7706,0.3809,0,14.13,16,4,0.5081,0.6911,0,SYNTHETIC
0.6509,0.503,0.4032,1,1.0,0.0221,0,21.25,18,2,0.2937,0.6379,0,SYNTHETIC
0.6132,0.512,0.4376,4,0.2584,0.3739,3,10.07,12,1,0.3954,0.486,1,SYNTHETIC
0.6577,0.7496,0.7305,2,0.4985,0.8076,2,73.29,14,1,0.2377,0.6447,0,SYNTHETIC
0.0998,0.1217,0.0128,6,0.2958,0.4427,3,3.04,13,1,0.2636,0.7246,1,SYNTHETIC
0.404,0.6463,0.4717,0,0.5714,0.0486,0,7.77,12,5,0.6698,0.6878,1,SYNTHETIC
0.2892,0.1537,0.0811,13,0.0451,0.9569,1,52.64,19,1,0.3341,0.0982,1,SYNTHETIC
0.2212,0.5953,0.4551,10,0.1693,0.2568,0,13.47,12,0,0.1708,0.0,0,SYNTHETIC
0.4981,0.4371,0.377,5,0.7974,0.2511,2,1.67,13,2,0.7924,0.9144,0,SYNTHETIC
0.5847,0.7152,0.6554,0,0.8177,0.2425,0,11.14,12,4,0.776,1.0,0,SYNTHETIC
0.7569,0.5081,0.4845,0,0.8225,0.2538,1,20.54,17,2,0.8431,0.9458,1,SYNTHETIC
0.4269,0.2556,0.1991,4,0.4168,0.6974,5,16.98,13,0,0.1739,0.1519,1,SYNTHETIC
0.1803,0.1097,0.0,3,0.4154,0.7434,1,12.62,12,1,0.5913,0.5659,0,SYNTHETIC
0.211,0.741,0.5662,4,0.4637,0.3793,0,25.53,7,2,0.4258,0.5017,0,SYNTHETIC
0.0054,0.6322,0.4857,5,0.147,0.7045,1,4.63,10,0,0.2782,0.2109,1,SYNTHETIC
0.9264,0.9289,0.854,3,0.9517,0.3155,0,15.0,22,1,0.6864,0.9008,0,SYNTHETIC
0.3707,0.6388,0.4563,3,0.3056,0.5493,0,21.56,16,1,0.675,0.3968,0,SYNTHETIC
0.7313,0.4979,0.3682,3,0.5977,0.0695,1,26.27,13,2,0.8946,0.6327,0,SYNTHETIC
0.63,0.6702,0.6128,0,0.6822,0.2374,0,12.25,9,3,0.5585,0.5619,0,SYNTHETIC
0.6243,0.7278,0.6418,6,0.3511,0.5708,1,15.71,9,2,0.7806,0.3516,0,SYNTHETIC
0.8749,0.612,0.5059,4,0.4001,0.5337,2,8.23,12,1,0.7699,0.3258,1,SYNTHETIC
0.6416,0.595,0.441,1,0.9368,0.2375,0,71.24,14,0,0.4684,0.7352,0,SYNTHETIC
0.5734,0.4855,0.3922,10,0.6357,0.5955,1,3.55,12,2,0.7945,0.336,1,SYNTHETIC
0.111,0.2714,0.1263,5,0.1663,0.8591,1,21.4,6,0,0.3018,0.3679,1,SYNTHETIC
0.2055,0.2371,0.0619,9,0.4317,0.3512,0,10.77,14,0,0.2987,0.3391,0,SYNTHETIC
0.2348,0.3496,0.1612,7,0.5517,0.4796,0,80.84,13,2,0.4614,0.4552,0,SYNTHETIC
0.3598,0.3672,0.227,6,0.469,0.3361,0,12.17,12,2,0.1975,0.5661,0,SYNTHETIC
0.144,0.5825,0.4918,8,0.2309,0.9509,0,9.89,12,1,0.5681,0.3423,1,SYNTHETIC
0.4583,0.3806,0.358,1,0.6742,0.3983,1,110.94,12,0,0.41,0.6864,1,SYNTHETIC
0.7661,0.6409,0.5781,4,0.8461,0.5885,1,2.77,15,3,0.5707,0.9178,0,SYNTHETIC
0.8144,0.6334,0.4967,2,0.7478,0.1529,0,1.07,13,1,0.9092,0.6426,0,SYNTHETIC
0.4993,0.5221,0.4394,2,0.6498,0.3713,1,0.17,13,0,0.8076,1.0,0,SYNTHETIC
0.6323,0.6841,0.4874,9,0.699,0.6853,0,21.49,12,3,0.8897,0.4564,0,SYNTHETIC
0.2579,0.5435,0.4881,3,0.6485,0.4968,0,0.08,11,3,0.2381,0.5226,0,SYNTHETIC
0.3539,0.5591,0.5377,1,0.7452,0.4056,2,21.69,9,2,0.5627,0.8657,0,SYNTHETIC
0.9476,0.8172,0.7073,2,0.7584,0.1128,1,11.61,11,2,0.2646,0.7295,1,SYNTHETIC
0.4897,0.2897,0.2289,5,0.0822,0.4117,1,20.51,11,0,0.1583,0.1894,0,SYNTHETIC
0.5951,0.7767,0.7325,1,0.9925,0.2778,0,1.34,13,1,0.766,1.0,0,SYNTHETIC
0.8601,0.3271,0.208,5,0.2619,0.271,0,13.47,15,1,0.8902,0.3756,1,SYNTHETIC
0.126,0.7131,0.6006,5,0.3565,0.497,1,55.47,14,2,0.5026,0.672,0,SYNTHETIC
0.5188,0.2222,0.1935,8,0.034,0.5926,1,0.9,13,2,0.3145,0.2264,0,SYNTHETIC
0.2556,0.5371,0.4598,3,0.7488,0.4348,3,5.14,15,0,0.8228,1.0,0,SYNTHETIC
0.8148,0.4357,0.2406,7,0.1791,0.4096,3,3.41,12,1,0.5127,0.0072,0,SYNTHETIC
0.6266,0.4374,0.3128,0,0.9934,0.3848,1,25.08,11,3,0.3302,1.0,0,SYNTHETIC
0.5641,0.3765,0.2533,8,0.3164,0.5794,0,7.22,8,0,0.8461,0.3793,1,SYNTHETIC
0.6851,0.1504,0.0893,6,0.2679,0.8241,2,15.07,15,2,0.4195,0.459,1,SYNTHETIC
0.5396,0.8308,0.7435,4,0.6522,0.127,2,24.84,7,2,0.4523,0.7999,0,SYNTHETIC
0.4306,0.3959,0.3016,4,0.5939,0.4195,0,119.7,12,1,0.6157,0.6599,1,SYNTHETIC
0.586,0.5729,0.5301,6,0.386,0.4038,0,18.09,14,3,0.6503,0.1609,1,SYNTHETIC
0.0643,0.2768,0.2331,3,0.3481,0.8541,1,27.58,15,2,0.421,0.7735,1,SYNTHETIC
0.2637,0.1621,0.0732,5,0.3838,0.7778,2,41.32,8,0,0.2888,0.416,1,SYNTHETIC
0.6949,0.6574,0.5627,0,0.7993,0.3909,3,11.64,10,4,0.8854,0.5804,1,SYNTHETIC
0.9376,0.7872,0.7665,4,0.4931,0.1151,0,18.41,13,2,0.2843,0.8086,0,SYNTHETIC
0.3225,0.3488,0.2036,6,0.0411,0.4438,1,4.18,9,1,0.1119,0.1191,1,SYNTHETIC
0.2548,0.186,0.0065,7,0.0689,0.8711,3,51.53,15,0,0.7071,0.2389,0,SYNTHETIC
0.5436,0.8146,0.8113,6,0.5185,0.187,0,10.24,15,0,0.4132,0.5856,1,SYNTHETIC
0.7717,0.4215,0.4191,2,0.7443,0.1453,0,15.29,9,0,0.4788,0.7584,1,SYNTHETIC
0.7305,0.8186,0.7027,2,0.7012,0.3832,1,18.15,14,2,0.8799,0.9344,0,SYNTHETIC
0.7223,0.7263,0.6263,2,0.6907,0.2479,3,154.28,13,2,0.4613,0.5263,0,SYNTHETIC
0.8985,0.4596,0.4487,3,0.4987,0.275,0,10.09,13,4,0.5733,0.8368,0,SYNTHETIC
0.5641,0.9628,0.7964,0,0.9347,0.1478,0,72.89,15,1,0.8632,0.814,1,SYNTHETIC
0.2628,0.6101,0.5921,4,0.3285,0.2915,0,8.78,9,1,0.2099,0.2352,0,SYNTHETIC
0.707,0.2421,0.0466,4,0.4808,0.3788,0,28.49,19,0,0.4693,0.421,0,SYNTHETIC
0.7888,0.8028,0.6375,3,0.6603,0.3278,0,3.2,12,2,0.1082,1.0,0,SYNTHETIC
0.6943,0.3385,0.2741,4,0.5191,0.3285,0,5.13,16,3,0.2834,0.5282,0,SYNTHETIC
0.6999,0.4108,0.2965,6,0.5886,0.6012,0,46.27,14,2,0.782,0.9179,1,SYNTHETIC
0.1491,0.6225,0.6032,10,0.3465,0.4864,1,45.72,11,0,0.2251,0.1793,0,SYNTHETIC
0.8482,0.935,0.7728,0,0.5307,0.0745,0,10.05,8,4,0.4784,0.7873,0,SYNTHETIC
0.4484,0.5838,0.5286,3,0.6922,0.3972,2,45.22,11,2,0.6277,0.8858,0,SYNTHETIC
0.1395,0.1697,0.1305,6,0.2585,0.867,2,0.82,12,1,0.1256,0.2748,1,SYNTHETIC
0.8735,0.2636,0.0707,2,0.5307,0.5121,2,5.76,11,3,0.1107,0.9069,0,SYNTHETIC
0.6859,0.578,0.4806,1,0.8507,0.401,2,28.96,18,5,0.7455,0.919,1,SYNTHETIC
0.2541,0.5177,0.4439,9,0.3056,0.8804,3,29.02,13,0,0.0825,0.3691,1,SYNTHETIC
0.6758,0.8257,0.6785,3,0.8835,0.0437,0,0.67,9,3,0.3394,0.8494,0,SYNTHETIC
0.38,0.3479,0.201,1,0.6295,0.8608,2,49.47,13,2,0.3134,0.6509,1,SYNTHETIC
0.785,0.5642,0.3768,4,0.7148,0.2688,0,23.45,15,2,0.6822,0.8352,0,SYNTHETIC
0.8635,0.7961,0.6935,1,0.8736,0.2177,2,31.48,15,3,0.4396,0.953,1,SYNTHETIC
0.3984,0.2774,0.1458,7,0.0556,0.8371,2,0.46,12,0,0.1672,0.4491,1,SYNTHETIC
0.7627,0.8534,0.7366,6,0.7774,0.6967,1,15.12,15,3,0.2521,0.279,0,SYNTHETIC
0.8806,0.915,0.7815,6,0.6033,0.8166,2,19.9,9,1,0.2207,0.6167,0,SYNTHETIC
0.1889,0.148,0.0,2,0.2434,0.5851,2,17.18,18,1,0.7353,0.2672,0,SYNTHETIC
0.7106,0.8665,0.8186,0,0.4743,0.1004,1,28.7,16,0,0.709,0.5803,0,SYNTHETIC
0.6753,0.584,0.5678,2,0.7102,0.2003,1,6.79,12,2,0.6115,0.9163,0,SYNTHETIC
0.2474,0.3947,0.3777,9,0.0213,0.5771,0,23.42,7,0,0.0908,0.3479,1,SYNTHETIC
0.3818,0.3699,0.3006,3,0.3694,0.3274,1,44.85,14,2,0.1098,0.2074,1,SYNTHETIC
0.8413,0.7489,0.5567,0,0.9338,0.1212,1,31.64,11,0,0.6947,0.7578,0,SYNTHETIC
0.7529,0.357,0.3443,2,0.6221,0.544,1,29.98,12,1,0.2472,0.6011,0,SYNTHETIC
0.5347,0.3169,0.1521,3,0.6386,0.4705,1,8.95,17,0,0.6233,0.7421,1,SYNTHETIC
0.9138,0.9144,0.7981,2,0.8177,0.0538,1,26.72,13,1,0.7564,0.7851,1,SYNTHETIC
0.8714,0.7641,0.6715,7,0.4314,0.7633,3,36.39,7,0,0.4549,0.4042,0,SYNTHETIC
0.6316,0.7112,0.5439,7,0.3403,0.3463,0,0.33,11,2,0.563,0.4503,0,SYNTHETIC
0.5181,0.2663,0.2425,4,0.6439,0.6652,2,5.79,7,2,0.3187,0.5699,1,SYNTHETIC
0.2294,0.3758,0.3493,1,0.3817,0.6113,0,60.54,15,1,0.6583,0.2321,0,SYNTHETIC
0.3767,0.1425,0.0358,7,0.1355,0.8485,0,24.94,12,0,0.1936,0.0484,1,SYNTHETIC
0.4344,0.1654,0.0,2,0.3009,0.685,2,57.21,13,0,0.4515,0.3119,1,SYNTHETIC
0.1447,0.2931,0.2749,5,0.078,0.8147,6,12.62,18,0,0.4465,0.0,1,SYNTHETIC
0.1638,0.1803,0.0,2,0.219,0.6463,2,2.83,14,1,0.3188,0.3762,0,SYNTHETIC
0.2053,0.7397,0.6575,9,0.1799,0.5203,3,66.02,11,0,0.1246,0.4023,1,SYNTHETIC
0.9028,0.3389,0.2156,5,0.4657,0.7224,0,6.06,12,0,0.6891,0.1642,1,SYNTHETIC
0.9353,0.9435,0.8329,3,0.6789,0.4482,1,5.75,10,0,0.5688,0.8953,0,SYNTHETIC
0.7683,0.5522,0.4772,1,0.8879,0.5831,1,15.63,15,1,0.7717,0.8462,0,SYNTHETIC
0.0812,0.2218,0.1389,3,0.5612,0.7196,1,29.39,11,1,0.5732,0.6107,1,SYNTHETIC
0.7452,0.8773,0.8496,1,0.7892,0.0956,0,8.17,16,1,0.8598,0.4777,0,SYNTHETIC
0.267,0.1596,0.1388,4,0.2567,0.753,4,6.03,12,0,0.2782,0.6167,0,SYNTHETIC
0.4805,0.7147,0.5349,2,0.5281,0.5807,3,34.46,9,1,0.7477,0.3687,0,SYNTHETIC
0.7538,0.7327,0.7178,1,0.6176,0.3487,3,10.02,15,4,0.1951,0.7946,0,SYNTHETIC
0.5661,0.5654,0.5202,2,0.9228,0.6516,1,1.72,11,3,0.6044,1.0,1,SYNTHETIC
0.4252,0.484,0.4574,6,0.4194,0.3734,2,15.27,10,1,0.6437,0.5812,0,SYNTHETIC
0.4956,0.428,0.3429,1,0.0113,0.9299,2,12.59,13,0,0.1004,0.0,1,SYNTHETIC
0.6809,0.8811,0.8121,4,0.6036,0.21,3,14.57,11,2,0.5508,0.5703,0,SYNTHETIC
0.752,0.6295,0.5816,0,0.9661,0.1513,1,22.17,16,2,0.2513,0.838,0,SYNTHETIC
0.6665,0.4891,0.447,4,0.6463,0.6884,1,20.58,12,3,0.8625,0.4263,0,SYNTHETIC
0.9397,0.6909,0.5294,3,0.4372,0.5069,1,22.82,10,0,0.9175,0.163,1,SYNTHETIC
0.2229,0.4961,0.4404,7,0.2104,0.6926,1,0.27,12,1,0.2506,0.0494,1,SYNTHETIC
0.7142,0.2736,0.2427,2,0.6335,0.6069,0,17.19,10,1,0.5277,0.5739,0,SYNTHETIC
0.6149,0.8135,0.7385,5,0.519,0.2106,1,3.23,10,1,0.6663,0.4052,1,SYNTHETIC
0.1015,0.3915,0.3022,6,0.0467,0.3756,1,31.73,15,0,0.6155,0.0492,0,SYNTHETIC
0.7887,0.7119,0.6622,3,0.8639,0.1013,0,10.05,9,2,0.6024,1.0,0,SYNTHETIC
0.6256,0.2209,0.1892,5,0.5516,0.297,1,14.54,11,1,0.8359,0.638,1,SYNTHETIC
0.654,0.3475,0.2598,4,0.5033,0.4445,1,87.37,15,1,0.407,0.1833,1,SYNTHETIC
0.8294,0.1766,0.0083,3,0.9486,0.1676,0,4.15,14,2,0.8866,0.9254,0,SYNTHETIC
0.3565,0.4484,0.2553,6,0.2135,0.5759,2,11.95,15,0,0.2911,0.0,1,SYNTHETIC
0.7833,0.8052,0.6967,1,0.7501,0.0588,0,9.5,16,2,0.8245,0.3415,0,SYNTHETIC
0.712,0.7923,0.648,0,0.9859,0.4195,4,23.0,8,3,0.3691,0.9139,0,SYNTHETIC
0.8984,0.9644,0.8029,1,0.6753,0.1508,0,10.16,10,1,0.7439,0.7108,0,SYNTHETIC
0.7482,0.6769,0.65,4,0.5439,0.4951,3,32.82,12,2,0.4485,0.7456,0,SYNTHETIC
0.5075,0.8205,0.7374,7,0.0875,0.4287,0,3.23,12,0,0.878,0.3245,1,SYNTHETIC
0.2587,0.3062,0.2775,7,0.1662,0.5436,3,2.18,14,0,0.5323,0.0293,1,SYNTHETIC
0.4159,0.7307,0.5706,5,0.5493,0.5669,4,28.51,14,1,0.722,0.5992,1,SYNTHETIC
0.6242,0.8173,0.797,2,0.9044,0.3641,0,16.8,14,3,0.9064,0.6654,1,SYNTHETIC
0.6769,0.9105,0.801,3,0.7845,0.2598,3,3.33,15,3,0.872,0.788,1,SYNTHETIC
0.2636,0.7598,0.6164,2,0.6311,0.7468,3,7.61,11,3,0.3311,0.7065,0,SYNTHETIC
0.1999,0.7399,0.5605,7,0.2738,0.9691,1,30.59,15,1,0.4026,0.4122,1,SYNTHETIC
0.3604,0.1963,0.0559,5,0.2815,0.7235,1,27.87,13,0,0.2209,0.1891,1,SYNTHETIC
0.342,0.5458,0.4151,3,0.7937,0.6976,4,5.56,11,1,0.0925,0.5345,1,SYNTHETIC
0.1928,0.1427,0.0715,8,0.147,0.7316,2,9.58,13,1,0.1081,0.18,1,SYNTHETIC
0.5928,0.6119,0.5682,1,0.766,0.2977,5,42.0,10,7,0.4845,0.5431,0,SYNTHETIC
0.0458,0.2136,0.0532,2,0.2924,0.7724,0,22.27,10,2,0.6614,0.3233,1,SYNTHETIC
0.9209,0.7306,0.5525,1,0.8984,0.2863,0,8.77,15,1,0.3791,1.0,0,SYNTHETIC
0.0335,0.3876,0.2097,2,0.6244,0.5794,3,0.96,10,1,0.1443,0.056,1,SYNTHETIC
0.6751,0.8556,0.6929,3,0.5144,0.5801,0,22.87,9,1,0.2176,0.6527,0,SYNTHETIC
0.8875,0.612,0.4974,8,0.2657,0.7495,3,56.95,7,0,0.4936,0.0268,0,SYNTHETIC
0.489,0.6831,0.5541,6,0.4631,0.7051,2,18.54,19,1,0.4841,0.4345,0,SYNTHETIC
0.576,0.9323,0.8004,1,1.0,0.4106,1,13.26,10,2,0.9055,0.8554,0,SYNTHETIC
0.5428,0.6757,0.4988,3,0.4873,0.697,0,9.91,9,1,0.6113,0.291,1,SYNTHETIC
0.917,0.8087,0.7691,1,0.7785,0.2381,0,39.38,9,3,0.0975,0.8259,0,SYNTHETIC
0.6541,0.5291,0.3694,2,0.6042,0.1169,0,54.17,12,1,0.5505,0.7569,0,SYNTHETIC
0.225,0.3832,0.3636,8,0.5009,0.8001,2,3.65,17,1,0.2236,0.4131,1,SYNTHETIC
0.392,0.3577,0.2171,7,0.1682,0.4477,1,13.12,16,2,0.1549,0.5097,1,SYNTHETIC
0.582,0.5289,0.3521,7,0.3835,0.6324,5,42.57,11,0,0.0691,0.5504,1,SYNTHETIC
0.5358,0.4571,0.333,6,0.6296,0.5432,0,43.81,17,0,0.7739,0.5953,1,SYNTHETIC
0.2723,0.4013,0.2664,10,0.1804,0.8297,3,7.37,13,1,0.2597,0.2415,1,SYNTHETIC
0.297,0.2651,0.0969,9,0.6297,0.6021,2,7.27,11,1,0.4964,0.3223,0,SYNTHETIC
0.9395,0.7039,0.6406,2,0.6807,0.0408,0,8.64,15,2,0.6589,0.8165,0,SYNTHETIC
0.4884,0.6297,0.6034,7,0.5384,0.1579,0,8.44,9,3,0.6498,0.5413,0,SYNTHETIC
0.3696,0.1387,0.0091,5,0.3952,0.6887,2,7.71,18,1,0.1906,0.3751,1,SYNTHETIC
0.7447,0.7898,0.6076,2,0.9152,0.2488,0,8.24,17,1,0.8988,0.481,0,SYNTHETIC
0.0767,0.1662,0.0,3,0.2804,0.5382,2,28.91,16,1,0.7302,0.5586,1,SYNTHETIC
0.0668,0.6837,0.4865,3,0.4441,0.5492,0,17.23,11,1,0.1674,0.4717,0,SYNTHETIC
0.5931,0.431,0.3666,1,0.6803,0.5036,4,3.21,15,4,0.384,0.975,0,SYNTHETIC
0.5167,0.5498,0.5348,7,0.23,0.8123,6,72.27,11,1,0.3697,0.1272,1,SYNTHETIC
0.1739,0.0856,0.0,7,0.3965,0.7275,1,38.26,9,1,0.4734,0.1912,1,SYNTHETIC
0.362,0.5669,0.4019,4,0.0929,0.7171,3,15.94,11,2,0.1078,0.2046,1,SYNTHETIC
0.0726,0.2564,0.0838,8,0.0773,0.5686,1,49.28,13,0,0.1692,0.303,1,SYNTHETIC
0.7739,0.9376,0.7583,2,0.7541,0.1537,1,5.97,11,3,0.0996,0.9496,0,SYNTHETIC
0.0561,0.3014,0.2127,6,0.2538,0.8307,3,17.72,13,0,0.3861,0.4028,0,SYNTHETIC
0.7837,0.7003,0.5566,3,0.43,0.5941,2,61.88,13,4,0.4201,0.647,0,SYNTHETIC
0.9412,0.8741,0.751,3,0.8646,0.2819,0,36.87,10,4,0.4194,0.992,0,SYNTHETIC
0.1707,0.1547,0.0543,7,0.1462,0.5039,3,4.39,16,1,0.2053,0.13,1,SYNTHETIC
0.9148,0.7653,0.6959,0,1.0,0.076,0,16.39,11,2,0.8677,1.0,1,SYNTHETIC
0.378,0.2821,0.2807,6,0.2713,0.7132,3,21.49,15,1,0.1571,0.1634,1,SYNTHETIC
0.4682,0.858,0.6926,1,0.7559,0.2546,1,1.61,14,2,0.777,0.5585,1,SYNTHETIC
0.2391,0.379,0.3556,5,0.5697,0.2853,0,6.17,12,0,0.9596,0.6131,0,SYNTHETIC
0.1093,0.3791,0.182,7,0.1252,0.7326,1,17.79,15,1,0.3893,0.2652,0,SYNTHETIC
0.4385,0.1007,0.0,3,0.1623,0.412,0,31.41,13,2,0.5418,0.377,1,SYNTHETIC
0.33,0.3326,0.1774,4,0.3902,0.5849,0,26.82,12,1,0.0662,0.4479,1,SYNTHETIC
0.536,0.8182,0.6754,0,0.689,0.3739,1,23.79,14,2,0.8032,0.5952,1,SYNTHETIC
0.4517,0.2485,0.0974,5,0.1083,0.8803,0,52.68,13,0,0.1168,0.2462,1,SYNTHETIC
0.7537,0.8742,0.7655,6,0.6752,0.7539,4,3.19,12,3,0.4839,0.7847,1,SYNTHETIC
0.8362,0.6607,0.4668,1,0.4958,0.4713,2,41.2,11,3,0.9727,0.5074,0,SYNTHETIC
0.52,0.5787,0.5483,8,0.3803,0.5962,0,4.46,11,1,0.511,0.4298,1,SYNTHETIC
0.9954,0.7941,0.7066,0,0.9583,0.2109,3,44.12,12,3,0.1805,0.9788,1,SYNTHETIC
0.7561,0.6709,0.5937,5,0.5016,0.722,2,4.15,14,0,0.6185,0.5347,0,SYNTHETIC
0.7357,0.5686,0.4997,9,0.4961,0.3889,1,34.88,11,1,0.5299,0.2772,1,SYNTHETIC
0.3712,0.3898,0.2046,4,0.315,0.657,1,1.27,14,2,0.3139,0.5024,1,SYNTHETIC
0.4489,0.4844,0.4825,6,0.7758,0.5459,2,104.78,20,2,0.8589,0.6296,1,SYNTHETIC
0.7838,0.3468,0.3186,2,0.5451,0.1464,0,9.81,8,2,0.6251,0.5435,0,SYNTHETIC
0.5927,0.6786,0.6589,6,0.446,0.9267,5,23.53,15,0,0.3873,0.3673,1,SYNTHETIC
0.0929,0.4783,0.4648,5,0.181,0.4538,1,21.46,16,0,0.1357,0.0731,0,SYNTHETIC
0.4434,0.5895,0.4071,9,0.0018,0.6435,2,1.86,13,0,0.5673,0.0271,1,SYNTHETIC
0.5826,0.7451,0.554,3,0.7907,0.4163,2,44.25,10,3,0.3554,0.8501,0,SYNTHETIC
0.7282,0.8629,0.8354,0,1.0,0.1145,1,5.23,15,2,0.7668,1.0,0,SYNTHETIC
0.9651,0.5146,0.3696,1,0.9163,0.2969,1,158.99,11,2,0.6972,0.6542,0,SYNTHETIC
0.8434,0.6763,0.5352,2,0.5496,0.5416,4,4.28,11,3,0.7322,0.4567,0,SYNTHETIC
0.6518,0.356,0.2961,3,0.7897,0.2105,1,18.12,16,4,0.6098,0.9282,1,SYNTHETIC
0.752,0.8026,0.6694,0,0.9017,0.118,0,0.7,13,4,0.6001,1.0,0,SYNTHETIC
0.739,0.6231,0.478,2,0.6647,0.4874,1,36.25,17,4,0.6489,0.7451,1,SYNTHETIC
0.3552,0.4377,0.2609,3,0.3978,0.2754,2,14.84,12,2,0.7255,0.2004,0,SYNTHETIC
0.2714,0.1155,0.0774,5,0.352,0.5856,2,6.09,15,3,0.1313,0.5123,1,SYNTHETIC
0.3269,0.1143,0.0,6,0.137,0.4569,2,51.73,13,0,0.1148,0.1983,0,SYNTHETIC
0.2446,0.7181,0.6179,4,0.598,0.2423,1,38.1,13,2,0.6197,0.5172,1,SYNTHETIC
0.3415,0.3318,0.2354,6,0.2281,0.7184,0,29.03,13,3,0.4018,0.0,1,SYNTHETIC
0.6677,0.5311,0.362,1,0.3468,0.161,0,11.99,6,0,0.5659,0.3557,1,SYNTHETIC
0.3609,0.5754,0.5048,6,0.274,0.1377,1,2.53,16,1,0.7691,0.612,0,SYNTHETIC
0.5132,0.5387,0.4271,2,1.0,0.6814,1,0.19,10,6,0.6655,1.0,1,SYNTHETIC
0.7112,0.6609,0.5587,4,0.5661,0.5818,1,21.31,17,0,0.8704,0.7403,0,SYNTHETIC
0.6433,0.5272,0.4569,11,0.4363,0.4253,1,20.65,14,0,0.6015,0.1297,1,SYNTHETIC
0.9108,0.8524,0.8339,1,0.6662,0.0799,0,39.9,11,3,0.7592,0.7617,1,SYNTHETIC
0.8084,0.8516,0.8402,0,0.8774,0.4304,2,30.63,14,3,0.8141,1.0,0,SYNTHETIC
0.7066,0.5424,0.4901,8,0.2731,0.6268,0,6.32,14,1,0.5488,0.0028,1,SYNTHETIC
0.2233,0.4621,0.3395,1,0.5113,0.7953,1,24.42,13,0,0.48,0.4049,0,SYNTHETIC
0.8804,0.5927,0.5422,1,0.4414,0.4917,3,6.71,13,1,0.569,0.5039,0,SYNTHETIC
0.5454,0.5412,0.5256,5,0.8302,0.508,1,57.98,15,3,0.7989,0.9759,1,SYNTHETIC
0.8004,0.6675,0.5419,1,0.9541,0.2031,0,6.16,15,5,0.7199,1.0,0,SYNTHETIC
0.5926,0.4784,0.3965,1,0.859,0.1918,0,116.72,16,4,0.6918,0.7121,0,SYNTHETIC
0.4527,0.4529,0.4381,1,0.8029,0.4326,0,13.94,13,2,0.5848,0.8574,0,SYNTHETIC
0.4892,0.7005,0.6895,2,0.7701,0.4343,0,28.83,11,3,0.8803,0.8924,0,SYNTHETIC
0.6201,0.7477,0.7389,3,1.0,0.4097,0,4.88,13,2,0.3851,0.7377,0,SYNTHETIC
0.3361,0.2312,0.0712,5,0.5966,0.6021,1,77.85,10,3,0.5349,0.497,1,SYNTHETIC
0.6971,0.6601,0.6514,1,0.7531,0.1859,0,14.78,14,1,0.6907,0.8796,0,SYNTHETIC
0.283,0.5642,0.4298,2,0.5345,0.7899,4,24.3,8,1,0.5507,0.5672,0,SYNTHETIC
0.7367,0.8156,0.678,4,0.5918,0.6158,2,11.91,19,1,0.1197,0.5242,0,SYNTHETIC
0.6222,0.7848,0.6186,4,0.5765,0.6913,2,68.97,12,3,0.5267,0.5444,1,SYNTHETIC
0.3075,0.6657,0.5628,3,0.6839,0.3382,0,3.06,20,2,0.9372,0.7622,0,SYNTHETIC
0.2527,0.7864,0.6638,4,0.5086,0.3656,2,18.91,11,0,0.4456,0.6847,0,SYNTHETIC
0.639,0.506,0.4286,2,0.511,0.3194,1,69.87,13,0,0.6654,0.3806,0,SYNTHETIC
0.3916,0.8813,0.8387,3,0.5362,0.3238,2,29.28,13,1,0.6927,0.7872,0,SYNTHETIC
0.3101,0.2828,0.1265,6,0.2905,0.4672,3,20.77,14,2,0.1416,0.3919,0,SYNTHETIC
0.9709,0.9349,0.818,0,0.853,0.2863,0,7.9,13,2,0.2194,0.9981,0,SYNTHETIC
0.5395,0.8301,0.7417,4,0.5087,0.2222,1,14.88,9,4,0.7762,0.4715,1,SYNTHETIC
0.8664,0.8178,0.7323,4,0.7793,0.4208,1,4.54,13,1,0.4824,0.693,0,SYNTHETIC
0.1389,0.4352,0.4282,4,0.4408,0.6219,2,7.54,8,2,0.1616,0.5569,0,SYNTHETIC
0.1608,0.2261,0.1154,6,0.3681,0.7288,4,3.18,19,0,0.2476,0.2993,0,SYNTHETIC
0.4391,0.2321,0.1978,0,0.5121,0.7765,3,18.66,18,0,0.4453,0.3159,1,SYNTHETIC
0.6508,0.7706,0.6518,2,0.6839,0.7784,1,8.4,14,1,0.6558,1.0,1,SYNTHETIC
0.1002,0.117,0.0,6,0.3643,0.5979,2,0.62,13,0,0.456,0.3043,0,SYNTHETIC
0.645,0.7809,0.6056,6,0.3304,0.4375,1,15.52,18,0,0.8938,0.5965,0,SYNTHETIC
0.7258,0.4276,0.3048,3,0.9125,0.437,3,4.23,10,0,0.4662,0.9414,1,SYNTHETIC
0.7226,0.9077,0.8879,6,0.5017,0.2155,0,65.64,14,2,0.6981,0.5774,1,SYNTHETIC
0.8383,0.4317,0.4101,1,0.6505,0.5277,3,4.37,11,2,0.4208,0.7012,0,SYNTHETIC
0.3785,0.1134,0.0,9,0.135,0.6682,2,23.9,18,0,0.2943,0.256,1,SYNTHETIC
0.622,0.5446,0.4322,0,0.8819,0.3784,1,34.71,8,3,0.483,0.9867,0,SYNTHETIC
0.7271,0.6652,0.5531,1,0.9502,0.2203,0,73.38,13,0,0.8528,0.6402,0,SYNTHETIC
0.7665,0.5716,0.5266,2,0.8788,0.7207,1,7.74,12,0,0.2721,0.9472,0,SYNTHETIC
0.4564,0.5423,0.4004,4,0.7775,0.5507,2,13.49,11,1,0.5132,0.6298,0,SYNTHETIC
0.3943,0.3416,0.2746,3,0.4995,0.3502,0,17.5,17,0,0.1275,0.3716,0,SYNTHETIC
0.1048,0.2925,0.1718,1,0.6394,0.8198,4,5.41,16,2,0.1053,0.524,1,SYNTHETIC
0.5621,0.8251,0.702,4,0.251,0.5208,1,17.72,13,0,0.459,0.2354,1,SYNTHETIC
0.1867,0.5541,0.4183,5,0.1787,0.7875,2,0.85,5,0,0.0805,0.2201,1,SYNTHETIC
0.3948,0.2752,0.1185,2,0.4444,0.3225,0,5.82,11,1,0.3208,0.1584,0,SYNTHETIC
0.3514,0.2268,0.2133,5,0.5629,0.8431,4,57.38,9,2,0.0762,0.6269,1,SYNTHETIC
0.8688,0.7238,0.6865,1,0.7598,0.5784,3,14.91,9,2,0.813,0.793,0,SYNTHETIC
0.5497,0.693,0.5071,12,0.1391,0.5833,1,4.95,8,1,0.4048,0.3399,1,SYNTHETIC
0.2601,0.1513,0.0747,2,0.546,0.7409,5,0.07,15,5,0.4331,0.6369,1,SYNTHETIC
0.5519,0.5833,0.4062,2,0.8682,0.3888,1,16.78,12,3,0.3466,0.8784,0,SYNTHETIC
0.928,0.7009,0.5776,2,0.8244,0.3266,1,23.93,12,3,0.6118,0.6658,0,SYNTHETIC
0.4002,0.6782,0.6382,4,0.6389,0.5101,1,33.38,9,1,0.7705,0.3323,0,SYNTHETIC
0.7338,0.8963,0.7133,1,0.8104,0.2183,1,0.66,12,5,0.4311,0.6173,0,SYNTHETIC
0.7717,0.831,0.7539,2,0.8047,0.3752,1,43.91,18,2,0.7139,1.0,0,SYNTHETIC
0.2175,0.2526,0.123,6,0.1567,0.6858,1,8.28,14,0,0.3009,0.5234,1,SYNTHETIC
0.593,0.6668,0.6041,2,0.6564,0.6235,3,44.33,12,0,0.9389,0.6881,1,SYNTHETIC
0.9066,0.9126,0.8245,1,0.7974,0.0337,0,1.7,12,1,0.4542,0.5658,0,SYNTHETIC
0.4252,0.5732,0.429,4,0.0321,0.6545,0,1.99,11,0,0.6006,0.2916,1,SYNTHETIC
0.9506,0.805,0.793,3,0.9512,0.3373,1,25.45,13,0,0.4669,0.7062,0,SYNTHETIC
0.8803,0.6145,0.5567,1,1.0,0.1679,0,17.82,15,1,0.898,1.0,0,SYNTHETIC
0.5263,0.4882,0.369,11,0.1927,0.7774,4,3.32,12,0,0.3739,0.2471,1,SYNTHETIC
0.8968,0.8007,0.6513,1,0.844,0.0677,0,15.5,11,4,0.6122,0.6951,0,SYNTHETIC
0.6154,0.5307,0.3545,5,0.6977,0.3444,1,8.35,13,3,0.2519,0.1369,1,SYNTHETIC
0.3791,0.7591,0.5651,5,0.6785,0.3607,0,50.28,8,1,0.8448,0.7206,1,SYNTHETIC
0.8196,0.3042,0.2875,4,0.2606,0.7505,1,0.86,9,1,0.4775,0.57,0,SYNTHETIC
0.6455,0.371,0.2464,3,0.9283,0.0847,0,29.1,8,1,0.5149,0.7028,0,SYNTHETIC
0.3661,0.3101,0.2317,3,0.5913,0.6642,1,5.86,12,2,0.6796,0.6926,0,SYNTHETIC
0.6192,0.7565,0.6226,4,0.8239,0.5448,0,14.45,12,5,0.7498,0.6129,0,SYNTHETIC
0.3586,0.4738,0.4348,7,0.5233,0.6448,0,10.76,15,1,0.2278,0.3094,1,SYNTHETIC
0.2801,0.2787,0.1247,3,0.6087,0.4917,1,57.86,14,0,0.2442,0.5637,1,SYNTHETIC
0.9092,0.9151,0.7547,0,1.0,0.4718,3,29.43,15,5,0.4165,1.0,0,SYNTHETIC
0.4764,0.7725,0.5726,8,0.7521,0.5925,2,98.29,10,1,0.8307,0.5569,0,SYNTHETIC
0.7452,0.779,0.6956,5,0.4273,0.1734,0,19.86,15,1,0.6723,0.493,0,SYNTHETIC
0.8747,0.6056,0.5261,4,0.3415,0.387,0,26.88,14,3,0.7703,0.5842,0,SYNTHETIC
0.4332,0.242,0.0923,5,0.5724,0.2814,0,48.41,9,1,0.6387,0.3626,1,SYNTHETIC
0.5433,0.6652,0.6464,4,0.9404,0.4679,2,0.37,15,1,0.2026,0.6569,0,SYNTHETIC
0.7465,0.82,0.7312,2,0.8473,0.2489,0,6.41,11,3,0.5038,0.9138,0,SYNTHETIC
0.2897,0.2311,0.207,6,0.0,0.7703,1,128.55,12,1,0.1962,0.0,0,SYNTHETIC
0.3261,0.7779,0.7467,4,0.6502,0.7398,0,4.23,14,0,0.4519,0.6258,1,SYNTHETIC
0.6889,0.2593,0.2447,1,0.6489,0.2407,0,32.26,15,4,0.5155,0.4862,0,SYNTHETIC
0.4375,0.2264,0.2039,7,0.1904,0.6857,2,0.44,10,2,0.2545,0.0491,1,SYNTHETIC
0.6876,0.7581,0.673,0,0.3708,0.5559,6,29.86,10,2,0.6296,0.4968,1,SYNTHETIC
0.4129,0.0404,0.0,4,0.2471,0.4754,1,13.3,21,3,0.2798,0.251,1,SYNTHETIC
0.5349,0.5929,0.552,3,0.8408,0.2658,0,4.56,16,3,0.6848,0.8188,0,SYNTHETIC
0.2412,0.3619,0.1975,1,0.479,0.8385,1,25.85,14,3,0.5535,0.7723,0,SYNTHETIC
0.5804,0.3741,0.1807,5,0.6395,0.3654,1,37.87,13,2,0.4905,0.5283,0,SYNTHETIC
0.3192,0.4646,0.3871,4,0.3366,0.6771,3,60.47,8,2,0.2165,0.1072,1,SYNTHETIC
0.5184,0.1333,0.0806,3,0.2825,0.9037,4,23.64,15,0,0.1968,0.1133,0,SYNTHETIC
0.9236,0.4089,0.2556,2,0.6022,0.3792,0,4.59,16,3,0.5043,0.6122,0,SYNTHETIC
0.4577,0.6426,0.452,1,0.6287,0.4657,1,5.96,15,2,0.797,0.4565,1,SYNTHETIC
0.2186,0.6196,0.5078,0,0.4522,0.5178,1,8.46,15,2,0.3403,0.6326,1,SYNTHETIC
0.4176,0.5727,0.5653,1,0.8258,0.5789,1,16.11,12,1,0.8534,0.9477,0,SYNTHETIC
0.3719,0.0867,0.0,4,0.3788,0.4803,1,0.07,15,1,0.2925,0.3558,0,SYNTHETIC
0.5236,0.7998,0.6514,4,0.6283,0.6084,2,126.05,10,3,0.7373,0.9003,0,SYNTHETIC
0.4426,0.7753,0.7029,2,0.4771,0.3818,0,6.42,12,2,0.7269,0.7027,0,SYNTHETIC
0.3156,0.7905,0.7537,0,0.773,0.6079,0,3.01,15,1,0.512,0.6746,0,SYNTHETIC
0.1819,0.6048,0.4595,4,0.306,0.2746,1,46.07,12,0,0.1429,0.1239,1,SYNTHETIC
0.7963,0.8015,0.6149,1,0.6119,0.2515,0,63.4,18,1,0.9343,0.8496,0,SYNTHETIC
0.6611,0.855,0.7827,1,0.8438,0.1681,0,20.81,14,2,0.2393,0.7091,0,SYNTHETIC
0.3284,0.519,0.4849,5,0.6622,0.297,1,70.38,11,4,0.6277,0.6524,0,SYNTHETIC
0.6512,0.6001,0.502,3,0.4901,0.6248,4,20.15,16,2,0.4581,0.4002,1,SYNTHETIC
0.8254,0.7335,0.7281,2,0.6645,0.6957,3,49.36,11,1,0.6292,0.6659,0,SYNTHETIC
0.8843,0.6838,0.5817,1,0.852,0.4286,2,19.23,11,7,0.4223,0.8729,0,SYNTHETIC
0.5618,0.4031,0.214,2,0.4542,0.2889,1,2.81,11,0,0.4363,0.4348,1,SYNTHETIC
0.6185,0.6959,0.5986,2,0.7815,0.4185,1,110.54,13,2,0.9713,0.7753,1,SYNTHETIC
0.5466,0.7828,0.6253,5,0.3912,0.4376,1,2.71,9,2,0.5182,0.4792,0,SYNTHETIC
0.7417,0.6053,0.5072,4,0.2457,0.3715,2,4.8,11,0,0.4235,0.2154,1,SYNTHETIC
0.2208,0.445,0.35,2,0.7152,0.3166,1,18.59,13,1,0.7583,0.5602,0,SYNTHETIC
0.3239,0.2664,0.1098,1,0.6317,0.5806,0,6.74,12,1,0.628,0.7258,1,SYNTHETIC
0.2802,0.1819,0.1675,4,0.3817,0.5688,3,1.59,16,0,0.0238,0.4607,1,SYNTHETIC
0.9527,0.6462,0.4996,1,0.9036,0.1872,0,15.05,11,3,0.4402,0.8769,1,SYNTHETIC
0.0625,0.1449,0.0288,5,0.2579,0.5891,2,7.29,17,1,0.4441,0.1569,0,SYNTHETIC
0.3729,0.4725,0.2927,7,0.3792,0.8039,3,2.42,7,1,0.2276,0.441,0,SYNTHETIC
0.2685,0.392,0.3676,2,0.2854,0.6901,2,18.82,8,0,0.3361,0.2158,1,SYNTHETIC
0.4975,0.0608,0.0,5,0.0469,0.9428,1,9.05,15,0,0.4997,0.0,0,SYNTHETIC
0.157,0.3852,0.2478,4,0.1324,0.6806,3,2.69,10,0,0.0859,0.0,1,SYNTHETIC
0.129,0.1685,0.1185,0,0.5203,0.5324,1,26.3,19,3,0.2624,0.5822,0,SYNTHETIC
0.1566,0.2822,0.1938,4,0.0352,0.2702,0,18.2,10,0,0.7084,0.1066,0,SYNTHETIC
0.3753,0.2743,0.224,9,0.349,0.6804,2,8.59,11,0,0.1919,0.3,0,SYNTHETIC
0.6407,0.5526,0.5315,0,0.7741,0.4891,0,19.12,14,2,0.2294,1.0,0,SYNTHETIC
0.7222,0.7309,0.5434,3,0.4774,0.3908,1,71.24,14,2,0.5974,0.365,1,SYNTHETIC
0.6464,0.9542,0.8808,3,0.6112,0.0473,0,105.52,8,2,0.5321,0.6854,0,SYNTHETIC
0.5645,0.4696,0.3016,3,0.6556,0.3349,0,7.35,15,2,0.712,0.3058,1,SYNTHETIC
0.8149,0.9525,0.7727,1,0.725,0.4425,0,40.68,7,2,0.6997,0.6863,0,SYNTHETIC
0.629,0.3382,0.2443,7,0.6668,0.6494,3,24.26,15,0,0.641,0.6475,0,SYNTHETIC
0.6956,0.7242,0.6596,0,0.7262,0.4659,1,4.49,12,1,0.828,0.7836,0,SYNTHETIC
0.7272,0.8382,0.7046,1,0.9176,0.4764,3,47.57,15,4,0.7124,0.7773,0,SYNTHETIC
0.7017,0.4465,0.3539,2,0.5805,0.2035,0,4.99,13,0,0.6842,0.8667,1,SYNTHETIC
0.9151,0.7519,0.6866,2,0.7624,0.3363,1,29.41,18,3,0.4742,0.7593,1,SYNTHETIC
0.8638,0.5579,0.4041,1,0.5457,0.0216,0,38.51,13,4,0.7814,0.6267,1,SYNTHETIC
0.1987,0.2053,0.1163,6,0.5921,0.9121,0,7.76,16,2,0.4453,0.4008,1,SYNTHETIC
0.3318,0.4451,0.2647,4,0.0924,0.4649,1,2.21,13,0,0.2937,0.6215,1,SYNTHETIC
0.1687,0.7085,0.5256,6,0.4654,0.471,3,105.45,13,2,0.1472,0.4611,0,SYNTHETIC
0.4271,0.5894,0.4815,4,0.3929,0.2642,3,8.53,9,1,0.6366,0.1179,0,SYNTHETIC
0.684,0.664,0.5589,1,0.6342,0.7491,3,12.78,11,2,0.6431,0.8529,1,SYNTHETIC
0.7821,0.469,0.3317,0,0.7147,0.4225,2,18.01,14,4,0.2155,0.7907,0,SYNTHETIC
0.6939,0.4804,0.2829,1,0.4347,0.2455,0,19.47,10,1,0.8773,0.5934,0,SYNTHETIC
0.6603,0.8092,0.6109,1,0.9888,0.3259,0,26.36,14,2,0.5539,0.9686,1,SYNTHETIC
0.3271,0.0772,0.0,8,0.1683,0.3644,1,15.74,10,0,0.1822,0.0439,1,SYNTHETIC
0.8231,0.8085,0.6698,1,0.7384,0.1625,0,4.88,13,2,0.2461,0.65,0,SYNTHETIC
0.7574,0.8656,0.8565,0,0.8297,0.1138,0,31.63,14,4,0.5637,0.8453,1,SYNTHETIC
0.2917,0.5433,0.4387,4,0.3644,0.5353,1,12.79,10,1,0.4633,0.5251,1,SYNTHETIC
0.856,0.8633,0.7529,2,0.5506,0.4375,2,25.57,14,0,0.8274,0.1397,0,SYNTHETIC
0.0764,0.5137,0.3279,6,0.1865,0.4517,2,18.78,12,0,0.3128,0.0936,1,SYNTHETIC
0.6196,0.85,0.7325,2,0.6275,0.3554,0,4.58,6,1,0.4448,0.7605,0,SYNTHETIC
0.6681,0.631,0.5376,0,0.7683,0.2292,0,2.7,19,1,0.9017,0.8671,1,SYNTHETIC
0.8767,0.5604,0.4855,1,1.0,0.4033,1,0.7,14,2,0.3814,0.8053,0,SYNTHETIC
0.7485,0.7899,0.7065,0,0.8917,0.178,0,0.5,19,3,0.8013,1.0,0,SYNTHETIC
0.1535,0.5954,0.4852,11,0.2024,0.6037,1,9.82,11,0,0.4412,0.2005,0,SYNTHETIC
0.4585,0.3304,0.3298,4,0.7386,0.4996,0,31.24,16,2,0.5335,0.8299,0,SYNTHETIC
0.61,0.9309,0.7901,0,0.5855,0.2057,1,4.16,10,1,0.8054,0.4882,0,SYNTHETIC
0.7774,0.8122,0.797,1,0.9477,0.4235,1,24.89,12,1,0.7147,1.0,0,SYNTHETIC
0.4391,0.2468,0.0625,8,0.1404,0.6574,0,66.05,8,0,0.0624,0.0,0,SYNTHETIC
0.3598,0.8148,0.6412,0,0.8315,0.3146,0,17.4,12,3,0.332,0.8344,1,SYNTHETIC
0.9374,0.9187,0.8599,0,0.8695,0.1801,0,2.41,9,4,0.463,0.9046,0,SYNTHETIC
0.5345,0.6313,0.4974,3,0.6775,0.5764,1,43.75,17,2,0.2076,0.9224,0,SYNTHETIC
0.7368,0.7531,0.748,1,0.9683,0.6563,1,5.13,19,2,0.1985,0.5461,0,SYNTHETIC
0.562,0.3329,0.2933,3,0.6069,0.4149,0,34.13,19,3,0.8731,0.4747,1,SYNTHETIC
0.8849,0.7321,0.7115,1,0.8046,0.1271,0,4.57,17,0,0.9215,0.7965,0,SYNTHETIC
0.7834,0.6634,0.6605,1,0.718,0.445,1,10.37,15,2,0.7592,0.635,1,SYNTHETIC
0.1775,0.4776,0.3184,9,0.325,0.6305,1,2.46,9,1,0.2436,0.3195,0,SYNTHETIC
0.4103,0.5632,0.5158,8,0.1916,0.7494,5,16.23,12,0,0.1589,0.3687,0,SYNTHETIC
0.1727,0.494,0.4742,7,0.0,0.8056,1,25.62,14,0,0.2546,0.3497,0,SYNTHETIC
0.7436,0.4689,0.2928,1,0.3977,0.1278,0,19.06,9,3,0.8205,0.4344,0,SYNTHETIC
0.7286,0.7336,0.7091,0,0.9027,0.0704,0,14.38,16,1,0.7419,0.9588,0,SYNTHETIC
0.9573,0.632,0.5328,2,0.8947,0.2281,2,21.72,18,3,0.3303,1.0,0,SYNTHETIC
0.2445,0.4252,0.3304,9,0.1463,0.3316,0,1.19,14,0,0.1737,0.2461,1,SYNTHETIC
0.846,0.7144,0.6371,3,0.5326,0.437,0,37.46,14,4,0.7069,0.9081,0,SYNTHETIC
0.5548,0.3138,0.2759,1,0.6878,0.1763,2,6.62,11,2,0.4991,0.6862,0,SYNTHETIC
0.2141,0.0831,0.0536,3,0.0945,0.9708,6,8.08,19,0,0.4265,0.4159,1,SYNTHETIC
0.5104,0.6896,0.5035,6,0.752,0.1686,0,117.15,11,1,0.9678,0.3813,0,SYNTHETIC
0.5354,0.7459,0.6444,1,0.7879,0.0987,2,1.53,12,1,0.5488,0.6094,0,SYNTHETIC
0.8304,0.6011,0.4111,0,0.7199,0.1397,0,49.68,13,3,0.6615,0.8785,1,SYNTHETIC
0.0299,0.1858,0.1398,5,0.2967,0.8107,4,16.34,19,1,0.2839,0.2558,1,SYNTHETIC
0.7481,0.6321,0.4375,7,0.3225,0.6332,1,8.27,11,1,0.956,0.3107,0,SYNTHETIC
0.1494,0.2439,0.2018,5,0.1767,0.7552,0,27.38,8,0,0.5977,0.3368,1,SYNTHETIC
0.8163,0.3051,0.1593,1,0.6504,0.3088,3,39.49,11,1,0.7211,0.8665,1,SYNTHETIC
0.5395,0.2434,0.1417,8,0.3547,0.9027,1,11.18,11,0,0.3744,0.1901,1,SYNTHETIC
0.9106,0.6419,0.6033,2,0.6887,0.4503,1,41.04,9,4,0.4052,0.8006,0,SYNTHETIC
0.528,0.3225,0.2461,3,0.8351,0.3025,2,6.66,15,1,0.2687,0.5225,1,SYNTHETIC
0.4891,0.8831,0.79,1,0.6727,0.1086,0,10.63,9,2,0.4602,0.5843,0,SYNTHETIC
0.5401,0.579,0.3931,3,0.6194,0.1867,0,7.36,13,1,0.7176,0.6697,0,SYNTHETIC
0.9376,0.9121,0.771,2,0.8883,0.2259,0,48.01,13,2,0.5309,0.9185,0,SYNTHETIC
0.4126,0.5245,0.4815,9,0.2608,0.7622,0,0.86,17,0,0.5227,0.19,0,SYNTHETIC
0.2644,0.5387,0.3723,4,0.4626,0.5248,1,4.91,10,3,0.4934,0.6606,1,SYNTHETIC
0.4505,0.5397,0.4482,2,0.7497,0.3355,0,42.94,14,2,0.6675,0.8298,0,SYNTHETIC
0.4087,0.572,0.5351,5,0.1749,0.3558,2,65.34,22,1,0.6126,0.3755,1,SYNTHETIC
0.7297,0.9355,0.9058,0,1.0,0.2661,2,3.97,18,2,0.5924,1.0,1,SYNTHETIC
0.1949,0.7061,0.5559,2,0.5643,0.3443,1,44.91,11,3,0.4233,0.6551,0,SYNTHETIC
0.7267,0.5664,0.5379,2,0.4927,0.4849,0,9.27,13,0,0.9351,0.5774,0,SYNTHETIC
0.3443,0.6337,0.6145,11,0.139,0.8522,1,8.42,13,1,0.484,0.1794,1,SYNTHETIC
0.514,0.7969,0.7412,0,1.0,0.0766,1,12.74,16,3,0.3498,0.8061,0,SYNTHETIC
0.6072,0.8522,0.7218,0,1.0,0.086,0,68.06,10,5,0.3894,0.9611,0,SYNTHETIC
0.8512,0.8496,0.8231,4,0.8423,0.1063,0,9.57,9,4,0.8378,0.8193,0,SYNTHETIC
0.0587,0.1666,0.1586,3,0.2386,0.3353,0,36.0,7,2,0.3833,0.4117,1,SYNTHETIC
0.7437,0.6436,0.5728,0,0.6882,0.4694,1,129.59,16,1,0.6498,0.9874,0,SYNTHETIC
0.3918,0.5205,0.4962,2,0.7125,0.4987,2,13.37,18,2,0.5727,0.6844,0,SYNTHETIC
0.5568,0.5248,0.3723,7,0.1095,0.7363,3,76.17,15,0,0.4073,0.0455,0,SYNTHETIC
0.3877,0.2516,0.128,2,0.2741,0.79,3,17.06,12,0,0.5308,0.3343,1,SYNTHETIC
0.5613,0.1039,0.0,7,0.115,0.6222,4,1.78,16,1,0.1975,0.0,1,SYNTHETIC
0.6473,0.5034,0.3188,3,0.3153,0.4125,3,6.32,11,1,0.7035,0.7389,1,SYNTHETIC
0.5857,0.7232,0.5428,0,0.8487,0.2445,1,20.11,11,5,0.2929,0.7639,0,SYNTHETIC
0.2706,0.2108,0.1255,3,0.3309,0.7161,4,80.68,12,0,0.4679,0.2244,1,SYNTHETIC
0.8074,0.9079,0.847,6,0.5102,0.2724,1,7.41,10,1,0.275,0.2457,1,SYNTHETIC
0.8095,0.4682,0.2693,9,0.4444,0.171,0,15.77,16,1,0.7716,0.1767,0,SYNTHETIC
0.826,0.8927,0.8789,0,1.0,0.2479,0,14.7,15,6,0.4354,0.9495,0,SYNTHETIC
0.6096,0.578,0.4273,3,0.8028,0.4946,2,54.86,12,3,0.4882,0.7828,1,SYNTHETIC
0.6173,0.5371,0.3704,2,0.5081,0.6449,2,18.09,10,2,0.8755,0.4988,0,SYNTHETIC
0.4823,0.7191,0.6894,2,0.6585,0.0889,0,5.39,11,1,0.8718,0.5441,0,SYNTHETIC
0.2155,0.1121,0.1086,2,0.4922,0.61,0,71.2,17,0,0.6281,0.3074,1,SYNTHETIC
0.1523,0.2107,0.0402,6,0.1139,0.5502,2,4.24,15,0,0.0822,0.3091,1,SYNTHETIC
0.7324,0.7527,0.5661,3,0.7224,0.3211,0,2.63,14,1,0.9821,0.8041,0,SYNTHETIC
0.7922,0.8418,0.8254,0,0.865,0.0768,2,5.75,13,3,0.4115,1.0,1,SYNTHETIC
0.4931,0.6341,0.4959,1,0.7714,0.261,0,0.69,9,2,0.6899,0.9892,1,SYNTHETIC
0.5577,0.6541,0.497,2,0.4086,0.3784,2,10.96,14,0,0.8964,0.3178,0,SYNTHETIC
0.6621,0.4389,0.3975,5,0.294,0.4572,0,6.96,19,1,0.4773,0.5926,0,SYNTHETIC
0.7166,0.4239,0.3684,1,0.9247,0.1141,0,21.08,13,5,0.5741,1.0,1,SYNTHETIC
0.762,0.7776,0.7311,2,0.7585,0.2807,1,14.17,14,4,0.8797,0.8203,0,SYNTHETIC
0.2587,0.3956,0.3145,8,0.4622,0.4296,4,28.0,14,2,0.7136,0.5434,1,SYNTHETIC
0.5668,0.4691,0.3547,5,0.5535,0.4365,4,122.95,14,2,0.7813,0.5621,0,SYNTHETIC
0.3094,0.7677,0.7111,9,0.2477,0.4651,0,11.43,11,1,0.8629,0.2536,1,SYNTHETIC
0.7893,0.2148,0.1668,3,0.4738,0.443,3,28.71,13,1,0.2713,0.4139,0,SYNTHETIC
0.6713,0.3975,0.3662,1,0.7109,0.4014,1,32.77,9,3,0.4703,0.6219,1,SYNTHETIC
0.1886,0.539,0.4114,4,0.1772,0.232,1,13.78,10,3,0.1306,0.4022,0,SYNTHETIC
0.613,0.8596,0.8025,0,0.8625,0.2601,3,48.32,7,3,0.7563,0.7814,0,SYNTHETIC
0.883,0.5943,0.5829,0,1.0,0.1229,0,26.89,17,2,0.4308,1.0,1,SYNTHETIC
0.2381,0.3847,0.3203,5,0.4962,0.8313,3,6.78,12,0,0.1506,0.1561,0,SYNTHETIC
0.852,0.5707,0.5223,0,0.7725,0.2877,0,46.29,15,5,0.7095,0.5953,0,SYNTHETIC
0.6739,0.3801,0.228,5,0.1418,0.3771,0,11.21,14,0,0.0924,0.0958,0,SYNTHETIC
0.9216,0.6692,0.6069,4,0.7214,0.1379,1,83.01,10,2,0.5236,0.529,0,SYNTHETIC
0.3328,0.2776,0.1536,8,0.1367,0.8027,2,4.63,7,1,0.0852,0.3445,1,SYNTHETIC
0.3508,0.5257,0.3537,9,0.0698,0.4619,4,15.24,11,1,0.3304,0.2102,1,SYNTHETIC
0.3441,0.6668,0.6646,10,0.0597,0.5628,1,29.46,17,0,0.2266,0.0,1,SYNTHETIC
0.688,0.6278,0.6193,0,0.9453,0.4119,1,15.77,15,5,0.5665,0.6148,0,SYNTHETIC
0.06,0.0752,0.0,4,0.4877,0.6702,0,52.17,13,1,0.2668,0.5922,1,SYNTHETIC
0.2699,0.3627,0.3076,4,0.0583,0.4471,1,5.84,15,0,0.4481,0.1657,1,SYNTHETIC
0.4936,0.1154,0.0059,5,0.5027,0.9197,2,3.97,14,1,0.2975,0.535,1,SYNTHETIC
0.3359,0.4176,0.226,5,0.2036,0.7642,6,44.4,14,0,0.4937,0.1137,0,SYNTHETIC
0.5963,0.7852,0.7278,5,0.1962,0.2515,1,16.06,7,1,0.4937,0.4559,0,SYNTHETIC
0.2667,0.3109,0.1269,1,0.2795,0.815,4,5.11,9,0,0.5809,0.2969,1,SYNTHETIC
0.0768,0.137,0.0,11,0.228,0.8032,1,40.8,11,2,0.4608,0.1568,0,SYNTHETIC
0.349,0.051,0.0,11,0.3002,0.484,0,9.82,13,0,0.429,0.0662,1,SYNTHETIC
0.294,0.6686,0.4889,4,0.2915,0.4492,4,34.07,13,0,0.5123,0.3505,1,SYNTHETIC
0.2635,0.4205,0.3825,15,0.2584,0.5721,1,36.93,12,0,0.5122,0.2061,0,SYNTHETIC
0.5339,0.6398,0.4567,1,0.6924,0.521,1,15.49,12,2,0.6584,0.737,0,SYNTHETIC
0.2898,0.4016,0.3916,7,0.3697,0.729,2,24.71,17,3,0.1178,0.3492,1,SYNTHETIC
0.8357,0.7031,0.6754,4,0.437,0.3479,1,20.03,13,1,0.5287,0.469,0,SYNTHETIC
0.0614,0.5829,0.5025,6,0.4001,0.7786,3,17.59,11,1,0.3548,0.4004,0,SYNTHETIC
0.3464,0.5617,0.4754,7,0.0427,0.9526,2,11.75,14,1,0.2161,0.3329,0,SYNTHETIC
0.5401,0.7375,0.6973,5,0.3432,0.5355,4,41.6,19,0,0.3009,0.0746,1,SYNTHETIC
0.0409,0.2585,0.1465,4,0.541,0.7945,2,37.67,12,2,0.0995,0.5121,1,SYNTHETIC
0.7249,0.6469,0.5619,1,0.4066,0.4208,1,62.5,8,2,0.328,0.5809,0,SYNTHETIC
0.5918,0.8662,0.8139,0,0.8049,0.2356,2,40.02,10,3,0.5128,0.3746,0,SYNTHETIC
0.3762,0.7696,0.5918,0,0.8053,0.0521,2,28.33,15,2,0.8764,1.0,1,SYNTHETIC
0.4848,0.79,0.7656,1,0.7906,0.1436,1,66.91,14,2,0.6956,0.7844,1,SYNTHETIC
0.7268,0.9426,0.8723,1,0.8635,0.6467,2,11.33,20,0,0.5051,0.5772,1,SYNTHETIC
0.2753,0.3559,0.2296,9,0.2425,0.5776,2,1.0,9,2,0.458,0.3838,1,SYNTHETIC
0.2301,0.4286,0.4015,5,0.0,0.7315,2,4.53,7,0,0.4129,0.0,0,SYNTHETIC
0.8119,0.3266,0.144,1,0.8318,0.4001,1,2.14,13,4,0.882,0.8197,0,SYNTHETIC
0.5595,0.6391,0.4725,3,0.6485,0.7249,4,6.36,17,2,0.5129,0.4905,0,SYNTHETIC
0.6319,0.3055,0.2268,4,0.5481,0.3765,2,51.96,15,1,0.8983,1.0,1,SYNTHETIC
0.9325,0.6787,0.5307,0,0.7521,0.5119,2,8.57,13,6,0.5804,0.7779,0,SYNTHETIC
0.1261,0.5903,0.4999,3,0.447,0.4462,1,22.48,12,0,0.1117,0.6014,1,SYNTHETIC
0.2429,0.5126,0.4713,3,0.2812,0.8105,3,93.01,20,1,0.1054,0.2166,1,SYNTHETIC
0.74,0.2144,0.1036,0,0.7698,0.1821,0,20.97,11,3,0.1461,0.5617,0,SYNTHETIC
0.1242,0.3931,0.3087,1,0.0344,0.7342,1,11.22,10,0,0.3284,0.0962,1,SYNTHETIC
0.481,0.7087,0.7054,5,0.5835,0.3353,0,2.44,16,1,0.9024,0.6794,1,SYNTHETIC
0.8592,0.6169,0.5319,2,0.6416,0.3012,3,10.82,18,2,0.3678,0.7745,1,SYNTHETIC
0.2186,0.2989,0.1369,2,0.6774,0.6162,0,47.98,11,1,0.6326,0.5899,1,SYNTHETIC
0.8828,0.47,0.3378,3,0.7055,0.2969,1,50.97,14,0,0.2634,0.7736,1,SYNTHETIC
0.3189,0.0136,0.0,2,0.4186,0.8101,3,8.9,11,1,0.6221,0.3708,0,SYNTHETIC
0.8136,0.7547,0.7156,4,0.3929,0.344,2,2.05,14,2,0.5738,0.1875,0,SYNTHETIC
0.5875,0.791,0.7848,0,0.9018,0.1818,0,17.78,9,3,0.7776,0.9188,0,SYNTHETIC
0.4739,0.2068,0.1902,2,0.5694,0.5222,2,17.38,13,1,0.1395,0.4839,1,SYNTHETIC
0.2817,0.168,0.0197,3,0.3166,0.9876,2,9.25,13,0,0.3234,0.2713,1,SYNTHETIC
0.4035,0.1722,0.0029,8,0.1966,0.4366,1,47.93,14,3,0.4158,0.3251,1,SYNTHETIC
0.7001,0.5783,0.5476,0,0.7274,0.7708,2,12.47,19,1,0.3969,0.8393,1,SYNTHETIC
0.826,0.7021,0.5517,1,0.8265,0.1441,0,15.54,18,4,0.6461,1.0,0,SYNTHETIC
0.5976,0.5541,0.4236,0,0.8992,0.5331,0,14.07,10,1,0.4473,1.0,1,SYNTHETIC
0.2023,0.4089,0.367,4,0.088,0.2525,0,0.03,14,0,0.1804,0.2476,1,SYNTHETIC
0.2711,0.1971,0.1049,8,0.2776,0.83,2,16.24,13,0,0.445,0.2116,1,SYNTHETIC
0.7658,0.7036,0.5684,4,0.4725,0.4824,1,5.57,16,3,0.5944,0.2458,1,SYNTHETIC
0.5891,0.8657,0.8216,0,0.7567,0.1823,2,7.32,13,1,0.607,0.6277,0,SYNTHETIC
0.2903,0.6841,0.6832,2,0.4397,0.3638,5,2.09,13,4,0.546,0.2948,1,SYNTHETIC
0.4445,0.0746,0.0,5,0.4075,0.8719,1,9.32,13,0,0.1904,0.5209,1,SYNTHETIC
0.3973,0.5122,0.5033,1,0.6293,0.8673,4,10.51,14,3,0.2511,0.4101,1,SYNTHETIC
0.0845,0.0572,0.049,5,0.3391,0.8325,3,74.46,11,2,0.4731,0.1196,1,SYNTHETIC
0.3361,0.2684,0.1007,2,0.6248,0.537,4,3.83,15,1,0.5075,0.5877,1,SYNTHETIC
0.273,0.5691,0.3703,1,0.9109,0.4007,1,91.18,12,2,0.8726,1.0,0,SYNTHETIC
0.792,0.769,0.6492,6,0.378,0.4096,1,14.29,16,0,0.5898,0.3466,0,SYNTHETIC
0.7644,0.6149,0.4474,0,0.7265,0.3458,0,7.26,11,3,0.4057,0.8694,1,SYNTHETIC
0.677,0.5126,0.4341,2,0.3965,0.3929,2,26.54,14,4,0.7061,0.3288,1,SYNTHETIC
0.5672,0.6494,0.579,0,0.7181,0.3372,2,40.12,11,2,0.9218,0.9368,1,SYNTHETIC
0.6702,0.4416,0.3175,4,0.5945,0.1693,0,12.8,11,2,0.788,0.6849,0,SYNTHETIC
0.3018,0.3917,0.2872,4,0.7103,0.4039,1,26.32,10,3,0.4655,0.7952,1,SYNTHETIC
0.5473,0.2966,0.1136,2,0.5034,0.667,1,41.32,6,0,0.4342,0.4057,0,SYNTHETIC
0.6561,0.8409,0.765,0,0.9871,0.3251,0,21.58,12,0,0.8466,1.0,0,SYNTHETIC
0.3143,0.4236,0.3244,6,0.2466,0.9648,5,20.17,19,0,0.3338,0.2227,0,SYNTHETIC
0.2594,0.2929,0.1296,5,0.2043,0.7318,0,62.66,17,2,0.0888,0.3317,1,SYNTHETIC
0.3079,0.3264,0.2685,2,0.9498,0.2178,0,10.97,9,4,0.7065,0.8281,1,SYNTHETIC
0.7847,0.8439,0.6673,0,0.9663,0.1228,0,5.61,17,2,0.9718,0.8849,1,SYNTHETIC
0.812,0.3476,0.2674,5,0.4192,0.4508,1,49.49,13,0,0.1866,0.2699,0,SYNTHETIC
0.8485,0.5073,0.4734,1,0.9437,0.1236,0,12.53,17,3,0.4209,0.6597,0,SYNTHETIC
0.596,0.4756,0.4552,4,0.4544,0.6055,2,14.16,7,3,0.763,0.5353,0,SYNTHETIC
0.5192,0.7475,0.5642,1,0.4864,0.5762,3,3.09,13,0,0.4059,0.5288,1,SYNTHETIC
0.5083,0.4809,0.3017,8,0.275,0.6129,2,30.11,16,0,0.1724,0.0369,0,SYNTHETIC
0.9186,0.9335,0.8709,2,0.6111,0.2253,0,3.79,12,1,0.614,0.7713,1,SYNTHETIC
0.843,0.6448,0.5748,5,0.4499,0.5301,2,6.91,10,0,0.3562,0.3724,0,SYNTHETIC
0.7525,0.2721,0.1174,1,0.7129,0.0209,0,5.05,9,1,0.5247,0.9445,0,SYNTHETIC
0.2495,0.6882,0.4945,5,0.8651,0.4769,0,40.87,17,1,0.241,0.6434,0,SYNTHETIC
0.307,0.5895,0.5055,0,0.8268,0.4821,2,1.12,10,4,0.4588,0.8816,0,SYNTHETIC
0.7202,0.8514,0.8433,4,0.5401,0.5979,2,21.82,14,3,0.8359,0.4561,0,SYNTHETIC
0.324,0.5512,0.3643,4,0.5136,0.7087,0,29.14,13,1,0.6677,0.4582,0,SYNTHETIC
0.6444,0.7457,0.6949,3,0.7419,0.2377,0,6.42,13,4,0.6122,0.7592,0,SYNTHETIC
0.77,0.3493,0.1787,8,0.6135,0.4681,2,10.18,13,1,0.7685,0.4037,1,SYNTHETIC
0.1098,0.1244,0.0042,7,0.2032,0.4226,0,9.26,9,0,0.245,0.4248,1,SYNTHETIC
0.6387,0.831,0.7759,3,0.4794,0.4136,4,48.45,12,0,0.7039,0.3407,0,SYNTHETIC
0.2596,0.072,0.0093,5,0.508,0.8864,4,5.05,15,2,0.344,0.3919,0,SYNTHETIC
0.6005,0.7969,0.6169,3,0.7786,0.2576,0,16.57,16,2,0.4802,1.0,1,SYNTHETIC
0.5713,0.5038,0.3186,0,0.8928,0.1523,0,5.02,20,2,0.7699,0.7917,1,SYNTHETIC
0.5647,0.7406,0.5651,1,0.5954,0.6609,3,0.19,7,1,0.7473,0.9154,0,SYNTHETIC
0.8235,0.5803,0.5006,0,0.7814,0.4482,0,57.6,18,2,0.9425,0.71,1,SYNTHETIC
0.6781,0.5245,0.3395,2,0.6825,0.342,2,29.88,11,1,0.5065,0.7323,0,SYNTHETIC
0.9163,0.5248,0.5217,7,0.3274,0.1237,0,3.61,16,0,0.2723,0.0,0,SYNTHETIC
0.5471,0.3574,0.338,5,0.7159,0.6127,1,19.71,12,0,0.8388,0.4762,0,SYNTHETIC
0.6803,0.7249,0.6803,1,0.3303,0.2737,0,32.01,10,4,0.4925,0.5018,0,SYNTHETIC
0.3623,0.1238,0.0097,5,0.3779,0.4623,0,24.78,16,1,0.6256,0.2417,1,SYNTHETIC
0.7122,0.4399,0.4284,0,0.7337,0.5265,2,9.64,8,0,0.8176,0.9273,0,SYNTHETIC
0.4319,0.5046,0.3969,2,0.7074,0.0877,0,28.88,13,2,0.5258,0.7706,0,SYNTHETIC
0.8498,0.6217,0.5718,4,0.7643,0.2554,1,8.47,13,2,0.4844,0.6594,0,SYNTHETIC
0.2884,0.7782,0.6391,6,0.4114,0.4447,2,10.27,12,2,0.5463,0.2373,1,SYNTHETIC
0.7603,0.818,0.694,2,0.7405,0.1913,2,4.23,15,2,0.8257,0.794,0,SYNTHETIC
0.3931,0.1986,0.0576,2,0.4377,0.8721,3,38.14,13,1,0.1367,0.644,1,SYNTHETIC
0.6004,0.8157,0.7702,2,1.0,0.525,3,24.24,8,4,0.6006,0.8013,0,SYNTHETIC
0.8292,0.7452,0.6128,1,1.0,0.1171,0,6.2,11,1,0.588,1.0,0,SYNTHETIC
0.6416,0.3399,0.299,0,1.0,0.6217,1,2.02,15,0,0.9604,1.0,1,SYNTHETIC
0.5891,0.4426,0.3657,3,0.3213,0.6419,2,1.2,14,1,0.7108,0.381,1,SYNTHETIC
0.7421,0.5732,0.4189,4,0.5468,0.3036,0,11.66,16,4,0.8708,0.4398,1,SYNTHETIC
0.0291,0.1251,0.0153,6,0.3738,0.402,1,0.23,11,2,0.5386,0.517,1,SYNTHETIC
0.8203,0.5373,0.3486,3,0.5906,0.3946,1,6.45,9,1,0.7436,0.6167,1,SYNTHETIC
0.5773,0.4948,0.4054,3,0.6462,0.2209,0,1.21,11,2,0.3506,0.5575,0,SYNTHETIC
0.5582,0.5035,0.4972,5,0.136,0.4592,0,207.45,16,0,0.6945,0.1947,0,SYNTHETIC
0.4955,0.4575,0.2629,3,0.311,0.5504,1,1.54,17,1,0.7425,0.2034,1,SYNTHETIC
0.4507,0.6203,0.4337,4,0.7559,0.2909,0,2.74,11,1,0.5661,0.5041,0,SYNTHETIC
0.1157,0.1084,0.0558,5,0.202,0.8355,3,40.39,14,0,0.1955,0.1918,1,SYNTHETIC
0.6751,0.6618,0.5361,2,0.6445,0.0734,1,4.14,12,0,0.8856,0.4752,1,SYNTHETIC
0.9124,0.5704,0.5307,0,0.6787,0.3697,1,28.75,13,1,0.2662,0.7371,1,SYNTHETIC
0.5055,0.4961,0.3323,10,0.1722,0.453,3,31.73,15,1,0.6882,0.0,1,SYNTHETIC
0.6746,0.5738,0.5124,0,0.7676,0.3028,1,11.6,11,2,0.4801,0.9159,1,SYNTHETIC
0.6279,0.545,0.4108,3,0.5949,0.3479,2,13.12,10,1,0.3094,0.651,1,SYNTHETIC
0.6012,0.482,0.4468,1,0.9138,0.7833,3,6.39,11,4,0.483,0.8884,1,SYNTHETIC
0.7526,0.2106,0.2083,4,0.6167,0.3367,0,61.71,17,1,0.5661,0.5295,1,SYNTHETIC
0.7939,0.7486,0.6067,1,0.9268,0.057,0,69.44,12,5,0.4521,0.8881,1,SYNTHETIC
0.785,0.5334,0.4132,6,0.3703,0.7842,1,4.46,16,3,0.3309,0.5664,0,SYNTHETIC
0.3764,0.5219,0.3717,3,0.8318,0.4042,2,0.79,20,1,0.7736,0.5615,1,SYNTHETIC
0.1605,0.1002,0.0523,3,0.3619,0.7231,1,0.17,9,1,0.3211,0.0166,1,SYNTHETIC
0.9267,0.8523,0.6545,1,0.9192,0.1859,0,52.17,14,6,0.4922,0.9411,0,SYNTHETIC
0.8996,0.849,0.6801,2,0.8263,0.5949,2,26.76,18,1,0.6513,0.407,0,SYNTHETIC
0.5972,0.1668,0.0144,3,0.77,0.2947,0,2.08,12,1,0.7704,0.8051,1,SYNTHETIC
0.0616,0.4469,0.4319,6,0.5158,0.6088,1,5.86,23,3,0.3841,0.6869,0,SYNTHETIC
0.831,0.5788,0.485,3,0.5124,0.3008,0,36.41,16,2,0.6631,0.3039,1,SYNTHETIC
0.7307,0.475,0.4459,1,0.7894,0.0976,0,25.06,10,3,0.7655,0.8221,1,SYNTHETIC
0.6058,0.4792,0.3492,3,0.7539,0.5859,2,6.38,14,1,0.3206,0.5368,1,SYNTHETIC
0.3693,0.7798,0.773,1,0.342,0.7799,1,37.26,11,2,0.6372,0.0794,1,SYNTHETIC
0.3164,0.5399,0.4279,10,0.026,0.825,1,26.02,13,0,0.2011,0.2093,1,SYNTHETIC
0.7505,0.7413,0.6891,1,0.7123,0.2901,0,45.42,10,0,0.785,0.4006,1,SYNTHETIC
0.7905,0.3416,0.3396,2,0.5578,0.1264,1,27.22,11,1,0.7746,0.7728,0,SYNTHETIC
0.4459,0.3386,0.3303,10,0.1647,0.5746,0,34.43,17,0,0.5533,0.377,1,SYNTHETIC
0.7539,0.5551,0.4182,6,0.2635,0.3193,1,3.29,10,2,0.6402,0.5362,0,SYNTHETIC
0.5095,0.4541,0.4306,3,0.6855,0.6463,0,11.31,15,6,0.4642,0.675,0,SYNTHETIC
0.0794,0.294,0.1987,5,0.237,0.8789,1,24.73,15,1,0.3577,0.2471,1,SYNTHETIC
0.5744,0.7243,0.6942,1,0.6572,0.1408,3,30.61,13,2,0.592,0.5238,0,SYNTHETIC
0.3187,0.3247,0.3158,8,0.0,0.5913,0,47.4,13,1,0.6328,0.0,0,SYNTHETIC
0.8423,0.7582,0.7403,2,0.6562,0.1856,1,5.75,15,3,0.5146,0.6361,0,SYNTHETIC
0.7309,0.6017,0.5227,0,0.7541,0.1753,1,6.26,14,1,0.6869,0.7767,0,SYNTHETIC
0.4205,0.4142,0.3268,9,0.0,0.3538,3,1.96,13,0,0.2856,0.1435,0,SYNTHETIC
0.3024,0.3897,0.2008,4,0.4316,0.6823,1,5.51,12,1,0.4073,0.5936,1,SYNTHETIC
0.3726,0.4086,0.3388,7,0.3451,0.6481,5,10.85,11,1,0.2054,0.4846,1,SYNTHETIC
0.7073,0.6068,0.5467,4,0.4075,0.1998,0,89.54,15,1,0.835,0.5427,0,SYNTHETIC
0.658,0.7488,0.5957,3,0.4993,0.1289,1,49.9,16,2,0.8647,0.4357,0,SYNTHETIC
0.2515,0.3521,0.1777,4,0.3724,0.2508,0,20.28,13,3,0.2386,0.6026,0,SYNTHETIC
0.678,0.4498,0.3797,5,0.7685,0.4896,3,14.83,11,2,0.5165,0.5326,1,SYNTHETIC
0.7994,0.9083,0.8489,5,0.7752,0.226,2,25.07,13,4,0.6933,0.8857,1,SYNTHETIC
0.5335,0.5685,0.5677,5,0.5051,0.3832,0,37.37,10,1,0.5659,0.6511,1,SYNTHETIC
0.245,0.5515,0.54,2,0.6605,0.4106,1,9.92,13,1,0.5352,0.4034,0,SYNTHETIC
0.4746,0.3348,0.2374,3,0.4145,0.6662,2,14.94,14,2,0.2924,0.3584,1,SYNTHETIC
0.4432,0.2275,0.1801,7,0.0997,0.9172,1,17.53,8,1,0.6584,0.2966,0,SYNTHETIC
0.0896,0.4702,0.2891,7,0.2107,0.3185,1,64.23,10,2,0.3447,0.0252,1,SYNTHETIC
0.6475,0.7815,0.7369,5,0.5298,0.3719,2,30.44,11,1,0.5099,0.285,0,SYNTHETIC
0.7747,0.3115,0.2043,1,0.7854,0.3014,2,7.57,10,0,0.889,0.8139,0,SYNTHETIC
0.6562,0.3732,0.3721,1,0.6034,0.2041,0,6.59,12,0,0.6834,0.8664,1,SYNTHETIC
0.5599,0.3384,0.2129,2,0.6333,0.0746,1,40.89,13,2,0.3643,0.7387,1,SYNTHETIC
0.5742,0.3213,0.2153,1,0.6869,0.481,2,2.94,12,2,0.4624,0.6008,1,SYNTHETIC
0.3963,0.5524,0.4653,2,0.8777,0.3161,0,99.71,12,2,0.4692,0.4871,1,SYNTHETIC
0.356,0.1697,0.0,1,0.6698,0.6645,1,33.43,11,1,0.5669,0.4905,1,SYNTHETIC
0.8351,0.2924,0.1318,2,0.6597,0.2906,0,7.73,16,2,0.6396,0.5855,1,SYNTHETIC
0.7314,0.6073,0.5745,1,0.859,0.7584,7,16.87,11,3,0.7746,0.863,0,SYNTHETIC
0.1723,0.4227,0.3342,6,0.2419,0.726,3,1.73,19,2,0.4339,0.2018,1,SYNTHETIC
0.8662,0.4101,0.348,1,0.849,0.2811,0,7.78,13,1,0.6816,0.6233,1,SYNTHETIC
0.3616,0.4644,0.3398,7,0.0812,0.4928,2,12.52,15,0,0.4375,0.2197,0,SYNTHETIC
0.5397,0.6684,0.5951,6,0.4417,0.2739,0,2.73,8,0,0.4226,0.3425,0,SYNTHETIC
0.9313,0.7965,0.6142,3,0.4752,0.3436,1,39.77,19,3,0.428,0.2909,0,SYNTHETIC
0.3435,0.4881,0.4873,8,0.1134,0.8639,2,6.03,10,0,0.2839,0.1615,0,SYNTHETIC
0.0888,0.1263,0.0,8,0.1429,0.4129,0,7.85,12,1,0.2243,0.038,1,SYNTHETIC
0.482,0.7223,0.6065,1,0.8224,0.1442,0,12.25,15,3,0.6364,0.5911,0,SYNTHETIC
0.8776,0.7128,0.6025,1,0.6751,0.109,1,21.15,12,2,0.7455,0.6806,1,SYNTHETIC
0.1536,0.2484,0.156,4,0.7141,0.5351,1,27.74,11,1,0.1285,1.0,1,SYNTHETIC
0.7722,0.3736,0.2526,1,0.7421,0.0763,0,30.74,10,2,0.1908,0.8534,1,SYNTHETIC
0.7212,0.3732,0.3159,2,0.822,0.4552,2,33.66,13,1,0.2848,0.9013,0,SYNTHETIC
0.2662,0.1726,0.1718,4,0.3415,0.8654,3,39.01,13,2,0.2385,0.4144,1,SYNTHETIC
0.57,0.5152,0.3889,4,0.6012,0.43,1,5.2,10,5,0.6839,0.6651,0,SYNTHETIC
0.8567,0.8398,0.7356,1,0.711,0.5578,3,13.31,15,3,0.862,0.496,0,SYNTHETIC
0.4842,0.96,0.7955,6,0.6655,0.3918,0,54.4,13,1,0.6252,0.664,1,SYNTHETIC
0.8319,0.7531,0.5592,0,0.6184,0.0668,1,11.75,11,6,0.5674,1.0,1,SYNTHETIC
0.4286,0.736,0.6876,1,0.8885,0.4292,0,11.76,10,2,0.4059,1.0,0,SYNTHETIC
0.885,0.9128,0.7543,2,0.7997,0.2542,2,48.8,16,6,0.771,0.6036,0,SYNTHETIC
0.4022,0.8303,0.8066,4,0.5249,0.3356,2,5.43,11,2,0.4599,0.2219,1,SYNTHETIC
0.8173,0.7472,0.5859,1,0.7714,0.1145,0,22.85,10,3,0.5636,0.8593,0,SYNTHETIC
0.7193,0.7081,0.611,0,0.4556,0.128,0,9.46,16,4,0.5499,0.7554,0,SYNTHETIC
0.4298,0.3171,0.1174,2,0.6437,0.209,0,8.86,12,4,0.82,0.3938,1,SYNTHETIC
0.6354,0.3319,0.1748,9,0.1436,0.6496,1,65.99,17,0,0.725,0.2886,1,SYNTHETIC
0.8136,0.4604,0.3371,2,0.7939,0.2912,0,25.6,13,2,0.9398,0.7838,0,SYNTHETIC
0.7505,0.6528,0.6312,2,0.9463,0.412,1,15.56,16,2,0.4363,1.0,1,SYNTHETIC
0.7181,0.868,0.7093,0,0.7366,0.107,0,35.3,13,2,0.3243,0.7534,0,SYNTHETIC
0.6146,0.6867,0.546,3,0.679,0.0522,1,8.97,21,2,0.8366,0.5705,1,SYNTHETIC
0.2005,0.4148,0.3785,7,0.1018,0.5404,2,0.86,15,0,0.3551,0.0153,0,SYNTHETIC
0.7245,0.4996,0.4426,2,0.738,0.1295,0,10.52,12,1,0.4464,0.6711,0,SYNTHETIC
0.6292,0.1668,0.0542,3,0.6697,0.4004,0,45.15,15,1,0.3904,0.543,1,SYNTHETIC
0.1947,0.54,0.4914,8,0.4871,0.8518,2,45.97,19,3,0.408,0.5967,1,SYNTHETIC
0.7253,0.5733,0.5722,9,0.0116,0.133,0,5.06,13,0,0.4021,0.0,0,SYNTHETIC
0.6533,0.5817,0.3854,1,0.8115,0.4985,2,1.05,15,2,0.9745,0.6623,0,SYNTHETIC
0.9705,0.6167,0.4173,0,0.8581,0.0831,0,13.84,12,3,0.2718,1.0,0,SYNTHETIC
0.3094,0.4291,0.4033,0,0.2247,0.5954,1,1.26,13,1,0.3971,0.436,1,SYNTHETIC
0.9029,0.5148,0.3787,1,0.7118,0.7379,0,18.26,12,1,0.4393,0.507,0,SYNTHETIC
0.8352,0.731,0.5586,2,0.6706,0.3846,1,21.67,8,3,0.5221,0.9076,0,SYNTHETIC
0.4411,0.8217,0.8149,5,0.5887,0.1553,1,19.52,11,3,0.7881,0.3184,0,SYNTHETIC
0.4654,0.4774,0.2889,6,0.7108,0.3364,2,25.1,12,1,0.8071,0.7363,0,SYNTHETIC
0.4966,0.0616,0.0,3,0.3139,0.1978,0,25.8,13,0,0.0451,0.165,1,SYNTHETIC
0.2707,0.3207,0.2355,4,0.2937,0.4592,1,25.49,12,1,0.4547,0.427,1,SYNTHETIC
0.634,0.5693,0.4495,2,0.6549,0.5463,2,2.74,17,3,0.82,0.4537,1,SYNTHETIC
0.5644,0.5479,0.4202,7,0.4397,0.3704,1,73.14,7,1,0.7216,0.5167,0,SYNTHETIC
0.5776,0.216,0.12,8,0.5372,0.6871,3,70.8,10,0,0.0863,0.4079,1,SYNTHETIC
0.8509,0.6734,0.4819,2,0.7236,0.3802,1,16.28,18,2,0.702,0.7354,1,SYNTHETIC
0.4878,0.1982,0.0198,3,0.3693,0.464,0,43.47,9,2,0.6821,0.7205,1,SYNTHETIC
0.834,0.3804,0.3789,6,0.1385,0.9585,4,19.89,12,2,0.6593,0.4433,1,SYNTHETIC
0.8616,0.3725,0.3681,10,0.507,0.2857,2,26.04,5,0,0.7698,0.3949,0,SYNTHETIC
0.8189,0.6825,0.5645,4,0.4955,0.6893,7,23.75,12,0,0.528,0.257,1,SYNTHETIC
0.7045,0.6733,0.4976,2,0.7479,0.4852,3,57.68,14,0,0.7487,0.6501,0,SYNTHETIC
0.6742,0.6394,0.5971,7,0.4154,0.3877,1,6.11,12,1,0.9437,0.4019,0,SYNTHETIC
0.614,0.439,0.3644,8,0.6517,0.5714,1,5.6,18,3,0.4095,0.8283,1,SYNTHETIC
0.2453,0.6486,0.4821,6,0.1708,0.348,1,16.88,13,1,0.5127,0.4153,1,SYNTHETIC
0.5188,0.5223,0.5096,1,0.5225,0.0965,0,45.57,13,5,0.674,0.7103,0,SYNTHETIC
0.9854,0.6239,0.4299,3,0.7676,0.4111,1,18.39,10,4,0.5376,0.7709,0,SYNTHETIC
0.0431,0.132,0.0,9,0.1763,0.8754,5,44.69,14,2,0.2567,0.0,1,SYNTHETIC
0.7457,0.5484,0.4877,1,0.6245,0.3416,0,39.39,9,2,0.6511,0.9609,0,SYNTHETIC
0.6225,0.4426,0.326,4,0.5718,0.2829,3,4.23,12,3,0.6985,0.3767,1,SYNTHETIC
0.3878,0.3093,0.2826,6,0.3237,0.3445,1,71.79,17,1,0.2211,0.5735,1,SYNTHETIC
0.8516,0.6853,0.508,0,0.8835,0.0386,0,16.76,10,5,0.6046,0.6473,0,SYNTHETIC
0.541,0.566,0.5353,4,0.7436,0.1818,0,27.93,11,3,0.3423,0.6174,0,SYNTHETIC
0.9325,0.9208,0.7413,3,0.8039,0.1558,1,5.99,11,2,0.8491,1.0,0,SYNTHETIC
0.7964,0.5604,0.4807,2,0.5083,0.3796,1,18.23,12,0,0.7807,0.4288,1,SYNTHETIC
0.4205,0.5962,0.4957,3,1.0,0.3532,0,72.17,12,1,0.6791,0.8857,0,SYNTHETIC
0.546,0.4297,0.4162,2,0.7019,0.3453,1,18.3,10,1,0.3783,0.52,1,SYNTHETIC
0.7972,0.5491,0.4091,0,0.9961,0.2307,1,19.63,7,1,0.7177,1.0,0,SYNTHETIC
0.7743,0.579,0.4853,9,0.4874,0.1104,1,34.18,14,3,0.5609,0.5075,0,SYNTHETIC
0.9089,0.8452,0.7025,1,1.0,0.2384,0,0.23,11,1,0.5939,0.8327,1,SYNTHETIC
0.2114,0.3705,0.181,8,0.1909,0.8122,1,44.77,8,1,0.4293,0.0668,1,SYNTHETIC
0.0193,0.2004,0.0649,11,0.3725,0.8727,3,22.84,15,1,0.2353,0.4979,0,SYNTHETIC
0.1299,0.3025,0.1228,10,0.1721,0.8381,2,0.49,14,0,0.379,0.2738,1,SYNTHETIC
0.534,0.4962,0.3602,0,1.0,0.239,0,12.92,16,2,0.5077,1.0,0,SYNTHETIC
0.5761,0.6086,0.5361,0,0.5503,0.3651,0,18.92,10,1,0.5228,0.6835,1,SYNTHETIC
0.3469,0.5125,0.4139,8,0.2286,0.4115,1,38.97,13,2,0.6065,0.3011,0,SYNTHETIC
0.9159,0.7853,0.624,1,1.0,0.226,1,26.45,11,1,0.2529,0.8657,0,SYNTHETIC
0.4095,0.5572,0.4627,2,0.4882,0.4475,3,48.98,15,4,0.6097,0.6172,0,SYNTHETIC
0.4655,0.5695,0.4047,4,0.4696,0.4202,1,32.99,13,0,0.7535,0.5058,0,SYNTHETIC
0.178,0.1455,0.0,11,0.4967,0.9893,2,1.4,12,1,0.2305,0.4939,0,SYNTHETIC
0.6349,0.4581,0.2738,1,0.4849,0.2902,0,8.13,10,3,0.7498,0.7823,1,SYNTHETIC
0.0527,0.3936,0.2802,3,0.4805,0.6197,0,11.11,12,1,0.3038,0.1886,1,SYNTHETIC
0.3821,0.5031,0.4764,5,0.2084,0.8234,2,25.09,11,0,0.7592,0.372,1,SYNTHETIC
0.3008,0.1356,0.0,4,0.5684,0.4861,1,53.28,12,6,0.558,0.7506,1,SYNTHETIC
0.6362,0.719,0.6971,5,0.5648,0.3804,0,7.51,12,4,0.4207,0.4522,1,SYNTHETIC
0.3008,0.6848,0.5696,2,0.3434,0.7504,5,66.03,13,0,0.1246,0.4285,0,SYNTHETIC
0.5838,0.5149,0.3878,9,0.2609,0.3548,4,17.02,12,1,0.636,0.0,1,SYNTHETIC
0.6537,0.4874,0.4114,1,0.9007,0.3069,2,33.27,9,3,0.6343,0.7839,1,SYNTHETIC
0.2985,0.4222,0.4092,4,0.3609,0.5501,1,9.83,10,0,0.196,0.223,1,SYNTHETIC
0.5412,0.4808,0.3131,2,0.5282,0.4982,2,34.21,14,2,0.5198,0.5249,0,SYNTHETIC
0.38,0.6025,0.484,1,0.9295,0.4243,1,8.74,15,0,0.7359,1.0,0,SYNTHETIC
0.2503,0.1935,0.1018,11,0.0135,0.8567,5,42.51,15,0,0.7966,0.2493,1,SYNTHETIC
0.5621,0.4912,0.4252,5,0.5013,0.6234,2,43.65,16,1,0.7112,0.4795,0,SYNTHETIC
0.1467,0.2383,0.0417,10,0.4638,0.5429,1,4.78,19,0,0.6692,0.5505,0,SYNTHETIC
0.4969,0.9452,0.8542,3,0.9228,0.2959,2,29.0,11,3,0.8587,0.7462,1,SYNTHETIC
0.1821,0.3574,0.181,8,0.0879,0.3287,0,1.49,20,1,0.1126,0.0752,1,SYNTHETIC
0.8988,0.6418,0.4586,1,1.0,0.1225,0,21.51,12,1,0.5424,0.9623,1,SYNTHETIC
0.0574,0.3155,0.1577,5,0.2511,0.7685,2,77.17,14,1,0.3064,0.4771,1,SYNTHETIC
0.8043,0.457,0.4061,2,0.4945,0.4158,1,8.53,11,1,0.82,0.3545,0,SYNTHETIC
0.1612,0.2487,0.2347,4,0.0013,0.7026,3,50.36,10,0,0.529,0.007,1,SYNTHETIC
0.292,0.6172,0.4999,0,0.7963,0.3363,0,7.91,12,2,0.7021,0.5847,0,SYNTHETIC
0.2611,0.5899,0.5224,5,0.4648,0.341,1,49.48,12,2,0.9286,0.3475,1,SYNTHETIC
0.1117,0.5015,0.3459,4,0.1936,0.5713,2,15.02,14,1,0.4418,0.3497,0,SYNTHETIC
0.5087,0.5968,0.5257,4,0.1657,0.5595,2,20.22,12,0,0.1618,0.3983,1,SYNTHETIC
0.1957,0.3525,0.2508,4,0.5779,0.4652,0,12.68,16,1,0.4232,0.0717,0,SYNTHETIC
0.2036,0.8644,0.8306,1,0.7867,0.3956,2,0.62,13,5,0.3563,0.9392,0,SYNTHETIC
0.6127,0.9264,0.7776,6,0.7718,0.0915,1,8.74,15,2,0.4483,1.0,0,SYNTHETIC
0.9117,0.7325,0.73,0,0.7576,0.126,0,132.31,10,1,0.3257,0.8063,0,SYNTHETIC
0.0251,0.2279,0.085,3,0.2784,0.9036,4,0.22,14,0,0.3067,0.0725,0,SYNTHETIC
0.3968,0.3883,0.3063,4,0.0833,0.5395,3,10.83,15,0,0.319,0.1087,1,SYNTHETIC
0.5446,0.6646,0.5673,5,0.6238,0.4488,2,8.35,8,1,0.8921,0.099,0,SYNTHETIC
0.2397,0.2551,0.2012,4,0.4233,0.8631,7,9.02,12,1,0.4607,0.4193,1,SYNTHETIC
0.9133,0.8065,0.647,2,0.6101,0.112,0,20.26,16,3,0.5816,0.7963,0,SYNTHETIC
0.4807,0.6189,0.5946,1,0.7907,0.5733,2,21.62,14,3,0.7237,0.7673,0,SYNTHETIC
0.8537,0.8382,0.7387,3,0.7024,0.2182,1,7.89,14,3,0.4373,0.4714,0,SYNTHETIC
0.5413,0.8201,0.638,3,0.2889,0.203,1,12.53,15,1,0.2499,0.0922,0,SYNTHETIC
0.7653,0.9064,0.7615,0,0.8642,0.2418,1,14.37,13,3,0.6928,1.0,0,SYNTHETIC
0.625,0.5801,0.4241,4,0.9479,0.528,1,7.12,14,2,0.8798,0.634,0,SYNTHETIC
0.5301,0.3822,0.3271,1,0.8856,0.36,1,24.79,16,4,0.4209,0.6031,1,SYNTHETIC
0.8616,0.246,0.2366,5,0.6825,0.0891,1,47.87,7,2,0.6922,0.8054,0,SYNTHETIC
0.6276,0.4773,0.3961,5,0.5967,0.3158,1,51.83,12,3,0.7142,0.8507,0,SYNTHETIC
0.7444,0.6755,0.497,0,0.8184,0.4984,3,18.15,14,2,0.438,0.7341,0,SYNTHETIC
0.0881,0.3476,0.2613,5,0.0642,0.4702,0,43.82,15,0,0.1597,0.4127,0,SYNTHETIC
0.6981,0.5791,0.4307,4,0.7058,0.3409,1,10.31,8,1,0.6552,0.9209,0,SYNTHETIC
0.7504,0.773,0.7204,4,0.5339,0.3491,1,2.88,14,0,0.9516,0.3382,0,SYNTHETIC
0.2856,0.2635,0.0842,5,0.4169,0.5227,1,3.97,12,2,0.5629,0.4417,1,SYNTHETIC
0.2211,0.1503,0.0147,11,0.0,0.8855,2,2.11,12,0,0.1268,0.0,1,SYNTHETIC
0.4155,0.3263,0.1338,3,0.3853,0.3313,2,0.13,17,0,0.542,0.6759,1,SYNTHETIC
0.4039,0.3927,0.2522,7,0.1528,0.7668,1,1.1,12,1,0.3774,0.1283,1,SYNTHETIC
0.3486,0.4782,0.3635,9,0.1932,0.8289,4,8.18,10,0,0.3399,0.1795,1,SYNTHETIC
0.5797,0.3985,0.2396,6,0.3765,0.4079,1,18.55,7,2,0.6649,0.554,1,SYNTHETIC
0.4602,0.3805,0.2623,3,0.2861,0.4256,0,12.0,12,1,0.5402,0.3298,0,SYNTHETIC
0.3605,0.2986,0.167,4,0.0377,0.3209,1,10.15,14,0,0.3525,0.0303,1,SYNTHETIC
0.3815,0.02,0.0,11,0.091,0.4032,3,35.33,14,1,0.358,0.0955,1,SYNTHETIC
0.6561,0.5464,0.468,7,0.4365,0.4228,1,27.89,14,2,0.3016,0.6228,0,SYNTHETIC
0.1313,0.3795,0.1856,7,0.1152,0.6612,3,24.79,12,0,0.4631,0.4556,1,SYNTHETIC
0.168,0.2436,0.2053,3,0.2162,0.7677,2,8.04,11,0,0.3328,0.2382,1,SYNTHETIC
0.5928,0.3414,0.2609,7,0.2263,0.7592,7,6.89,14,0,0.4144,0.2704,1,SYNTHETIC
0.5478,0.4304,0.3423,6,0.3413,0.6753,1,1.16,10,0,0.5636,0.3437,0,SYNTHETIC
0.2625,0.5585,0.5439,7,0.0811,0.5466,1,2.35,10,0,0.3192,0.0571,1,SYNTHETIC
0.7883,0.6085,0.5898,2,0.9222,0.5615,3,19.69,12,5,0.4013,0.9458,0,SYNTHETIC
0.8403,0.9789,0.8302,0,1.0,0.6666,1,12.04,16,2,0.8807,0.947,0,SYNTHETIC
0.8851,0.6539,0.6256,5,0.509,0.1474,0,60.96,12,2,0.5858,0.4974,0,SYNTHETIC
0.5908,0.5864,0.4389,2,0.7734,0.2337,0,36.57,17,3,0.8823,1.0,1,SYNTHETIC
0.0974,0.2145,0.0959,5,0.0611,0.6861,1,40.26,11,0,0.3415,0.2227,1,SYNTHETIC
0.645,0.7993,0.6996,3,0.6087,0.4679,0,42.88,13,1,0.895,0.6166,0,SYNTHETIC
0.5451,0.7618,0.6749,5,0.4826,0.566,3,9.08,15,0,0.7107,0.3407,0,SYNTHETIC
0.5106,0.3654,0.1671,1,0.8977,0.7282,2,7.82,21,2,0.4218,0.9833,0,SYNTHETIC
0.5938,0.4666,0.3728,2,0.4645,0.6391,1,3.24,13,0,0.3429,0.7323,0,SYNTHETIC
0.8521,0.7085,0.6785,3,0.4103,0.116,0,5.31,7,0,0.7483,0.5677,0,SYNTHETIC
0.462,0.3623,0.2251,3,0.6748,0.8141,3,58.46,9,4,0.4518,0.5985,1,SYNTHETIC
0.5311,0.6637,0.5014,2,0.822,0.2928,0,45.76,11,2,0.4481,0.8832,0,SYNTHETIC
0.4341,0.6579,0.5526,2,0.638,0.5923,0,25.31,10,0,0.5865,0.7671,0,SYNTHETIC
0.9148,0.7918,0.6723,3,0.5258,0.1273,1,15.52,14,1,0.2764,0.7037,0,SYNTHETIC
0.3027,0.224,0.1906,12,0.0264,0.9317,3,34.66,12,0,0.3973,0.1988,0,SYNTHETIC
0.87,0.8432,0.8099,0,0.6788,0.6656,1,39.21,10,3,0.1475,0.663,1,SYNTHETIC
0.3899,0.3382,0.2038,3,0.3597,0.685,3,6.44,16,1,0.287,0.3441,0,SYNTHETIC
0.4616,0.413,0.2326,3,0.5572,0.7736,5,41.49,12,1,0.2066,0.4815,1,SYNTHETIC
0.5035,0.3121,0.1551,7,0.1768,0.6713,2,5.41,15,0,0.5721,0.3194,1,SYNTHETIC
0.3595,0.228,0.035,7,0.08,0.9381,4,89.22,12,0,0.6542,0.3606,0,SYNTHETIC
0.3608,0.794,0.6906,3,0.4179,0.3299,0,12.99,15,0,0.6295,0.4644,1,SYNTHETIC
0.8505,0.5269,0.3546,2,0.9035,0.1481,0,3.4,8,7,0.563,1.0,0,SYNTHETIC
0.3424,0.2391,0.1519,5,0.3123,0.9854,4,20.95,15,0,0.7131,0.3071,0,SYNTHETIC
0.2433,0.3131,0.2119,6,0.1285,0.5034,2,17.37,12,0,0.6369,0.2487,0,SYNTHETIC
0.3985,0.4054,0.3605,4,0.7419,0.4188,2,7.29,11,5,0.6222,0.9122,0,SYNTHETIC
0.6737,0.5859,0.5297,2,0.9273,0.355,1,4.66,5,2,0.3954,0.5912,1,SYNTHETIC
0.7657,0.3497,0.2627,6,0.3024,0.7179,2,5.13,20,2,0.2668,0.7896,1,SYNTHETIC
0.4715,0.1425,0.0163,6,0.1228,0.5016,2,19.48,16,0,0.4581,0.0,1,SYNTHETIC
0.5733,0.394,0.2725,5,0.4512,0.4438,1,23.86,12,0,0.7732,0.2082,0,SYNTHETIC
0.443,0.838,0.7625,6,0.6348,0.2679,3,33.6,8,0,0.4535,0.4692,0,SYNTHETIC
0.2868,0.111,0.1098,3,0.4017,0.5942,1,39.16,17,0,0.2804,0.6897,1,SYNTHETIC
0.7246,0.4948,0.4,4,0.4542,0.4637,0,1.66,18,2,0.6964,0.28,0,SYNTHETIC
0.7631,0.819,0.8014,2,0.421,0.1156,0,4.89,13,4,0.5758,0.7376,0,SYNTHETIC
0.1781,0.2056,0.1363,3,0.5025,0.9028,5,30.21,16,0,0.5041,0.3161,1,SYNTHETIC
0.8664,0.4397,0.3965,3,0.2185,0.4291,2,43.35,10,1,0.2925,0.4234,0,SYNTHETIC
0.6076,0.4467,0.3872,2,0.6801,0.1304,0,6.89,11,2,0.777,0.8361,0,SYNTHETIC
0.7245,0.1994,0.0949,1,0.6755,0.685,0,13.01,10,2,0.8983,0.5458,0,SYNTHETIC
0.511,0.8086,0.6194,2,0.3621,0.5878,2,67.82,11,3,0.4359,0.5913,0,SYNTHETIC
0.7068,0.5538,0.3544,3,0.6317,0.0924,0,86.22,16,2,0.4363,0.6707,0,SYNTHETIC
0.9378,0.4589,0.4259,4,0.6555,0.5676,3,103.06,14,5,0.7811,0.6915,0,SYNTHETIC
0.8527,0.0976,0.0,1,0.8864,0.7356,4,20.56,12,5,0.6976,0.8636,1,SYNTHETIC
0.9247,0.6724,0.4902,1,0.8833,0.2263,0,0.5,10,3,0.6433,0.9565,0,SYNTHETIC
0.5447,0.7674,0.7562,4,0.4632,0.2116,0,3.27,17,2,0.5484,0.5881,0,SYNTHETIC
0.6045,0.6901,0.4914,2,0.7555,0.5648,2,68.9,13,1,0.6569,0.755,0,SYNTHETIC
0.8936,0.7379,0.6044,2,0.4387,0.1983,1,47.87,8,1,0.7841,0.4355,0,SYNTHETIC
0.9562,0.9056,0.8013,2,0.7685,0.344,3,53.71,15,3,0.3774,0.9753,0,SYNTHETIC
0.4702,0.7478,0.6419,3,0.6853,0.5484,0,2.59,16,4,0.6662,0.7079,1,SYNTHETIC
0.241,0.4347,0.3389,2,0.4271,0.3947,0,61.62,18,2,0.2846,0.3031,1,SYNTHETIC
0.2028,0.3099,0.3038,7,0.2954,0.3414,2,4.81,19,0,0.1801,0.0483,1,SYNTHETIC
0.4261,0.1229,0.0,4,0.4617,0.2247,4,1.78,9,0,0.3207,0.5459,0,SYNTHETIC
0.5569,0.7627,0.6807,8,0.542,0.5545,1,1.17,16,0,0.3716,0.6617,0,SYNTHETIC
0.6196,0.847,0.7199,1,0.7892,0.4426,1,44.76,15,3,0.419,0.7526,0,SYNTHETIC
0.7977,0.5481,0.4675,2,0.6942,0.418,1,24.21,12,2,0.3963,0.7586,0,SYNTHETIC
0.8512,0.329,0.1871,4,0.5082,0.3015,0,24.76,16,2,0.9937,0.5045,0,SYNTHETIC
0.1992,0.1875,0.164,0,0.5563,0.8019,3,62.97,17,2,0.2275,0.3822,1,SYNTHETIC
0.274,0.9189,0.7269,5,0.6248,0.6741,2,42.72,14,6,0.7429,0.6358,1,SYNTHETIC
0.2877,0.3999,0.2981,6,0.3042,0.9098,4,28.72,18,1,0.0994,0.4799,0,SYNTHETIC
0.8033,0.8705,0.7953,0,1.0,0.1288,1,28.29,11,2,0.6105,0.976,0,SYNTHETIC
0.882,0.7855,0.762,1,0.7351,0.2697,1,22.48,11,6,0.4318,0.8074,0,SYNTHETIC
0.3768,0.6809,0.5196,3,0.6033,0.4936,3,38.5,5,2,0.7165,0.2879,1,SYNTHETIC
0.6801,0.5398,0.3637,1,0.6592,0.4589,2,4.97,14,4,0.7268,0.7351,1,SYNTHETIC
0.1986,0.3347,0.312,4,0.4382,0.7918,2,39.85,10,0,0.0478,0.433,1,SYNTHETIC
0.2714,0.2319,0.1532,6,0.3525,0.4647,2,12.06,14,0,0.154,0.0221,1,SYNTHETIC
0.2475,0.2956,0.2409,4,0.3492,0.8856,3,5.14,15,1,0.275,0.4424,0,SYNTHETIC
0.8599,0.8764,0.7865,0,0.8644,0.2474,0,21.48,12,2,0.5325,0.9588,0,SYNTHETIC
0.4042,0.5844,0.4804,6,0.0686,0.7536,4,31.46,11,0,0.7519,0.4081,1,SYNTHETIC
0.7206,0.8644,0.8106,1,0.4634,0.4647,2,14.33,13,1,0.2929,0.7993,1,SYNTHETIC
0.3014,0.7311,0.5983,8,0.0821,0.932,0,3.57,10,0,0.58,0.5537,0,SYNTHETIC
0.7327,0.3917,0.2297,1,0.7979,0.6224,2,13.4,13,3,0.8042,0.6841,1,SYNTHETIC
0.1259,0.4945,0.4939,4,0.2929,0.7236,1,15.38,11,1,0.5599,0.667,1,SYNTHETIC
0.6339,0.7568,0.617,2,0.5806,0.058,0,6.05,15,3,0.6086,0.5469,1,SYNTHETIC
0.4704,0.5748,0.5479,4,0.7033,0.4073,0,13.09,11,4,0.4858,0.9262,0,SYNTHETIC
0.4887,0.4837,0.3978,1,0.8595,0.1394,0,137.45,16,3,0.2645,0.9167,1,SYNTHETIC
0.6329,0.5346,0.4271,3,0.4242,0.5463,3,11.74,11,1,0.134,0.4801,1,SYNTHETIC
0.6241,0.9012,0.7166,5,0.3781,0.4741,3,10.81,17,2,0.5176,0.131,0,SYNTHETIC
0.4262,0.4243,0.3831,3,0.341,0.4159,2,20.21,16,2,0.2714,0.798,1,SYNTHETIC
0.5773,0.9002,0.7653,1,0.8862,0.2277,2,10.97,10,2,0.8913,0.7424,1,SYNTHETIC
0.4388,0.7771,0.6762,1,0.85,0.1846,0,47.41,10,4,0.6247,0.8816,0,SYNTHETIC
0.3841,0.5738,0.3978,6,0.5135,0.9422,4,43.43,15,1,0.3938,0.3788,0,SYNTHETIC
0.3566,0.6672,0.6616,2,0.4216,0.7149,1,109.86,16,3,0.2661,0.5357,0,SYNTHETIC
0.6732,0.8024,0.735,2,0.6796,0.4104,1,2.14,16,2,0.7146,0.6518,0,SYNTHETIC
0.4394,0.4958,0.4284,1,0.6568,0.3198,1,31.21,18,0,0.59,0.6753,0,SYNTHETIC
0.9172,0.7995,0.6949,0,0.9142,0.2717,0,30.29,16,1,0.5682,1.0,0,SYNTHETIC
0.6511,0.8146,0.6395,2,0.5992,0.04,0,17.18,12,2,0.4472,0.6516,1,SYNTHETIC
0.2467,0.6907,0.6877,6,0.5518,0.7641,2,50.21,9,1,0.5794,0.3161,1,SYNTHETIC
0.3075,0.4374,0.3893,7,0.1279,0.5123,2,27.17,14,0,0.0583,0.169,1,SYNTHETIC
0.8525,0.5486,0.4827,1,0.7764,0.2381,1,17.03,14,4,0.123,0.8234,0,SYNTHETIC
0.8158,0.6798,0.5081,1,0.7748,0.5783,4,28.63,14,1,0.5374,0.8095,0,SYNTHETIC
0.3888,0.0468,0.0,4,0.5154,0.9196,0,70.45,15,2,0.117,0.9904,0,SYNTHETIC
0.9718,0.6365,0.6227,5,0.4839,0.1199,0,6.42,9,2,0.8977,0.6109,0,SYNTHETIC
0.8196,0.3792,0.2804,6,0.158,0.748,4,19.73,12,1,0.1325,0.0911,1,SYNTHETIC
0.6302,0.2822,0.1804,4,0.3684,0.4881,0,24.06,6,0,0.3261,0.4788,0,SYNTHETIC
0.4898,0.5947,0.5726,1,0.6651,0.7835,2,1.03,9,4,0.6936,0.6928,0,SYNTHETIC
0.8967,0.6427,0.6164,4,0.6074,0.1313,0,28.27,14,0,0.6184,0.6553,0,SYNTHETIC
0.9957,0.8846,0.7993,3,0.5639,0.4576,0,57.88,13,5,0.5116,0.8527,0,SYNTHETIC
0.7436,0.8816,0.79,4,0.597,0.4303,0,23.68,14,3,0.4683,0.7454,0,SYNTHETIC
0.1372,0.5597,0.5144,6,0.1057,0.8539,7,15.92,13,0,0.194,0.2605,0,SYNTHETIC
0.7996,0.5643,0.5137,2,0.9025,0.321,0,26.21,16,2,0.9464,0.8209,0,SYNTHETIC
0.0891,0.1872,0.1599,2,0.3932,0.3929,1,0.65,9,1,0.2032,0.1456,1,SYNTHETIC
0.8163,0.5696,0.3798,0,0.7953,0.6625,1,16.42,15,2,0.4366,0.7763,0,SYNTHETIC
0.0199,0.6171,0.5492,8,0.0001,0.7771,2,19.48,16,0,0.1004,0.0899,1,SYNTHETIC
0.5605,0.4761,0.3624,2,0.806,0.2424,0,19.52,19,1,0.8935,0.869,0,SYNTHETIC
0.1601,0.1993,0.0234,6,0.3718,0.7261,5,4.96,10,0,0.1226,0.5756,1,SYNTHETIC
0.3867,0.1018,0.0274,3,0.2114,0.853,5,36.72,12,2,0.4912,0.3962,1,SYNTHETIC
0.3272,0.3094,0.2907,5,0.5754,0.3855,1,118.21,14,1,0.2982,0.4209,0,SYNTHETIC
0.239,0.4862,0.4359,4,0.5115,0.4923,1,21.09,9,0,0.5025,0.4645,0,SYNTHETIC
0.728,0.5698,0.5361,4,0.6885,0.5359,1,9.43,19,0,0.4684,0.6068,1,SYNTHETIC
0.4942,0.1507,0.0,7,0.3357,0.3417,0,35.78,18,0,0.1817,0.5481,1,SYNTHETIC
0.5329,0.9091,0.7602,3,0.8185,0.1776,1,9.38,12,0,0.1101,0.9668,0,SYNTHETIC
0.63,0.5192,0.3878,5,0.0052,0.5307,2,45.72,10,0,0.7207,0.0813,0,SYNTHETIC
0.9145,0.8616,0.7365,2,0.4856,0.1371,1,26.66,13,1,0.7387,0.7816,0,SYNTHETIC
0.7374,0.7276,0.5657,2,0.7357,0.3074,2,59.41,14,2,0.3892,0.4903,1,SYNTHETIC
0.5031,0.6043,0.4917,0,1.0,0.4086,2,7.28,10,1,0.6103,1.0,1,SYNTHETIC
0.9069,0.7401,0.721,3,0.5617,0.0839,1,1.48,16,1,0.2845,0.5288,0,SYNTHETIC
0.3914,0.0401,0.0,3,0.3083,0.8864,10,16.75,15,2,0.5335,0.2437,1,SYNTHETIC
0.7543,0.9705,0.7848,1,0.7271,0.0574,0,5.84,17,1,0.4508,0.7561,0,SYNTHETIC
0.6558,0.9513,0.7589,4,0.7751,0.1932,0,10.27,17,3,0.5938,0.7476,0,SYNTHETIC
0.8823,0.7339,0.5905,6,0.7339,0.0698,0,148.55,8,3,0.7276,0.6606,0,SYNTHETIC
0.0868,0.3469,0.2685,6,0.4277,0.601,1,28.27,11,0,0.6627,0.5377,1,SYNTHETIC
0.727,0.814,0.7137,2,0.7611,0.2709,1,0.7,11,4,0.7539,0.6337,0,SYNTHETIC
0.1507,0.4137,0.3789,4,0.3886,0.4572,2,23.51,18,2,0.1223,0.7304,1,SYNTHETIC
0.7685,0.9899,0.8801,1,1.0,0.3627,1,52.84,13,5,0.7896,1.0,0,SYNTHETIC
0.4206,0.1664,0.0,1,0.5061,0.5078,2,25.18,17,2,0.3674,0.5949,1,SYNTHETIC
0.9122,0.9187,0.9126,0,0.9624,0.2645,2,5.58,15,5,0.9433,0.853,0,SYNTHETIC
0.9318,0.9464,0.9367,1,0.723,0.3657,2,3.68,15,1,0.4802,0.7497,0,SYNTHETIC
0.3485,0.515,0.5097,6,0.2291,0.8531,4,24.3,11,1,0.2775,0.3057,1,SYNTHETIC
0.7181,0.3386,0.2142,4,0.1872,0.5858,3,6.71,15,1,0.1297,0.0,1,SYNTHETIC
0.3272,0.406,0.2837,3,0.5704,0.4465,2,0.64,18,1,0.5776,0.5142,1,SYNTHETIC
0.0587,0.132,0.0,3,0.4434,0.3554,1,8.23,13,1,0.4291,0.2303,1,SYNTHETIC
0.4181,0.6752,0.6095,0,1.0,0.1606,1,6.4,11,1,0.5012,1.0,0,SYNTHETIC
0.3261,0.5314,0.5211,8,0.4619,0.3968,1,2.97,8,0,0.4053,0.3897,1,SYNTHETIC
0.5346,0.6496,0.5847,4,0.289,0.1311,0,15.8,13,0,0.5474,0.4372,1,SYNTHETIC
0.306,0.2221,0.2181,4,0.2308,0.6936,4,10.48,12,2,0.4069,0.353,0,SYNTHETIC
0.2851,0.2332,0.1445,8,0.0734,0.7148,3,24.33,11,1,0.3885,0.0351,0,SYNTHETIC
0.4807,0.6788,0.609,2,0.8547,0.2566,0,25.83,16,2,0.7671,0.5419,0,SYNTHETIC
0.422,0.4263,0.3158,5,0.4471,0.5245,1,30.11,8,1,0.5757,0.3708,1,SYNTHETIC
0.0513,0.2717,0.2079,8,0.0,0.6908,1,15.3,11,0,0.1534,0.0,1,SYNTHETIC
0.1954,0.4895,0.2937,5,0.311,0.4423,0,43.3,17,2,0.0837,0.189,1,SYNTHETIC
0.166,0.2677,0.2556,7,0.0966,0.523,3,1.12,16,1,0.1908,0.1483,0,SYNTHETIC
0.87,0.4128,0.2712,0,0.5913,0.0376,0,0.81,13,1,0.2572,0.7274,0,SYNTHETIC
0.3776,0.3877,0.3117,0,0.8929,0.5672,3,14.08,17,3,0.6025,0.7295,0,SYNTHETIC
0.4284,0.4666,0.4544,5,0.3717,0.2859,1,17.81,18,0,0.7975,0.5097,0,SYNTHETIC
0.4909,0.38,0.3245,2,0.6829,0.2711,2,5.81,10,2,0.606,0.4866,0,SYNTHETIC
0.7201,0.4593,0.3029,0,0.6509,0.5435,1,13.61,14,3,0.2222,0.8224,1,SYNTHETIC
0.6829,0.5171,0.4647,0,0.8479,0.2446,0,2.58,14,2,0.841,0.9282,0,SYNTHETIC
0.5703,0.6325,0.4681,0,0.8807,0.3352,0,18.38,17,3,0.7269,0.8648,1,SYNTHETIC
0.8062,0.3977,0.3427,2,0.4635,0.1825,2,71.33,12,0,0.421,0.6393,0,SYNTHETIC
0.6373,0.4386,0.337,3,0.6933,0.4891,3,4.11,13,0,0.2109,0.8739,0,SYNTHETIC
0.7363,0.7385,0.6855,0,0.7065,0.363,1,1.53,18,2,0.8406,0.6126,0,SYNTHETIC
0.726,0.7686,0.5883,0,0.6727,0.5236,0,4.33,14,5,0.7734,0.8054,0,SYNTHETIC
0.6716,0.6372,0.5475,2,0.7338,0.2542,0,12.94,14,2,0.6543,0.7492,1,SYNTHETIC
0.2733,0.5393,0.4165,5,0.1133,0.9331,1,15.7,14,0,0.5652,0.1155,1,SYNTHETIC
0.2746,0.7925,0.6151,3,0.5727,0.2329,1,23.81,17,2,0.7321,0.4342,0,SYNTHETIC
0.7554,0.291,0.1491,1,0.2563,0.5453,0,5.01,10,1,0.1327,0.3773,1,SYNTHETIC
0.554,0.1453,0.1142,2,0.6353,0.7431,1,58.16,11,0,0.2774,0.2581,1,SYNTHETIC
0.893,0.6694,0.6048,3,0.6902,0.3425,3,4.12,14,3,0.4059,0.8814,0,SYNTHETIC
0.5538,0.8554,0.7795,4,0.2606,0.279,1,18.89,12,2,0.7731,0.2795,0,SYNTHETIC
0.9438,0.3175,0.1884,3,0.833,0.2999,1,32.44,11,5,0.4334,0.7167,1,SYNTHETIC
0.7915,0.5005,0.4075,4,0.6046,0.5537,2,92.93,12,2,0.4047,0.7129,0,SYNTHETIC
0.7047,0.5837,0.5539,5,0.1547,0.5144,2,13.96,7,1,0.896,0.2747,0,SYNTHETIC
0.2696,0.3425,0.1681,2,0.6076,0.3774,0,1.62,13,1,0.4295,0.3871,1,SYNTHETIC
0.1081,0.217,0.105,1,0.4323,0.6884,2,20.0,10,1,0.4705,0.0437,0,SYNTHETIC
0.6474,0.4504,0.3187,1,0.5562,0.4333,1,43.86,14,1,0.4883,0.2621,0,SYNTHETIC
0.4427,0.3795,0.2118,5,0.2631,0.3726,4,24.38,15,1,0.5736,0.2535,0,SYNTHETIC
0.5105,0.5241,0.4448,0,0.4845,0.1202,2,4.12,9,3,0.5548,0.5491,1,SYNTHETIC
0.4943,0.7164,0.6014,5,0.5733,0.515,0,45.79,17,2,0.8513,0.4898,0,SYNTHETIC
0.402,0.4464,0.3914,3,0.2016,0.0603,0,18.91,22,1,0.3113,0.2271,0,SYNTHETIC
0.5252,0.8912,0.8415,5,0.4693,0.8827,2,2.21,13,0,0.5254,0.2859,1,SYNTHETIC
0.1082,0.5261,0.4694,3,0.5522,0.7214,3,18.47,15,4,0.5751,0.8849,1,SYNTHETIC
0.8946,0.4963,0.4381,1,0.5442,0.3635,0,7.95,11,1,0.6567,0.6072,0,SYNTHETIC
0.4812,0.7761,0.7352,1,0.8623,0.6403,5,21.93,17,2,0.4021,1.0,0,SYNTHETIC
0.7555,0.684,0.6681,3,0.6081,0.2295,0,11.99,12,2,0.9457,0.6471,1,SYNTHETIC
0.231,0.4515,0.3659,6,0.1305,0.8784,0,57.1,10,0,0.1473,0.2663,1,SYNTHETIC
0.4685,0.3645,0.198,4,0.2607,0.6138,2,11.02,9,1,0.6005,0.4078,1,SYNTHETIC
0.023,0.2807,0.0913,8,0.4147,0.3902,2,3.23,11,0,0.1609,0.3636,1,SYNTHETIC
0.878,0.7777,0.6317,1,0.6996,0.1331,0,21.69,11,1,0.6184,0.8276,1,SYNTHETIC
0.5655,0.3533,0.2556,5,0.4977,0.4813,1,3.08,10,1,0.438,0.3276,1,SYNTHETIC
0.9252,0.52,0.328,1,0.9427,0.1544,2,14.55,8,3,0.6114,0.9831,1,SYNTHETIC
0.0969,0.2184,0.1745,8,0.4193,0.7552,5,20.62,11,2,0.4547,0.2146,0,SYNTHETIC
0.6868,0.5744,0.5671,4,0.5869,0.3848,2,10.94,13,2,0.921,0.6739,1,SYNTHETIC
0.0975,0.0931,0.0,7,0.2069,0.755,3,6.41,16,1,0.428,0.0883,1,SYNTHETIC
0.8914,0.919,0.9181,6,0.6765,0.1172,0,3.46,6,3,0.699,0.536,0,SYNTHETIC
0.7422,0.6771,0.5789,1,0.8521,0.6785,5,7.31,15,2,0.5357,1.0,0,SYNTHETIC
0.4995,0.2506,0.1852,8,0.2769,0.5334,0,35.37,18,2,0.7457,0.2226,1,SYNTHETIC
0.9664,0.7258,0.7174,2,0.9162,0.1837,2,13.99,18,1,0.7334,0.8208,0,SYNTHETIC
0.1849,0.0566,0.0,11,0.3185,0.7698,1,3.86,8,0,0.6257,0.2039,1,SYNTHETIC
0.7064,0.6532,0.4626,0,0.9673,0.1561,1,1.78,10,2,0.4988,1.0,0,SYNTHETIC
0.2632,0.2294,0.1186,2,0.3534,0.5538,0,8.71,11,1,0.2958,0.3069,1,SYNTHETIC
0.9269,0.9501,0.7767,1,0.9039,0.1383,1,8.36,13,2,0.7882,0.8606,0,SYNTHETIC
0.726,0.8809,0.7062,2,0.6746,0.5262,5,1.31,15,2,0.7395,0.5213,1,SYNTHETIC
0.4685,0.8973,0.801,0,1.0,0.0285,0,5.47,10,1,0.7946,0.9745,0,SYNTHETIC
0.8232,0.6342,0.4388,1,0.7532,0.3235,0,32.36,16,3,0.0758,0.6439,0,SYNTHETIC
0.7176,0.5053,0.4671,6,0.3273,0.1983,1,7.9,5,0,0.1822,0.1611,1,SYNTHETIC
0.3096,0.7649,0.7516,2,0.8491,0.0386,0,42.91,17,1,0.3811,0.4495,0,SYNTHETIC
0.6172,0.5608,0.5373,5,0.0399,0.2927,0,16.35,12,0,0.3875,0.4484,1,SYNTHETIC
0.3067,0.1967,0.099,4,0.6525,0.4646,2,5.59,17,0,0.9015,1.0,0,SYNTHETIC
0.6016,0.5806,0.4938,3,0.4929,0.2773,0,31.23,18,1,0.5624,0.404,0,SYNTHETIC
0.8926,0.7669,0.7608,2,0.6548,0.0996,0,12.54,13,6,0.6383,0.8222,1,SYNTHETIC
0.2065,0.6884,0.5481,7,0.3155,0.8955,3,0.59,11,2,0.4539,0.3821,0,SYNTHETIC
0.7421,0.7805,0.6974,0,0.8839,0.1147,1,77.43,15,3,0.6846,0.913,0,SYNTHETIC
0.2086,0.3013,0.1104,2,0.3298,0.854,5,86.66,12,0,0.2678,0.2437,1,SYNTHETIC
0.6917,0.0577,0.0214,0,0.5846,0.5049,3,53.07,12,0,0.5346,0.8024,0,SYNTHETIC
0.9508,0.6194,0.6076,1,0.8433,0.4424,1,32.15,14,2,0.6414,0.9369,0,SYNTHETIC
0.4524,0.4223,0.2552,6,0.5905,0.1327,0,66.9,11,0,0.4835,0.3406,1,SYNTHETIC
0.7216,0.5647,0.3924,4,0.7311,0.0832,0,25.66,18,2,0.8078,0.8438,1,SYNTHETIC
0.5731,0.704,0.5928,0,0.8239,0.1515,0,19.06,12,2,0.5927,0.7886,1,SYNTHETIC
0.1076,0.3461,0.1621,5,0.6461,0.7743,3,28.79,6,1,0.2426,0.6206,1,SYNTHETIC
0.7014,0.2385,0.1858,3,0.4072,0.3427,2,26.13,9,1,0.8304,0.39,0,SYNTHETIC
0.8077,0.6074,0.4466,2,0.8138,0.1964,1,8.63,21,4,0.3015,1.0,0,SYNTHETIC
0.8891,0.6134,0.5988,0,0.7487,0.2698,1,8.83,9,3,0.7449,0.7053,0,SYNTHETIC
0.7636,0.4727,0.3953,4,0.4743,0.3712,0,3.84,16,1,0.1967,0.7461,0,SYNTHETIC
0.7044,0.8007,0.6407,2,0.8634,0.4473,3,8.9,14,3,0.6787,0.8656,0,SYNTHETIC
0.423,0.1457,0.0087,8,0.2255,0.4627,1,36.95,16,0,0.4943,0.216,1,SYNTHETIC
0.7764,0.4817,0.3666,2,0.4574,0.207,1,13.44,14,0,0.5472,0.3787,0,SYNTHETIC
0.4139,0.8762,0.7222,2,0.5163,0.1319,0,42.95,9,1,0.6617,0.3332,0,SYNTHETIC
0.6076,0.4824,0.4743,5,0.3275,0.3839,3,15.28,11,0,0.6584,0.0,0,SYNTHETIC
0.6153,0.3629,0.253,3,0.7046,0.162,0,34.71,11,3,0.4575,0.7512,0,SYNTHETIC
0.8673,0.9638,0.8744,2,0.6591,0.1721,0,126.58,12,2,0.5083,0.7635,0,SYNTHETIC
0.3641,0.6029,0.5235,2,0.5574,0.7337,5,0.87,11,0,0.0993,0.7613,1,SYNTHETIC
0.6562,0.4158,0.345,9,0.534,0.7283,1,27.5,11,0,0.7276,0.3993,1,SYNTHETIC
0.2797,0.1372,0.0435,5,0.0748,0.4475,2,17.88,13,0,0.506,0.0254,0,SYNTHETIC
0.5394,0.441,0.3066,8,0.052,0.7732,5,2.61,16,0,0.1574,0.1146,1,SYNTHETIC
0.3222,0.3265,0.2558,9,0.3762,0.7941,6,16.8,12,0,0.1832,0.0,0,SYNTHETIC
0.6171,0.4668,0.3123,1,0.4464,0.592,3,3.16,7,0,0.5556,0.6146,0,SYNTHETIC
0.7074,0.4401,0.3601,1,0.6212,0.4895,1,9.25,13,0,0.7856,0.6797,0,SYNTHETIC
0.603,0.8243,0.776,2,0.3997,0.1519,0,12.49,15,0,0.6161,0.5158,1,SYNTHETIC
0.4232,0.6159,0.4338,2,0.4348,0.5625,3,12.47,14,1,0.7382,0.4522,1,SYNTHETIC
0.8487,0.6445,0.5717,6,0.4265,0.6807,2,16.51,19,1,0.3289,0.2992,0,SYNTHETIC
0.0734,0.5814,0.4449,5,0.3038,0.5895,3,48.03,11,1,0.0886,0.1436,1,SYNTHETIC
0.8454,0.8749,0.7299,2,0.6576,0.046,0,17.96,16,2,0.4206,0.5655,0,SYNTHETIC
0.9216,0.2687,0.216,5,0.3674,0.2233,0,2.03,14,2,0.5184,0.5507,1,SYNTHETIC
0.9205,0.7025,0.5525,6,0.5626,0.2842,0,22.07,10,2,0.8188,0.5564,1,SYNTHETIC
0.2365,0.1705,0.0853,6,0.1697,0.3814,1,7.21,18,0,0.3631,0.2112,0,SYNTHETIC
0.5332,0.4764,0.3433,2,0.4333,0.3957,2,70.47,14,1,0.9529,0.6492,1,SYNTHETIC
0.1634,0.1989,0.1715,2,0.8383,0.7032,0,3.12,10,1,0.1994,0.8498,1,SYNTHETIC
0.3099,0.5285,0.5192,3,0.5426,0.4288,2,18.34,7,1,0.6579,0.4267,1,SYNTHETIC
0.7858,0.4344,0.3401,0,0.6654,0.292,1,41.83,20,0,0.348,0.5654,0,SYNTHETIC
0.5617,0.4444,0.4328,1,0.4683,0.6468,1,4.91,15,0,0.6617,0.1772,0,SYNTHETIC
0.2876,0.5958,0.5177,3,0.6047,0.5376,7,18.23,17,4,0.8121,0.4862,0,SYNTHETIC
0.0879,0.2016,0.1715,5,0.0779,0.5825,2,11.51,17,1,0.2669,0.2085,0,SYNTHETIC
0.4229,0.1184,0.0523,9,0.2256,0.5464,1,5.71,16,0,0.246,0.5264,0,SYNTHETIC
0.7481,0.5483,0.3778,7,0.7074,0.7199,1,5.69,16,4,0.5958,0.7359,0,SYNTHETIC
0.8691,0.8204,0.7308,1,0.5248,0.2303,0,15.11,14,3,0.399,0.5427,1,SYNTHETIC
0.7634,0.6676,0.6533,1,0.6654,0.2437,0,15.74,11,2,0.4558,0.5675,0,SYNTHETIC
0.2808,0.6379,0.4699,8,0.0037,0.4348,2,37.84,8,0,0.7468,0.149,0,SYNTHETIC
0.6164,0.6639,0.5009,3,0.7053,0.7094,2,55.13,12,0,0.7326,0.6569,0,SYNTHETIC
0.251,0.2267,0.1047,2,0.6428,0.5817,1,10.95,14,3,0.7667,0.9195,1,SYNTHETIC
0.0325,0.4853,0.4435,6,0.3715,0.6609,0,34.72,12,1,0.3548,0.0915,0,SYNTHETIC
0.4588,0.645,0.4675,8,0.2633,0.2581,0,24.29,20,4,0.6427,0.5981,0,SYNTHETIC
0.7333,0.5036,0.3748,1,0.4496,0.2916,0,3.51,12,1,0.6065,0.4302,1,SYNTHETIC
0.6913,0.8644,0.7268,3,0.639,0.134,1,37.86,8,1,0.2061,0.3987,0,SYNTHETIC
0.2416,0.448,0.3576,6,0.0,0.5857,3,5.33,12,0,0.5931,0.1886,0,SYNTHETIC
0.6922,0.5169,0.4948,7,0.199,0.5319,2,50.21,10,2,0.5917,0.0795,1,SYNTHETIC
0.2505,0.1061,0.0,5,0.5241,0.9744,5,0.51,21,3,0.2014,0.5712,1,SYNTHETIC
0.6344,0.1034,0.0,3,0.5934,0.4462,0,9.04,18,1,0.4014,0.4317,0,SYNTHETIC
0.573,0.1448,0.1151,3,0.2405,0.6682,4,41.06,13,0,0.3643,0.1752,1,SYNTHETIC
0.3939,0.7262,0.688,1,0.5418,0.5816,0,1.42,10,1,0.4622,0.5865,0,SYNTHETIC
0.7358,0.6035,0.5101,4,0.3859,0.6167,5,22.29,16,3,0.2337,0.4651,1,SYNTHETIC
0.423,0.8269,0.6393,1,0.7072,0.6517,3,7.01,9,2,0.3349,0.8376,0,SYNTHETIC
0.8376,0.9035,0.7875,3,0.4675,0.563,2,0.95,13,0,0.731,0.4574,0,SYNTHETIC
0.5242,0.6688,0.5536,1,0.6238,0.0689,1,18.13,17,1,0.6498,0.8344,0,SYNTHETIC
0.9423,0.694,0.65,0,0.6884,0.2085,0,2.23,13,1,0.6773,0.9422,0,SYNTHETIC
0.2086,0.5798,0.4836,9,0.3297,0.6018,2,16.21,13,2,0.3339,0.1503,1,SYNTHETIC
0.1373,0.4981,0.4901,4,0.1101,0.8463,1,30.66,11,2,0.2811,0.1691,1,SYNTHETIC
0.8869,0.763,0.6485,0,0.7608,0.1951,0,2.59,8,1,0.5083,1.0,0,SYNTHETIC
0.2322,0.5564,0.5347,4,0.1589,0.8781,3,49.09,13,0,0.1794,0.0,0,SYNTHETIC
0.2311,0.6144,0.6064,8,0.4796,0.674,1,160.29,12,0,0.1878,0.4837,0,SYNTHETIC
0.2143,0.2429,0.2216,3,0.3617,0.7949,1,8.4,14,4,0.4035,0.2146,0,SYNTHETIC
0.8383,0.9452,0.9093,1,1.0,0.3856,0,0.15,11,5,0.5115,0.9118,0,SYNTHETIC
0.6745,0.2283,0.0917,5,0.7967,0.6752,0,45.14,14,2,0.7722,0.7815,0,SYNTHETIC
0.7342,0.8757,0.7737,3,1.0,0.1955,1,6.99,13,3,0.0831,0.9036,0,SYNTHETIC
0.4288,0.4021,0.2332,1,0.5024,0.2048,1,35.9,11,2,0.535,0.8556,0,SYNTHETIC
0.5778,0.2437,0.1355,4,0.3402,0.8336,0,11.28,14,2,0.54,0.3624,1,SYNTHETIC
0.9134,0.5314,0.3513,2,0.7103,0.1766,1,14.91,9,3,0.7902,0.4798,0,SYNTHETIC
0.5748,0.5709,0.3863,3,0.7771,0.4643,1,12.98,13,1,0.4823,0.3399,0,SYNTHETIC
0.2809,0.5498,0.4879,1,0.6796,0.4288,1,5.44,14,1,0.2515,0.8818,1,SYNTHETIC
0.3775,0.4972,0.4047,5,0.0483,0.7723,3,13.71,16,0,0.315,0.104,1,SYNTHETIC
0.2889,0.2816,0.2236,0,0.8098,0.2557,0,0.44,13,4,0.7703,0.6455,0,SYNTHETIC
0.837,0.7088,0.625,2,0.8288,0.0643,0,53.21,10,2,0.6216,0.739,1,SYNTHETIC
0.4539,0.5113,0.4616,8,0.4884,0.4939,1,3.67,15,3,0.2842,0.6006,1,SYNTHETIC
0.6285,0.7213,0.6723,7,0.5786,0.6318,3,0.71,12,1,0.895,0.3926,1,SYNTHETIC
0.7673,0.6663,0.6437,2,0.7736,0.2163,0,2.9,14,2,0.7525,0.8127,0,SYNTHETIC
0.3891,0.7492,0.6775,4,0.3859,0.1747,1,1.54,12,0,0.4206,0.6016,0,SYNTHETIC
0.4496,0.3411,0.2078,8,0.4116,0.4433,1,9.11,14,1,0.2735,0.1775,1,SYNTHETIC
0.1529,0.6285,0.6156,9,0.1608,0.9027,2,4.11,18,1,0.1462,0.0,0,SYNTHETIC
0.7224,0.7198,0.5537,2,0.5021,0.3163,1,7.31,19,2,0.6355,0.662,1,SYNTHETIC
0.6116,0.706,0.6311,1,0.906,0.0398,0,5.54,10,2,0.4575,0.6564,0,SYNTHETIC
0.7063,0.7125,0.5317,5,0.5912,0.2635,0,35.68,11,1,0.8578,0.4366,0,SYNTHETIC
0.3046,0.16,0.1239,5,0.2328,0.8809,4,24.11,14,1,0.1194,0.0,1,SYNTHETIC
0.7162,0.4503,0.308,3,0.4882,0.1207,1,9.98,11,2,0.5734,0.8419,1,SYNTHETIC
0.6891,0.8233,0.6578,1,0.8007,0.3617,1,0.71,12,2,0.7727,0.8501,1,SYNTHETIC
0.4343,0.5487,0.44,1,0.6986,0.2169,1,5.74,8,1,0.709,0.7981,0,SYNTHETIC
0.5047,0.4859,0.3928,5,0.2655,0.7979,5,18.3,15,0,0.5684,0.2384,0,SYNTHETIC
0.2504,0.5665,0.5603,7,0.3902,0.7129,2,22.12,13,1,0.4447,0.3022,0,SYNTHETIC
0.4168,0.2145,0.1411,8,0.0707,0.7662,2,35.64,16,0,0.2016,0.0,1,SYNTHETIC
0.9887,0.9499,0.7655,1,0.8338,0.1905,0,106.14,14,3,0.3272,0.7203,1,SYNTHETIC
0.2572,0.1804,0.0402,5,0.3501,0.7498,3,39.79,10,1,0.1741,0.2523,1,SYNTHETIC
0.6381,0.6893,0.6124,1,0.8036,0.1899,0,44.01,16,2,0.2846,1.0,1,SYNTHETIC
0.3321,0.4346,0.4235,8,0.3048,0.8568,1,18.63,17,0,0.4359,0.0,1,SYNTHETIC
0.2569,0.6114,0.485,4,0.6038,0.5807,2,18.26,17,3,0.9226,0.8469,0,SYNTHETIC
0.2914,0.5492,0.4768,5,0.2401,0.3172,1,46.68,11,3,0.3594,0.3592,0,SYNTHETIC
0.4278,0.705,0.5056,0,0.7476,0.4799,3,35.52,19,4,0.8622,1.0,1,SYNTHETIC
0.8908,0.4958,0.4043,1,0.6798,0.2018,0,1.57,8,1,0.5023,0.9283,0,SYNTHETIC
0.5241,0.3007,0.1909,5,0.4074,0.7846,5,12.52,10,1,0.3353,0.4031,1,SYNTHETIC
0.9084,0.551,0.4874,2,0.3815,0.5082,5,25.37,14,3,0.3849,0.3316,0,SYNTHETIC
0.7089,0.8555,0.7603,1,0.977,0.5259,2,22.93,11,1,0.5833,0.8732,0,SYNTHETIC
0.297,0.3969,0.2023,3,0.3282,0.885,2,92.23,13,0,0.1838,0.102,1,SYNTHETIC
0.1048,0.6107,0.5588,3,0.2137,0.5329,1,13.92,17,0,0.8129,0.301,0,SYNTHETIC
0.5188,0.7137,0.5573,2,0.8602,0.2346,0,0.91,15,2,0.3854,0.7547,1,SYNTHETIC
0.4126,0.7648,0.6892,3,0.4067,0.7582,2,41.83,13,1,0.3387,0.3139,1,SYNTHETIC
0.416,0.2275,0.1281,3,0.4628,0.9178,4,15.02,13,0,0.6718,0.3965,1,SYNTHETIC
0.787,0.5817,0.3967,3,0.4749,0.2986,0,9.42,13,0,0.4092,0.3275,0,SYNTHETIC
0.5436,0.6816,0.551,7,0.3227,0.4202,1,27.21,14,1,0.8789,0.2796,1,SYNTHETIC
0.6295,0.619,0.4923,2,0.7336,0.369,1,4.42,10,2,0.9614,0.8623,0,SYNTHETIC
0.6285,0.4536,0.4399,1,0.847,0.1175,1,2.62,12,3,0.5403,0.9018,0,SYNTHETIC
0.808,0.4182,0.3389,1,0.6745,0.3687,2,87.56,14,5,0.8432,0.8939,1,SYNTHETIC
0.5066,0.677,0.6377,0,0.7412,0.2836,1,14.41,12,2,0.4914,0.804,1,SYNTHETIC
0.5818,0.7727,0.6054,1,0.8412,0.7847,2,9.25,12,3,0.6827,1.0,1,SYNTHETIC
0.7665,0.8791,0.8295,2,0.7874,0.2305,1,8.5,14,2,0.5425,0.5969,0,SYNTHETIC
0.7419,0.8069,0.773,0,0.5381,0.6087,0,12.79,11,3,0.1959,0.6531,0,SYNTHETIC
0.3594,0.4131,0.2587,6,0.2763,0.6721,3,60.94,11,0,0.1441,0.0565,1,SYNTHETIC
0.493,0.0796,0.0444,5,0.4628,0.3987,1,4.75,7,0,0.3543,0.2303,0,SYNTHETIC
0.7133,0.6029,0.4744,5,0.4979,0.5156,0,6.35,16,2,0.3966,0.3565,1,SYNTHETIC
0.2921,0.5134,0.3953,9,0.0036,0.6012,1,10.22,15,0,0.6461,0.0482,1,SYNTHETIC
0.1475,0.5248,0.4744,9,0.1142,0.5433,3,60.4,14,0,0.2648,0.0,1,SYNTHETIC
0.6822,0.5021,0.3664,3,0.4575,0.2893,0,47.86,14,0,0.3354,0.1471,1,SYNTHETIC
0.8291,0.7064,0.6871,3,0.7975,0.1128,0,63.39,17,2,0.7906,0.8926,1,SYNTHETIC
0.7093,0.7961,0.6232,5,0.2704,0.3486,1,12.61,12,1,0.8879,0.511,1,SYNTHETIC
0.5408,0.8093,0.7571,3,0.8702,0.1937,3,2.13,12,0,0.5085,0.708,0,SYNTHETIC
0.8132,0.4553,0.43,4,0.7362,0.1191,0,60.71,16,1,0.7128,1.0,0,SYNTHETIC
0.6074,0.2939,0.1319,3,0.6191,0.2602,1,23.34,12,0,0.497,0.4085,1,SYNTHETIC
0.9947,0.7158,0.6248,1,0.8411,0.1258,0,50.75,16,4,0.4828,1.0,1,SYNTHETIC
0.6354,0.7236,0.6482,3,0.3821,0.7606,2,15.71,10,0,0.4382,0.589,1,SYNTHETIC
0.4843,0.2188,0.1749,6,0.2445,0.7108,1,13.83,14,0,0.1508,0.2079,0,SYNTHETIC
0.3063,0.8726,0.7657,0,0.8324,0.7042,1,31.73,15,3,0.6738,1.0,0,SYNTHETIC
0.6756,0.9112,0.8509,5,0.2585,0.4578,3,45.34,13,0,0.9088,0.2533,1,SYNTHETIC
0.0754,0.3838,0.3504,9,0.2976,0.4612,2,17.7,14,1,0.2992,0.0865,0,SYNTHETIC
0.7953,0.8797,0.7485,5,0.4686,0.4161,3,7.3,8,2,0.4106,0.8892,0,SYNTHETIC
0.573,0.4127,0.412,8,0.29,0.2826,1,0.83,13,0,0.5314,0.0,1,SYNTHETIC
0.197,0.4816,0.3017,4,0.325,0.3761,2,27.42,12,0,0.2816,0.1091,1,SYNTHETIC
0.7539,0.561,0.5535,7,0.4518,0.2231,1,6.37,13,0,0.3719,0.441,0,SYNTHETIC
0.5256,0.5429,0.5294,6,0.2682,0.171,0,11.75,13,0,0.8996,0.2492,0,SYNTHETIC
0.7378,0.4765,0.3597,5,0.3758,0.5072,0,15.73,14,3,0.8339,0.5135,1,SYNTHETIC
0.2117,0.63,0.5952,6,0.265,0.2373,0,0.42,11,0,0.7252,0.3498,1,SYNTHETIC
0.1182,0.4943,0.3589,12,0.0,0.7649,1,44.05,11,0,0.5905,0.0953,0,SYNTHETIC
0.639,0.5818,0.571,6,0.4594,0.3595,2,3.63,15,3,0.7465,0.6327,1,SYNTHETIC
0.4203,0.7879,0.6384,4,0.3233,0.6037,1,142.41,16,3,0.5766,0.4734,0,SYNTHETIC
0.1058,0.8085,0.6603,2,0.3677,0.8686,4,33.48,11,2,0.3858,0.5255,0,SYNTHETIC
0.3814,0.2131,0.082,8,0.1543,0.8857,2,6.93,12,0,0.5534,0.7369,1,SYNTHETIC
0.5722,0.8545,0.6996,2,0.7873,0.1654,0,70.72,19,3,0.6299,0.8996,0,SYNTHETIC
0.4571,0.5234,0.4941,3,0.3641,0.1966,1,29.88,10,3,0.5269,0.6971,0,SYNTHETIC
0.2468,0.1393,0.0603,4,0.173,0.782,1,9.15,14,0,0.1273,0.1337,1,SYNTHETIC
0.1496,0.5278,0.4798,5,0.1466,0.8834,5,2.76,13,0,0.5844,0.3822,0,SYNTHETIC
0.2767,0.7601,0.7229,12,0.0781,0.5258,1,43.9,10,0,0.2329,0.0,1,SYNTHETIC
0.912,0.468,0.3606,3,0.7769,0.2419,3,8.27,16,1,0.5075,0.5489,0,SYNTHETIC
0.1944,0.1337,0.0,4,0.2166,0.4943,2,2.09,13,0,0.1557,0.0184,1,SYNTHETIC
0.2893,0.3946,0.2997,1,0.4274,0.9547,4,17.56,14,3,0.0863,0.1566,1,SYNTHETIC
0.1239,0.6618,0.5558,2,0.5663,0.5123,4,15.53,12,0,0.9033,0.2418,0,SYNTHETIC
0.1007,0.1811,0.0751,3,0.2387,0.2491,0,40.56,16,2,0.6801,0.4316,1,SYNTHETIC
0.8793,0.3795,0.1817,7,0.3718,0.2998,0,25.7,11,1,0.5338,0.2293,1,SYNTHETIC
0.9671,0.819,0.7277,1,0.9636,0.0462,0,0.94,13,5,0.4443,0.9414,0,SYNTHETIC
0.2855,0.7064,0.5203,6,0.7778,0.4448,0,10.22,12,5,0.6236,0.6843,1,SYNTHETIC
0.7544,0.5634,0.401,0,0.6998,0.1516,1,3.69,14,2,0.6109,0.8678,0,SYNTHETIC
0.7952,0.5654,0.5469,2,0.7663,0.4518,2,8.99,13,1,0.8956,1.0,1,SYNTHETIC
0.1992,0.2316,0.046,8,0.4048,0.6175,8,36.54,20,0,0.3617,0.1409,1,SYNTHETIC
0.3855,0.1586,0.007,6,0.5719,0.7284,4,10.93,10,0,0.3109,0.5716,1,SYNTHETIC
0.1128,0.2589,0.1668,3,0.0702,0.6069,0,47.33,14,1,0.3956,0.2016,1,SYNTHETIC
0.2025,0.0726,0.0,12,0.0672,0.899,3,6.94,16,0,0.1258,0.0742,1,SYNTHETIC
0.8978,0.5879,0.4601,1,0.8069,0.4579,2,28.65,14,4,0.4825,0.7492,0,SYNTHETIC
0.9319,0.8596,0.7696,2,0.6707,0.2095,1,9.74,14,4,0.5524,0.6767,1,SYNTHETIC
0.5116,0.6644,0.5281,5,0.7922,0.5321,4,43.16,12,1,0.5524,0.8156,0,SYNTHETIC
0.5638,0.4315,0.3914,4,0.411,0.311,0,30.48,9,2,0.4008,0.3193,0,SYNTHETIC
0.2832,0.3618,0.2474,7,0.2508,0.7758,0,3.27,17,0,0.2839,0.3774,1,SYNTHETIC
0.4506,0.594,0.483,3,0.5632,0.4934,1,6.26,11,1,0.6651,0.5429,0,SYNTHETIC
0.52,0.7418,0.5586,2,0.9478,0.0491,1,61.14,10,2,0.3749,0.6497,0,SYNTHETIC
0.8978,0.5571,0.4996,0,0.9687,0.2906,0,0.9,6,3,0.8099,1.0,0,SYNTHETIC
0.8742,0.5851,0.5179,4,0.786,0.441,1,87.96,8,5,0.7848,0.9468,0,SYNTHETIC
0.6243,0.7088,0.6106,1,0.4716,0.7098,2,47.23,11,0,0.2925,0.1653,1,SYNTHETIC
0.2849,0.2107,0.055,5,0.4261,0.5731,2,2.35,11,0,0.274,0.5467,1,SYNTHETIC
0.5694,0.7135,0.5404,5,0.2452,0.7154,0,27.73,15,1,0.7644,0.2643,1,SYNTHETIC
0.2929,0.5276,0.402,2,0.6809,0.2551,1,28.33,12,2,0.2214,0.7496,1,SYNTHETIC
0.5645,0.3309,0.211,5,0.1255,0.3227,1,1.95,15,1,0.6498,0.0,1,SYNTHETIC
0.839,0.3126,0.238,2,0.8837,0.1542,0,97.68,9,1,0.919,0.7699,1,SYNTHETIC
0.4944,0.6184,0.4481,7,0.2519,0.1542,0,2.84,13,0,0.6018,0.4143,0,SYNTHETIC
0.6684,0.6151,0.4728,4,0.6004,0.379,0,3.7,10,2,0.5004,0.4821,1,SYNTHETIC
0.7984,0.7975,0.6454,3,0.5034,0.1532,0,4.0,12,1,0.2412,0.2524,0,SYNTHETIC
0.4201,0.3237,0.2869,4,0.2179,0.5645,0,6.29,10,0,0.1427,0.4303,0,SYNTHETIC
0.803,0.7941,0.7396,0,1.0,0.3124,0,1.05,10,2,0.6127,0.6407,0,SYNTHETIC
0.4995,0.5103,0.4783,2,0.4506,0.2151,1,37.83,10,1,0.6461,0.4041,1,SYNTHETIC
0.5567,0.4564,0.3168,14,0.0484,0.687,3,49.02,13,0,0.1031,0.1395,0,SYNTHETIC
0.6182,0.8995,0.8567,4,0.6145,0.2878,0,34.28,10,1,0.6532,0.9577,0,SYNTHETIC
0.521,0.6502,0.6339,7,0.6628,0.7676,0,8.28,13,2,0.3866,0.7468,0,SYNTHETIC
0.4725,0.9673,0.9669,3,0.6897,0.4265,2,3.29,12,1,0.7916,0.5215,0,SYNTHETIC
0.6185,0.8859,0.7449,2,0.5784,0.417,0,6.74,12,0,0.4257,0.369,0,SYNTHETIC
0.9152,0.7247,0.6704,0,0.8048,0.2539,2,17.93,16,4,0.589,0.8541,0,SYNTHETIC
0.0788,0.489,0.3012,6,0.0,0.8531,1,10.12,5,1,0.167,0.1095,1,SYNTHETIC
0.6155,0.8637,0.8539,0,0.8632,0.3974,0,8.35,12,2,0.9158,0.5179,1,SYNTHETIC
0.1668,0.0351,0.0,3,0.4852,0.444,1,39.43,21,2,0.4886,0.3533,1,SYNTHETIC
0.9515,0.4968,0.3235,4,0.6237,0.367,1,12.77,12,3,0.8031,0.5992,0,SYNTHETIC
0.3078,0.6664,0.6087,5,0.2826,0.2973,0,13.58,11,1,0.4864,0.369,0,SYNTHETIC
0.3408,0.1577,0.1156,2,0.1263,0.2484,1,10.52,14,1,0.5397,0.5484,1,SYNTHETIC
0.8404,0.6598,0.5932,1,0.7536,0.1938,0,9.84,9,3,0.8376,1.0,1,SYNTHETIC
0.2468,0.6315,0.4613,1,0.613,0.1665,1,60.57,18,2,0.6453,0.6931,0,SYNTHETIC
0.8271,0.7102,0.6353,4,0.5895,0.1979,0,33.38,10,0,0.7459,0.5853,0,SYNTHETIC
0.3208,0.8853,0.834,10,0.2663,0.8492,2,42.79,13,0,0.3199,0.0039,1,SYNTHETIC
0.7491,0.7848,0.6498,1,0.5488,0.4634,1,7.08,11,4,0.8033,0.7221,0,SYNTHETIC
0.8008,0.9352,0.8225,2,0.5682,0.1142,1,15.83,12,2,0.3362,0.7111,0,SYNTHETIC
0.8062,0.5972,0.5365,0,0.6284,0.1297,0,8.45,14,1,0.876,0.8817,1,SYNTHETIC
0.2338,0.8091,0.7592,3,0.5044,0.5204,1,1.02,10,1,0.2583,0.4758,0,SYNTHETIC
0.6349,0.4293,0.3922,10,0.2453,0.3035,0,7.73,11,1,0.3496,0.0951,1,SYNTHETIC
0.9386,0.9063,0.7323,3,0.7107,0.1849,0,31.3,18,3,0.6602,0.6069,0,SYNTHETIC
0.5132,0.2762,0.198,12,0.1585,0.7565,3,46.36,9,4,0.2887,0.163,1,SYNTHETIC
0.6942,0.4754,0.3763,5,0.4781,0.3096,1,31.37,15,1,0.8574,0.5659,0,SYNTHETIC
0.1711,0.114,0.0,5,0.582,0.4878,3,1.65,14,0,0.3763,0.4271,1,SYNTHETIC
0.887,0.7153,0.6367,0,0.8359,0.3461,3,8.55,10,2,0.7737,0.7319,1,SYNTHETIC
0.1358,0.2107,0.099,7,0.1459,0.7457,1,2.26,18,2,0.3641,0.3582,1,SYNTHETIC
0.3973,0.6731,0.5402,1,0.8137,0.3934,2,3.58,16,4,0.7954,0.6819,0,SYNTHETIC
0.1185,0.2426,0.0516,4,0.3736,0.8395,3,18.09,15,1,0.357,0.5683,1,SYNTHETIC
0.3819,0.3306,0.2425,1,0.6793,0.8563,5,66.31,13,1,0.8574,0.5769,1,SYNTHETIC
0.5601,0.8476,0.7089,3,0.9214,0.2259,0,27.19,9,1,0.7455,0.9655,0,SYNTHETIC
0.9599,0.5632,0.5056,4,0.5394,0.0974,0,0.56,10,1,0.3805,0.6982,0,SYNTHETIC
0.347,0.7011,0.5664,0,0.6508,0.4344,3,30.14,10,2,0.9022,0.4619,1,SYNTHETIC
0.7554,0.8135,0.7744,3,0.5523,0.399,3,12.56,15,4,0.7451,0.5122,0,SYNTHETIC
0.695,0.4002,0.2393,1,0.8192,0.3266,0,7.36,8,1,0.306,0.6892,1,SYNTHETIC
0.8113,0.7014,0.5291,2,0.9179,0.0197,0,7.58,23,1,0.5801,0.7208,0,SYNTHETIC
0.6882,0.5125,0.4975,1,0.6438,0.2217,1,30.92,10,2,0.8352,0.4956,0,SYNTHETIC
0.5181,0.1724,0.0185,9,0.2871,0.4754,1,25.28,23,1,0.1293,0.0693,1,SYNTHETIC
0.8484,0.7483,0.615,2,0.9469,0.5531,3,70.35,12,1,0.8019,0.9964,0,SYNTHETIC
0.0665,0.3187,0.2289,3,0.1751,0.3464,3,10.21,14,0,0.6226,0.0412,1,SYNTHETIC
0.3566,0.8963,0.8226,0,0.9268,0.0236,0,22.93,10,4,0.6627,0.9667,0,SYNTHETIC
0.7167,0.5284,0.5135,1,0.7753,0.8591,6,11.53,11,1,0.968,0.6715,1,SYNTHETIC
0.9591,0.9909,0.9201,4,0.6594,0.2346,1,4.34,9,1,0.4578,0.7382,0,SYNTHETIC
0.4411,0.6527,0.5761,2,0.6465,0.3334,1,20.96,10,5,0.5259,0.7308,0,SYNTHETIC
0.2123,0.3398,0.1639,6,0.0727,0.5946,1,41.91,15,2,0.1729,0.0,1,SYNTHETIC
0.4566,0.524,0.3297,10,0.493,0.2731,2,32.25,17,0,0.9634,0.4277,1,SYNTHETIC
0.3362,0.461,0.3981,8,0.3613,0.6161,2,14.08,11,0,0.8029,0.4952,1,SYNTHETIC
0.2622,0.6041,0.5146,5,0.3718,0.655,2,8.68,14,0,0.1469,0.433,1,SYNTHETIC
0.267,0.4084,0.4049,1,0.3595,0.5809,2,17.9,11,0,0.2733,0.2023,1,SYNTHETIC
0.5498,0.3979,0.3679,10,0.5365,0.7114,2,46.13,13,0,0.446,0.4265,1,SYNTHETIC
0.192,0.0899,0.0,10,0.0319,0.6651,4,48.79,9,0,0.409,0.0413,1,SYNTHETIC
0.6463,0.7459,0.6417,6,0.5632,0.3948,1,10.13,11,4,0.6521,0.5709,0,SYNTHETIC
0.8334,0.806,0.7154,1,0.7006,0.2426,2,73.0,15,4,0.6145,0.7415,0,SYNTHETIC
0.6183,0.6086,0.5624,4,0.4027,0.4842,2,6.45,9,1,0.671,0.4089,0,SYNTHETIC
0.5913,0.7038,0.6754,4,0.5733,0.6215,2,19.32,17,0,0.7604,0.6515,0,SYNTHETIC
0.4875,0.199,0.0087,6,0.0739,0.7964,2,28.05,21,2,0.2518,0.0481,1,SYNTHETIC
0.7507,0.3509,0.2227,2,0.6766,0.5807,0,56.91,15,3,0.4243,0.5922,1,SYNTHETIC
0.2826,0.2846,0.2377,4,0.0327,0.5894,0,39.27,9,0,0.6875,0.1609,1,SYNTHETIC
0.8137,0.7666,0.5819,4,0.7662,0.1421,0,12.29,17,3,0.2428,0.9364,0,SYNTHETIC
0.7573,0.4148,0.2223,3,0.4402,0.3837,4,8.98,15,1,0.8567,0.3241,1,SYNTHETIC
0.6507,0.4895,0.357,8,0.6092,0.187,1,132.99,13,7,0.4151,0.6257,1,SYNTHETIC
0.2642,0.0311,0.0125,6,0.3582,0.7012,5,33.69,22,1,0.3253,0.1136,1,SYNTHETIC
0.5145,0.6925,0.6631,3,0.6505,0.6656,3,2.7,12,3,0.8806,0.8132,0,SYNTHETIC
0.2289,0.4361,0.415,11,0.3054,0.5546,0,40.68,12,0,0.3338,0.1987,0,SYNTHETIC
0.7262,0.6419,0.4791,12,0.4468,0.1592,0,0.46,11,1,0.8269,0.4901,0,SYNTHETIC
0.8961,0.741,0.5667,1,0.7786,0.1726,2,37.12,12,4,0.6611,0.9402,1,SYNTHETIC
0.3646,0.6177,0.4188,6,0.3098,0.8528,5,35.55,15,0,0.0827,0.4632,0,SYNTHETIC
0.701,0.5861,0.4148,3,0.7288,0.4899,3,18.18,13,2,0.0918,0.7796,0,SYNTHETIC
0.4315,0.686,0.5133,2,0.483,0.4648,2,6.99,12,2,0.6558,0.6406,1,SYNTHETIC
0.6349,0.6825,0.6332,5,0.1199,0.5557,3,15.08,17,1,0.7505,0.1038,0,SYNTHETIC
0.5107,0.2296,0.2283,2,0.5599,0.3252,2,5.68,12,0,0.3594,0.4192,0,SYNTHETIC
0.2449,0.1941,0.0963,7,0.4846,0.9223,3,13.69,10,0,0.5587,0.5989,1,SYNTHETIC
0.19,0.2364,0.1109,7,0.5124,0.9217,2,7.52,12,2,0.1616,0.5204,0,SYNTHETIC
0.6782,0.4869,0.3599,1,0.6188,0.3979,2,27.13,10,2,0.6055,0.7366,0,SYNTHETIC
0.2581,0.059,0.0359,5,0.1218,0.2283,0,6.91,13,0,0.7064,0.4629,1,SYNTHETIC
0.3952,0.296,0.2585,6,0.5246,0.8985,5,55.04,16,0,0.1586,0.4014,0,SYNTHETIC
0.061,0.3798,0.3409,4,0.5353,0.9214,2,42.25,13,0,0.321,0.6715,1,SYNTHETIC
0.4042,0.8637,0.7187,5,0.3919,0.634,2,35.8,15,3,0.5694,0.4329,1,SYNTHETIC
0.2425,0.648,0.5317,3,0.1173,0.7867,2,10.84,16,0,0.1284,0.524,0,SYNTHETIC
0.3804,0.3048,0.2229,8,0.0,0.8444,4,3.81,13,0,0.5477,0.0,1,SYNTHETIC
0.7171,0.6579,0.4599,3,0.5709,0.5056,0,34.58,15,2,0.4739,0.6711,0,SYNTHETIC
0.5065,0.3287,0.2797,6,0.127,0.5806,1,7.95,18,0,0.5223,0.353,1,SYNTHETIC
0.0999,0.172,0.1697,7,0.5496,0.9255,4,3.11,11,2,0.468,0.4627,0,SYNTHETIC
0.5069,0.3848,0.225,1,0.6906,0.7371,3,26.93,9,3,0.602,0.5993,1,SYNTHETIC
0.255,0.7454,0.59,6,0.027,0.8351,3,4.67,11,0,0.3839,0.0033,1,SYNTHETIC
0.1453,0.3959,0.2222,8,0.2998,0.4926,1,20.72,10,0,0.6941,0.0171,0,SYNTHETIC
0.143,0.3924,0.2115,4,0.2919,0.6875,1,18.78,9,0,0.2686,0.3264,0,SYNTHETIC
0.5138,0.5706,0.3895,2,0.2083,0.1587,2,6.61,20,0,0.7393,0.3405,0,SYNTHETIC
0.7477,0.7049,0.6729,3,0.5672,0.771,3,15.5,13,2,0.6063,0.5495,1,SYNTHETIC
0.8882,0.6753,0.6319,0,0.6944,0.1265,2,10.34,10,1,0.673,1.0,0,SYNTHETIC
0.1755,0.2981,0.2736,7,0.0517,0.5028,3,45.6,8,0,0.539,0.1052,1,SYNTHETIC
0.2442,0.5564,0.384,4,0.6484,0.2922,4,20.56,12,3,0.4869,0.3233,0,SYNTHETIC
0.4426,0.7587,0.6454,4,0.0537,0.4552,0,11.66,12,0,0.0316,0.0,0,SYNTHETIC
0.865,0.7772,0.7633,6,0.1888,0.2211,1,45.3,16,3,0.754,0.2037,0,SYNTHETIC
0.5826,0.91,0.7953,0,0.7127,0.1332,0,9.94,9,2,0.8813,1.0,0,SYNTHETIC
0.7449,0.6753,0.612,8,0.6313,0.114,0,8.8,19,2,0.7411,0.6775,1,SYNTHETIC
0.5861,0.8281,0.6995,0,0.9119,0.1089,0,43.98,11,2,0.513,0.9044,1,SYNTHETIC
0.5822,0.5101,0.3704,3,0.4684,0.0465,1,7.78,14,3,0.7434,0.554,1,SYNTHETIC
0.2993,0.3517,0.1847,2,0.2662,0.8543,1,18.06,9,1,0.4789,0.2235,0,SYNTHETIC
0.6679,0.6053,0.5401,4,0.6193,0.5399,1,63.28,10,2,0.4881,0.6398,1,SYNTHETIC
0.4669,0.6592,0.619,4,0.5914,0.2761,3,0.63,18,2,0.6557,0.5743,1,SYNTHETIC
0.6582,0.8861,0.8355,3,0.4802,0.0183,0,4.21,11,5,0.5642,0.4698,0,SYNTHETIC
0.5752,0.5629,0.5582,4,0.4866,0.5411,3,6.47,18,0,0.5629,0.3878,1,SYNTHETIC
0.4386,0.439,0.2839,1,0.6364,0.216,0,1.56,15,5,0.7675,0.4721,1,SYNTHETIC
0.842,0.4117,0.3797,6,0.8329,0.5464,2,16.91,19,4,0.7094,0.7865,0,SYNTHETIC
0.8146,0.7476,0.6086,3,0.6652,0.0946,0,7.4,12,2,0.5401,0.7081,0,SYNTHETIC
0.5011,0.6117,0.4265,12,0.3203,0.3702,2,17.58,9,1,0.4907,0.1341,0,SYNTHETIC
0.3263,0.7749,0.6482,2,0.4352,0.8837,1,0.89,14,3,0.3743,0.257,1,SYNTHETIC
0.2037,0.2624,0.156,5,0.1821,0.3404,1,16.57,9,0,0.1474,0.3253,0,SYNTHETIC
0.2834,0.1126,0.0068,5,0.183,0.9799,1,19.61,7,2,0.6677,0.2524,1,SYNTHETIC
0.2731,0.3876,0.3738,10,0.322,0.9448,3,9.15,15,0,0.3879,0.4028,1,SYNTHETIC
0.5886,0.7599,0.7463,2,0.6066,0.1612,0,28.65,14,2,0.6753,0.8958,0,SYNTHETIC
0.4043,0.789,0.6977,0,0.6941,0.2384,0,3.22,10,0,0.5947,0.5085,0,SYNTHETIC
0.8544,0.3905,0.3149,4,0.7154,0.1958,2,12.91,13,1,0.1207,0.6032,0,SYNTHETIC
0.1896,0.3422,0.1691,1,0.6116,0.497,1,14.76,13,0,0.3358,0.7266,1,SYNTHETIC
0.4428,0.2139,0.1794,3,0.2086,0.88,2,11.17,7,2,0.2493,0.2825,1,SYNTHETIC
0.1674,0.2378,0.2108,7,0.1798,0.4188,1,27.44,20,0,0.578,0.0733,0,SYNTHETIC
0.2972,0.8162,0.7437,1,0.7118,0.4599,3,11.51,15,0,0.7533,0.6394,0,SYNTHETIC
0.7086,0.7509,0.6773,0,1.0,0.1048,0,16.1,18,3,0.7204,0.8029,0,SYNTHETIC
0.6621,0.585,0.4244,2,0.6495,0.4697,2,0.11,13,4,0.7182,0.2447,1,SYNTHETIC
0.4341,0.2348,0.0688,3,0.4965,0.6396,2,9.57,15,3,0.3796,0.6104,0,SYNTHETIC
0.8024,0.7369,0.5937,0,0.882,0.4926,2,44.24,7,2,0.8765,0.9715,1,SYNTHETIC
0.5828,0.7402,0.6175,2,0.5586,0.3721,0,14.13,15,0,0.6253,0.5774,1,SYNTHETIC
0.6016,0.638,0.5353,8,0.6688,0.7118,3,29.95,7,1,0.8028,0.4325,1,SYNTHETIC
0.5102,0.7861,0.7064,6,0.695,0.6911,2,11.6,17,3,0.3836,0.4065,0,SYNTHETIC
0.3132,0.4187,0.2909,6,0.2327,0.4399,0,12.4,17,0,0.1989,0.0705,0,SYNTHETIC
0.761,0.7413,0.6909,2,0.6354,0.491,1,4.0,12,2,0.4151,0.5467,1,SYNTHETIC
0.4942,0.4394,0.2825,6,0.17,0.5001,3,17.04,16,1,0.4695,0.3731,1,SYNTHETIC
0.4102,0.3482,0.2729,9,0.3592,0.5373,1,36.5,12,2,0.1483,0.7062,0,SYNTHETIC
0.2752,0.5671,0.4689,4,0.6406,0.3535,2,53.8,12,2,0.2081,0.4367,1,SYNTHETIC
0.5565,0.2542,0.1146,7,0.4272,0.8623,5,0.86,13,1,0.4162,0.4358,1,SYNTHETIC
0.9244,0.8713,0.716,1,0.7013,0.0642,0,4.54,15,0,0.5217,0.6812,0,SYNTHETIC
0.7005,0.6165,0.5819,1,0.4706,0.2437,0,21.69,15,0,0.6951,0.7626,1,SYNTHETIC
0.1433,0.4444,0.2553,10,0.1653,0.5751,1,10.82,14,0,0.2769,0.211,1,SYNTHETIC
0.9081,0.8644,0.8169,0,0.7434,0.1606,1,2.35,13,3,0.3402,1.0,0,SYNTHETIC
0.4651,0.6643,0.6196,4,0.4453,0.4504,1,24.4,10,1,0.6031,0.5129,0,SYNTHETIC
0.2978,0.1225,0.007,4,0.1449,0.4954,3,14.53,13,0,0.5106,0.2999,0,SYNTHETIC
0.9255,0.7098,0.6141,5,0.6463,0.4617,2,82.67,7,0,0.3424,0.4693,1,SYNTHETIC
0.5621,0.5925,0.5392,1,0.4102,0.2065,0,55.57,9,2,0.7253,0.3442,0,SYNTHETIC
0.5551,0.6437,0.6035,1,0.8144,0.7453,3,15.85,14,3,0.4194,0.9543,0,SYNTHETIC
0.8074,0.6669,0.5928,5,0.3293,0.8147,3,6.83,14,1,0.6981,0.6694,0,SYNTHETIC
0.6106,0.7675,0.7093,3,0.619,0.2651,0,26.46,14,1,0.7439,0.7221,0,SYNTHETIC
0.5953,0.2964,0.2808,9,0.3188,0.6191,1,22.62,11,0,0.41,0.326,1,SYNTHETIC
0.9167,0.6288,0.5749,3,0.6652,0.0766,0,11.45,15,1,0.5612,0.735,0,SYNTHETIC
0.7452,0.6227,0.492,4,0.8622,0.3502,1,47.1,15,2,0.8069,0.5896,0,SYNTHETIC
0.1537,0.4723,0.3866,7,0.1728,0.9759,3,26.18,17,0,0.4839,0.139,1,SYNTHETIC
0.3226,0.4144,0.3193,8,0.0077,0.386,0,20.49,19,1,0.1021,0.0098,1,SYNTHETIC
0.1828,0.2873,0.1868,2,0.2141,0.8702,1,29.87,15,0,0.2796,0.2356,1,SYNTHETIC
0.663,0.394,0.2486,2,0.5881,0.2235,1,4.0,11,2,0.312,0.4571,1,SYNTHETIC
0.949,0.7272,0.5929,5,0.6029,0.0361,0,11.63,9,1,0.5216,0.6196,0,SYNTHETIC
0.3171,0.7565,0.7193,1,0.8656,0.4127,1,26.98,14,6,0.5012,1.0,0,SYNTHETIC
0.4576,0.733,0.5434,0,0.8442,0.5185,0,7.64,15,4,0.9299,0.6285,0,SYNTHETIC
0.7246,0.751,0.7033,0,0.7473,0.176,0,3.39,11,0,0.4832,1.0,1,SYNTHETIC
0.4269,0.512,0.3813,3,0.5793,0.5789,1,15.16,15,3,0.0284,0.7254,1,SYNTHETIC
0.2371,0.1662,0.1395,6,0.3228,0.9778,1,19.46,10,0,0.2295,0.1747,1,SYNTHETIC
0.5967,0.7202,0.6787,1,0.6542,0.5239,2,6.71,17,0,0.2114,0.7081,1,SYNTHETIC
0.8594,0.7829,0.7327,3,0.8035,0.1729,0,9.72,12,2,0.7268,0.9279,0,SYNTHETIC
0.2366,0.7451,0.6981,2,0.4851,0.4221,0,31.54,14,4,0.7019,0.8238,1,SYNTHETIC
0.7241,0.6543,0.6135,1,0.6908,0.0881,0,19.92,13,3,0.2854,0.5265,0,SYNTHETIC
0.5291,0.3734,0.2517,3,0.5956,0.5013,0,4.42,16,5,0.4788,0.7347,1,SYNTHETIC
0.7746,0.7208,0.6929,1,0.7549,0.3557,0,26.35,18,3,0.3489,0.9314,0,SYNTHETIC
0.129,0.2674,0.1924,7,0.1148,0.5224,1,10.63,12,2,0.1182,0.3854,1,SYNTHETIC
0.0835,0.1685,0.0,7,0.1204,0.8356,3,19.8,12,1,0.3712,0.1809,1,SYNTHETIC
0.7836,0.8243,0.778,4,0.6528,0.1113,0,107.29,9,2,0.3812,0.9149,0,SYNTHETIC
0.2426,0.5258,0.372,2,0.5921,0.845,4,12.34,12,1,0.0984,0.4358,0,SYNTHETIC
0.7623,0.4333,0.2543,0,0.8972,0.4588,1,41.85,14,7,0.6716,0.9836,0,SYNTHETIC
0.5475,0.7289,0.706,2,0.6038,0.4702,2,10.02,11,2,0.4488,0.6991,0,SYNTHETIC
0.549,0.7548,0.6038,3,0.8578,0.2464,0,47.42,16,2,0.6652,0.5145,1,SYNTHETIC
0.0707,0.2462,0.0514,6,0.0889,0.871,1,74.8,10,2,0.339,0.4785,1,SYNTHETIC
0.4925,0.665,0.5149,3,0.4934,0.2985,0,16.46,10,0,0.8466,0.2584,0,SYNTHETIC
0.0825,0.2594,0.1342,5,0.6169,0.8194,2,43.77,13,0,0.1865,0.5356,1,SYNTHETIC
0.2858,0.5642,0.5216,6,0.3017,0.6071,0,77.15,16,2,0.5698,0.4294,1,SYNTHETIC
0.6036,0.5333,0.4398,4,0.8374,0.1256,0,27.96,17,2,0.4898,0.4239,0,SYNTHETIC
0.6073,0.9206,0.886,1,0.8019,0.371,1,12.8,15,1,0.9864,0.6902,0,SYNTHETIC
0.3477,0.8024,0.647,0,1.0,0.5062,1,14.68,9,4,0.4209,0.9692,0,SYNTHETIC
0.1964,0.2037,0.0165,7,0.237,0.7229,2,9.74,10,0,0.4866,0.1523,1,SYNTHETIC
0.5525,0.7497,0.6038,0,0.8555,0.5212,0,22.47,11,1,0.8387,0.9853,0,SYNTHETIC
0.7424,0.7748,0.6218,6,0.2563,0.4087,2,29.93,15,0,0.9429,0.2835,0,SYNTHETIC
0.678,0.8393,0.6732,1,0.7313,0.1723,0,7.1,15,0,0.9358,0.9871,0,SYNTHETIC
0.3022,0.3809,0.1944,7,0.3804,0.5757,2,1.58,12,1,0.2094,0.1346,0,SYNTHETIC
0.4088,0.2618,0.1189,1,0.6273,0.5534,3,41.53,18,1,0.8751,0.3799,1,SYNTHETIC
0.6125,0.5664,0.5173,2,0.7232,0.3182,1,7.83,11,1,0.3013,0.7115,0,SYNTHETIC
0.5031,0.3411,0.3238,7,0.3511,0.9386,3,7.71,9,1,0.2195,0.27,1,SYNTHETIC
0.6096,0.8496,0.6742,6,0.6201,0.2316,0,80.68,15,3,0.7894,0.5179,0,SYNTHETIC
0.7831,0.5618,0.4325,8,0.3291,0.8182,4,23.19,15,2,0.2501,0.4403,1,SYNTHETIC
0.5459,0.6508,0.6281,3,0.4044,0.4234,1,34.55,16,0,0.7064,0.2074,0,SYNTHETIC
0.73,0.5862,0.5074,2,0.5952,0.1084,1,1.78,14,0,0.7294,0.4305,0,SYNTHETIC
0.4694,0.4712,0.4243,4,0.5149,0.7512,2,7.42,14,3,0.4339,0.4735,0,SYNTHETIC
0.6035,0.1921,0.0422,4,0.5084,0.6682,3,8.53,14,0,0.733,0.6866,0,SYNTHETIC
0.5383,0.5978,0.4754,6,0.4848,0.5977,2,6.26,17,0,0.227,0.4138,0,SYNTHETIC
0.1442,0.1155,0.0257,6,0.2923,0.6915,1,3.87,11,2,0.5303,0.1457,1,SYNTHETIC
0.1399,0.37,0.2851,7,0.0588,0.8878,1,7.59,12,1,0.795,0.2889,1,SYNTHETIC
0.7411,0.6525,0.515,3,0.2874,0.0637,1,40.38,19,3,0.3195,0.7736,0,SYNTHETIC
0.1322,0.6464,0.447,6,0.28,0.7864,3,10.01,15,0,0.4944,0.6727,1,SYNTHETIC
0.2998,0.5169,0.4149,3,0.1162,0.6202,3,27.24,14,0,0.1033,0.1008,0,SYNTHETIC
0.3282,0.1575,0.0312,7,0.0758,0.8225,2,43.85,13,0,0.0343,0.1811,1,SYNTHETIC
0.2342,0.6471,0.5966,7,0.3489,0.8469,5,38.85,13,0,0.6179,0.1018,0,SYNTHETIC
0.5796,0.6383,0.6265,8,0.3813,0.7364,1,20.44,12,3,0.7027,0.4904,1,SYNTHETIC
0.0351,0.3279,0.2064,6,0.0039,0.8392,3,0.51,15,0,0.0868,0.0099,1,SYNTHETIC
0.6753,0.7064,0.6978,1,0.49,0.4181,2,31.82,10,0,0.6811,0.7326,0,SYNTHETIC
0.2419,0.2464,0.1519,11,0.3919,0.5418,1,5.85,11,0,0.4214,0.4511,1,SYNTHETIC
0.2969,0.2138,0.1649,4,0.6434,0.4773,2,1.2,12,0,0.1092,0.5253,1,SYNTHETIC
0.4794,0.4352,0.2782,9,0.3116,0.2626,0,40.42,8,1,0.4264,0.0,1,SYNTHETIC
0.5197,0.237,0.1598,3,0.4724,0.2853,1,30.27,11,2,0.5485,0.3929,1,SYNTHETIC
0.1555,0.0992,0.0365,5,0.3001,0.4815,2,3.74,18,0,0.0621,0.043,1,SYNTHETIC
0.2431,0.3485,0.1978,2,0.5458,0.5419,3,6.71,9,3,0.7375,0.4314,1,SYNTHETIC
0.8978,0.8076,0.7015,0,1.0,0.1557,0,1.26,12,2,0.7,0.6948,0,SYNTHETIC
0.6698,0.4951,0.3448,0,0.8164,0.3339,0,81.32,13,1,0.2433,0.9971,1,SYNTHETIC
0.5472,0.7499,0.6285,5,0.6004,0.6891,3,28.63,11,2,0.3202,0.417,1,SYNTHETIC
0.8541,0.7061,0.5265,1,0.5629,0.0264,0,14.86,16,2,0.7108,0.5027,0,SYNTHETIC
0.9381,0.5891,0.5839,3,0.8258,0.1829,1,8.43,20,2,0.7926,0.6658,0,SYNTHETIC
0.6514,0.8092,0.738,0,0.9813,0.6819,0,5.31,13,1,0.5695,1.0,0,SYNTHETIC
0.7704,0.8432,0.7046,4,1.0,0.063,0,16.71,8,4,0.4131,0.6835,0,SYNTHETIC
0.2471,0.2806,0.1285,5,0.3537,0.9525,4,5.4,16,0,0.2387,0.6322,1,SYNTHETIC
0.7363,0.5668,0.4201,3,0.6584,0.4759,1,8.21,14,4,0.8368,0.5233,0,SYNTHETIC
0.3534,0.5175,0.3453,8,0.3961,0.7512,0,1.68,19,1,0.7127,0.6429,1,SYNTHETIC
0.4631,0.4318,0.2339,2,0.754,0.1836,0,2.27,15,1,0.447,0.6551,0,SYNTHETIC
0.7935,0.9643,0.8043,3,0.7609,0.4471,1,6.75,15,1,0.6566,0.6583,0,SYNTHETIC
0.1805,0.5079,0.4777,11,0.2089,0.781,2,0.03,17,0,0.0706,0.1274,1,SYNTHETIC
0.9348,0.6902,0.5082,4,0.6504,0.1882,0,2.14,17,5,0.8578,0.7264,1,SYNTHETIC
0.5266,0.1638,0.0252,7,0.2426,0.4684,0,65.0,14,0,0.2591,0.223,1,SYNTHETIC
0.9605,0.8742,0.7921,3,0.7773,0.1606,0,8.43,10,4,0.5352,0.7498,0,SYNTHETIC
0.2308,0.4431,0.3668,4,0.4521,0.3327,1,46.67,9,1,0.2279,0.5678,1,SYNTHETIC
0.3284,0.6792,0.5813,6,0.2651,0.4951,3,11.27,12,2,0.8713,0.0,1,SYNTHETIC
0.7696,0.4613,0.342,3,0.2441,0.195,2,12.52,11,0,0.4979,0.4433,1,SYNTHETIC
0.7135,0.7889,0.6246,2,0.5318,0.1832,1,46.92,16,1,0.4699,0.7043,0,SYNTHETIC
0.5873,0.609,0.4496,7,0.3886,0.2465,1,6.54,15,1,0.2522,0.5547,0,SYNTHETIC
0.4119,0.5779,0.5472,6,0.4794,0.3241,1,16.22,16,4,0.7964,0.4446,0,SYNTHETIC
0.5416,0.4126,0.3443,2,0.6802,0.3889,2,29.41,11,2,0.6708,0.7828,0,SYNTHETIC
0.1223,0.3331,0.2684,10,0.0196,0.824,2,36.63,11,0,0.7357,0.0,1,SYNTHETIC
0.8136,0.8594,0.6727,1,0.346,0.2486,0,61.11,19,1,0.7924,0.4947,1,SYNTHETIC
0.8786,0.8918,0.7356,0,0.7281,0.358,0,53.35,16,0,0.7663,0.7801,0,SYNTHETIC
0.0328,0.0382,0.0009,8,0.2302,0.5404,1,35.46,17,2,0.3106,0.3336,1,SYNTHETIC
0.399,0.3516,0.1628,3,0.4954,0.5523,1,52.81,18,1,0.7648,0.4019,1,SYNTHETIC
0.5924,0.4163,0.3092,2,0.3152,0.1513,0,20.68,15,2,0.502,0.4118,1,SYNTHETIC
0.3471,0.4402,0.3248,5,0.1888,0.5247,1,24.86,11,1,0.8317,0.2767,0,SYNTHETIC
0.2706,0.6417,0.4735,4,0.764,0.2798,1,64.72,14,2,0.7419,0.6335,1,SYNTHETIC
0.9,0.7676,0.6836,0,0.8099,0.2669,0,9.53,13,3,0.6496,0.7213,0,SYNTHETIC
0.6654,0.7537,0.5693,6,0.4089,0.272,2,22.18,9,4,0.6977,0.7584,1,SYNTHETIC
0.5791,0.8658,0.7476,2,0.7018,0.191,0,18.27,16,4,0.5146,0.7818,0,SYNTHETIC
0.3787,0.6305,0.5892,8,0.2883,0.4483,1,5.42,18,0,0.7491,0.2586,1,SYNTHETIC
0.7053,0.8178,0.7879,1,0.9068,0.7291,2,18.18,10,0,0.8444,0.7349,1,SYNTHETIC
0.847,0.6367,0.463,3,0.5053,0.3337,0,16.74,11,2,0.5612,0.5973,0,SYNTHETIC
0.46,0.5769,0.3935,1,0.7261,0.2107,0,33.29,14,4,0.3113,0.6517,1,SYNTHETIC
0.2843,0.2985,0.2185,9,0.1185,0.8377,3,60.21,16,1,0.3346,0.0777,0,SYNTHETIC
0.763,0.7218,0.5639,2,0.5973,0.4854,2,39.48,9,2,0.7379,0.6168,0,SYNTHETIC
0.7404,0.6471,0.4606,8,0.1027,0.3714,1,19.23,14,1,0.8766,0.4403,0,SYNTHETIC
0.7118,0.5674,0.3764,4,0.5341,0.4282,3,21.39,15,0,0.7179,0.5011,0,SYNTHETIC
0.3019,0.2916,0.2465,4,0.359,0.8527,1,11.1,15,2,0.3642,0.2921,1,SYNTHETIC
0.2506,0.1968,0.1629,4,0.5322,0.3837,2,85.74,25,2,0.4126,0.5129,1,SYNTHETIC
0.5423,0.5688,0.4508,3,0.3518,0.4932,0,6.39,18,0,0.4915,0.2318,1,SYNTHETIC
0.8156,0.6035,0.4096,5,0.7565,0.2068,0,13.85,13,2,0.2114,0.5571,1,SYNTHETIC
0.9123,0.7059,0.5895,2,0.7885,0.4957,1,4.35,11,2,0.3451,0.8277,0,SYNTHETIC
0.7197,0.7425,0.5801,0,1.0,0.0626,0,8.6,16,1,0.4365,0.7987,0,SYNTHETIC
0.5818,0.4761,0.4447,4,0.5352,0.4227,1,64.09,11,2,0.5851,0.7137,0,SYNTHETIC
0.8779,0.7198,0.5978,0,0.6892,0.1847,1,8.82,11,1,0.7193,0.7948,0,SYNTHETIC
0.2361,0.6412,0.4837,6,0.122,0.7984,5,14.31,10,1,0.9081,0.0,1,SYNTHETIC
0.1948,0.6639,0.5783,9,0.3076,0.68,0,14.35,10,0,0.2659,0.3619,0,SYNTHETIC
0.2402,0.2646,0.0908,3,0.1076,0.6909,1,60.43,16,0,0.1977,0.3479,0,SYNTHETIC
0.5556,0.5135,0.5088,0,0.7297,0.2386,0,60.67,10,1,0.913,0.7316,0,SYNTHETIC
0.1163,0.5222,0.4848,4,0.2769,0.8855,6,4.69,14,1,0.5184,0.1842,0,SYNTHETIC
0.8605,0.4003,0.2392,0,0.4042,0.0865,0,3.45,16,1,0.4889,0.425,0,SYNTHETIC
0.7877,0.6172,0.4467,4,0.6566,0.5803,2,6.16,20,4,0.5062,0.5996,1,SYNTHETIC
0.4016,0.7647,0.5851,1,0.5492,0.4994,0,11.23,18,0,0.3637,0.753,1,SYNTHETIC
0.8309,0.242,0.1951,3,0.9392,0.4715,3,23.5,20,6,0.3403,0.9324,0,SYNTHETIC
0.5938,0.3829,0.3764,5,0.764,0.3114,0,15.73,12,1,0.3688,0.7572,0,SYNTHETIC
0.9131,0.7976,0.7255,2,0.7904,0.4383,3,15.42,11,1,0.8807,0.7338,1,SYNTHETIC
0.7197,0.9114,0.884,3,1.0,0.0961,0,53.78,14,4,0.8469,0.7587,1,SYNTHETIC
0.633,0.615,0.4318,5,0.4979,0.4284,1,40.98,12,1,0.3659,0.4729,0,SYNTHETIC
0.4066,0.5044,0.3732,6,0.3419,0.2684,0,12.01,20,1,0.3058,0.4006,1,SYNTHETIC
0.7949,0.7016,0.5891,1,0.8145,0.2424,0,8.63,16,5,0.9428,0.7346,0,SYNTHETIC
0.3967,0.457,0.3333,7,0.4191,0.8805,1,10.8,13,1,0.5291,0.2573,1,SYNTHETIC
0.7014,0.8402,0.6728,1,0.8907,0.6251,4,7.24,9,3,0.4611,0.8528,0,SYNTHETIC
0.8231,0.8381,0.6623,6,0.3888,0.0547,0,49.12,13,1,0.8106,0.3074,1,SYNTHETIC
0.789,0.7168,0.6652,1,0.9464,0.5382,2,25.23,14,3,0.7384,0.9016,0,SYNTHETIC
0.2848,0.0253,0.0,9,0.277,0.6063,2,91.28,16,2,0.5461,0.332,1,SYNTHETIC
0.0505,0.6445,0.6007,3,0.4725,0.2322,0,42.29,13,2,0.3553,0.8053,1,SYNTHETIC
0.7054,0.7089,0.6412,1,0.8401,0.3626,0,2.91,10,3,0.7659,0.6132,0,SYNTHETIC
0.3905,0.155,0.1033,5,0.1918,0.4097,2,0.58,10,0,0.4739,0.55,0,SYNTHETIC
0.5018,0.327,0.1618,3,0.4539,0.9488,3,98.32,11,0,0.4183,0.422,1,SYNTHETIC
0.1835,0.1814,0.0533,3,0.0,0.8505,4,0.03,16,0,0.2049,0.2069,1,SYNTHETIC
0.8767,0.5222,0.4802,4,0.4309,0.1715,1,78.02,12,1,0.5363,0.5253,1,SYNTHETIC
0.6252,0.7645,0.6502,5,0.1827,0.4861,1,26.59,15,1,0.1611,0.405,1,SYNTHETIC
0.8347,0.8781,0.7103,4,0.6559,0.3237,0,25.83,15,3,0.5847,0.6385,1,SYNTHETIC
0.4875,0.4699,0.3244,3,0.8685,0.3306,0,18.84,12,2,0.8835,0.7725,1,SYNTHETIC
0.6449,0.6874,0.5022,4,0.5543,0.1883,0,72.35,14,1,0.4174,0.4832,0,SYNTHETIC
0.1505,0.332,0.2681,7,0.1023,0.5158,1,10.18,14,0,0.6092,0.1464,1,SYNTHETIC
0.1429,0.4838,0.3423,3,0.1833,0.6135,0,3.07,12,1,0.5929,0.1118,1,SYNTHETIC
0.6998,0.4161,0.3541,2,0.7423,0.1128,0,1.93,15,3,0.5775,1.0,0,SYNTHETIC
0.3086,0.6093,0.5098,3,0.6586,0.4387,2,32.81,11,0,0.4299,0.6947,1,SYNTHETIC
0.3928,0.3594,0.3562,6,0.0,0.6358,1,19.22,11,1,0.4186,0.2116,1,SYNTHETIC
0.1893,0.1453,0.0,10,0.0786,0.8737,2,73.57,12,0,0.2193,0.1671,1,SYNTHETIC
0.8612,0.3484,0.3392,1,0.8787,0.2045,1,10.8,12,3,0.9186,0.7041,0,SYNTHETIC
0.6637,0.5365,0.374,5,0.4122,0.4966,1,31.35,9,0,0.7863,0.3812,1,SYNTHETIC
0.1193,0.3577,0.3143,3,0.2689,0.6267,2,5.86,13,0,0.3483,0.224,0,SYNTHETIC
0.6569,0.7271,0.6732,1,0.5004,0.3231,0,15.99,16,2,0.8882,0.4192,1,SYNTHETIC
0.4077,0.1101,0.0208,8,0.1827,0.4572,3,53.37,10,2,0.4149,0.0,0,SYNTHETIC
0.5744,0.6328,0.5025,0,0.5131,0.5934,0,0.85,9,3,0.3919,0.4811,0,SYNTHETIC
0.878,0.4652,0.4457,3,0.5458,0.4763,1,49.84,11,1,0.7385,0.317,1,SYNTHETIC
0.5967,0.6701,0.562,1,0.8653,0.1528,0,0.31,14,4,0.7147,0.8872,0,SYNTHETIC
0.6085,0.9431,0.9114,1,0.9602,0.1133,0,11.97,16,1,0.5282,0.692,0,SYNTHETIC
0.1666,0.4313,0.2751,6,0.2775,0.9179,1,4.35,6,0,0.5898,0.2041,1,SYNTHETIC
0.1716,0.0869,0.0383,1,0.5091,0.4408,0,15.27,22,0,0.3674,0.2776,1,SYNTHETIC
0.5846,0.8606,0.7552,1,0.8924,0.2794,0,19.17,20,4,0.543,0.8475,0,SYNTHETIC
0.6096,0.179,0.1585,6,0.473,0.4207,0,8.72,20,1,0.8444,0.4497,1,SYNTHETIC
0.3703,0.1887,0.0887,2,0.3178,0.5914,1,29.87,13,0,0.4471,0.5303,1,SYNTHETIC
0.6946,0.4892,0.3787,1,0.9039,0.4187,1,5.5,11,2,0.2589,1.0,0,SYNTHETIC
0.6909,0.4661,0.2941,1,0.7854,0.6934,5,72.45,13,2,0.6883,0.6534,1,SYNTHETIC
