prerequisite_avg,prerequisite_min,previous_accuracy,recent_incorrect,learning_velocity,recent_confusion_count,time_gap_hours,revision_completion,concept_difficulty,will_struggle,dataset_type
0.7437,0.6619,0.5072,3,-0.0203,1,22.24,0.3881,64.32,0,SYNTHETIC
0.6068,0.4477,0.7083,3,0.0592,1,27.25,0.8094,91.72,0,SYNTHETIC
0.5822,0.5307,0.729,1,-0.1975,1,3.38,0.3189,51.81,0,SYNTHETIC
0.8524,0.71,0.4225,4,0.0938,1,11.51,0.7877,48.18,0,SYNTHETIC
0.469,0.2618,0.9037,0,0.1017,0,16.4,0.6778,27.22,0,SYNTHETIC
0.8681,0.7464,0.9316,0,0.0656,3,0.03,0.5522,61.61,0,SYNTHETIC
0.4323,0.3108,0.6604,3,-0.1534,2,14.59,0.8514,38.04,0,SYNTHETIC
0.6983,0.4736,0.267,4,-0.0919,3,0.27,0.3384,33.93,0,SYNTHETIC
0.7927,0.5989,0.6917,1,-0.0411,2,10.2,0.5909,52.96,1,SYNTHETIC
0.7481,0.74,0.7835,2,-0.0514,1,0.78,0.5035,27.41,0,SYNTHETIC
0.3153,0.2083,0.6713,0,-0.2072,2,9.68,0.9582,78.65,1,SYNTHETIC
0.5671,0.3865,0.4764,3,0.1235,3,2.15,0.4831,32.7,0,SYNTHETIC
0.6288,0.5658,0.447,2,-0.0038,1,6.32,0.488,71.58,0,SYNTHETIC
0.4918,0.3325,0.4929,1,0.1333,3,10.1,0.2978,60.53,1,SYNTHETIC
0.6154,0.5167,0.5221,3,0.1675,2,10.76,0.913,59.9,0,SYNTHETIC
0.6846,0.6546,0.0969,5,-0.1986,0,19.81,0.6241,64.69,1,SYNTHETIC
0.77,0.6956,0.8756,0,0.2484,5,47.14,0.5781,39.43,0,SYNTHETIC
0.2851,0.1007,0.793,0,-0.1765,1,14.33,0.9381,65.73,1,SYNTHETIC
0.6168,0.567,0.5661,1,0.1492,2,1.57,0.9458,39.94,0,SYNTHETIC
0.6199,0.3708,0.8659,1,0.2237,2,6.82,0.5639,67.51,0,SYNTHETIC
0.5487,0.5373,0.5987,3,0.3183,0,14.11,0.6159,20.82,0,SYNTHETIC
0.7149,0.5575,0.6803,1,-0.0342,1,24.6,0.586,80.62,1,SYNTHETIC
0.6552,0.5198,0.5821,2,-0.015,0,5.12,0.7481,60.15,0,SYNTHETIC
0.2933,0.1982,0.4436,2,0.0094,1,24.74,0.4329,53.89,0,SYNTHETIC
0.4071,0.227,0.3334,6,0.0224,5,6.92,0.6445,64.62,0,SYNTHETIC
0.4106,0.3306,0.5629,1,0.0875,0,0.44,0.6755,68.34,0,SYNTHETIC
0.3566,0.2045,0.3332,2,0.0327,6,33.36,0.5686,78.39,0,SYNTHETIC
0.6689,0.5006,0.5638,2,-0.0238,2,4.11,0.5683,49.54,0,SYNTHETIC
0.6481,0.5557,0.5232,5,0.1127,6,8.19,0.3919,25.67,0,SYNTHETIC
0.6408,0.4275,0.4693,1,0.2984,3,10.7,0.8085,56.6,0,SYNTHETIC
0.6741,0.4335,0.508,2,-0.0261,4,15.32,0.5143,46.34,0,SYNTHETIC
0.5671,0.3515,0.6704,6,-0.0121,2,1.1,0.8039,38.58,0,SYNTHETIC
0.6789,0.5665,0.516,3,0.3381,0,6.53,0.4923,90.17,0,SYNTHETIC
0.3679,0.1369,0.7058,3,-0.2126,0,6.43,0.6799,68.15,1,SYNTHETIC
0.6565,0.5569,0.2476,4,0.2106,1,4.21,0.4403,65.48,1,SYNTHETIC
0.6097,0.5292,0.882,0,0.058,2,14.77,0.6065,44.01,0,SYNTHETIC
0.7233,0.4997,0.4003,2,-0.0638,0,6.47,0.688,56.97,1,SYNTHETIC
0.7938,0.5863,0.5003,2,0.16,2,4.87,0.5689,27.35,1,SYNTHETIC
0.8034,0.7496,0.7322,2,-0.1099,1,5.26,0.7149,68.64,0,SYNTHETIC
0.7577,0.6813,0.4843,3,0.1563,2,22.8,0.4355,77.64,1,SYNTHETIC
0.6972,0.6476,0.5757,4,-0.0957,1,29.85,0.6284,21.28,0,SYNTHETIC
0.4786,0.4181,0.7949,1,0.0349,2,1.21,0.7212,19.85,0,SYNTHETIC
0.7264,0.5181,0.7676,2,0.1998,0,25.41,0.8427,43.2,1,SYNTHETIC
0.8138,0.7384,0.3651,5,0.1367,1,10.89,0.4472,51.25,1,SYNTHETIC
0.6271,0.3894,0.422,4,0.0269,0,11.3,0.6197,37.89,0,SYNTHETIC
0.3874,0.2327,0.1289,2,0.0561,1,1.7,0.6026,46.73,0,SYNTHETIC
0.6879,0.5661,0.4241,2,0.068,2,4.01,0.7318,49.21,1,SYNTHETIC
0.3128,0.2873,0.1835,5,-0.0223,0,5.06,0.9267,76.92,1,SYNTHETIC
0.6909,0.5676,0.4926,0,0.1841,1,6.72,0.5574,68.18,0,SYNTHETIC
0.4886,0.2946,0.9139,1,-0.1634,2,13.84,0.5675,57.48,1,SYNTHETIC
0.6751,0.6469,0.7043,0,-0.1364,3,18.35,0.6516,48.52,1,SYNTHETIC
0.6784,0.4925,0.9601,0,-0.0636,1,3.99,0.6878,53.29,0,SYNTHETIC
0.7507,0.5802,0.5565,0,0.1463,4,0.78,0.4132,71.1,1,SYNTHETIC
0.6324,0.4262,0.4763,6,0.195,3,11.64,0.4694,60.86,0,SYNTHETIC
0.6805,0.6317,0.586,2,0.077,3,4.93,0.746,27.22,1,SYNTHETIC
0.5004,0.4344,0.6756,2,-0.104,0,4.2,0.6336,36.42,0,SYNTHETIC
0.4727,0.2641,0.7336,2,-0.0488,2,11.47,0.7244,51.21,1,SYNTHETIC
0.5095,0.4323,0.3778,2,-0.1063,3,36.74,0.609,52.24,0,SYNTHETIC
0.3422,0.1063,0.2249,1,0.0936,4,23.63,0.7423,52.12,1,SYNTHETIC
0.3118,0.0773,0.5077,4,0.318,4,10.64,0.753,71.48,1,SYNTHETIC
0.6567,0.5192,0.9063,0,0.1121,1,17.88,0.8821,45.64,1,SYNTHETIC
0.6138,0.5432,0.8059,2,-0.1002,2,20.7,0.2162,46.13,1,SYNTHETIC
0.6301,0.5488,0.6748,2,-0.0251,2,5.36,0.7262,26.38,0,SYNTHETIC
0.8602,0.7672,0.7806,0,-0.072,1,20.24,0.348,43.52,0,SYNTHETIC
0.4148,0.3785,0.4495,2,-0.2219,5,1.65,0.8778,51.03,0,SYNTHETIC
0.4392,0.3891,0.9125,0,0.1615,1,3.27,0.5119,11.49,0,SYNTHETIC
0.5829,0.3869,0.684,2,-0.1294,0,0.86,0.471,42.19,1,SYNTHETIC
0.4507,0.3503,0.7123,1,0.1906,0,8.59,0.8036,62.25,1,SYNTHETIC
0.196,0.0584,0.6486,1,0.0434,3,0.36,0.5837,47.68,1,SYNTHETIC
0.3704,0.3639,0.6113,2,0.0973,4,7.38,0.3065,24.98,1,SYNTHETIC
0.6249,0.5548,0.3985,4,0.0304,3,9.24,0.6243,49.45,0,SYNTHETIC
0.8212,0.5757,0.5225,1,0.1757,2,1.13,0.3416,65.44,0,SYNTHETIC
0.6389,0.5049,0.3013,6,0.1341,2,46.05,0.4884,82.22,1,SYNTHETIC
0.6139,0.3856,0.9307,1,0.1951,3,8.84,0.7945,53.93,0,SYNTHETIC
0.559,0.4574,0.5103,2,0.1317,3,11.18,0.4927,73.79,1,SYNTHETIC
0.3862,0.2829,0.5433,3,0.0625,1,52.61,0.6267,59.15,0,SYNTHETIC
0.529,0.3192,0.5458,8,0.1685,1,16.3,0.7489,46.5,0,SYNTHETIC
0.2816,0.182,0.4367,2,0.2068,2,2.39,0.6897,16.53,1,SYNTHETIC
0.4688,0.2284,0.7711,0,0.0343,0,1.53,0.7256,66.08,0,SYNTHETIC
0.515,0.5105,0.7578,1,-0.1879,3,5.08,0.0778,36.58,0,SYNTHETIC
0.629,0.4265,0.2251,7,0.2691,0,48.53,0.4044,58.83,1,SYNTHETIC
0.6344,0.4452,0.5918,1,0.052,1,43.52,0.3968,27.08,1,SYNTHETIC
0.6354,0.5455,0.5196,2,0.1407,1,90.22,0.5522,44.2,1,SYNTHETIC
0.4456,0.2769,0.3933,4,0.0375,2,15.62,0.5839,74.44,0,SYNTHETIC
0.7469,0.712,0.3139,2,-0.1228,3,5.89,0.5832,28.6,0,SYNTHETIC
0.7699,0.6252,0.6203,2,0.2624,1,8.44,0.75,86.07,0,SYNTHETIC
0.4459,0.3128,0.3764,3,-0.1328,1,14.63,0.6999,60.35,0,SYNTHETIC
0.845,0.6044,0.4596,2,0.1452,6,13.07,0.7,58.28,1,SYNTHETIC
0.5387,0.5246,0.8519,1,0.2031,1,29.24,0.5651,51.58,0,SYNTHETIC
0.5847,0.4818,0.843,0,0.0565,2,1.86,0.9017,50.7,1,SYNTHETIC
0.6104,0.575,0.6604,2,0.2717,3,7.28,0.7422,74.32,0,SYNTHETIC
0.2577,0.2162,0.7042,0,0.1117,1,34.81,0.7016,87.61,0,SYNTHETIC
0.6494,0.562,0.2825,3,0.0868,0,18.03,0.7314,76.26,1,SYNTHETIC
0.6833,0.5716,0.3635,1,-0.0904,4,5.94,0.7818,71.94,1,SYNTHETIC
0.4124,0.2189,0.5032,0,0.043,2,0.74,0.7798,53.2,0,SYNTHETIC
0.6155,0.3896,0.7179,0,0.194,2,0.67,0.4519,42.63,0,SYNTHETIC
0.1253,0.0645,0.482,3,-0.1757,1,8.51,0.4186,60.09,0,SYNTHETIC
0.7804,0.6059,0.3458,7,-0.0026,1,0.58,0.4219,59.02,1,SYNTHETIC
0.2812,0.2128,0.7326,2,0.0421,1,7.15,0.1339,62.49,0,SYNTHETIC
0.7128,0.4879,0.819,3,-0.0545,3,4.24,0.5492,39.64,0,SYNTHETIC
0.3735,0.2712,0.4379,1,0.0721,0,6.69,0.5558,55.17,1,SYNTHETIC
0.6786,0.6238,0.3376,3,0.3165,2,8.53,0.8458,40.04,1,SYNTHETIC
0.6789,0.5817,0.4095,7,0.1896,0,0.96,0.4508,40.35,0,SYNTHETIC
0.6875,0.6669,0.4722,6,0.1242,2,3.47,0.3224,50.38,0,SYNTHETIC
0.3763,0.1759,0.6749,2,0.1194,0,9.79,0.6878,32.03,1,SYNTHETIC
0.3979,0.2001,0.2967,1,0.1427,3,38.51,0.6168,75.75,1,SYNTHETIC
0.4114,0.2539,0.8258,1,0.2267,0,1.72,0.8666,48.01,0,SYNTHETIC
0.7886,0.6844,0.2817,8,0.1101,1,4.32,0.8183,30.77,1,SYNTHETIC
0.4826,0.2733,0.6819,2,0.1771,5,14.18,0.6151,42.13,1,SYNTHETIC
0.7734,0.6161,0.6823,4,0.1759,2,9.25,0.854,53.5,0,SYNTHETIC
0.124,0.0,0.6418,3,-0.1534,2,0.55,0.8162,70.03,0,SYNTHETIC
0.6964,0.6661,0.4198,1,-0.1164,3,1.73,0.8163,36.87,0,SYNTHETIC
0.6659,0.5617,0.2998,0,-0.0939,1,1.58,0.6305,39.07,0,SYNTHETIC
0.7454,0.5168,0.7604,4,-0.1217,5,13.85,0.8513,15.36,1,SYNTHETIC
0.5026,0.2697,0.5394,1,0.095,1,18.47,0.8949,25.86,1,SYNTHETIC
0.709,0.7081,0.4609,3,-0.1487,1,3.37,0.7403,43.51,1,SYNTHETIC
0.3943,0.2586,0.8339,0,0.0575,2,12.96,0.7155,18.31,1,SYNTHETIC
0.7792,0.6197,0.5016,3,0.1032,3,18.36,0.908,68.4,0,SYNTHETIC
0.2792,0.1358,0.5814,2,0.0194,1,21.73,0.4249,58.92,0,SYNTHETIC
0.6331,0.3987,0.8976,1,0.0723,2,3.7,0.8281,44.06,0,SYNTHETIC
0.9008,0.8249,0.6029,1,-0.1529,1,8.23,0.8036,71.18,0,SYNTHETIC
0.4826,0.4691,0.6994,4,0.1802,1,7.97,0.3441,56.1,0,SYNTHETIC
0.3135,0.3027,0.2428,1,0.1981,3,17.09,0.4808,62.09,1,SYNTHETIC
0.4196,0.418,0.5715,1,0.2753,2,31.18,0.6579,80.59,0,SYNTHETIC
0.3543,0.1978,0.8983,1,-0.0564,5,8.49,0.4344,59.83,0,SYNTHETIC
0.6753,0.6038,0.7408,2,0.4151,2,0.74,0.8353,39.03,0,SYNTHETIC
0.3724,0.22,0.3189,2,0.1292,2,38.53,0.3601,52.7,0,SYNTHETIC
0.8956,0.7375,0.2986,0,-0.0338,0,4.14,0.5969,79.88,0,SYNTHETIC
0.7345,0.6794,0.5207,7,0.2563,1,7.27,0.8018,77.12,1,SYNTHETIC
0.3411,0.1734,0.6742,2,-0.1088,0,43.7,0.6259,60.2,0,SYNTHETIC
0.5584,0.5045,0.6577,1,0.1496,1,17.4,0.5883,40.71,1,SYNTHETIC
0.7482,0.5458,0.0692,5,-0.0441,2,11.29,0.4889,31.82,0,SYNTHETIC
0.455,0.4185,0.7075,1,0.0665,1,34.56,0.2967,58.49,1,SYNTHETIC
0.4026,0.3893,0.5352,1,-0.0099,2,11.38,0.659,24.63,1,SYNTHETIC
0.2868,0.0438,0.5291,3,0.2698,1,6.86,0.3187,36.73,0,SYNTHETIC
0.3334,0.1755,0.8891,1,-0.0888,1,20.48,0.7625,42.29,1,SYNTHETIC
0.6604,0.4367,0.7105,2,0.0636,2,8.74,0.3762,53.82,1,SYNTHETIC
0.56,0.5307,0.7603,0,-0.048,1,5.33,0.5901,79.58,0,SYNTHETIC
0.7618,0.7028,0.7632,0,0.1661,4,7.89,0.7559,73.44,0,SYNTHETIC
0.519,0.4608,0.5619,2,0.166,1,29.75,0.8588,53.8,0,SYNTHETIC
0.6,0.3959,0.359,1,0.0088,3,25.27,0.9322,59.38,1,SYNTHETIC
0.777,0.6424,0.3196,6,0.2248,0,2.56,0.4854,39.34,1,SYNTHETIC
0.632,0.6041,0.5783,2,-0.1022,2,17.86,0.7409,50.58,0,SYNTHETIC
0.5366,0.4307,0.3021,3,0.0211,1,0.82,0.4904,93.7,1,SYNTHETIC
0.5777,0.5625,0.2428,5,0.2367,0,20.84,0.9344,79.31,0,SYNTHETIC
0.5756,0.3781,0.4295,0,-0.1483,1,9.32,0.8884,41.09,0,SYNTHETIC
0.4288,0.2923,0.2732,2,0.1677,1,12.93,0.6851,59.16,0,SYNTHETIC
0.6731,0.6577,0.3995,3,0.1677,3,0.15,0.3799,37.0,0,SYNTHETIC
0.1961,0.0,0.2389,4,-0.1002,0,2.45,0.4936,46.56,1,SYNTHETIC
0.4575,0.3428,0.6182,2,0.0688,1,2.74,0.5926,69.45,0,SYNTHETIC
0.8292,0.8105,0.7292,1,0.2841,1,0.56,0.823,67.99,1,SYNTHETIC
0.6418,0.6228,0.3664,0,-0.0201,2,17.31,0.6962,81.72,0,SYNTHETIC
0.4271,0.387,0.5166,0,0.1559,0,4.47,0.547,46.76,0,SYNTHETIC
0.5142,0.3616,0.4701,2,0.3202,1,18.21,0.898,37.65,0,SYNTHETIC
0.6059,0.5905,0.4162,1,0.3189,5,17.01,0.7701,45.89,0,SYNTHETIC
0.4098,0.3753,0.4848,4,-0.0029,2,13.16,0.7063,38.87,0,SYNTHETIC
0.441,0.4019,0.5669,1,-0.2115,4,6.08,0.5617,77.83,0,SYNTHETIC
0.4047,0.2518,0.7613,0,-0.1274,1,12.39,0.9445,47.96,0,SYNTHETIC
0.5551,0.4953,0.535,3,0.2111,1,8.83,0.4052,49.5,0,SYNTHETIC
0.8255,0.6617,0.3939,4,0.2912,0,6.34,0.5921,42.85,0,SYNTHETIC
0.635,0.5223,0.6794,2,0.1117,1,6.78,0.2276,49.85,1,SYNTHETIC
0.519,0.4594,0.7755,1,0.0354,1,2.45,0.8505,75.88,1,SYNTHETIC
0.7266,0.5932,0.7719,2,0.099,0,0.33,0.5922,24.46,1,SYNTHETIC
0.7943,0.7817,0.5709,1,-0.0775,0,5.52,0.725,59.75,1,SYNTHETIC
0.7192,0.5241,0.4351,2,-0.1883,1,13.25,0.7736,42.29,0,SYNTHETIC
0.6344,0.5261,0.3714,4,0.3732,1,1.5,0.6534,42.02,1,SYNTHETIC
0.3661,0.285,0.6414,2,0.1897,1,2.9,0.7047,25.67,0,SYNTHETIC
0.6317,0.3867,0.4879,3,-0.0355,0,14.93,0.4727,52.14,1,SYNTHETIC
0.6075,0.3793,0.6234,1,0.0351,2,25.96,0.5217,33.98,1,SYNTHETIC
0.7381,0.717,0.6423,6,0.1763,1,7.7,0.7669,50.69,1,SYNTHETIC
0.7455,0.5759,0.4807,3,-0.0845,1,10.08,0.7606,55.05,0,SYNTHETIC
0.41,0.342,0.7183,2,0.1986,1,0.94,0.8686,61.6,0,SYNTHETIC
0.4654,0.4497,0.6398,4,0.1724,2,22.31,0.2468,66.05,0,SYNTHETIC
0.7107,0.6244,0.681,1,0.0995,1,32.96,0.7531,90.95,1,SYNTHETIC
0.6941,0.4707,0.2686,9,-0.1168,1,1.59,0.5709,61.8,0,SYNTHETIC
0.2407,0.1831,0.6542,2,0.0013,1,1.84,0.9113,53.03,1,SYNTHETIC
0.6125,0.5502,0.27,8,0.1185,3,6.75,0.3001,62.54,0,SYNTHETIC
0.4046,0.2277,0.4761,1,0.0221,1,0.63,0.4146,97.76,0,SYNTHETIC
0.3569,0.1902,0.3665,3,0.1491,1,8.85,0.8382,39.9,0,SYNTHETIC
0.6244,0.5879,0.2695,3,-0.2414,1,7.56,0.7062,45.63,1,SYNTHETIC
0.5197,0.5178,0.4313,1,0.1134,2,8.23,0.6294,64.91,0,SYNTHETIC
0.6362,0.6231,0.7294,4,0.1328,5,6.77,0.7546,53.76,0,SYNTHETIC
0.5562,0.4123,0.2263,2,0.0771,3,6.81,0.7587,64.09,1,SYNTHETIC
0.7355,0.6811,0.5671,1,-0.0533,0,26.1,0.7798,35.9,0,SYNTHETIC
0.651,0.4146,0.4953,4,0.2184,0,25.53,0.8055,65.45,0,SYNTHETIC
0.7023,0.4622,0.2285,1,0.0456,1,6.77,0.6335,11.52,0,SYNTHETIC
0.5105,0.3633,0.6984,1,-0.0448,2,40.52,0.7813,53.08,0,SYNTHETIC
0.8141,0.7323,0.5875,2,0.1711,3,21.45,0.7951,67.12,0,SYNTHETIC
0.6722,0.6117,0.608,4,-0.0616,1,46.99,0.4245,54.26,0,SYNTHETIC
0.5403,0.5285,0.8226,0,-0.0409,0,0.66,0.9333,34.88,0,SYNTHETIC
0.5356,0.4098,0.7623,2,0.07,1,6.09,0.701,61.63,0,SYNTHETIC
0.3003,0.1139,0.4608,3,-0.0765,2,11.36,0.9417,29.08,0,SYNTHETIC
0.4946,0.2662,0.4284,2,-0.1349,2,19.6,0.6526,30.82,1,SYNTHETIC
0.7915,0.6285,0.8031,0,0.2178,3,18.19,0.6763,35.93,0,SYNTHETIC
0.5824,0.5078,0.6271,1,0.0055,1,8.19,0.4023,43.36,1,SYNTHETIC
0.6345,0.4282,0.8808,0,0.0533,1,3.06,0.407,43.52,0,SYNTHETIC
0.5968,0.4545,0.6175,3,-0.1858,2,20.91,0.4777,33.97,0,SYNTHETIC
0.447,0.3212,0.5743,0,0.0357,2,41.47,0.4198,42.58,1,SYNTHETIC
0.6165,0.4955,0.1947,4,0.0013,2,9.23,0.8624,51.2,0,SYNTHETIC
0.1846,0.1758,0.5817,4,0.3153,2,0.92,0.6276,47.61,0,SYNTHETIC
0.8367,0.5948,0.4737,5,-0.104,1,4.26,0.5934,46.93,0,SYNTHETIC
0.6296,0.4098,0.815,1,-0.2508,3,12.58,0.4134,39.86,0,SYNTHETIC
0.5374,0.3722,0.5176,4,0.0624,1,0.22,0.4178,42.11,0,SYNTHETIC
0.58,0.5169,0.3365,1,0.0893,1,21.28,0.7739,31.05,0,SYNTHETIC
0.5215,0.5195,0.618,1,-0.057,1,0.08,0.3786,36.03,0,SYNTHETIC
0.6932,0.6844,0.1688,4,0.0216,2,4.85,0.4235,51.61,1,SYNTHETIC
0.2626,0.0763,0.6514,5,-0.0083,0,0.76,0.7485,79.19,0,SYNTHETIC
0.5053,0.4987,0.5326,3,-0.0017,1,9.48,0.3735,76.5,0,SYNTHETIC
0.3229,0.2445,0.5192,5,0.1482,3,9.75,0.6043,29.47,1,SYNTHETIC
0.4959,0.2533,0.5746,4,0.0741,2,7.65,0.2788,47.4,0,SYNTHETIC
0.3968,0.1504,0.5138,0,0.1629,1,0.49,0.7838,40.43,1,SYNTHETIC
0.4682,0.393,0.5796,4,0.044,1,12.89,0.8964,64.39,0,SYNTHETIC
0.6332,0.572,0.4358,3,0.2834,5,3.9,0.7659,66.12,0,SYNTHETIC
0.6523,0.5718,0.1875,8,-0.1644,2,5.54,0.713,29.34,0,SYNTHETIC
0.6355,0.4069,0.4862,0,-0.1507,1,1.33,0.518,67.29,0,SYNTHETIC
0.5861,0.5216,0.3432,6,0.1361,1,5.19,0.4998,60.4,1,SYNTHETIC
0.3715,0.2831,0.4656,3,0.2427,2,13.98,0.2518,17.69,0,SYNTHETIC
0.8604,0.6449,0.7552,3,0.128,0,5.06,0.5857,63.12,0,SYNTHETIC
0.4989,0.4477,0.8502,1,0.1117,0,7.78,0.7939,35.68,0,SYNTHETIC
0.4771,0.2342,0.8172,2,0.2245,0,4.9,0.5838,36.68,1,SYNTHETIC
0.4012,0.2708,0.4093,4,0.0881,0,1.34,0.4297,71.39,0,SYNTHETIC
0.7795,0.6104,0.6834,3,-0.083,1,0.18,0.6981,71.06,0,SYNTHETIC
0.4718,0.3306,0.5887,0,0.0273,2,8.42,0.8101,33.81,0,SYNTHETIC
0.2454,0.1822,0.7072,4,0.2561,3,2.27,0.7845,44.45,0,SYNTHETIC
0.4594,0.3662,0.3022,2,-0.1653,3,25.31,0.7972,55.74,1,SYNTHETIC
0.3589,0.1226,0.5576,3,0.1004,3,15.42,0.5533,74.02,0,SYNTHETIC
0.3187,0.1271,0.6971,2,0.0003,0,20.08,0.5195,29.51,0,SYNTHETIC
0.4044,0.29,0.8185,2,-0.2196,2,9.21,0.8381,60.37,1,SYNTHETIC
0.5352,0.397,0.5613,2,-0.1822,2,6.03,0.5523,26.93,0,SYNTHETIC
0.617,0.5429,0.6913,2,0.3234,1,19.29,0.4764,61.28,1,SYNTHETIC
0.5822,0.369,0.5873,2,0.4385,2,58.28,0.6661,32.4,1,SYNTHETIC
0.4298,0.4012,0.5966,2,-0.0418,0,30.27,0.2098,39.34,0,SYNTHETIC
0.3001,0.0873,0.4956,6,0.1073,0,4.46,0.6489,36.95,0,SYNTHETIC
0.7714,0.7474,0.5032,1,0.1787,3,0.6,0.6268,59.89,1,SYNTHETIC
0.2478,0.0376,0.7443,0,-0.0265,1,3.5,0.8345,22.75,0,SYNTHETIC
0.251,0.2038,0.5968,0,-0.0756,3,6.68,0.6501,60.34,1,SYNTHETIC
0.4279,0.3114,0.3964,5,-0.0117,1,9.67,0.3261,29.78,0,SYNTHETIC
0.8638,0.6631,0.6729,0,-0.0121,4,5.0,0.6863,54.69,0,SYNTHETIC
0.5004,0.4822,0.5581,1,-0.0746,4,19.06,0.115,69.9,0,SYNTHETIC
0.3112,0.284,0.4007,5,0.0257,2,33.64,0.9404,68.89,1,SYNTHETIC
0.7502,0.5505,0.6058,1,0.0349,2,10.32,0.6913,11.37,0,SYNTHETIC
0.5481,0.4517,0.4892,0,-0.1198,3,3.55,0.5618,49.87,0,SYNTHETIC
0.5338,0.303,0.5057,1,0.172,1,8.12,0.4967,76.41,0,SYNTHETIC
0.2769,0.0906,0.8496,1,0.122,1,1.02,0.7541,49.96,1,SYNTHETIC
0.3904,0.3872,0.3927,5,0.195,0,7.61,0.4745,81.22,0,SYNTHETIC
0.5085,0.304,0.5886,1,-0.2236,2,12.27,0.4405,62.63,0,SYNTHETIC
0.4634,0.3905,0.4665,4,0.2384,1,2.69,0.8308,31.98,0,SYNTHETIC
0.6381,0.5994,0.6504,3,0.0653,1,2.65,0.5534,50.75,1,SYNTHETIC
0.7296,0.5644,0.3822,6,0.0488,5,0.37,0.5369,50.13,0,SYNTHETIC
0.2008,0.0,0.8635,0,-0.134,0,1.8,0.4166,33.84,0,SYNTHETIC
0.8309,0.603,0.6757,1,0.092,1,25.26,0.6151,20.34,0,SYNTHETIC
0.391,0.327,0.5027,4,-0.0281,2,2.81,0.5875,74.37,1,SYNTHETIC
0.6687,0.6041,0.5361,1,0.0808,1,5.86,0.3462,50.72,0,SYNTHETIC
0.6134,0.4615,0.4877,3,0.3376,3,11.39,0.3786,53.26,1,SYNTHETIC
0.7355,0.73,0.3764,2,-0.1505,1,1.77,0.3499,83.21,1,SYNTHETIC
0.4692,0.3508,0.4784,1,-0.0786,4,63.33,0.4834,73.38,1,SYNTHETIC
0.6654,0.5066,0.4511,2,0.0406,1,8.02,0.9141,40.59,1,SYNTHETIC
0.7568,0.5313,0.4282,2,0.0468,0,4.35,0.4967,76.64,0,SYNTHETIC
0.4929,0.4496,0.7183,1,-0.004,3,4.65,0.6891,34.01,0,SYNTHETIC
0.4323,0.2058,0.8205,2,0.0504,6,10.04,0.4157,23.65,0,SYNTHETIC
0.5642,0.3887,0.5786,0,-0.0858,1,7.94,0.4675,35.48,1,SYNTHETIC
0.8239,0.6115,0.1437,7,-0.1396,0,5.56,0.6243,89.22,0,SYNTHETIC
0.6324,0.5364,0.6934,4,0.1917,2,6.06,0.7491,57.83,0,SYNTHETIC
0.3655,0.2913,0.5677,3,0.0731,2,35.81,0.2488,14.06,0,SYNTHETIC
0.6454,0.6355,0.5867,2,-0.0349,0,1.88,0.716,31.84,0,SYNTHETIC
0.4515,0.2544,0.2458,5,0.1429,0,21.44,0.4693,45.59,0,SYNTHETIC
0.6828,0.5603,0.7004,0,-0.2304,5,5.51,0.7724,76.35,0,SYNTHETIC
0.7439,0.5307,0.3419,2,0.0826,0,1.15,0.6467,65.36,0,SYNTHETIC
0.3872,0.1935,0.4,3,0.0504,4,16.05,0.816,26.11,0,SYNTHETIC
0.7852,0.75,0.6881,0,-0.0789,0,1.48,0.5984,28.13,0,SYNTHETIC
0.7019,0.5177,0.7044,1,0.2237,1,0.66,0.9004,26.59,1,SYNTHETIC
0.2176,0.1055,0.4255,1,0.1517,0,4.57,0.7137,43.67,1,SYNTHETIC
0.6042,0.4814,0.2947,5,-0.2328,0,0.56,0.1767,15.58,0,SYNTHETIC
0.6136,0.3678,0.2586,2,-0.1206,2,14.56,0.4901,26.34,0,SYNTHETIC
0.453,0.3771,0.8778,1,0.033,2,1.73,0.814,27.26,0,SYNTHETIC
0.8956,0.6973,0.7398,1,-0.097,4,0.69,0.476,56.63,0,SYNTHETIC
0.3492,0.2515,0.4715,2,-0.0393,1,11.44,0.6635,40.93,0,SYNTHETIC
0.8379,0.63,0.5892,0,0.1434,3,4.09,0.349,63.06,0,SYNTHETIC
0.7038,0.6236,0.3252,3,0.0049,1,28.97,0.3973,50.41,0,SYNTHETIC
0.4742,0.4618,0.5922,4,0.01,4,49.16,0.2566,49.66,1,SYNTHETIC
0.6177,0.4039,0.7517,1,0.1989,2,5.25,0.4523,35.96,0,SYNTHETIC
0.3328,0.1778,0.6684,4,-0.2623,0,20.61,0.4224,54.72,1,SYNTHETIC
0.4972,0.4627,0.6028,4,0.0443,1,0.51,0.3383,42.0,0,SYNTHETIC
0.8594,0.6888,0.5947,2,0.3936,1,32.59,0.6013,72.3,0,SYNTHETIC
0.5854,0.554,0.7132,1,-0.0049,2,5.78,0.8822,29.68,0,SYNTHETIC
0.5904,0.5588,0.8938,0,0.0306,0,6.08,0.6047,84.07,0,SYNTHETIC
0.3136,0.2456,0.5307,4,-0.2184,2,6.4,0.2186,41.31,1,SYNTHETIC
0.4935,0.4222,0.5375,1,-0.1602,2,15.79,0.927,48.59,1,SYNTHETIC
0.5293,0.3746,0.6599,1,0.2144,0,1.23,0.7933,77.53,0,SYNTHETIC
0.8993,0.703,0.8214,3,-0.1343,2,1.25,0.8315,42.59,0,SYNTHETIC
0.6133,0.4592,0.6967,1,-0.1115,1,1.34,0.2872,38.93,1,SYNTHETIC
0.49,0.4578,0.6854,1,0.2898,3,6.98,0.4539,64.94,0,SYNTHETIC
0.7141,0.6754,0.4091,1,0.1785,0,6.73,0.6534,44.36,0,SYNTHETIC
0.5385,0.3819,0.7233,2,-0.1121,1,2.64,0.6788,7.46,0,SYNTHETIC
0.5995,0.578,0.1652,3,-0.029,2,4.83,0.7691,60.35,1,SYNTHETIC
0.8591,0.7211,0.6442,1,0.238,1,17.28,0.4056,37.36,1,SYNTHETIC
0.3834,0.228,0.6652,1,-0.1078,1,1.32,0.5709,42.2,1,SYNTHETIC
0.7175,0.6987,0.4531,2,-0.1989,2,22.46,0.8588,34.77,0,SYNTHETIC
0.4838,0.3859,0.4005,8,-0.1069,2,1.03,0.626,51.3,0,SYNTHETIC
0.5845,0.4706,0.9212,2,0.0536,2,2.0,0.5527,83.55,1,SYNTHETIC
0.457,0.2548,0.7198,1,0.2535,3,52.75,0.7962,25.11,0,SYNTHETIC
0.5503,0.4881,0.7161,1,0.0364,2,8.44,0.8067,63.03,0,SYNTHETIC
0.9342,0.7453,0.9164,0,-0.1042,0,29.06,0.8615,35.82,0,SYNTHETIC
0.3702,0.1509,0.5266,1,0.1318,1,4.41,0.2939,38.98,0,SYNTHETIC
0.5573,0.3733,0.4477,3,0.1964,3,6.52,0.733,54.17,0,SYNTHETIC
0.5961,0.4078,0.5942,0,0.2474,0,2.51,0.7178,77.13,0,SYNTHETIC
0.6834,0.4837,0.4676,0,0.0949,1,8.78,0.6083,34.36,0,SYNTHETIC
0.6449,0.5724,0.5766,4,0.2837,1,1.79,0.9419,50.59,0,SYNTHETIC
0.6956,0.6594,0.3365,1,-0.0327,3,15.26,0.5742,76.65,1,SYNTHETIC
0.2479,0.0995,0.545,2,0.2274,2,6.99,0.8404,62.79,0,SYNTHETIC
0.6032,0.5456,0.1646,4,-0.0711,1,6.96,0.8681,34.5,1,SYNTHETIC
0.8921,0.874,0.3727,5,-0.3114,2,7.17,0.9268,56.63,0,SYNTHETIC
0.7975,0.716,0.8079,1,0.0345,1,0.34,0.6932,48.91,1,SYNTHETIC
0.5521,0.3754,0.5653,5,0.0233,0,14.0,0.2062,58.63,1,SYNTHETIC
0.6044,0.3848,0.32,2,-0.0711,3,4.36,0.4967,40.74,1,SYNTHETIC
0.2937,0.1709,0.5695,2,0.1682,1,4.84,0.5193,49.46,1,SYNTHETIC
0.6074,0.4713,0.7366,1,0.065,1,35.71,0.4893,45.64,1,SYNTHETIC
0.3767,0.227,0.4019,8,0.2498,1,0.86,0.7917,46.64,1,SYNTHETIC
0.3,0.2206,0.7238,0,0.0552,4,36.88,0.7,43.42,1,SYNTHETIC
0.5757,0.4331,0.7033,2,-0.058,1,60.33,0.7626,59.7,1,SYNTHETIC
0.8149,0.6293,0.5915,4,0.1258,1,2.14,0.7656,37.94,0,SYNTHETIC
0.4499,0.3739,0.6588,1,0.16,2,0.32,0.5365,60.37,1,SYNTHETIC
0.2617,0.1508,0.5857,2,-0.1847,3,43.48,0.6569,26.14,1,SYNTHETIC
0.5929,0.4542,0.66,0,0.0949,2,1.5,0.6417,82.44,0,SYNTHETIC
0.7615,0.6951,0.278,5,0.3267,2,1.24,0.6039,69.1,0,SYNTHETIC
0.4345,0.3994,0.2467,2,0.1476,1,5.17,0.8978,69.79,1,SYNTHETIC
0.3788,0.1883,0.6826,2,-0.1668,1,10.07,0.9298,28.3,0,SYNTHETIC
0.2266,0.1239,0.5703,2,0.1116,3,41.47,0.7279,38.86,1,SYNTHETIC
0.5546,0.3366,0.6495,2,0.2473,0,3.82,0.9299,69.24,0,SYNTHETIC
0.5735,0.3757,0.4691,2,0.0362,3,9.82,0.5803,20.25,0,SYNTHETIC
0.7586,0.7022,0.7785,1,0.1118,1,19.1,0.6167,31.26,0,SYNTHETIC
0.7055,0.4842,0.8121,0,0.2455,4,17.29,0.6678,87.61,1,SYNTHETIC
0.6326,0.3867,0.6558,1,0.0131,4,6.61,0.8197,74.55,0,SYNTHETIC
0.6578,0.4661,0.6401,0,0.1142,1,3.01,0.4693,41.15,0,SYNTHETIC
0.5707,0.4149,0.6893,1,0.0032,2,1.86,0.7649,32.44,1,SYNTHETIC
0.5594,0.4617,0.4252,5,-0.0141,3,24.7,0.4886,18.11,1,SYNTHETIC
0.4847,0.2674,0.982,0,0.1538,3,7.92,0.6206,84.18,0,SYNTHETIC
0.7113,0.5331,0.6566,2,0.2638,0,3.64,0.9031,61.6,0,SYNTHETIC
0.7368,0.6681,0.6645,0,-0.0849,3,6.09,0.3737,26.46,1,SYNTHETIC
0.5484,0.3639,0.3727,5,-0.0325,2,1.61,0.4253,58.81,1,SYNTHETIC
0.657,0.4884,0.7161,2,0.0687,2,5.38,0.7873,69.55,0,SYNTHETIC
0.595,0.4755,0.9499,0,-0.2643,1,3.88,0.5089,38.72,0,SYNTHETIC
0.7193,0.5157,0.9074,0,0.1323,1,11.33,0.7899,37.18,0,SYNTHETIC
0.7288,0.6783,0.1785,5,-0.0336,2,8.33,0.4683,66.78,0,SYNTHETIC
0.7247,0.5737,0.6693,5,0.0539,4,18.73,0.7147,35.35,0,SYNTHETIC
0.4225,0.231,0.4513,4,0.119,1,32.45,0.5089,49.1,1,SYNTHETIC
0.6521,0.4804,0.3292,6,-0.0517,1,45.95,0.6634,5.95,0,SYNTHETIC
0.7741,0.639,0.4663,2,0.1464,2,8.22,0.6183,48.03,1,SYNTHETIC
0.7983,0.6654,0.7654,0,-0.1921,2,12.91,0.3942,46.75,1,SYNTHETIC
0.6529,0.5483,0.7165,0,0.0621,2,1.33,0.355,26.08,0,SYNTHETIC
0.6214,0.4229,0.5716,2,0.2171,0,11.47,0.8982,28.12,0,SYNTHETIC
0.8593,0.6471,0.7009,4,0.0193,6,16.15,0.1591,81.35,1,SYNTHETIC
0.5864,0.527,0.7814,1,0.0386,2,14.69,0.7956,36.13,0,SYNTHETIC
0.6225,0.4352,0.5957,1,0.1239,3,13.22,0.602,55.27,0,SYNTHETIC
0.3171,0.0897,0.7191,3,-0.0622,3,11.44,0.453,26.32,1,SYNTHETIC
0.3928,0.3113,0.7009,0,0.0896,1,1.07,0.6637,42.38,0,SYNTHETIC
0.4599,0.2411,0.5466,2,0.0722,2,79.37,0.6853,18.52,0,SYNTHETIC
0.6192,0.5222,0.3967,1,0.0796,0,6.03,0.2777,54.28,1,SYNTHETIC
0.364,0.1648,0.5935,1,0.1751,2,0.87,0.2171,63.21,0,SYNTHETIC
0.3388,0.2537,0.4877,2,0.0419,1,7.3,0.5558,11.39,0,SYNTHETIC
0.6727,0.6542,0.8138,1,-0.0559,2,25.1,0.7599,58.62,0,SYNTHETIC
0.6509,0.6231,0.8406,2,0.1324,0,17.23,0.6069,75.47,1,SYNTHETIC
0.5969,0.3744,0.4769,0,0.0692,3,6.27,0.0923,25.66,0,SYNTHETIC
0.5185,0.364,0.4728,1,0.0845,2,11.72,0.9722,77.15,1,SYNTHETIC
0.5979,0.5333,0.7797,4,-0.1046,0,0.84,0.6072,41.92,0,SYNTHETIC
0.6049,0.4669,0.7709,3,0.0975,2,1.69,0.3493,37.44,1,SYNTHETIC
0.721,0.6586,0.6278,0,-0.0931,1,4.62,0.7416,8.33,0,SYNTHETIC
0.3981,0.3636,0.8695,1,-0.2961,2,5.92,0.5357,71.31,0,SYNTHETIC
0.4483,0.3568,0.311,6,0.134,1,12.89,0.3426,40.08,0,SYNTHETIC
0.4334,0.374,0.8427,0,0.0541,1,22.28,0.659,74.68,0,SYNTHETIC
0.698,0.6058,0.3645,6,-0.0808,1,6.95,0.6126,20.64,0,SYNTHETIC
0.3962,0.1751,0.8564,0,0.2694,1,25.57,0.7656,53.89,0,SYNTHETIC
0.3608,0.3407,0.5702,4,0.0591,1,17.99,0.5829,56.38,0,SYNTHETIC
0.6601,0.655,0.5499,0,0.1101,1,20.81,0.5454,43.11,0,SYNTHETIC
0.5523,0.5433,0.8317,0,0.1933,3,19.85,0.4795,22.52,1,SYNTHETIC
0.3918,0.3531,0.8817,0,-0.1558,2,0.04,0.4407,63.85,0,SYNTHETIC
0.8115,0.678,0.709,1,-0.2107,1,20.32,0.4273,42.68,0,SYNTHETIC
0.7026,0.5627,0.6612,0,0.0821,1,13.75,0.6027,36.51,0,SYNTHETIC
0.7404,0.5489,0.8047,0,0.0173,2,20.37,0.4747,70.43,0,SYNTHETIC
0.7715,0.7302,0.5866,2,0.0416,2,3.59,0.1855,81.74,1,SYNTHETIC
0.5019,0.3159,0.5578,4,0.1831,2,9.56,0.7282,37.04,0,SYNTHETIC
0.3965,0.193,0.4135,2,0.0241,3,13.43,0.7691,27.54,0,SYNTHETIC
0.7479,0.5008,0.4365,2,-0.1289,1,2.07,0.4563,57.26,0,SYNTHETIC
0.4876,0.2568,0.6968,2,0.2979,1,0.16,0.549,33.28,0,SYNTHETIC
0.3821,0.2705,0.3579,6,-0.0064,1,17.34,0.5654,58.74,0,SYNTHETIC
0.8658,0.6486,0.4477,4,0.1761,1,10.01,0.7242,88.15,0,SYNTHETIC
0.5079,0.2604,0.5267,3,0.1938,1,28.49,0.3253,50.86,0,SYNTHETIC
0.5889,0.5247,0.3526,3,-0.0079,2,15.85,0.76,54.86,1,SYNTHETIC
0.1702,0.0698,0.4846,5,0.0455,3,7.69,0.8904,58.83,1,SYNTHETIC
0.4409,0.2497,0.4179,1,0.1619,1,3.16,0.3594,76.65,1,SYNTHETIC
0.5184,0.2774,0.5526,4,0.1632,0,24.74,0.8353,44.18,0,SYNTHETIC
0.3551,0.3403,0.6021,4,0.0355,1,1.6,0.6001,31.32,0,SYNTHETIC
0.9071,0.8888,0.7865,4,0.0694,2,24.36,0.7076,30.79,1,SYNTHETIC
0.7033,0.6115,0.7278,1,0.2672,2,30.1,0.7289,69.62,0,SYNTHETIC
0.624,0.5673,0.2244,4,0.004,1,5.47,0.2665,58.2,0,SYNTHETIC
0.1639,0.1301,0.7176,0,0.3496,1,2.95,0.6683,73.33,0,SYNTHETIC
0.4235,0.3164,0.7083,2,-0.002,0,13.84,0.6447,71.26,1,SYNTHETIC
0.7001,0.4643,0.7452,0,-0.0061,2,70.92,0.7896,60.85,0,SYNTHETIC
0.4264,0.2327,0.2693,6,0.0051,2,4.54,0.6155,76.65,0,SYNTHETIC
0.6203,0.4987,0.5351,6,0.0874,2,14.81,0.6619,54.96,0,SYNTHETIC
0.7149,0.5376,0.5099,5,0.1409,1,2.87,0.7222,44.0,1,SYNTHETIC
0.4628,0.4227,0.5929,1,0.0979,4,18.3,0.5763,25.32,0,SYNTHETIC
0.6231,0.474,0.6769,1,0.073,1,37.53,0.8518,31.92,0,SYNTHETIC
0.5729,0.386,0.6205,2,0.0068,2,2.92,0.7145,54.92,0,SYNTHETIC
0.6756,0.4471,0.4653,0,-0.0389,1,0.37,0.3788,16.98,0,SYNTHETIC
0.232,0.0,0.4134,3,-0.2895,0,40.31,0.2455,30.5,0,SYNTHETIC
0.888,0.8421,0.4307,6,0.004,1,28.41,0.3401,55.31,0,SYNTHETIC
0.6843,0.6251,0.5489,2,0.125,3,2.33,0.4446,60.39,1,SYNTHETIC
0.899,0.8604,0.6887,2,-0.2391,0,1.42,0.7887,20.44,1,SYNTHETIC
0.3795,0.2627,0.7253,2,0.1829,0,2.73,0.2355,34.26,1,SYNTHETIC
0.8195,0.7327,0.3662,4,0.1771,1,12.12,0.4651,61.31,1,SYNTHETIC
0.7969,0.5725,0.2409,4,0.238,0,0.67,0.74,67.14,0,SYNTHETIC
0.3,0.258,0.2544,3,0.1942,1,12.21,0.9113,70.01,0,SYNTHETIC
0.4484,0.3905,0.837,1,0.0305,2,6.58,0.6844,30.32,0,SYNTHETIC
0.7051,0.4869,0.4701,3,-0.0802,2,32.09,0.8468,27.15,0,SYNTHETIC
0.5984,0.4785,0.6292,1,0.2363,0,31.68,0.6326,48.3,1,SYNTHETIC
0.6577,0.4816,0.7043,6,-0.1071,1,17.21,0.6766,47.49,1,SYNTHETIC
0.4249,0.1936,0.5863,5,0.1353,2,17.82,0.7328,57.28,1,SYNTHETIC
0.326,0.2599,0.645,3,0.3653,1,11.72,0.9326,56.14,0,SYNTHETIC
0.7549,0.6729,0.3843,1,-0.098,2,0.84,0.833,73.35,0,SYNTHETIC
0.4873,0.3468,0.6088,0,0.1784,0,6.36,0.4518,49.34,0,SYNTHETIC
0.1798,0.1611,0.7491,2,-0.1293,1,14.36,0.6185,43.6,0,SYNTHETIC
0.6878,0.4882,0.5429,3,-0.0486,2,2.83,0.9222,58.22,0,SYNTHETIC
0.3216,0.28,0.721,2,-0.0071,2,12.12,0.5289,81.38,0,SYNTHETIC
0.6231,0.3887,0.5614,4,0.1849,2,26.93,0.9551,15.99,1,SYNTHETIC
0.351,0.2411,0.6206,2,0.2235,1,13.86,0.6187,49.78,1,SYNTHETIC
0.5512,0.441,0.5398,5,-0.0,1,4.42,0.742,53.47,0,SYNTHETIC
0.5428,0.4622,0.9361,0,0.1398,1,7.87,0.4248,36.08,0,SYNTHETIC
0.8401,0.8197,0.6638,3,0.0866,0,5.58,0.668,33.32,0,SYNTHETIC
0.3335,0.2792,0.6432,3,0.0064,2,1.85,0.8703,80.3,0,SYNTHETIC
0.5321,0.4828,0.3911,5,-0.1514,3,27.75,0.7239,29.96,1,SYNTHETIC
0.6064,0.4854,0.6542,1,0.33,0,6.19,0.7668,72.34,0,SYNTHETIC
0.4112,0.2596,0.6398,0,0.1548,1,8.42,0.6469,44.37,0,SYNTHETIC
0.3807,0.1948,0.5648,3,-0.1561,0,1.9,0.4978,11.5,0,SYNTHETIC
0.4855,0.2657,0.6011,2,-0.2014,1,12.23,0.5425,77.89,0,SYNTHETIC
0.5164,0.5075,0.5777,3,0.0795,0,9.17,0.709,16.44,0,SYNTHETIC
0.4273,0.3388,0.5708,1,-0.0689,1,5.34,0.6041,28.29,1,SYNTHETIC
0.4741,0.2834,0.6959,0,0.2502,0,3.28,0.5119,35.02,0,SYNTHETIC
0.7184,0.6011,0.7863,1,0.1496,1,0.98,0.7525,41.01,0,SYNTHETIC
0.5808,0.4774,0.3242,2,-0.1795,2,6.57,0.8698,28.11,0,SYNTHETIC
0.4361,0.3983,0.6766,1,0.0314,1,20.31,0.602,38.07,0,SYNTHETIC
0.4252,0.2312,0.4398,1,0.004,0,1.17,0.5307,82.06,0,SYNTHETIC
0.5672,0.4148,0.723,1,0.2355,2,53.35,0.7734,46.49,0,SYNTHETIC
0.9502,0.9079,0.5065,5,0.0862,2,16.73,0.7662,59.3,0,SYNTHETIC
0.8324,0.682,0.7153,0,0.3693,3,5.3,0.3569,39.92,0,SYNTHETIC
0.8839,0.641,0.5039,2,0.1589,0,0.51,0.6266,70.5,0,SYNTHETIC
0.182,0.1316,0.5077,2,-0.0007,1,18.31,0.6371,10.73,0,SYNTHETIC
0.6977,0.5792,0.3638,4,-0.2518,2,5.48,0.4725,48.19,1,SYNTHETIC
0.5092,0.2717,0.5775,3,0.0197,0,7.57,0.8323,48.24,0,SYNTHETIC
0.3151,0.2615,0.7009,1,0.0863,1,11.93,0.5524,48.5,0,SYNTHETIC
0.5363,0.505,0.7714,1,0.1038,3,17.56,0.3327,59.66,0,SYNTHETIC
0.5152,0.323,0.5079,4,0.4694,5,16.11,0.4578,45.5,0,SYNTHETIC
0.7158,0.5079,0.7856,0,0.1644,1,3.58,0.9876,38.69,0,SYNTHETIC
0.4343,0.3138,0.3762,5,0.1522,2,45.91,0.7812,11.66,1,SYNTHETIC
0.7738,0.6168,0.5166,8,0.1465,3,9.66,0.4126,30.66,1,SYNTHETIC
0.5495,0.3569,0.5598,2,0.1763,2,1.06,0.7512,34.27,0,SYNTHETIC
0.6431,0.4752,0.5412,3,0.0288,0,4.75,0.7563,83.94,1,SYNTHETIC
0.8824,0.8103,0.7687,3,0.0639,1,14.42,0.6152,77.61,0,SYNTHETIC
0.5424,0.4123,0.5225,2,0.1542,3,21.74,0.7725,45.65,0,SYNTHETIC
0.5059,0.4221,0.4017,1,0.0799,2,2.41,0.8168,23.66,1,SYNTHETIC
0.7711,0.6787,0.4042,2,0.1525,1,8.07,0.3929,23.27,0,SYNTHETIC
0.3816,0.2796,0.908,0,0.1955,1,7.96,0.7857,37.25,0,SYNTHETIC
0.1983,0.1926,0.4529,1,0.1194,0,4.6,0.3659,62.82,0,SYNTHETIC
0.5103,0.4399,0.2093,5,0.1947,3,1.38,0.656,51.06,1,SYNTHETIC
0.3971,0.3909,0.6047,1,0.1802,4,0.87,0.505,27.95,1,SYNTHETIC
0.5798,0.5391,0.5749,1,0.3883,2,13.23,0.4415,41.98,1,SYNTHETIC
0.5993,0.5818,0.6512,2,0.0833,1,17.51,0.1678,63.01,1,SYNTHETIC
0.5562,0.4229,0.4061,1,0.0137,2,32.31,0.3627,21.49,0,SYNTHETIC
0.4772,0.4094,0.7799,0,-0.0981,1,9.2,0.651,61.54,0,SYNTHETIC
0.5375,0.296,0.5491,2,-0.0778,1,1.9,0.4516,72.66,0,SYNTHETIC
0.3821,0.2316,0.6146,1,-0.1548,1,3.83,0.1072,37.58,1,SYNTHETIC
0.7378,0.6106,0.2637,2,0.3528,4,5.42,0.3953,48.98,0,SYNTHETIC
0.6915,0.6201,0.5823,2,0.3514,0,20.56,0.3086,16.16,0,SYNTHETIC
0.5493,0.4196,0.4255,4,0.0755,1,7.71,0.7231,82.88,0,SYNTHETIC
0.3397,0.1923,0.496,3,0.036,0,17.13,0.2776,67.45,0,SYNTHETIC
0.5765,0.4118,0.4113,1,0.2311,3,3.57,0.3016,64.31,1,SYNTHETIC
0.4128,0.2969,0.4864,1,0.0548,1,11.37,0.794,31.55,0,SYNTHETIC
0.527,0.3743,0.7533,1,0.1212,1,1.82,0.4258,44.7,1,SYNTHETIC
0.5829,0.4181,0.7646,1,0.0166,2,0.83,0.6299,66.07,0,SYNTHETIC
0.6449,0.4191,0.5117,1,0.0573,1,1.26,0.7133,71.27,1,SYNTHETIC
0.367,0.2884,0.4847,0,0.1743,1,28.42,0.6922,75.3,0,SYNTHETIC
0.2932,0.1848,0.4828,2,0.0451,1,4.7,0.7785,43.3,0,SYNTHETIC
0.2798,0.1456,0.5592,3,0.1917,0,21.77,0.4346,58.98,0,SYNTHETIC
0.6713,0.6127,0.3389,2,0.046,2,5.86,0.7627,32.56,0,SYNTHETIC
0.2918,0.2742,0.4805,1,-0.0809,3,19.4,0.7978,61.33,0,SYNTHETIC
0.5752,0.5313,0.4142,3,0.1283,0,21.55,0.3719,71.89,0,SYNTHETIC
0.7178,0.6253,0.55,1,-0.2992,0,17.0,0.4351,12.17,0,SYNTHETIC
0.1256,0.0063,0.4947,1,0.11,5,27.78,0.653,75.72,1,SYNTHETIC
0.5712,0.5264,0.5791,2,0.2223,1,4.92,0.5981,55.83,0,SYNTHETIC
0.407,0.1736,0.2693,2,0.2259,1,2.37,0.7302,86.29,1,SYNTHETIC
0.3651,0.1853,0.7491,1,0.0603,1,8.77,0.7159,48.34,0,SYNTHETIC
0.4066,0.3542,0.4775,1,0.0331,1,4.4,0.4496,85.03,1,SYNTHETIC
0.6143,0.4096,0.3991,7,0.1851,3,0.33,0.4346,39.03,0,SYNTHETIC
0.4063,0.308,0.3346,2,0.0505,1,24.59,0.2719,61.1,1,SYNTHETIC
0.5567,0.5145,0.7394,3,0.0099,0,0.77,0.559,79.62,0,SYNTHETIC
0.5299,0.489,0.975,0,0.1201,2,2.93,0.5388,65.22,0,SYNTHETIC
0.3268,0.2404,0.3775,7,-0.0081,4,6.86,0.8409,61.11,1,SYNTHETIC
0.5689,0.3899,0.4697,2,0.1767,0,37.85,0.6368,38.71,1,SYNTHETIC
0.3604,0.1596,0.4099,1,0.0189,1,10.38,0.378,24.2,1,SYNTHETIC
0.211,0.1807,0.7241,3,0.1121,1,7.38,0.6076,25.18,1,SYNTHETIC
0.7653,0.7192,0.3107,4,0.1329,2,23.41,0.346,80.91,0,SYNTHETIC
0.4608,0.3885,0.723,5,-0.0047,0,14.03,0.753,51.83,0,SYNTHETIC
0.9046,0.6622,0.4629,0,0.3171,1,8.96,0.4282,27.51,0,SYNTHETIC
0.2911,0.07,0.5228,2,0.0688,1,4.41,0.1504,41.06,1,SYNTHETIC
0.451,0.4375,0.353,3,-0.0808,0,25.04,0.4145,52.76,0,SYNTHETIC
0.3625,0.1952,0.4396,3,-0.0196,1,9.97,0.6052,9.95,0,SYNTHETIC
0.6597,0.419,0.4671,1,0.2172,0,38.69,0.9336,68.01,0,SYNTHETIC
0.577,0.4094,0.4335,2,-0.0584,0,11.66,0.5559,9.2,0,SYNTHETIC
0.668,0.6559,0.2781,3,-0.0294,1,40.33,0.6911,57.32,1,SYNTHETIC
0.616,0.5728,0.7453,1,0.2562,0,3.6,0.6333,62.77,1,SYNTHETIC
0.4043,0.2435,0.566,0,-0.1642,2,6.96,0.4747,78.35,1,SYNTHETIC
0.8208,0.6174,0.4135,2,0.124,1,39.79,0.8253,47.23,0,SYNTHETIC
0.5596,0.4414,0.51,3,0.0182,1,4.69,0.695,58.65,0,SYNTHETIC
0.5889,0.5034,0.581,1,0.1117,2,20.08,0.9543,64.08,0,SYNTHETIC
0.4883,0.3702,0.5455,1,0.2655,0,5.36,0.8324,29.28,0,SYNTHETIC
0.3545,0.2475,0.47,0,-0.0774,1,12.92,0.8508,43.79,0,SYNTHETIC
0.7825,0.6107,0.4078,3,-0.2122,2,2.36,0.7568,18.4,0,SYNTHETIC
0.5101,0.3065,0.2472,0,0.0946,0,13.48,0.671,52.7,0,SYNTHETIC
0.4603,0.3873,0.5623,1,0.0086,0,4.84,0.2287,62.41,0,SYNTHETIC
0.539,0.4555,0.5531,1,-0.1165,2,37.34,0.7288,26.79,0,SYNTHETIC
0.5761,0.3804,0.798,2,0.1147,1,3.37,0.454,58.9,1,SYNTHETIC
0.5788,0.3923,0.5003,5,0.2843,1,17.39,0.6857,50.75,0,SYNTHETIC
0.2759,0.1723,0.5726,0,-0.2018,1,5.73,0.5044,33.78,1,SYNTHETIC
0.4294,0.3545,0.858,2,0.2553,0,13.48,0.8545,7.62,0,SYNTHETIC
0.8267,0.7143,0.5655,1,0.0554,1,14.86,0.4279,59.15,1,SYNTHETIC
0.545,0.2973,0.7484,1,0.0842,2,6.39,0.8091,84.01,0,SYNTHETIC
0.4491,0.4181,0.5388,2,-0.1299,1,17.75,0.3102,25.22,1,SYNTHETIC
0.7355,0.7331,0.7169,5,0.0331,3,1.71,0.8755,71.71,0,SYNTHETIC
0.7183,0.6808,0.65,0,-0.0681,2,16.09,0.4248,16.79,1,SYNTHETIC
0.705,0.6587,0.5749,3,0.0989,3,16.56,0.8757,66.47,1,SYNTHETIC
0.6959,0.5205,0.4168,5,0.1507,1,11.75,0.7785,78.87,1,SYNTHETIC
0.8525,0.6795,0.2943,3,0.15,4,8.22,0.9397,31.75,0,SYNTHETIC
0.5259,0.4041,0.3714,2,0.0711,0,24.67,0.6002,34.07,1,SYNTHETIC
0.6266,0.4626,0.3573,4,0.1391,1,1.64,0.617,32.63,0,SYNTHETIC
0.8748,0.8281,0.502,1,0.1952,0,38.09,0.7395,30.4,1,SYNTHETIC
0.3211,0.1928,0.7463,3,0.4003,1,2.69,0.6532,73.9,0,SYNTHETIC
0.4124,0.2669,0.4239,3,-0.2111,0,18.69,0.5836,64.48,1,SYNTHETIC
0.3424,0.3012,0.4656,1,0.0128,2,9.24,0.9408,18.57,0,SYNTHETIC
0.724,0.5312,0.2569,5,0.2156,2,0.29,0.8583,39.94,0,SYNTHETIC
0.4059,0.3683,0.3013,6,0.3006,0,0.06,0.8042,64.41,0,SYNTHETIC
0.452,0.372,0.6018,0,0.3122,1,8.07,0.7828,57.51,0,SYNTHETIC
0.4072,0.3383,0.4797,2,-0.027,2,21.4,0.6106,15.52,0,SYNTHETIC
0.5158,0.4224,0.6502,3,0.1229,1,0.86,0.6143,35.23,0,SYNTHETIC
0.5097,0.4538,0.5149,3,-0.0611,1,9.18,0.2285,60.51,0,SYNTHETIC
0.4258,0.2726,0.6357,1,0.0646,4,3.19,0.3683,84.2,0,SYNTHETIC
0.6598,0.5929,0.5474,3,-0.0139,1,32.53,0.7985,35.53,0,SYNTHETIC
0.2299,0.1232,0.6238,0,0.0072,0,1.6,0.7036,57.16,0,SYNTHETIC
0.919,0.8973,0.4126,4,-0.0974,2,7.95,0.1466,25.79,1,SYNTHETIC
0.6099,0.4003,0.6157,1,-0.1977,2,3.9,0.6227,77.56,0,SYNTHETIC
0.5285,0.3939,0.6275,1,-0.1025,0,12.78,0.5184,47.05,1,SYNTHETIC
0.548,0.4681,0.4455,2,0.1668,1,25.34,0.4181,35.75,0,SYNTHETIC
0.8356,0.6307,0.8371,0,0.0721,0,1.6,0.7355,29.87,0,SYNTHETIC
0.3146,0.1819,0.5957,2,0.0646,1,16.2,0.8146,83.95,1,SYNTHETIC
0.5253,0.4978,0.5015,1,-0.0916,0,11.56,0.7606,55.13,0,SYNTHETIC
0.4455,0.4056,0.696,1,-0.3879,0,18.19,0.4571,43.37,0,SYNTHETIC
0.3531,0.194,0.4692,0,-0.0148,0,4.59,0.1921,49.87,0,SYNTHETIC
0.4385,0.3285,0.7893,2,0.0264,1,10.15,0.95,44.52,0,SYNTHETIC
0.5737,0.5119,0.3161,3,-0.1516,1,3.59,0.3966,29.54,1,SYNTHETIC
0.5701,0.4916,0.6287,0,0.0518,2,9.38,0.5413,61.72,0,SYNTHETIC
0.3677,0.192,0.6213,0,0.2757,2,3.24,0.9598,43.47,0,SYNTHETIC
0.2111,0.1817,0.5946,1,-0.1571,2,4.19,0.4069,41.3,1,SYNTHETIC
0.3239,0.0818,0.7658,0,-0.0112,2,11.2,0.3889,40.12,0,SYNTHETIC
0.6004,0.5846,0.4439,2,0.4099,4,0.86,0.7938,83.99,1,SYNTHETIC
0.5324,0.5209,0.8932,0,-0.1909,3,15.96,0.4779,54.83,0,SYNTHETIC
0.5347,0.4386,0.6239,3,0.059,1,3.45,0.3869,80.33,0,SYNTHETIC
0.6333,0.4447,0.5789,1,0.0079,2,28.11,0.6493,67.7,0,SYNTHETIC
0.7529,0.5607,0.6737,1,-0.3169,1,14.22,0.5276,34.93,0,SYNTHETIC
0.5045,0.4976,0.3446,9,0.3171,1,7.35,0.8467,23.88,1,SYNTHETIC
0.7839,0.722,0.5945,2,0.0381,1,1.27,0.7922,56.8,0,SYNTHETIC
0.4315,0.1894,0.7915,3,-0.0083,1,12.37,0.4284,60.8,0,SYNTHETIC
0.1803,0.0885,0.8567,1,0.0526,0,13.53,0.6087,64.15,1,SYNTHETIC
0.1881,0.0961,0.7522,0,0.4591,2,5.02,0.8337,22.28,1,SYNTHETIC
0.4443,0.3004,0.8934,0,0.0119,2,10.31,0.7201,77.66,1,SYNTHETIC
0.5586,0.4288,0.3022,4,0.0748,1,10.34,0.5432,60.08,0,SYNTHETIC
0.5533,0.3742,0.6396,0,0.0257,2,10.66,0.2644,72.63,0,SYNTHETIC
0.2865,0.1276,0.7174,1,0.121,3,14.07,0.3798,35.87,1,SYNTHETIC
0.48,0.309,0.835,0,0.1013,0,6.26,0.7799,67.49,0,SYNTHETIC
0.734,0.6222,0.5444,4,-0.0346,0,1.72,0.4721,69.46,1,SYNTHETIC
0.3115,0.299,0.8461,2,-0.0545,1,5.31,0.7402,32.18,0,SYNTHETIC
0.3322,0.1193,0.5971,1,-0.0661,1,15.69,0.3247,11.79,1,SYNTHETIC
0.6734,0.5281,0.7159,4,0.0695,1,4.35,0.6757,48.39,1,SYNTHETIC
0.4055,0.3791,0.2099,1,-0.0649,1,47.36,0.2499,59.18,0,SYNTHETIC
0.6084,0.4752,0.4776,2,-0.0243,1,9.21,0.7007,61.13,0,SYNTHETIC
0.5816,0.4195,0.1894,5,0.1477,3,5.53,0.6877,52.36,1,SYNTHETIC
0.1842,0.1034,0.6444,2,0.076,1,6.98,0.8814,20.82,0,SYNTHETIC
0.3333,0.1208,0.3065,8,-0.0949,0,0.21,0.7335,69.46,0,SYNTHETIC
0.6047,0.5757,0.3844,1,-0.2161,1,18.0,0.5662,40.08,0,SYNTHETIC
0.5546,0.3191,0.5554,2,0.083,3,0.05,0.7281,79.09,0,SYNTHETIC
0.2724,0.2647,0.5105,1,-0.0936,1,27.72,0.4948,92.35,1,SYNTHETIC
0.5721,0.5507,0.6875,1,0.1158,1,5.66,0.7023,33.22,1,SYNTHETIC
0.3421,0.1037,0.4562,2,0.0874,3,7.65,0.5818,31.11,0,SYNTHETIC
0.7526,0.6407,0.6667,2,0.1633,1,1.99,0.8407,56.27,1,SYNTHETIC
0.3699,0.258,0.8356,1,-0.0845,1,6.17,0.8189,65.02,0,SYNTHETIC
0.9284,0.8246,0.9896,0,0.2369,2,8.64,0.7799,78.16,0,SYNTHETIC
0.4428,0.2772,0.6914,4,-0.2418,1,16.1,0.6632,68.26,1,SYNTHETIC
0.7082,0.665,0.6545,3,0.0532,2,6.19,0.4685,13.29,1,SYNTHETIC
0.2792,0.1879,0.4254,2,0.1244,0,2.22,0.8488,57.19,0,SYNTHETIC
0.1377,0.0769,0.5301,1,0.2565,0,0.25,0.5373,32.79,0,SYNTHETIC
0.4274,0.398,0.4334,4,-0.2333,5,6.89,0.4267,51.36,1,SYNTHETIC
0.7359,0.6802,0.3877,3,0.4471,5,5.44,0.8572,39.7,1,SYNTHETIC
0.8391,0.6681,0.7811,2,-0.2337,2,1.4,0.5633,53.9,1,SYNTHETIC
0.6083,0.4852,0.4233,1,-0.0879,3,27.54,0.521,59.97,1,SYNTHETIC
0.6247,0.3976,0.6087,2,0.1973,1,0.67,0.7542,65.13,0,SYNTHETIC
0.6283,0.5193,0.2545,4,0.1578,2,11.88,0.6395,81.75,0,SYNTHETIC
0.5156,0.455,0.7163,1,0.1583,2,24.04,0.582,40.54,0,SYNTHETIC
0.4537,0.3511,0.4075,3,-0.1406,2,4.5,0.6074,27.77,0,SYNTHETIC
0.8196,0.6678,0.4229,6,0.0316,1,20.89,0.6372,93.51,1,SYNTHETIC
0.7359,0.6504,0.8293,1,-0.0097,1,3.75,0.3222,58.15,0,SYNTHETIC
0.4041,0.2251,0.5787,0,-0.1245,1,14.46,0.7694,54.25,1,SYNTHETIC
0.8705,0.854,0.8009,2,0.1527,2,16.51,0.4151,84.88,0,SYNTHETIC
0.7475,0.5152,0.7107,2,-0.0288,2,5.19,0.6972,50.04,0,SYNTHETIC
0.2065,0.1277,0.5537,0,-0.2268,3,22.0,0.8786,16.23,0,SYNTHETIC
0.4412,0.3032,0.3971,0,-0.0456,0,0.09,0.5071,56.53,1,SYNTHETIC
0.5039,0.3489,0.3933,1,0.126,0,2.64,0.7427,30.62,0,SYNTHETIC
0.5114,0.4854,0.5559,3,0.2302,1,2.61,0.9133,77.54,0,SYNTHETIC
0.6188,0.5836,0.7405,2,0.2082,3,20.55,0.1868,40.57,0,SYNTHETIC
0.7177,0.4862,0.6122,1,0.1308,2,1.34,0.581,50.88,1,SYNTHETIC
0.5734,0.4875,0.4601,0,0.1532,0,5.87,0.8837,73.0,0,SYNTHETIC
0.6905,0.454,0.44,1,-0.0123,1,39.16,0.6939,21.13,0,SYNTHETIC
0.5558,0.4057,0.8076,2,-0.0869,0,8.96,0.9299,33.03,0,SYNTHETIC
0.3507,0.1321,0.6932,3,0.0979,3,3.64,0.629,52.74,1,SYNTHETIC
0.5849,0.5498,0.5503,5,0.1642,0,0.06,0.711,45.98,1,SYNTHETIC
0.5668,0.4475,0.7078,3,0.3555,2,0.14,0.4824,45.67,0,SYNTHETIC
0.3801,0.2693,0.3507,1,-0.0245,1,2.31,0.5712,60.65,1,SYNTHETIC
0.6559,0.4557,0.4139,3,-0.1318,1,16.52,0.5348,75.7,1,SYNTHETIC
0.6283,0.4013,0.4625,3,0.1497,2,26.78,0.3857,70.1,0,SYNTHETIC
0.3722,0.3109,0.8778,1,0.1133,0,7.24,0.2979,74.97,1,SYNTHETIC
0.5828,0.4791,0.339,3,0.1782,0,37.37,0.3636,64.69,0,SYNTHETIC
0.8232,0.6495,0.6552,1,0.3166,1,8.47,0.4977,33.1,0,SYNTHETIC
0.5674,0.4517,0.6425,2,-0.0389,2,13.58,0.7283,84.07,1,SYNTHETIC
0.7067,0.5401,0.3536,3,0.0448,1,8.26,0.5266,26.62,0,SYNTHETIC
0.4261,0.2066,0.2606,7,0.1595,0,0.71,0.8507,20.24,0,SYNTHETIC
0.6617,0.4297,0.6435,5,-0.0971,3,5.25,0.7651,62.25,0,SYNTHETIC
0.4324,0.3637,0.5042,4,0.096,1,1.74,0.6144,49.12,0,SYNTHETIC
0.4298,0.3934,0.3528,0,0.2579,3,10.39,0.7105,58.76,0,SYNTHETIC
0.4837,0.4744,0.7519,1,0.1919,2,2.84,0.7662,62.21,0,SYNTHETIC
0.8804,0.8634,0.5097,6,-0.1033,1,2.86,0.232,49.09,0,SYNTHETIC
0.737,0.6108,0.163,2,-0.2695,1,37.78,0.8529,53.39,0,SYNTHETIC
0.7384,0.6419,0.2132,4,0.1468,1,4.09,0.5191,48.22,1,SYNTHETIC
0.5946,0.4294,0.4821,2,0.0069,0,11.97,0.604,65.39,0,SYNTHETIC
0.5574,0.3388,0.3258,1,-0.0976,1,7.28,0.2779,78.54,0,SYNTHETIC
0.4411,0.4346,0.5642,1,-0.1887,2,2.06,0.2544,16.2,1,SYNTHETIC
0.5945,0.5281,0.5442,4,0.1422,4,8.47,0.4634,37.94,1,SYNTHETIC
0.6727,0.5631,0.5019,3,0.1393,0,1.97,0.1197,59.73,0,SYNTHETIC
0.8223,0.7463,0.437,2,0.127,1,5.22,0.5587,13.26,0,SYNTHETIC
0.7397,0.6418,0.5503,1,0.0187,0,11.09,0.6108,21.06,0,SYNTHETIC
0.221,0.1062,0.8115,2,-0.3828,2,0.41,0.7141,12.07,1,SYNTHETIC
0.3387,0.3357,0.5217,3,0.0188,0,0.8,0.7,61.56,1,SYNTHETIC
0.2702,0.1747,0.3335,5,0.4195,0,4.85,0.8251,36.99,0,SYNTHETIC
0.5392,0.5044,0.7547,0,0.0489,3,0.81,0.6656,89.11,0,SYNTHETIC
0.5058,0.3544,0.4711,2,0.0593,1,8.03,0.495,66.98,0,SYNTHETIC
0.8573,0.6408,0.8782,0,-0.2127,2,1.48,0.1677,69.35,1,SYNTHETIC
0.6123,0.3896,0.7792,1,0.1896,0,13.22,0.3187,62.68,0,SYNTHETIC
0.6024,0.3906,0.6317,2,0.3377,3,46.97,0.5126,29.28,0,SYNTHETIC
0.6557,0.4094,0.5236,7,-0.0439,3,12.92,0.5394,60.42,1,SYNTHETIC
0.3056,0.0705,0.5231,2,-0.0336,0,9.2,0.4286,40.3,0,SYNTHETIC
0.5275,0.4325,0.3568,5,-0.0192,4,12.07,0.4255,40.86,1,SYNTHETIC
0.4111,0.3825,0.6321,1,0.1487,2,2.24,0.5574,68.25,1,SYNTHETIC
0.6452,0.566,0.3079,2,-0.2029,1,4.22,0.3464,70.99,0,SYNTHETIC
0.4266,0.4168,0.2426,5,-0.0268,3,11.28,0.6984,37.06,1,SYNTHETIC
0.72,0.6457,0.7685,1,-0.056,2,13.32,0.7545,72.77,1,SYNTHETIC
0.753,0.702,0.5767,4,0.1643,2,9.36,0.642,50.22,0,SYNTHETIC
0.8654,0.8324,0.7295,2,-0.048,0,8.59,0.5879,36.2,0,SYNTHETIC
0.903,0.8913,0.2585,2,0.0296,0,3.1,0.8089,25.01,1,SYNTHETIC
0.8607,0.6598,0.5542,0,0.0208,0,1.55,0.5499,72.22,1,SYNTHETIC
0.5746,0.3293,0.6041,1,0.0093,1,11.32,0.155,49.35,0,SYNTHETIC
0.3474,0.2575,0.6134,1,0.0499,1,26.59,0.637,74.26,1,SYNTHETIC
0.8413,0.8224,0.6289,1,-0.0476,0,6.95,0.4949,17.45,0,SYNTHETIC
0.7682,0.6865,0.3249,3,0.0285,2,2.41,0.8293,42.64,0,SYNTHETIC
0.5527,0.3193,0.601,3,0.031,1,5.4,0.5533,28.57,0,SYNTHETIC
0.448,0.3362,0.6936,2,0.0119,2,17.33,0.7354,66.11,1,SYNTHETIC
0.7343,0.5558,0.1903,6,0.0491,1,24.05,0.6465,73.93,1,SYNTHETIC
0.6386,0.6149,0.4456,5,0.0807,1,2.06,0.7479,31.75,0,SYNTHETIC
0.7464,0.514,0.67,0,-0.1115,2,24.0,0.8377,91.84,0,SYNTHETIC
0.5654,0.3681,0.2402,4,-0.1072,2,35.59,0.585,66.74,0,SYNTHETIC
0.5254,0.4855,0.3232,4,0.3046,1,0.39,0.5688,72.1,0,SYNTHETIC
0.6619,0.5422,0.8467,3,0.0869,5,3.04,0.5311,51.76,1,SYNTHETIC
0.5042,0.3983,0.8921,1,-0.096,1,2.05,0.5376,27.22,1,SYNTHETIC
0.6617,0.4643,0.5869,6,0.1758,0,2.6,0.7504,26.28,1,SYNTHETIC
0.3981,0.3595,0.573,2,-0.1293,3,12.76,0.6583,49.47,0,SYNTHETIC
0.8517,0.6998,0.9441,0,0.1144,0,2.86,0.8908,27.28,0,SYNTHETIC
0.711,0.4926,0.7467,0,0.0703,2,4.55,0.4571,49.64,0,SYNTHETIC
0.6806,0.4458,0.3703,2,0.32,1,45.44,0.8858,51.1,1,SYNTHETIC
0.4233,0.3076,0.4798,0,0.1198,1,5.04,0.5348,16.97,0,SYNTHETIC
0.6256,0.4685,0.8044,1,-0.2684,3,0.04,0.6881,22.06,0,SYNTHETIC
0.5808,0.4307,0.848,0,-0.1015,4,17.29,0.6613,20.53,1,SYNTHETIC
0.5344,0.3484,0.7882,2,0.0564,2,4.43,0.8041,35.39,1,SYNTHETIC
0.756,0.5828,0.7857,0,0.2322,0,13.11,0.045,41.74,0,SYNTHETIC
0.487,0.2734,0.3391,1,0.2189,1,19.21,0.8501,66.61,0,SYNTHETIC
0.5842,0.51,0.6521,1,-0.1103,2,9.97,0.6919,52.11,0,SYNTHETIC
0.4467,0.2551,0.3661,4,-0.1918,2,16.51,0.7412,44.79,0,SYNTHETIC
0.4465,0.2815,0.2227,3,-0.0773,3,4.51,0.562,11.12,0,SYNTHETIC
0.4411,0.3247,0.5265,1,0.1723,3,15.55,0.6737,44.73,1,SYNTHETIC
0.8423,0.6387,0.8382,2,0.2745,2,8.21,0.6734,9.58,0,SYNTHETIC
0.4006,0.2368,0.2744,4,0.2418,2,14.68,0.4343,61.54,0,SYNTHETIC
0.2964,0.1467,0.7609,0,0.3731,1,28.43,0.7374,23.85,0,SYNTHETIC
0.5805,0.5698,0.7201,1,0.1555,1,10.68,0.8611,78.42,0,SYNTHETIC
0.3941,0.3826,0.8137,1,-0.0522,1,45.6,0.2678,66.44,1,SYNTHETIC
0.3087,0.2325,0.5684,3,-0.1299,1,22.86,0.701,45.65,1,SYNTHETIC
0.5925,0.3967,0.6256,0,-0.0439,1,12.1,0.673,8.22,0,SYNTHETIC
0.6784,0.5652,0.3665,5,-0.175,2,1.96,0.7695,42.89,0,SYNTHETIC
0.4529,0.4195,0.7537,2,-0.0221,1,6.09,0.7714,51.09,0,SYNTHETIC
0.569,0.3655,0.2937,4,-0.1203,2,39.55,0.5818,18.66,1,SYNTHETIC
0.345,0.3438,0.3419,4,0.0689,0,13.89,0.687,38.92,1,SYNTHETIC
0.1731,0.1216,0.6586,1,0.1869,3,2.99,0.6486,50.41,1,SYNTHETIC
0.5677,0.4596,0.3765,5,0.0217,1,14.98,0.4104,65.01,1,SYNTHETIC
0.5704,0.4297,0.6266,0,0.0293,2,3.23,0.7392,44.41,1,SYNTHETIC
0.6607,0.5953,0.3383,3,0.1373,0,2.74,0.7403,38.41,0,SYNTHETIC
0.5349,0.4944,0.5234,4,0.152,3,1.42,0.8766,36.21,1,SYNTHETIC
0.8644,0.7139,0.6351,1,0.084,2,9.02,0.5877,57.79,0,SYNTHETIC
0.4544,0.2325,0.753,0,0.0178,1,10.19,0.9223,68.5,1,SYNTHETIC
0.4135,0.3719,0.4162,4,0.0096,2,8.1,0.3845,77.28,1,SYNTHETIC
0.3714,0.2578,0.5843,2,-0.0105,0,21.68,0.6378,44.98,0,SYNTHETIC
0.7636,0.6804,0.4805,0,-0.0398,2,17.26,0.9079,71.87,0,SYNTHETIC
0.392,0.2391,0.6032,1,0.1298,1,7.77,0.7437,50.81,0,SYNTHETIC
0.2648,0.0455,0.5246,4,0.0777,0,17.05,0.8325,61.59,0,SYNTHETIC
0.7726,0.679,0.5562,1,-0.0046,3,5.54,0.7872,35.65,0,SYNTHETIC
0.4862,0.3588,0.3393,2,0.1367,2,51.93,0.3526,45.36,1,SYNTHETIC
0.6985,0.5127,0.3354,1,-0.0511,3,0.23,0.6637,23.5,0,SYNTHETIC
0.7364,0.4969,0.8033,1,0.2726,3,3.81,0.6186,61.99,0,SYNTHETIC
0.4795,0.4026,0.4419,2,0.0595,0,6.73,0.8341,89.33,0,SYNTHETIC
0.7106,0.6603,0.3956,7,-0.0264,2,9.34,0.884,13.37,1,SYNTHETIC
0.7263,0.6919,0.6459,2,-0.1268,0,6.35,0.8479,23.45,0,SYNTHETIC
0.4539,0.2856,0.4055,5,0.0171,0,28.45,0.3339,21.04,1,SYNTHETIC
0.6622,0.4146,0.6166,1,-0.1089,0,0.66,0.5064,58.41,0,SYNTHETIC
0.7689,0.6415,0.6502,2,-0.1509,1,6.84,0.2805,34.47,1,SYNTHETIC
0.3734,0.264,0.5807,3,0.1897,1,0.23,0.3272,46.89,0,SYNTHETIC
0.7089,0.5162,0.5783,1,-0.047,3,27.51,0.8041,26.04,0,SYNTHETIC
0.2566,0.1651,0.4767,2,0.2878,0,21.63,0.386,20.8,0,SYNTHETIC
0.6143,0.4378,0.7533,5,0.1934,2,12.36,0.3257,60.45,0,SYNTHETIC
0.7136,0.5244,0.5656,0,-0.0463,2,2.19,0.3868,33.81,0,SYNTHETIC
0.5533,0.3827,0.5081,2,0.1477,1,6.33,0.6657,87.81,0,SYNTHETIC
0.6026,0.5725,0.4725,2,0.066,2,5.63,0.6066,62.77,0,SYNTHETIC
0.2743,0.1081,0.4042,0,0.0935,4,11.13,0.918,84.75,0,SYNTHETIC
0.7539,0.6831,0.4722,2,-0.0612,1,2.23,0.2743,39.17,1,SYNTHETIC
0.6984,0.6677,0.69,1,0.1894,3,1.23,0.5794,36.76,1,SYNTHETIC
0.4355,0.2615,0.8593,1,-0.0154,3,7.54,0.6491,63.48,1,SYNTHETIC
0.2671,0.2324,0.5318,1,0.0736,0,14.35,0.6977,77.19,0,SYNTHETIC
0.9629,0.8838,0.8044,0,0.1067,1,17.18,0.3048,27.58,0,SYNTHETIC
0.7366,0.6881,0.7103,5,-0.2434,1,3.62,0.3887,39.09,1,SYNTHETIC
0.2393,0.0458,0.3251,4,-0.053,1,5.71,0.7955,56.06,0,SYNTHETIC
0.572,0.5171,0.3144,4,-0.1605,2,5.02,0.5467,34.76,0,SYNTHETIC
0.1597,0.0,0.7374,0,0.0213,2,5.9,0.7918,69.54,0,SYNTHETIC
0.405,0.2645,0.6341,2,0.2113,3,28.94,0.6064,33.44,0,SYNTHETIC
0.5708,0.4862,0.8601,0,-0.1152,3,1.15,0.3633,19.87,0,SYNTHETIC
0.8215,0.7002,0.2739,3,0.1063,2,15.24,0.7555,25.0,1,SYNTHETIC
0.3014,0.1315,0.8099,0,0.0029,4,30.44,0.843,58.79,0,SYNTHETIC
0.8306,0.7861,0.6021,1,0.0614,2,17.58,0.5853,74.28,0,SYNTHETIC
0.7133,0.6403,0.7471,1,0.0266,3,5.38,0.4399,31.57,1,SYNTHETIC
0.6465,0.5979,0.664,2,0.309,0,1.05,0.6048,36.15,0,SYNTHETIC
0.3645,0.3355,0.2664,8,-0.1523,2,14.08,0.4124,80.39,0,SYNTHETIC
0.5095,0.2631,0.2639,3,0.1576,0,5.09,0.3641,48.98,1,SYNTHETIC
0.4833,0.4032,0.3085,7,-0.0007,2,0.52,0.6519,64.19,0,SYNTHETIC
0.5107,0.2842,0.665,1,0.1832,3,1.43,0.3681,61.18,0,SYNTHETIC
0.7079,0.6826,0.4734,2,0.0514,2,22.14,0.2875,82.68,0,SYNTHETIC
0.5778,0.5689,0.7828,0,-0.0078,1,0.42,0.5791,27.7,0,SYNTHETIC
0.5585,0.5121,0.6988,1,0.0468,2,3.8,0.613,51.03,0,SYNTHETIC
0.5758,0.4534,0.6295,1,-0.0611,2,21.41,0.5189,49.98,0,SYNTHETIC
0.4806,0.347,0.7108,3,0.0802,3,31.28,0.8898,38.15,1,SYNTHETIC
0.488,0.3545,0.5498,3,0.0564,0,18.47,0.7802,49.84,1,SYNTHETIC
0.6811,0.6309,0.8611,0,0.082,3,7.32,0.6296,30.74,1,SYNTHETIC
0.321,0.1236,0.9353,1,0.0619,0,15.35,0.8297,54.77,0,SYNTHETIC
0.6393,0.3919,0.1759,8,-0.1524,5,2.1,0.2633,17.3,1,SYNTHETIC
0.424,0.2668,0.7049,0,0.1559,3,4.13,0.5357,37.35,1,SYNTHETIC
0.5116,0.2627,0.5891,2,0.114,0,6.34,0.4607,41.85,1,SYNTHETIC
0.4943,0.3735,0.7546,3,0.0117,0,16.88,0.7651,47.63,0,SYNTHETIC
0.7906,0.7217,0.2761,5,0.0004,3,3.21,0.405,36.19,0,SYNTHETIC
0.6418,0.6175,0.6855,1,-0.1824,1,24.73,0.694,50.05,1,SYNTHETIC
0.4195,0.1833,0.7617,1,0.1785,0,5.46,0.3571,11.27,0,SYNTHETIC
0.6668,0.5845,0.8718,1,0.2941,1,8.82,0.338,57.38,0,SYNTHETIC
0.347,0.3068,0.6291,1,0.1797,4,5.9,0.5716,49.46,0,SYNTHETIC
0.595,0.5711,0.7981,0,0.1493,0,2.18,0.512,79.63,0,SYNTHETIC
0.522,0.3903,0.8202,0,0.0706,1,4.02,0.7001,54.02,0,SYNTHETIC
0.54,0.513,0.6434,2,-0.1074,0,8.4,0.8239,51.87,0,SYNTHETIC
0.6329,0.6329,0.8164,1,-0.0682,1,8.65,0.6064,32.74,0,SYNTHETIC
0.465,0.2171,0.8863,0,0.0403,3,7.23,0.2736,50.39,1,SYNTHETIC
0.6755,0.6235,0.8338,0,0.1429,0,8.62,0.4,38.48,0,SYNTHETIC
0.6307,0.4345,0.5425,3,0.4207,2,3.61,0.9375,44.74,0,SYNTHETIC
0.4677,0.3418,0.7158,1,0.1504,2,36.49,0.7525,85.7,1,SYNTHETIC
0.4434,0.2339,0.4979,2,-0.0706,3,16.89,0.4713,62.63,0,SYNTHETIC
0.2602,0.0467,0.5018,2,0.0772,2,8.03,0.5218,58.48,1,SYNTHETIC
0.4959,0.3229,0.532,1,0.1136,1,50.26,0.4641,37.6,1,SYNTHETIC
0.394,0.2035,0.9607,0,0.0945,1,1.03,0.7834,72.99,1,SYNTHETIC
0.2191,0.1796,0.4583,7,0.0431,1,25.54,0.8663,34.74,1,SYNTHETIC
0.8635,0.815,0.6418,0,0.2461,1,0.89,0.66,30.07,0,SYNTHETIC
0.5732,0.4082,0.8314,0,0.1707,1,18.58,0.6474,52.14,0,SYNTHETIC
0.7958,0.578,0.7219,1,-0.0312,0,18.15,0.4583,50.62,1,SYNTHETIC
0.4143,0.2437,0.8391,3,0.0382,1,18.88,0.6182,66.39,0,SYNTHETIC
0.5723,0.5513,0.7366,0,0.2995,0,22.68,0.3082,59.91,1,SYNTHETIC
0.4451,0.1992,0.5119,1,0.1661,2,2.78,0.4868,25.22,0,SYNTHETIC
0.7196,0.6595,0.4759,1,-0.0061,2,4.78,0.1444,34.23,0,SYNTHETIC
0.7377,0.5884,0.3365,0,0.2648,3,0.7,0.9342,63.22,0,SYNTHETIC
0.6563,0.646,0.342,4,0.2243,2,23.93,0.3552,59.7,0,SYNTHETIC
0.3723,0.2095,0.4947,3,-0.0893,0,9.48,0.6167,55.77,1,SYNTHETIC
0.3078,0.2603,0.8144,1,0.3003,0,30.65,0.4699,93.12,1,SYNTHETIC
0.535,0.518,0.326,2,-0.0443,2,10.53,0.6815,35.72,1,SYNTHETIC
0.4152,0.2414,0.7326,1,-0.0649,1,2.3,0.3482,24.02,0,SYNTHETIC
0.5944,0.4907,0.4446,3,0.2525,4,21.85,0.5802,44.03,1,SYNTHETIC
0.4795,0.3256,0.6011,2,0.0865,3,1.28,0.8276,33.98,0,SYNTHETIC
0.6178,0.6021,0.292,3,-0.0776,1,4.07,0.2724,56.97,0,SYNTHETIC
0.3363,0.2536,0.5087,1,-0.0646,2,12.49,0.7902,52.8,1,SYNTHETIC
0.227,0.0297,0.6353,2,-0.1966,2,37.41,0.6373,61.64,0,SYNTHETIC
0.4361,0.2824,0.4641,2,-0.0036,1,0.18,0.7649,41.92,0,SYNTHETIC
0.3972,0.1894,0.4358,3,0.2514,2,3.52,0.3112,54.69,0,SYNTHETIC
0.752,0.646,0.5563,3,0.2209,4,0.18,0.451,77.18,0,SYNTHETIC
0.6537,0.4567,0.9381,0,0.0954,1,7.9,0.6159,37.41,1,SYNTHETIC
0.3751,0.2131,0.578,3,-0.0419,1,1.62,0.8185,24.62,0,SYNTHETIC
0.8548,0.8002,0.5995,1,-0.1614,2,7.46,0.393,67.44,1,SYNTHETIC
0.311,0.304,0.7103,3,-0.2573,1,0.56,0.5383,26.84,1,SYNTHETIC
0.5617,0.5517,0.4439,2,-0.0548,2,18.8,0.4286,77.47,1,SYNTHETIC
0.1282,0.0452,0.7654,1,0.3116,3,20.05,0.6229,59.41,1,SYNTHETIC
0.3734,0.3074,0.9157,0,0.1669,2,42.72,0.3798,9.19,0,SYNTHETIC
0.8047,0.6426,0.7675,2,0.0974,0,19.33,0.8625,60.28,0,SYNTHETIC
0.3821,0.1398,0.2523,1,0.0614,1,15.54,0.7675,42.9,0,SYNTHETIC
0.5149,0.3672,0.7328,2,-0.1127,1,21.24,0.7673,76.49,0,SYNTHETIC
0.8236,0.6751,0.7211,2,-0.2139,4,14.08,0.6966,42.71,1,SYNTHETIC
0.5157,0.3554,0.635,1,-0.0666,2,10.15,0.432,36.97,0,SYNTHETIC
0.5245,0.3688,0.2648,3,0.0175,2,3.41,0.423,39.07,1,SYNTHETIC
0.8686,0.691,0.5675,2,-0.0273,0,33.82,0.7798,47.78,0,SYNTHETIC
0.6109,0.5119,0.6876,3,-0.1545,0,15.64,0.2854,25.41,1,SYNTHETIC
0.8064,0.5592,0.7378,0,0.2405,3,2.69,0.3321,22.46,0,SYNTHETIC
0.7569,0.5299,0.654,0,-0.2007,3,0.77,0.3366,73.22,1,SYNTHETIC
0.2849,0.183,0.4895,3,0.0331,2,11.15,0.4339,55.6,0,SYNTHETIC
0.4981,0.4353,0.8219,1,-0.0176,3,15.19,0.9515,29.58,1,SYNTHETIC
0.7547,0.6492,0.492,3,0.019,2,14.93,0.5966,81.33,0,SYNTHETIC
0.6694,0.4859,0.6015,2,-0.1749,2,19.29,0.29,49.94,0,SYNTHETIC
0.6012,0.3608,0.194,6,0.2991,2,3.9,0.8965,51.6,1,SYNTHETIC
0.5314,0.444,0.7395,0,-0.294,0,5.14,0.7241,57.4,0,SYNTHETIC
0.465,0.2746,0.2439,4,0.0075,1,20.3,0.6095,29.53,0,SYNTHETIC
0.186,0.0092,0.6281,2,-0.2539,3,49.68,0.8612,50.34,1,SYNTHETIC
0.8033,0.7878,0.5119,0,-0.1223,0,5.94,0.5423,24.74,0,SYNTHETIC
0.643,0.4456,0.3685,4,-0.0853,4,3.63,0.6881,58.13,1,SYNTHETIC
0.2178,0.0195,0.7631,1,-0.1312,1,10.28,0.5694,37.95,0,SYNTHETIC
0.6928,0.5856,0.7409,4,-0.0093,2,6.49,0.3233,63.78,0,SYNTHETIC
0.3924,0.1728,0.6398,3,-0.0542,1,11.21,0.5429,11.49,1,SYNTHETIC
0.4586,0.3304,0.2068,4,0.0013,0,0.88,0.4719,69.76,0,SYNTHETIC
0.3313,0.2076,0.5557,5,0.0319,5,3.61,0.6432,39.16,1,SYNTHETIC
0.5249,0.5009,0.4085,1,-0.1745,3,10.63,0.5798,58.58,1,SYNTHETIC
0.6438,0.4435,0.6484,0,0.1412,2,33.3,0.3232,74.35,0,SYNTHETIC
0.6119,0.3681,0.337,5,-0.1437,2,2.72,0.6522,49.62,1,SYNTHETIC
0.817,0.7727,0.824,3,-0.0552,2,5.4,0.6366,44.1,0,SYNTHETIC
0.5192,0.3985,0.2137,8,-0.116,1,16.09,0.7991,53.87,1,SYNTHETIC
0.4007,0.3273,0.5645,4,-0.1994,1,5.06,0.8313,49.15,1,SYNTHETIC
0.7874,0.6837,0.3927,3,0.1308,2,7.06,0.5969,44.01,1,SYNTHETIC
0.71,0.6701,0.5317,2,0.102,2,12.64,0.6982,59.99,1,SYNTHETIC
0.6691,0.5114,0.2121,3,-0.1056,2,2.41,0.5776,70.07,1,SYNTHETIC
0.5817,0.5012,0.8812,0,0.2727,0,48.8,0.7951,68.49,0,SYNTHETIC
0.4514,0.3667,0.5394,4,0.0519,1,2.41,0.426,54.06,0,SYNTHETIC
0.2992,0.2715,0.8844,1,0.1158,1,13.63,0.7522,95.01,0,SYNTHETIC
0.7528,0.6463,0.7561,1,0.3192,0,5.23,0.7845,61.25,1,SYNTHETIC
0.4199,0.4175,0.5208,4,0.1555,3,20.51,0.5773,28.84,1,SYNTHETIC
0.4308,0.2673,0.3826,5,0.0238,0,11.47,0.8434,73.84,0,SYNTHETIC
0.7814,0.5784,0.782,3,0.0517,0,32.95,0.4209,72.97,0,SYNTHETIC
0.1883,0.1587,0.5596,4,-0.0826,0,24.48,0.9443,67.22,0,SYNTHETIC
0.8569,0.8381,0.8579,0,0.0115,2,7.51,0.6109,12.64,0,SYNTHETIC
0.6285,0.4775,0.4652,2,-0.0107,1,13.13,0.8358,70.19,0,SYNTHETIC
0.5983,0.3783,0.6037,2,0.2355,0,3.44,0.9175,21.45,0,SYNTHETIC
0.3948,0.2305,0.6742,1,-0.0827,2,7.99,0.8687,45.51,1,SYNTHETIC
0.4628,0.239,0.778,3,0.0667,1,16.13,0.3124,92.3,0,SYNTHETIC
0.5743,0.3694,0.4482,4,0.1897,1,6.78,0.8068,66.99,1,SYNTHETIC
0.7273,0.5088,0.6046,1,-0.0127,2,34.67,0.6742,53.95,0,SYNTHETIC
0.711,0.5521,0.5482,6,-0.1321,1,2.1,0.6451,60.1,0,SYNTHETIC
0.8387,0.7354,0.5237,1,0.0991,2,34.96,0.3374,81.08,0,SYNTHETIC
0.19,0.1706,0.4699,3,0.1356,2,19.43,0.5352,26.78,0,SYNTHETIC
0.5208,0.4552,0.5315,3,0.0969,0,2.92,0.5847,37.74,0,SYNTHETIC
0.4389,0.2973,0.6625,4,-0.0702,3,7.49,0.4623,85.55,0,SYNTHETIC
0.5279,0.3587,0.4027,2,0.0131,1,16.17,0.639,66.78,1,SYNTHETIC
0.6465,0.6441,0.9169,0,0.1456,2,16.92,0.9345,57.88,1,SYNTHETIC
0.5652,0.5287,0.3836,5,0.0479,0,5.19,0.4464,72.31,1,SYNTHETIC
0.4611,0.256,0.7892,1,0.0593,0,17.72,0.7753,18.41,0,SYNTHETIC
0.4743,0.4649,0.9247,0,-0.3042,1,4.84,0.8745,29.81,0,SYNTHETIC
0.7575,0.6605,0.7739,0,-0.0071,0,9.42,0.7309,27.34,0,SYNTHETIC
0.5987,0.447,0.513,2,0.1703,2,17.87,0.5094,38.6,1,SYNTHETIC
0.3708,0.3618,0.4237,2,0.192,0,20.17,0.3911,28.83,0,SYNTHETIC
0.4699,0.4501,0.6428,0,0.0103,2,8.87,0.9268,47.78,0,SYNTHETIC
0.3921,0.2455,0.4138,1,0.0255,1,10.69,0.43,55.47,0,SYNTHETIC
0.5401,0.3562,0.6602,1,0.0501,1,5.48,0.6856,15.02,1,SYNTHETIC
0.3411,0.2254,0.709,1,0.3159,3,7.04,0.5109,81.14,0,SYNTHETIC
0.7499,0.566,0.51,0,-0.0153,2,5.25,0.7006,64.01,0,SYNTHETIC
0.7743,0.6432,0.3786,2,0.1136,0,2.98,0.4315,68.33,1,SYNTHETIC
0.8284,0.7001,0.4397,0,0.0717,0,16.37,0.4826,44.34,0,SYNTHETIC
0.7727,0.7341,0.7596,0,0.0728,3,3.38,0.7062,23.88,0,SYNTHETIC
0.7649,0.6561,0.7872,1,0.1177,0,0.02,0.7152,61.47,1,SYNTHETIC
0.3046,0.3042,0.8297,1,0.1503,0,43.02,0.3521,47.29,1,SYNTHETIC
0.2958,0.1722,0.7935,0,0.2669,0,36.06,0.3832,61.1,0,SYNTHETIC
0.6425,0.4815,0.5688,1,-0.0674,2,37.06,0.8563,71.99,0,SYNTHETIC
0.9015,0.7483,0.6771,2,0.1165,0,1.32,0.5049,70.08,0,SYNTHETIC
0.6722,0.5986,0.7723,0,0.1529,3,3.57,0.4648,39.61,0,SYNTHETIC
0.3942,0.3749,0.7522,2,0.3391,3,4.6,0.709,61.93,0,SYNTHETIC
0.6638,0.5972,0.6917,1,0.1001,2,7.25,0.9478,59.89,1,SYNTHETIC
0.7461,0.7371,0.5817,1,0.3075,2,7.05,0.8329,26.18,0,SYNTHETIC
0.566,0.5127,0.4253,3,0.2935,4,57.0,0.5456,44.4,1,SYNTHETIC
0.7692,0.5435,0.5165,1,0.158,1,7.65,0.6356,67.64,0,SYNTHETIC
0.65,0.4897,0.7122,3,0.1666,0,21.38,0.7464,30.67,0,SYNTHETIC
0.4213,0.1814,0.3736,3,0.1979,0,6.84,0.47,80.99,0,SYNTHETIC
0.5934,0.3591,0.6447,1,0.2992,2,20.17,0.5697,35.05,1,SYNTHETIC
0.707,0.5234,0.8999,1,0.1029,1,22.59,0.7921,58.7,0,SYNTHETIC
0.6367,0.5646,0.4402,3,0.0745,0,21.77,0.6738,50.46,0,SYNTHETIC
0.4662,0.3059,0.6912,3,-0.1115,3,3.08,0.3709,32.11,0,SYNTHETIC
0.2395,0.2166,0.5188,1,0.0764,2,18.43,0.8846,52.52,0,SYNTHETIC
0.4408,0.3733,0.4746,3,0.0831,1,3.73,0.6583,52.31,0,SYNTHETIC
0.4585,0.32,0.6974,1,0.1404,1,12.96,0.443,77.32,1,SYNTHETIC
0.5385,0.3448,0.6567,1,-0.0311,1,12.38,0.6744,52.48,0,SYNTHETIC
0.5413,0.3302,0.5586,2,-0.0726,3,18.35,0.715,63.72,1,SYNTHETIC
0.7364,0.6388,0.7448,0,0.2497,2,3.04,0.7649,26.84,0,SYNTHETIC
0.6957,0.5492,0.2085,6,-0.1225,1,8.44,0.7491,18.35,1,SYNTHETIC
0.6317,0.3921,0.8148,3,0.1026,0,25.91,0.5037,25.41,1,SYNTHETIC
0.3684,0.3114,0.727,1,0.097,4,8.9,0.7844,58.31,1,SYNTHETIC
0.688,0.5846,0.6014,0,0.1302,2,11.61,0.5137,33.15,1,SYNTHETIC
0.6246,0.5174,0.615,1,-0.1677,2,18.7,0.5677,39.61,0,SYNTHETIC
0.554,0.3184,0.6133,2,-0.0837,1,15.32,0.4497,39.58,0,SYNTHETIC
0.4637,0.2425,0.2572,0,-0.0996,0,16.92,0.8039,59.82,1,SYNTHETIC
0.6258,0.4774,0.6406,3,0.0138,1,0.93,0.6566,46.36,0,SYNTHETIC
0.5752,0.3343,0.3924,3,-0.022,1,23.0,0.5343,58.91,0,SYNTHETIC
0.6417,0.5748,0.4911,2,0.1552,1,15.55,0.8301,69.69,0,SYNTHETIC
0.7192,0.496,0.5059,4,-0.0549,1,36.83,0.4768,24.08,0,SYNTHETIC
0.5354,0.5097,0.4109,4,0.2005,1,27.81,0.7129,33.33,0,SYNTHETIC
0.4911,0.3248,0.5376,1,0.0562,0,13.27,0.5831,43.14,1,SYNTHETIC
0.7527,0.6633,0.461,4,0.1656,0,6.37,0.6647,44.29,0,SYNTHETIC
0.8316,0.7322,0.3983,1,0.0978,1,1.84,0.5566,30.07,1,SYNTHETIC
0.5435,0.3798,0.4508,2,-0.1723,0,35.13,0.191,18.18,0,SYNTHETIC
0.4606,0.3859,0.6891,2,0.1783,0,3.62,0.1793,79.33,0,SYNTHETIC
0.4671,0.4416,0.7526,1,0.003,2,22.35,0.9202,48.54,0,SYNTHETIC
0.2825,0.0633,0.277,4,-0.0062,0,11.67,0.756,36.73,1,SYNTHETIC
0.6834,0.575,0.5853,1,-0.1221,2,1.29,0.8058,61.53,0,SYNTHETIC
0.507,0.4289,0.7612,3,-0.0279,1,0.87,0.4964,52.97,0,SYNTHETIC
0.3733,0.2059,0.5584,1,0.2152,1,5.63,0.8605,23.05,0,SYNTHETIC
0.8001,0.6688,0.88,1,0.1139,2,1.4,0.6499,32.95,1,SYNTHETIC
0.8849,0.8802,0.5738,4,-0.0095,0,20.55,0.7337,85.37,0,SYNTHETIC
0.5332,0.2938,0.5703,2,0.0897,1,34.65,0.7353,38.26,0,SYNTHETIC
0.6501,0.5268,0.6275,3,0.06,1,40.87,0.546,36.87,0,SYNTHETIC
0.6407,0.5931,0.7176,2,0.0559,2,5.46,0.5289,15.44,1,SYNTHETIC
0.6163,0.3933,0.2793,4,-0.0521,3,11.35,0.6889,19.19,1,SYNTHETIC
0.4605,0.235,0.5427,3,0.1442,2,7.09,0.1477,28.77,1,SYNTHETIC
0.5041,0.3404,0.57,2,0.1668,3,28.09,0.3738,87.64,1,SYNTHETIC
0.7498,0.5751,0.6485,2,0.1288,3,48.18,0.4151,65.12,0,SYNTHETIC
0.5646,0.4819,0.386,3,0.0791,3,2.03,0.4776,50.31,0,SYNTHETIC
0.7577,0.6547,0.43,3,0.0341,1,3.55,0.8863,69.65,1,SYNTHETIC
0.4715,0.3656,0.6993,2,0.2233,2,12.42,0.7535,53.34,1,SYNTHETIC
0.3509,0.1388,0.8979,0,-0.1534,3,2.0,0.4589,76.36,0,SYNTHETIC
0.6955,0.5797,0.8575,2,-0.0553,0,10.23,0.5897,73.19,1,SYNTHETIC
0.5445,0.5435,0.4977,3,-0.0456,0,26.46,0.83,63.08,0,SYNTHETIC
0.8717,0.7652,0.7432,0,-0.1823,1,6.09,0.4299,64.39,0,SYNTHETIC
0.466,0.4217,0.6569,1,-0.0272,1,9.92,0.2125,54.27,1,SYNTHETIC
0.9287,0.8251,0.3447,3,0.1066,1,1.1,0.3187,38.24,0,SYNTHETIC
0.7653,0.6999,0.872,0,-0.0071,2,19.45,0.9492,23.43,0,SYNTHETIC
0.6597,0.5356,0.5689,2,-0.0967,0,19.15,0.7955,43.19,0,SYNTHETIC
0.6185,0.5863,0.4123,1,-0.1039,0,0.3,0.5174,54.52,0,SYNTHETIC
0.5782,0.4331,0.8262,0,0.1261,1,14.78,0.7397,43.8,1,SYNTHETIC
0.5578,0.3949,0.5894,1,0.1778,1,9.14,0.9057,32.52,0,SYNTHETIC
0.4375,0.3465,0.7544,1,-0.0682,2,32.02,0.7641,25.21,0,SYNTHETIC
0.6161,0.613,0.3823,4,-0.189,1,20.04,0.0782,49.78,1,SYNTHETIC
0.9251,0.8192,0.5621,2,0.0083,6,28.92,0.7094,58.98,0,SYNTHETIC
0.6403,0.4074,0.4881,2,0.4579,1,35.5,0.5096,60.64,1,SYNTHETIC
0.6763,0.5157,0.804,0,-0.071,1,13.05,0.6956,42.79,0,SYNTHETIC
0.5092,0.2978,0.7601,1,-0.2006,0,7.07,0.7707,72.2,1,SYNTHETIC
0.433,0.2904,0.4023,6,-0.0144,2,0.88,0.7827,46.91,0,SYNTHETIC
0.7652,0.7333,0.7867,0,0.0602,0,17.24,0.5303,55.62,0,SYNTHETIC
0.62,0.5157,0.3058,4,0.1306,4,12.02,0.8767,71.43,1,SYNTHETIC
0.4755,0.3549,0.7234,2,-0.0106,1,19.68,0.3718,32.3,0,SYNTHETIC
0.5264,0.3891,0.3923,3,-0.0274,1,4.14,0.3634,86.14,1,SYNTHETIC
0.5664,0.4885,0.295,5,-0.124,0,8.21,0.5407,61.08,0,SYNTHETIC
0.9112,0.7991,0.885,0,0.047,3,6.0,0.5284,65.13,0,SYNTHETIC
0.71,0.5067,0.7134,2,-0.131,1,7.4,0.9377,29.08,0,SYNTHETIC
0.3098,0.2743,0.3304,1,0.1831,1,7.19,0.681,39.58,0,SYNTHETIC
0.8233,0.6699,0.6198,1,0.1294,1,17.45,0.7491,66.41,0,SYNTHETIC
0.5068,0.2915,0.6533,0,-0.2744,3,12.46,0.7745,62.34,1,SYNTHETIC
0.2566,0.2148,0.5456,3,0.2008,0,7.24,0.3581,41.36,1,SYNTHETIC
0.4934,0.4414,0.3148,9,0.009,2,18.09,0.5206,24.82,1,SYNTHETIC
0.8021,0.6389,0.561,2,-0.1548,3,2.99,0.8438,31.14,0,SYNTHETIC
0.7645,0.6672,0.7116,2,0.3051,0,8.41,0.8167,61.12,1,SYNTHETIC
0.2026,0.0,0.3526,1,0.0895,2,43.54,0.5878,46.99,1,SYNTHETIC
0.5801,0.352,0.6377,2,0.0517,1,10.18,0.7778,27.63,0,SYNTHETIC
0.8291,0.5955,0.4594,2,0.1533,2,3.83,0.6189,64.23,1,SYNTHETIC
0.5165,0.4498,0.6279,2,-0.0728,0,17.77,0.5158,49.86,0,SYNTHETIC
0.3982,0.2657,0.7781,1,0.2393,3,3.56,0.7781,38.33,0,SYNTHETIC
0.586,0.3953,0.5408,2,0.0223,0,16.14,0.6148,61.15,0,SYNTHETIC
0.509,0.3812,0.7365,0,0.0641,1,17.23,0.762,40.42,0,SYNTHETIC
0.7049,0.498,0.4694,2,0.3104,4,29.74,0.7134,59.2,1,SYNTHETIC
0.4796,0.33,0.55,1,-0.1367,2,16.64,0.7818,42.31,0,SYNTHETIC
0.3524,0.214,0.7263,1,0.2371,2,15.63,0.0975,25.11,0,SYNTHETIC
0.5617,0.3344,0.5949,0,0.0222,1,9.71,0.3219,61.85,1,SYNTHETIC
0.8152,0.5959,0.589,2,0.0252,1,21.01,0.4594,25.59,0,SYNTHETIC
0.7522,0.6981,0.5427,4,-0.1314,0,2.46,0.8325,55.02,1,SYNTHETIC
0.7573,0.6043,0.7573,4,-0.0918,2,2.94,0.6548,19.6,1,SYNTHETIC
0.6424,0.5365,0.6855,1,0.2979,2,0.26,0.8087,26.02,0,SYNTHETIC
0.713,0.5015,0.7437,3,0.1703,2,3.17,0.4113,84.86,0,SYNTHETIC
0.429,0.357,0.4629,5,0.0049,3,6.57,0.9279,43.75,0,SYNTHETIC
0.4125,0.2973,0.4418,2,0.0571,1,15.08,0.6402,26.5,0,SYNTHETIC
0.2724,0.2204,0.7224,2,0.2536,4,15.93,0.6317,31.03,1,SYNTHETIC
0.6577,0.4628,0.6293,5,-0.1676,0,65.02,0.4016,86.57,0,SYNTHETIC
0.6536,0.62,0.5297,4,0.1697,1,0.86,0.4921,41.73,0,SYNTHETIC
0.4769,0.4344,0.3778,2,-0.0025,1,15.74,0.5146,57.13,1,SYNTHETIC
0.5617,0.3793,0.5672,6,0.2766,0,6.54,0.4942,65.62,1,SYNTHETIC
0.4251,0.3246,0.308,3,0.3468,2,16.41,0.6597,31.0,0,SYNTHETIC
0.6865,0.5414,0.6206,3,-0.2603,1,50.25,0.7831,60.58,1,SYNTHETIC
0.7005,0.5216,0.8592,3,0.218,2,27.7,0.6723,70.27,1,SYNTHETIC
0.5704,0.5372,0.6611,1,-0.1608,1,4.32,0.7585,70.2,1,SYNTHETIC
0.3916,0.333,0.6434,0,-0.027,2,7.02,0.7525,35.83,0,SYNTHETIC
0.7995,0.7165,0.3722,2,0.2513,2,19.29,0.8045,49.77,0,SYNTHETIC
0.6655,0.6641,0.3798,5,-0.006,2,3.79,0.4106,30.04,0,SYNTHETIC
0.6355,0.5002,0.2267,4,0.004,0,25.69,0.3317,38.63,1,SYNTHETIC
0.836,0.7005,0.6077,4,-0.0441,0,5.86,0.7367,35.33,0,SYNTHETIC
0.4095,0.2355,0.7287,1,0.1634,1,37.95,0.5286,12.69,0,SYNTHETIC
0.6553,0.4988,0.56,2,0.0582,2,22.39,0.6181,30.43,0,SYNTHETIC
0.6025,0.3529,0.209,5,0.207,1,1.24,0.4779,39.94,1,SYNTHETIC
0.5159,0.3014,0.378,2,0.0322,0,0.2,0.8807,59.78,0,SYNTHETIC
0.7786,0.7083,0.4984,2,-0.1922,1,6.08,0.8805,64.35,0,SYNTHETIC
0.2562,0.0982,0.4476,4,0.052,2,3.24,0.5328,8.76,1,SYNTHETIC
0.2893,0.1497,0.6524,3,-0.0436,1,0.17,0.7079,49.63,1,SYNTHETIC
0.3891,0.211,0.5494,2,0.1655,0,22.67,0.6493,61.47,0,SYNTHETIC
0.5689,0.5562,0.7143,0,0.3052,3,11.71,0.265,48.15,0,SYNTHETIC
0.5328,0.475,0.6853,0,-0.2678,3,4.21,0.6947,63.21,1,SYNTHETIC
0.6265,0.4061,0.5098,3,-0.0582,1,50.11,0.7114,69.58,1,SYNTHETIC
0.8045,0.6795,0.5305,2,0.1577,1,14.25,0.7774,58.21,0,SYNTHETIC
0.4031,0.3092,0.4583,5,0.2399,2,15.19,0.7166,48.43,1,SYNTHETIC
0.4933,0.3585,0.5395,0,-0.1192,4,9.83,0.4529,62.7,1,SYNTHETIC
0.2856,0.135,0.4632,1,0.1208,2,30.67,0.6795,73.5,1,SYNTHETIC
0.5488,0.5021,0.8188,1,0.0424,1,13.05,0.6948,51.88,1,SYNTHETIC
0.5693,0.4886,0.6825,3,-0.2053,0,10.02,0.9621,22.21,0,SYNTHETIC
0.6308,0.629,0.8411,3,0.1508,2,8.53,0.918,63.03,0,SYNTHETIC
0.526,0.49,0.4984,4,0.0122,1,11.23,0.6802,44.71,1,SYNTHETIC
0.7893,0.6597,0.6352,2,0.2747,1,3.51,0.769,19.73,1,SYNTHETIC
0.4453,0.367,0.8332,1,0.1093,1,17.62,0.7506,36.24,0,SYNTHETIC
0.7163,0.6254,0.3101,4,0.1236,0,12.72,0.9707,31.55,1,SYNTHETIC
0.4077,0.2467,0.5221,4,0.1761,2,26.65,0.5242,82.08,1,SYNTHETIC
0.2063,0.1385,0.5993,3,0.0379,3,16.98,0.6834,70.22,1,SYNTHETIC
0.6057,0.4805,0.4361,3,-0.116,1,2.14,0.5236,74.07,0,SYNTHETIC
0.799,0.5994,0.5088,2,0.0741,6,2.33,0.9276,70.91,1,SYNTHETIC
0.7049,0.5423,0.6203,0,0.1446,1,3.95,0.6803,39.83,1,SYNTHETIC
0.8413,0.6232,0.748,0,-0.0085,1,2.9,0.6823,74.18,0,SYNTHETIC
0.6796,0.5759,0.5999,1,0.2282,0,23.96,0.497,72.09,1,SYNTHETIC
0.6601,0.5346,0.5423,1,-0.0458,4,5.5,0.2239,40.72,0,SYNTHETIC
0.8155,0.6074,0.6596,2,0.2947,2,5.68,0.775,44.44,1,SYNTHETIC
0.4494,0.3261,0.0571,5,-0.1532,0,2.71,0.5117,50.03,1,SYNTHETIC
0.6764,0.6391,0.6064,1,-0.0841,3,7.26,0.7443,57.48,0,SYNTHETIC
0.3792,0.2973,0.4473,2,0.0002,3,20.42,0.6613,27.33,1,SYNTHETIC
0.8691,0.8225,0.788,0,0.0235,0,18.43,0.6893,37.57,0,SYNTHETIC
0.4893,0.3733,0.2669,9,-0.0027,1,0.43,0.6608,56.42,0,SYNTHETIC
0.5435,0.424,0.6164,4,0.128,2,22.73,0.5974,28.32,0,SYNTHETIC
0.6117,0.5556,0.6863,0,0.0101,2,14.54,0.5644,32.28,0,SYNTHETIC
0.6245,0.3808,0.9293,0,0.3589,1,17.73,0.5828,56.99,0,SYNTHETIC
0.4056,0.2823,0.5115,4,-0.0748,0,14.27,0.5765,52.45,1,SYNTHETIC
0.5164,0.3091,0.4778,1,0.2015,0,1.51,0.9799,55.28,0,SYNTHETIC
0.3556,0.3316,0.6943,0,0.2062,2,20.62,0.4641,29.01,1,SYNTHETIC
0.6412,0.4466,0.5872,0,0.3178,6,40.82,0.7321,16.47,0,SYNTHETIC
0.7575,0.6775,0.7513,3,0.087,2,7.31,0.4253,46.5,0,SYNTHETIC
0.7098,0.5776,0.8134,2,0.1178,1,18.63,0.5817,20.49,0,SYNTHETIC
0.567,0.3889,0.5507,4,-0.0276,1,1.98,0.9185,58.82,0,SYNTHETIC
0.4262,0.392,0.6787,1,0.2754,5,0.53,0.2195,56.37,1,SYNTHETIC
0.4832,0.3585,0.2927,2,0.1077,2,9.52,0.9629,73.43,0,SYNTHETIC
0.7533,0.5695,0.8561,0,-0.194,1,18.45,0.8483,44.61,0,SYNTHETIC
0.4421,0.2958,0.7049,2,0.0103,1,25.94,0.3873,40.44,0,SYNTHETIC
0.3252,0.2176,0.7874,3,0.0288,0,26.76,0.9249,56.5,1,SYNTHETIC
0.5467,0.3973,0.4712,0,0.1017,1,6.57,0.5593,72.9,0,SYNTHETIC
0.7917,0.7906,0.6169,2,-0.0026,2,5.29,0.662,74.52,1,SYNTHETIC
0.8764,0.7137,0.4678,0,-0.0221,3,7.47,0.7262,58.63,0,SYNTHETIC
0.6226,0.4404,0.3977,2,0.2233,0,57.49,0.8062,60.95,0,SYNTHETIC
0.5878,0.4899,0.5403,5,0.2792,2,0.46,0.5316,62.01,1,SYNTHETIC
0.87,0.7881,0.7978,1,0.2032,0,4.61,0.5506,53.15,1,SYNTHETIC
0.7864,0.6929,0.2566,4,0.1719,0,26.27,0.7459,56.93,0,SYNTHETIC
0.6258,0.4283,0.8086,1,0.0837,2,4.73,0.6259,59.99,1,SYNTHETIC
0.6019,0.4998,0.433,2,-0.0523,2,4.44,0.5808,92.51,1,SYNTHETIC
0.4917,0.42,0.5218,2,-0.0333,2,13.51,0.5958,45.67,0,SYNTHETIC
0.3676,0.3047,0.585,3,-0.1789,0,19.29,0.4168,41.17,1,SYNTHETIC
0.4883,0.4669,0.1641,2,0.2221,1,5.15,0.2825,75.47,0,SYNTHETIC
0.4795,0.2318,0.8998,0,-0.011,0,0.39,0.7953,46.27,0,SYNTHETIC
0.5016,0.4192,0.7174,0,0.0686,4,15.69,0.8042,79.09,0,SYNTHETIC
0.5278,0.507,0.4897,2,0.0801,2,10.81,0.8709,64.18,0,SYNTHETIC
0.5546,0.5446,0.6059,1,-0.3416,0,27.6,0.287,42.35,0,SYNTHETIC
0.7842,0.717,0.3456,7,-0.0754,0,7.55,0.4771,23.23,0,SYNTHETIC
0.7869,0.5841,0.7265,3,-0.0366,0,10.15,0.6432,54.47,0,SYNTHETIC
0.5232,0.3187,0.8616,1,0.2746,1,7.86,0.5052,78.09,0,SYNTHETIC
0.5707,0.5557,0.3177,5,-0.024,0,5.5,0.7762,33.71,0,SYNTHETIC
0.7216,0.6009,0.6377,5,0.215,3,11.04,0.4796,56.52,0,SYNTHETIC
0.5214,0.4961,0.5491,1,0.2653,3,31.13,0.6658,32.78,0,SYNTHETIC
0.3127,0.0681,0.5269,2,0.3246,3,28.7,0.6914,31.84,1,SYNTHETIC
0.6065,0.5261,0.4605,4,0.2161,3,28.82,0.2786,12.67,0,SYNTHETIC
0.5082,0.3468,0.1748,4,0.057,1,1.08,0.432,19.83,1,SYNTHETIC
0.509,0.326,0.8107,0,0.043,1,5.32,0.5236,66.77,1,SYNTHETIC
0.5574,0.4583,0.6118,1,0.4495,0,3.65,0.6526,45.87,0,SYNTHETIC
0.653,0.5909,0.5893,4,-0.0167,2,31.11,0.2594,80.72,0,SYNTHETIC
0.5467,0.4292,0.4313,0,-0.0825,1,18.55,0.7251,48.95,0,SYNTHETIC
0.5484,0.5112,0.7327,1,-0.1332,2,13.46,0.7317,72.72,0,SYNTHETIC
0.6074,0.3616,0.7142,0,0.0185,0,0.83,0.6043,85.47,0,SYNTHETIC
0.4831,0.2885,0.612,2,-0.1256,1,0.54,0.4625,57.77,1,SYNTHETIC
0.6322,0.4229,0.5843,3,0.0201,3,2.89,0.4042,55.87,0,SYNTHETIC
0.8087,0.5773,0.5836,1,0.0725,0,16.05,0.7339,63.38,0,SYNTHETIC
0.458,0.2894,0.3099,5,-0.1077,1,15.07,0.2761,31.58,0,SYNTHETIC
0.6039,0.508,0.3061,2,0.0999,1,5.98,0.3563,37.71,0,SYNTHETIC
0.8022,0.6459,0.7491,4,0.0774,3,4.02,0.5652,17.05,0,SYNTHETIC
0.5742,0.5683,0.7029,3,-0.1263,3,0.62,0.746,45.08,1,SYNTHETIC
0.8872,0.7045,0.7429,0,-0.2437,0,13.71,0.7235,65.68,0,SYNTHETIC
0.6141,0.5209,0.2321,2,0.0866,1,23.39,0.528,67.64,0,SYNTHETIC
0.4246,0.3749,0.3284,7,0.1131,4,4.55,0.5347,27.65,0,SYNTHETIC
0.4279,0.1827,0.6623,2,0.1475,0,0.49,0.342,51.79,1,SYNTHETIC
0.414,0.2571,0.6096,1,-0.1417,1,1.78,0.7661,79.0,1,SYNTHETIC
0.4302,0.2913,0.7075,2,0.1917,0,12.95,0.7873,75.46,0,SYNTHETIC
0.514,0.5127,0.7974,2,0.3357,3,8.05,0.5996,42.71,0,SYNTHETIC
0.6044,0.3748,0.5002,4,0.0838,1,3.86,0.2593,65.78,0,SYNTHETIC
0.5738,0.3932,0.4092,3,-0.0075,1,22.88,0.2585,70.28,1,SYNTHETIC
0.6285,0.3904,0.539,4,0.0714,4,3.59,0.8071,67.97,0,SYNTHETIC
0.5011,0.2874,0.4669,2,0.0909,2,35.56,0.877,38.68,0,SYNTHETIC
0.416,0.4021,0.8217,1,0.1951,4,16.81,0.3408,44.65,1,SYNTHETIC
0.7907,0.6851,0.7938,1,0.1464,0,9.13,0.4432,57.31,1,SYNTHETIC
0.7105,0.5442,0.6758,1,0.2301,1,9.6,0.4558,51.09,0,SYNTHETIC
0.661,0.5742,0.3763,4,-0.1534,3,2.42,0.2816,56.15,0,SYNTHETIC
0.8296,0.7586,0.6884,2,0.2301,4,7.15,0.8403,47.52,0,SYNTHETIC
0.5541,0.3262,0.6638,3,0.0729,1,28.95,0.512,61.92,1,SYNTHETIC
0.5167,0.428,0.5155,1,-0.1716,3,7.48,0.8741,23.54,1,SYNTHETIC
0.5872,0.3459,0.3967,1,0.2176,2,7.46,0.298,40.74,0,SYNTHETIC
0.2388,0.0379,0.6742,0,0.1395,2,17.37,0.4091,49.14,1,SYNTHETIC
0.5981,0.4423,0.6601,2,0.007,2,13.73,0.461,71.78,0,SYNTHETIC
0.7725,0.6599,0.489,0,0.1219,1,1.36,0.8091,27.06,0,SYNTHETIC
0.536,0.3206,0.69,1,0.1426,2,4.16,0.6928,43.43,1,SYNTHETIC
0.2943,0.0889,0.5789,1,0.1902,1,16.48,0.7662,71.05,0,SYNTHETIC
0.8146,0.7673,0.5207,2,-0.0913,2,6.21,0.6961,62.08,1,SYNTHETIC
0.6043,0.4639,0.2087,4,0.2716,1,42.19,0.8116,39.9,1,SYNTHETIC
0.3866,0.3539,0.6535,0,0.0032,2,44.71,0.2636,54.53,1,SYNTHETIC
0.6848,0.5833,0.7347,1,0.2386,0,32.26,0.939,40.94,1,SYNTHETIC
0.8476,0.715,0.6494,2,-0.1089,3,0.86,0.5892,44.48,1,SYNTHETIC
0.7038,0.6117,0.1649,6,-0.092,2,11.43,0.5124,62.6,1,SYNTHETIC
0.7776,0.5647,0.506,0,0.0604,1,6.39,0.4088,31.87,0,SYNTHETIC
0.422,0.1869,0.6767,0,0.2039,1,7.53,0.3789,45.28,0,SYNTHETIC
0.2924,0.0579,0.5098,4,0.1822,0,11.48,0.9936,67.5,0,SYNTHETIC
0.5531,0.4186,0.6309,1,-0.0046,3,3.8,0.5426,40.41,0,SYNTHETIC
0.4237,0.3533,0.6045,0,-0.1899,2,20.04,0.6071,56.83,0,SYNTHETIC
0.6564,0.6469,0.4815,1,0.2543,2,3.3,0.6012,46.74,1,SYNTHETIC
0.492,0.4123,0.5803,1,0.0073,1,2.87,0.6753,37.91,0,SYNTHETIC
0.8777,0.7479,0.6161,3,-0.2833,0,11.14,0.8798,84.77,1,SYNTHETIC
0.5994,0.4215,0.7933,1,0.001,2,10.35,0.2474,12.02,0,SYNTHETIC
0.7015,0.5449,0.2689,7,-0.2546,3,13.82,0.5003,44.42,1,SYNTHETIC
0.5803,0.3768,0.6502,0,0.091,1,15.36,0.5536,48.24,0,SYNTHETIC
0.6567,0.6408,0.5501,1,0.1778,3,7.26,0.698,17.11,1,SYNTHETIC
0.7117,0.4731,0.37,1,0.206,0,21.79,0.7732,67.34,0,SYNTHETIC
0.333,0.2856,0.653,0,-0.0149,2,8.72,0.7432,39.36,0,SYNTHETIC
0.3729,0.3578,0.8542,0,0.0292,3,15.94,0.5022,27.02,1,SYNTHETIC
0.7861,0.5541,0.5427,2,0.123,3,3.63,0.3279,26.66,1,SYNTHETIC
0.7976,0.5615,0.77,3,-0.1729,2,7.91,0.7523,51.14,1,SYNTHETIC
0.4041,0.3133,0.5769,2,0.1944,2,12.97,0.4274,22.91,0,SYNTHETIC
0.6339,0.4582,0.3179,3,0.0335,2,13.14,0.4574,71.1,0,SYNTHETIC
0.3302,0.1056,0.6755,2,0.1356,5,7.03,0.684,8.27,0,SYNTHETIC
0.395,0.1515,0.5675,1,0.0982,1,17.73,0.3811,62.33,0,SYNTHETIC
0.5554,0.4526,0.4463,3,0.0702,1,8.88,0.6918,80.17,1,SYNTHETIC
0.4731,0.3287,0.3556,4,0.0263,2,3.69,0.6192,28.16,0,SYNTHETIC
0.6928,0.5995,0.3902,1,0.1123,3,11.93,0.3603,42.9,0,SYNTHETIC
0.8667,0.8222,0.8382,1,-0.3877,1,10.21,0.6522,64.5,1,SYNTHETIC
0.7261,0.6695,0.1374,2,-0.0089,1,8.58,0.8922,83.23,1,SYNTHETIC
0.5416,0.445,0.6751,1,0.0561,1,0.75,0.5053,86.61,0,SYNTHETIC
0.7814,0.6073,0.2749,4,-0.2406,1,23.79,0.6292,61.41,0,SYNTHETIC
0.6475,0.456,0.3098,0,0.111,1,9.62,0.9432,43.2,0,SYNTHETIC
0.5942,0.4831,0.4529,0,-0.1216,0,2.9,0.3126,22.83,0,SYNTHETIC
0.268,0.0717,0.5726,4,0.0923,1,3.58,0.701,14.51,0,SYNTHETIC
0.7164,0.5388,0.4931,1,0.1445,1,11.87,0.7432,76.57,0,SYNTHETIC
0.4248,0.3248,0.4484,3,-0.2182,1,5.87,0.3506,57.45,0,SYNTHETIC
0.5201,0.3044,0.6242,1,-0.0723,0,21.79,0.7725,65.77,1,SYNTHETIC
0.6865,0.5672,0.5301,2,0.2261,1,4.37,0.5488,39.39,0,SYNTHETIC
0.8017,0.5913,0.5347,2,0.0082,1,23.5,0.7531,56.17,0,SYNTHETIC
0.4269,0.4126,0.6715,0,0.0555,0,51.53,0.2504,43.74,0,SYNTHETIC
0.6041,0.4137,0.528,5,-0.3343,0,1.29,0.4211,70.99,0,SYNTHETIC
0.2822,0.0488,0.6425,0,0.1581,1,4.83,0.1461,38.99,1,SYNTHETIC
0.3092,0.1269,0.5785,1,0.2677,4,3.91,0.4179,67.53,1,SYNTHETIC
0.5778,0.4829,0.3697,2,0.1483,2,3.94,0.2414,22.72,1,SYNTHETIC
0.2373,0.112,0.744,2,0.1763,1,21.69,0.6288,44.28,1,SYNTHETIC
0.5349,0.4893,0.6844,3,0.1562,1,1.56,0.543,53.52,1,SYNTHETIC
0.7201,0.6555,0.5211,3,-0.1045,2,5.61,0.81,45.54,0,SYNTHETIC
0.1607,0.0,0.4395,2,0.1828,2,4.46,0.5795,51.92,1,SYNTHETIC
0.5669,0.4338,0.2888,4,-0.019,0,13.09,0.4045,39.23,0,SYNTHETIC
0.5053,0.2661,0.586,6,0.2834,0,15.04,0.4508,53.49,0,SYNTHETIC
0.6822,0.4877,0.7276,4,0.0665,1,21.01,0.8655,25.65,0,SYNTHETIC
0.6017,0.4683,0.6713,2,0.1711,1,4.76,0.1171,49.62,1,SYNTHETIC
0.4518,0.4146,0.6244,2,0.0343,1,3.95,0.5533,35.84,1,SYNTHETIC
0.5716,0.4325,0.8271,2,0.2137,0,7.32,0.7596,40.28,0,SYNTHETIC
0.4163,0.2526,0.8572,2,0.304,4,17.49,0.8708,20.54,0,SYNTHETIC
0.3368,0.1144,0.6076,4,-0.0074,1,42.98,0.6475,63.28,1,SYNTHETIC
0.5122,0.2914,0.5023,1,0.2197,1,22.73,0.6122,58.58,0,SYNTHETIC
0.5435,0.5299,0.6836,2,-0.0249,2,7.98,0.8518,69.73,0,SYNTHETIC
0.9505,0.8298,0.1771,7,0.1039,2,55.0,0.7123,54.1,0,SYNTHETIC
0.23,0.0,0.5147,3,-0.186,2,3.82,0.8445,74.15,1,SYNTHETIC
0.3843,0.3189,0.5433,1,-0.2075,1,10.97,0.5374,10.06,0,SYNTHETIC
0.3376,0.1943,0.558,2,-0.0378,2,8.34,0.4207,41.03,1,SYNTHETIC
0.7713,0.6048,0.5964,1,0.0523,3,6.23,0.7727,50.71,1,SYNTHETIC
0.5558,0.4809,0.2668,4,0.0247,1,12.44,0.827,76.26,1,SYNTHETIC
0.6732,0.4345,0.7692,2,-0.0571,2,15.66,0.6292,81.3,1,SYNTHETIC
0.8908,0.6956,0.3015,3,-0.0071,0,4.04,0.2176,75.93,1,SYNTHETIC
0.8426,0.6324,0.5167,3,-0.0564,4,33.84,0.2107,58.55,1,SYNTHETIC
0.5327,0.4084,0.5863,2,-0.1432,4,0.13,0.8499,75.11,1,SYNTHETIC
0.4508,0.3253,0.3974,2,-0.0527,1,6.91,0.8446,41.97,0,SYNTHETIC
0.6687,0.5892,0.4523,5,0.1878,0,0.95,0.531,58.6,0,SYNTHETIC
0.76,0.627,0.6474,1,-0.2342,1,16.94,0.3865,46.0,0,SYNTHETIC
0.559,0.5481,0.5396,2,0.0293,1,13.85,0.3496,71.01,0,SYNTHETIC
0.6321,0.4117,0.7052,1,-0.0618,1,14.9,0.9875,67.88,0,SYNTHETIC
0.6742,0.4726,0.821,0,-0.0542,3,0.47,0.3499,75.11,1,SYNTHETIC
0.6313,0.4438,0.5415,1,-0.0666,1,3.44,0.2167,53.96,1,SYNTHETIC
0.4983,0.4165,0.8732,1,0.0909,1,12.53,0.9095,56.22,0,SYNTHETIC
0.4574,0.2617,0.5378,0,0.1954,3,3.65,0.4193,40.52,0,SYNTHETIC
0.7301,0.548,0.4935,1,-0.0047,1,6.67,0.4282,80.1,1,SYNTHETIC
0.3694,0.2737,0.8207,1,-0.1127,1,19.44,0.5188,29.35,1,SYNTHETIC
0.3527,0.2536,0.4268,3,0.0855,0,9.73,0.8832,90.19,0,SYNTHETIC
0.7876,0.7553,0.4578,2,0.0624,2,15.62,0.97,52.43,0,SYNTHETIC
0.7098,0.4639,0.5571,1,0.195,1,4.87,0.7628,52.83,1,SYNTHETIC
0.5058,0.4429,0.6892,2,0.1866,4,0.75,0.6576,35.02,0,SYNTHETIC
0.6834,0.5939,0.5949,3,-0.0377,0,16.06,0.875,38.56,0,SYNTHETIC
0.7106,0.7017,0.8235,0,0.0045,0,13.12,0.6233,20.32,0,SYNTHETIC
0.6461,0.4271,0.7406,1,0.3656,3,8.69,0.4225,49.16,0,SYNTHETIC
0.2668,0.1657,0.4859,2,0.1265,2,19.23,0.8021,35.24,0,SYNTHETIC
0.5653,0.555,0.5324,2,0.0587,2,12.52,0.6956,48.29,0,SYNTHETIC
0.871,0.8496,0.654,1,0.2531,1,8.22,0.2647,55.07,1,SYNTHETIC
0.5378,0.4985,0.6196,1,0.0859,4,2.84,0.1574,31.93,1,SYNTHETIC
0.4023,0.3329,0.7435,1,-0.0831,3,2.51,0.2265,41.06,0,SYNTHETIC
0.5933,0.5763,0.5084,3,-0.2678,0,8.32,0.3565,71.54,1,SYNTHETIC
0.705,0.5792,0.5993,2,0.0897,2,2.22,0.3808,54.5,0,SYNTHETIC
0.5058,0.3035,0.4728,1,-0.1248,1,7.94,0.4486,47.93,0,SYNTHETIC
0.7622,0.5855,0.3631,2,-0.1204,2,8.06,0.8935,70.97,0,SYNTHETIC
0.4308,0.2212,0.768,3,0.1953,3,23.94,0.9652,18.28,0,SYNTHETIC
0.5837,0.3678,0.6035,1,-0.0847,3,3.4,0.5113,26.13,1,SYNTHETIC
0.4689,0.2544,0.3394,3,-0.1663,1,21.32,0.2727,89.47,1,SYNTHETIC
0.5275,0.307,0.2215,3,0.2373,0,9.31,0.4083,81.64,0,SYNTHETIC
0.4225,0.2628,0.6555,1,0.1638,1,10.06,0.7302,69.38,0,SYNTHETIC
0.7965,0.5557,0.8037,1,0.2612,2,19.65,0.5049,24.39,0,SYNTHETIC
0.4742,0.2828,0.7529,1,-0.0062,1,14.67,0.1351,65.0,0,SYNTHETIC
0.3196,0.1644,0.7937,0,0.2401,0,51.96,0.6703,54.16,1,SYNTHETIC
0.5714,0.4467,0.808,1,0.3147,3,4.38,0.3525,49.75,1,SYNTHETIC
0.5765,0.4854,0.8644,2,-0.0023,0,20.2,0.4219,75.82,0,SYNTHETIC
0.1926,0.026,0.3718,0,0.0113,1,14.99,0.406,57.95,1,SYNTHETIC
0.5166,0.5038,0.5508,4,-0.0482,2,5.5,0.4298,28.19,1,SYNTHETIC
0.5443,0.5146,0.1325,7,-0.0206,0,1.16,0.8481,66.73,0,SYNTHETIC
0.535,0.4745,0.6247,3,0.0316,3,6.32,0.4535,37.29,1,SYNTHETIC
0.8401,0.7316,0.7338,2,0.0254,1,47.1,0.5091,54.71,0,SYNTHETIC
0.3465,0.2117,0.7575,0,-0.2025,0,31.21,0.5272,44.61,0,SYNTHETIC
0.4613,0.293,0.7528,5,0.071,2,1.67,0.7308,36.92,1,SYNTHETIC
0.4686,0.2464,0.7233,3,-0.0435,2,14.67,0.3703,34.22,1,SYNTHETIC
0.4218,0.2678,0.5769,2,0.2029,2,13.34,0.8625,56.68,1,SYNTHETIC
0.7379,0.6567,0.479,4,-0.0638,2,1.9,0.8011,77.12,0,SYNTHETIC
0.7535,0.5545,0.4454,4,-0.1166,3,1.54,0.6699,41.57,0,SYNTHETIC
0.6013,0.5485,0.5026,2,-0.002,4,43.91,0.8194,26.51,0,SYNTHETIC
0.5837,0.4079,0.5295,1,-0.0264,1,1.17,0.5647,90.01,1,SYNTHETIC
0.1563,0.0738,0.8713,0,-0.0032,2,19.72,0.8919,63.28,0,SYNTHETIC
0.6644,0.5935,0.3444,5,0.0512,1,9.91,0.4541,47.34,0,SYNTHETIC
0.3746,0.2827,0.4063,3,0.2564,1,3.66,0.6316,71.55,1,SYNTHETIC
0.8527,0.7637,0.8414,1,0.1299,3,0.35,0.559,16.68,0,SYNTHETIC
0.5118,0.388,0.822,0,-0.0213,2,10.09,0.4395,40.03,0,SYNTHETIC
0.6182,0.6155,0.6919,0,-0.1053,1,15.42,0.6342,27.11,0,SYNTHETIC
0.5224,0.4327,0.5268,3,0.3463,3,6.09,0.494,36.47,1,SYNTHETIC
0.5663,0.4046,0.8018,0,0.1463,1,32.41,0.3005,53.97,0,SYNTHETIC
0.4098,0.1772,0.5352,4,0.1756,0,3.91,0.6473,39.67,0,SYNTHETIC
0.6563,0.4207,0.6247,4,-0.0456,2,3.57,0.1807,30.41,1,SYNTHETIC
0.6721,0.439,0.6809,0,0.1347,1,5.5,0.6528,46.35,0,SYNTHETIC
0.4397,0.2546,0.7991,1,-0.077,3,7.08,0.7292,42.39,0,SYNTHETIC
0.7563,0.6919,0.6849,5,0.236,1,4.54,0.8852,18.76,0,SYNTHETIC
0.4658,0.3913,0.5568,0,0.1641,1,16.11,0.5893,72.16,0,SYNTHETIC
0.5127,0.2894,0.6008,2,0.0183,3,0.28,0.6929,30.88,1,SYNTHETIC
0.4454,0.2942,0.7091,6,0.2192,1,4.51,0.7711,39.51,1,SYNTHETIC
0.6977,0.4833,0.39,1,0.1359,0,14.66,0.6784,57.61,0,SYNTHETIC
0.7186,0.5498,0.6554,2,0.1551,0,9.42,0.5294,40.98,0,SYNTHETIC
0.673,0.6635,0.4562,4,0.0372,0,16.99,0.2691,53.37,0,SYNTHETIC
0.7916,0.5751,0.6692,1,0.0364,3,3.79,0.6787,57.51,0,SYNTHETIC
0.5016,0.2564,0.538,2,-0.1573,1,20.13,0.5703,67.84,1,SYNTHETIC
0.7589,0.5193,0.4528,1,-0.0147,0,4.97,0.7778,63.26,0,SYNTHETIC
0.5447,0.4515,0.8302,2,0.2928,0,3.28,0.5419,66.5,0,SYNTHETIC
0.5293,0.3145,0.4008,2,0.2521,0,2.32,0.607,60.03,0,SYNTHETIC
0.3765,0.1436,0.7323,1,0.0071,2,26.4,0.6704,53.26,0,SYNTHETIC
0.2221,0.174,0.4716,5,0.1562,3,8.42,0.6927,64.09,0,SYNTHETIC
0.6193,0.4103,0.3285,6,-0.1785,2,12.31,0.7637,26.53,1,SYNTHETIC
0.6974,0.6866,0.2314,5,0.1358,3,14.18,0.6357,55.98,1,SYNTHETIC
0.4264,0.3498,0.809,1,0.1733,1,33.44,0.4678,30.08,0,SYNTHETIC
0.431,0.4118,0.5614,1,0.0353,1,24.85,0.4238,45.72,0,SYNTHETIC
0.4813,0.4568,0.7539,2,0.0422,2,18.01,0.8011,60.3,1,SYNTHETIC
0.5845,0.4779,0.6625,1,0.3264,1,10.71,0.3822,55.92,1,SYNTHETIC
0.4435,0.4186,0.659,0,0.1177,3,3.54,0.1306,50.19,1,SYNTHETIC
0.4684,0.3398,0.7556,3,0.2324,1,1.37,0.8747,77.54,0,SYNTHETIC
0.7447,0.5256,0.5222,4,0.2194,2,1.08,0.7009,69.01,0,SYNTHETIC
0.5378,0.5205,0.7579,0,0.0411,1,2.28,0.1562,43.12,0,SYNTHETIC
0.6198,0.4701,0.5414,0,0.1854,0,2.17,0.5241,19.57,0,SYNTHETIC
0.2686,0.1211,0.8185,1,0.1282,1,2.51,0.7218,50.66,0,SYNTHETIC
0.7456,0.6928,0.668,2,-0.0607,2,5.7,0.338,44.83,0,SYNTHETIC
0.7616,0.568,0.332,3,-0.2356,2,19.98,0.8161,28.32,0,SYNTHETIC
0.3411,0.2043,0.4805,0,0.0919,1,0.25,0.6773,61.05,0,SYNTHETIC
0.1809,0.1228,0.7448,2,0.1088,1,1.71,0.7379,82.91,1,SYNTHETIC
0.7577,0.6244,0.5479,2,0.3828,4,15.74,0.6138,39.54,1,SYNTHETIC
0.365,0.3266,0.3941,1,-0.195,2,31.83,0.6064,51.37,0,SYNTHETIC
0.3215,0.0755,0.5987,3,0.113,2,6.22,0.5127,51.14,0,SYNTHETIC
0.7217,0.497,0.2758,3,0.0133,5,0.96,0.4448,89.96,0,SYNTHETIC
0.3752,0.2618,0.5462,0,-0.046,1,4.69,0.5569,59.41,0,SYNTHETIC
0.5412,0.4878,0.7606,1,0.2761,5,9.49,0.6645,39.48,0,SYNTHETIC
0.6966,0.6436,0.4994,0,0.0932,2,4.99,0.4679,30.18,1,SYNTHETIC
0.3588,0.3287,0.4863,1,-0.0397,2,5.48,0.5187,29.51,1,SYNTHETIC
0.6669,0.4756,0.6949,1,0.1073,2,2.9,0.8278,62.31,0,SYNTHETIC
0.4386,0.4183,0.4007,4,0.1857,2,34.96,0.6875,42.24,0,SYNTHETIC
0.8137,0.7991,0.7636,3,-0.028,2,35.18,0.469,57.89,1,SYNTHETIC
0.3679,0.3515,0.6796,2,0.1989,4,14.0,0.2072,60.43,0,SYNTHETIC
0.7377,0.6984,0.7746,2,0.1755,4,4.48,0.5391,13.83,1,SYNTHETIC
0.9119,0.7729,0.4424,1,-0.0276,1,6.99,0.6192,66.38,0,SYNTHETIC
0.5639,0.3419,0.424,4,-0.0497,1,12.4,0.1709,73.38,1,SYNTHETIC
0.3976,0.1808,0.7399,1,-0.0393,1,21.88,0.8016,34.93,0,SYNTHETIC
0.4024,0.1683,0.4235,5,0.1491,2,4.27,0.4149,24.89,1,SYNTHETIC
0.4757,0.3315,0.6861,2,0.1115,1,4.44,0.4735,45.75,0,SYNTHETIC
0.5523,0.4404,0.3904,5,0.2513,3,2.51,0.2203,46.24,1,SYNTHETIC
0.6875,0.6623,0.2427,2,0.0679,0,17.25,0.4644,48.34,0,SYNTHETIC
0.8702,0.8395,0.3396,7,0.1365,0,9.24,0.5256,70.07,0,SYNTHETIC
0.4661,0.3093,0.397,1,0.2202,0,14.87,0.5567,71.54,1,SYNTHETIC
0.5445,0.4733,0.578,2,0.0047,1,54.56,0.4949,78.91,0,SYNTHETIC
0.5025,0.4493,0.5119,2,0.1199,2,9.25,0.6217,47.3,0,SYNTHETIC
0.686,0.5834,0.3338,3,0.1529,3,12.8,0.3566,12.43,0,SYNTHETIC
0.4258,0.4088,0.6876,1,0.2998,1,40.29,0.5064,84.32,0,SYNTHETIC
0.5473,0.5,0.143,3,0.1434,1,2.27,0.4684,51.94,1,SYNTHETIC
0.5497,0.3713,0.6224,2,0.0003,2,8.97,0.4984,55.2,1,SYNTHETIC
0.6442,0.4938,0.4108,4,-0.1184,2,31.95,0.7627,61.83,0,SYNTHETIC
0.7134,0.5508,0.3254,4,-0.1305,0,28.58,0.7251,79.64,0,SYNTHETIC
0.4167,0.2544,0.468,5,-0.0247,0,9.36,0.7293,33.95,1,SYNTHETIC
0.5982,0.3955,0.1867,5,-0.0393,0,7.0,0.5699,41.12,1,SYNTHETIC
0.6487,0.4061,0.437,6,0.2033,3,39.18,0.8305,17.41,0,SYNTHETIC
0.3455,0.0998,0.6378,2,0.044,2,6.52,0.7329,56.18,0,SYNTHETIC
0.6537,0.5526,0.9254,0,-0.0278,3,0.09,0.6964,62.03,0,SYNTHETIC
0.7663,0.6083,0.67,1,0.0756,1,2.1,0.9083,40.11,0,SYNTHETIC
0.8173,0.7964,0.6305,1,0.039,1,16.47,0.4578,49.98,0,SYNTHETIC
0.4524,0.3701,0.8529,0,-0.1424,0,33.4,0.6065,58.07,0,SYNTHETIC
0.7091,0.5306,0.8024,1,0.2597,4,15.11,0.5298,15.43,0,SYNTHETIC
0.5506,0.4692,0.4005,3,0.0768,1,3.08,0.6577,63.55,0,SYNTHETIC
0.6891,0.5424,0.8524,0,0.1698,0,1.64,0.8725,19.82,0,SYNTHETIC
0.1556,0.0,0.4008,4,-0.2754,3,0.44,0.4279,45.0,1,SYNTHETIC
0.6088,0.4056,0.6013,2,0.1714,1,1.36,0.5452,50.63,0,SYNTHETIC
0.5107,0.5054,0.4947,2,0.026,0,11.53,0.9253,84.25,0,SYNTHETIC
0.6932,0.4809,0.6785,2,-0.1518,1,10.5,0.9051,43.1,1,SYNTHETIC
0.4324,0.3328,0.9301,0,-0.0696,2,4.86,0.1257,66.19,0,SYNTHETIC
0.4764,0.2305,0.7074,0,0.1038,1,4.3,0.5146,37.36,0,SYNTHETIC
0.6055,0.413,0.563,1,0.1663,3,49.56,0.3395,81.33,1,SYNTHETIC
0.3279,0.3005,0.2468,2,0.166,3,12.39,0.4319,60.15,0,SYNTHETIC
0.6736,0.599,0.5625,0,0.1015,1,6.25,0.4373,83.65,0,SYNTHETIC
0.7823,0.537,0.668,1,0.1058,0,23.06,0.484,26.56,1,SYNTHETIC
0.4971,0.3584,0.6413,3,0.1246,0,7.59,0.9398,63.1,0,SYNTHETIC
0.5214,0.4007,0.4796,4,0.1736,2,19.69,0.9183,69.79,0,SYNTHETIC
0.6405,0.4927,0.7004,0,0.0659,0,5.9,0.8284,29.22,0,SYNTHETIC
0.3418,0.2026,0.7286,1,-0.0839,4,7.74,0.4998,25.51,0,SYNTHETIC
0.5936,0.4388,0.3536,2,0.1571,1,2.03,0.2688,33.89,1,SYNTHETIC
0.7168,0.6163,0.7379,5,0.1723,0,1.46,0.732,57.12,1,SYNTHETIC
0.4784,0.4677,0.6262,2,-0.1374,1,4.09,0.9467,29.58,0,SYNTHETIC
0.561,0.5031,0.5516,3,0.0274,2,3.79,0.6767,42.1,0,SYNTHETIC
0.4299,0.1843,0.8892,0,0.0873,1,0.31,0.6865,18.72,0,SYNTHETIC
0.2341,0.1594,0.1259,9,-0.0742,0,4.1,0.6481,62.84,0,SYNTHETIC
0.3746,0.2115,0.3456,3,-0.1129,4,9.44,0.4116,59.83,0,SYNTHETIC
0.2205,0.125,0.5773,2,0.2564,1,1.1,0.5157,58.83,1,SYNTHETIC
0.4359,0.2383,0.6019,1,-0.0351,2,3.52,0.7959,69.34,0,SYNTHETIC
0.9209,0.8727,0.5368,1,-0.1592,2,8.16,0.753,69.39,0,SYNTHETIC
0.7263,0.5743,0.4236,4,0.2205,1,3.6,0.4455,76.25,0,SYNTHETIC
0.8006,0.5876,0.4514,2,0.1822,2,7.44,0.9708,39.59,0,SYNTHETIC
0.2746,0.1286,0.4994,2,0.0591,1,12.92,0.9446,41.73,1,SYNTHETIC
0.5601,0.5133,0.6689,1,-0.0192,2,13.36,0.4701,21.4,0,SYNTHETIC
0.6379,0.5099,0.7782,1,-0.0399,0,27.34,0.515,55.03,0,SYNTHETIC
0.8352,0.5977,0.4535,7,-0.01,1,21.48,0.7325,13.54,0,SYNTHETIC
0.5027,0.2977,0.5891,1,-0.0787,2,17.96,0.6213,38.55,1,SYNTHETIC
0.482,0.4545,0.5237,4,-0.0575,2,0.17,0.7687,60.81,0,SYNTHETIC
0.55,0.312,0.7869,0,0.0618,0,8.27,0.6662,47.81,0,SYNTHETIC
0.7192,0.6353,0.7972,3,0.2247,1,15.49,0.3508,15.88,0,SYNTHETIC
0.2992,0.1043,0.5348,4,-0.0646,4,2.06,0.6012,37.33,1,SYNTHETIC
0.4162,0.2338,0.8536,1,-0.0485,3,6.43,0.8404,62.73,0,SYNTHETIC
0.6117,0.473,0.6339,4,0.1596,1,6.73,0.6036,49.74,1,SYNTHETIC
0.1948,0.0349,0.6638,1,0.2474,2,0.95,0.6475,59.87,0,SYNTHETIC
0.5622,0.5267,0.4991,4,-0.1342,3,10.23,0.2788,41.57,1,SYNTHETIC
0.7814,0.6679,0.6731,4,0.0646,4,1.97,0.6793,43.96,0,SYNTHETIC
0.6571,0.4514,0.4778,3,-0.1989,2,1.87,0.4431,37.95,1,SYNTHETIC
0.6217,0.542,0.8121,0,-0.2066,1,7.92,0.9076,55.21,1,SYNTHETIC
0.4457,0.396,0.7707,0,0.176,2,56.93,0.8136,51.0,0,SYNTHETIC
0.6325,0.4041,0.3704,4,0.139,1,10.27,0.8869,16.69,1,SYNTHETIC
0.8783,0.7378,0.8241,1,-0.0045,0,44.79,0.7131,32.75,1,SYNTHETIC
0.4642,0.2984,0.5996,3,0.2082,3,9.9,0.5127,24.98,0,SYNTHETIC
0.9103,0.8773,0.5015,1,0.2469,1,5.2,0.7386,35.46,0,SYNTHETIC
0.7823,0.5658,0.4048,4,0.0496,3,0.17,0.7786,74.63,1,SYNTHETIC
0.6542,0.5975,0.5902,3,0.1674,2,11.71,0.6857,23.21,1,SYNTHETIC
0.1678,0.0614,0.555,3,0.1167,1,7.02,0.7353,41.84,0,SYNTHETIC
0.3139,0.2072,0.7215,0,-0.1249,1,14.61,0.7413,48.55,1,SYNTHETIC
0.4141,0.3272,0.6128,1,0.0462,2,3.68,0.2185,27.02,0,SYNTHETIC
0.4827,0.4509,0.6087,0,-0.009,0,4.88,0.4151,67.3,0,SYNTHETIC
0.4632,0.275,0.5659,3,-0.0276,2,4.29,0.6424,44.36,0,SYNTHETIC
0.425,0.3713,0.5803,1,0.0171,1,35.65,0.6906,50.21,1,SYNTHETIC
0.5218,0.2742,0.2512,1,0.3676,0,4.29,0.7954,49.21,1,SYNTHETIC
0.7152,0.5952,0.234,5,0.1708,2,3.17,0.6796,80.21,1,SYNTHETIC
0.7789,0.676,0.5596,2,0.1584,1,55.58,0.4472,36.62,0,SYNTHETIC
0.4607,0.2364,0.6013,0,0.0025,0,7.18,0.5518,80.48,0,SYNTHETIC
0.2825,0.2701,0.7529,1,0.1175,1,46.67,0.4609,31.18,0,SYNTHETIC
0.7059,0.5721,0.6366,2,0.3525,0,8.69,0.497,66.87,0,SYNTHETIC
0.538,0.3377,0.6714,1,-0.0848,1,4.26,0.7958,48.04,1,SYNTHETIC
0.4333,0.2036,0.5655,2,-0.0999,2,5.81,0.8041,21.98,1,SYNTHETIC
0.6661,0.4607,0.5567,0,-0.0307,1,8.04,0.4306,87.07,1,SYNTHETIC
0.364,0.3116,0.9,2,-0.0552,0,9.29,0.6096,57.41,0,SYNTHETIC
0.5633,0.3373,0.5802,1,-0.1706,4,23.56,0.8516,41.19,0,SYNTHETIC
0.5354,0.3244,0.5584,0,0.1141,2,89.87,0.3796,20.74,1,SYNTHETIC
0.694,0.6608,0.6545,1,-0.1014,3,2.29,0.459,25.56,1,SYNTHETIC
0.9418,0.8381,0.4953,2,0.1051,1,5.57,0.5575,31.76,0,SYNTHETIC
0.4415,0.296,0.7465,0,0.2736,2,6.01,0.4175,64.16,1,SYNTHETIC
0.8986,0.7524,0.5159,2,0.0607,1,2.05,0.6689,65.87,0,SYNTHETIC
0.7667,0.5957,0.6041,3,0.1645,2,3.91,0.603,52.26,1,SYNTHETIC
0.6921,0.5016,0.6149,1,0.0256,1,28.47,0.7048,38.75,1,SYNTHETIC
0.4547,0.397,0.7009,1,-0.0083,1,11.81,0.707,43.18,0,SYNTHETIC
0.6656,0.4453,0.8574,1,0.2394,0,3.66,0.6321,69.46,0,SYNTHETIC
0.8196,0.6277,0.3789,5,-0.0433,4,16.06,0.4864,30.93,0,SYNTHETIC
0.464,0.285,0.4813,3,-0.0631,2,0.32,0.4459,48.06,0,SYNTHETIC
0.5881,0.4175,0.3733,3,-0.0714,2,27.89,0.3525,49.68,0,SYNTHETIC
0.8279,0.7865,0.5285,0,-0.197,2,11.44,0.3239,49.63,1,SYNTHETIC
0.5332,0.4749,0.6137,1,-0.0812,2,21.28,0.7256,18.94,1,SYNTHETIC
0.7476,0.5238,0.488,9,0.1712,1,4.69,0.345,42.07,0,SYNTHETIC
0.8222,0.7179,0.3225,8,0.1289,2,11.96,0.3788,53.04,1,SYNTHETIC
0.6293,0.5419,0.661,2,0.5359,1,2.94,0.7661,35.65,1,SYNTHETIC
0.7094,0.6951,0.6346,2,0.1858,0,5.53,0.5048,54.84,1,SYNTHETIC
0.363,0.3445,0.6746,0,0.051,2,4.54,0.4263,62.95,0,SYNTHETIC
0.4881,0.296,0.4608,4,0.0271,2,47.92,0.7187,48.73,0,SYNTHETIC
0.7642,0.6267,0.513,5,0.1379,5,4.07,0.5592,50.45,1,SYNTHETIC
0.4898,0.4692,0.4874,4,0.0622,2,3.08,0.26,46.96,1,SYNTHETIC
0.6685,0.6249,0.3895,4,-0.2494,0,13.23,0.519,57.75,0,SYNTHETIC
0.274,0.1537,0.5753,2,0.2291,1,7.13,0.6118,71.06,1,SYNTHETIC
0.8999,0.7346,0.4994,5,0.2428,0,3.3,0.8982,69.44,0,SYNTHETIC
0.7601,0.7276,0.2807,4,-0.0457,1,7.52,0.7033,64.48,0,SYNTHETIC
0.7211,0.6186,0.687,2,0.0463,5,7.57,0.8578,45.31,0,SYNTHETIC
0.7414,0.4985,0.4333,4,0.0824,0,4.13,0.514,59.65,0,SYNTHETIC
0.7276,0.6207,0.616,1,-0.1564,2,14.89,0.7821,79.65,0,SYNTHETIC
0.6772,0.6338,0.8876,1,-0.1619,2,14.3,0.5717,36.03,1,SYNTHETIC
0.9144,0.736,0.6134,2,0.2269,0,13.63,0.4153,47.14,0,SYNTHETIC
0.747,0.5546,0.6983,3,0.2353,1,15.81,0.46,69.69,1,SYNTHETIC
0.6182,0.4789,0.8568,2,0.1182,2,2.51,0.8122,56.75,1,SYNTHETIC
0.4724,0.4612,0.6637,5,0.1212,2,5.92,0.5123,30.42,1,SYNTHETIC
0.7389,0.5795,0.6667,0,0.0937,1,35.52,0.9074,71.31,0,SYNTHETIC
0.3589,0.1219,0.7886,2,0.0278,2,10.23,0.618,60.92,0,SYNTHETIC
0.9074,0.8529,0.5134,3,0.0146,1,9.23,0.1531,61.22,1,SYNTHETIC
0.7067,0.6037,0.298,3,0.0996,3,2.21,0.7363,28.15,0,SYNTHETIC
0.5907,0.4557,0.3406,4,0.3504,0,2.02,0.7209,28.08,0,SYNTHETIC
0.8754,0.7912,0.7707,3,0.0164,1,10.52,0.5343,62.39,0,SYNTHETIC
0.6783,0.6301,0.7796,0,0.3295,2,13.74,0.3408,62.61,1,SYNTHETIC
0.9133,0.7092,0.6378,2,0.0184,2,19.88,0.7708,59.62,0,SYNTHETIC
0.4416,0.4128,0.5697,3,0.0364,2,2.19,0.3631,66.85,0,SYNTHETIC
0.3886,0.3179,0.5146,1,-0.0739,1,1.01,0.5256,54.76,0,SYNTHETIC
0.8626,0.6711,0.7881,2,0.0732,3,0.99,0.6404,86.13,1,SYNTHETIC
0.5255,0.4991,0.8117,0,-0.0571,2,10.87,0.8973,51.66,0,SYNTHETIC
0.8843,0.6624,0.3317,2,0.0758,1,8.34,0.5356,42.87,0,SYNTHETIC
0.5367,0.3678,0.8016,0,0.1645,1,9.44,0.862,69.7,0,SYNTHETIC
0.5208,0.2827,0.3858,3,0.0904,2,1.77,0.6972,17.32,0,SYNTHETIC
0.7557,0.7482,0.5663,2,0.1094,0,8.6,0.9125,48.9,0,SYNTHETIC
0.2594,0.1511,0.7391,2,0.0389,1,20.03,0.6102,80.23,1,SYNTHETIC
0.5345,0.3554,0.3152,2,-0.038,4,1.45,0.47,43.73,0,SYNTHETIC
0.7957,0.7193,0.517,1,0.3492,2,16.13,0.6779,29.99,0,SYNTHETIC
0.7274,0.7232,0.4932,2,-0.0989,1,10.02,0.8454,53.63,1,SYNTHETIC
0.6635,0.4604,0.9322,1,-0.1993,0,22.77,0.7918,83.89,0,SYNTHETIC
0.521,0.3604,0.7663,1,0.1218,1,7.45,0.709,53.95,0,SYNTHETIC
0.6763,0.6562,0.6671,1,0.1359,1,1.49,0.0783,55.7,0,SYNTHETIC
0.4463,0.2768,0.5613,2,0.2659,0,3.29,0.7647,33.29,0,SYNTHETIC
0.7953,0.5495,0.4869,1,0.0932,2,4.19,0.6361,41.43,0,SYNTHETIC
0.9171,0.8035,0.3376,0,-0.1592,1,8.03,0.6218,34.86,0,SYNTHETIC
0.5227,0.3998,0.6004,1,0.2497,1,11.44,0.7995,43.41,1,SYNTHETIC
0.4314,0.2095,0.6968,1,-0.0365,1,38.19,0.5221,39.88,1,SYNTHETIC
0.428,0.2217,0.6738,1,0.0281,1,10.85,0.5841,69.05,0,SYNTHETIC
0.2124,0.033,0.3872,3,-0.0204,2,51.97,0.802,40.34,0,SYNTHETIC
0.6784,0.6642,0.3554,4,0.1268,2,2.11,0.6985,57.09,0,SYNTHETIC
0.5947,0.5167,0.6723,4,0.0417,0,22.44,0.7682,63.95,1,SYNTHETIC
0.7853,0.6258,0.4063,4,0.0959,0,1.86,0.6916,78.22,1,SYNTHETIC
0.4944,0.4208,0.4226,1,-0.2544,1,9.01,0.6985,45.97,0,SYNTHETIC
0.6872,0.4466,0.6771,3,0.3986,1,1.63,0.616,63.05,1,SYNTHETIC
0.8122,0.7402,0.4607,2,0.1381,2,37.01,0.6662,65.04,0,SYNTHETIC
0.2884,0.197,0.5659,5,0.0019,4,5.71,0.8977,29.83,0,SYNTHETIC
0.6857,0.6564,0.4687,2,0.1506,0,23.85,0.5138,57.22,0,SYNTHETIC
0.8979,0.755,0.904,0,-0.0094,1,18.55,0.3775,65.09,1,SYNTHETIC
0.5573,0.3791,0.6848,3,0.2345,1,26.4,0.9648,64.07,0,SYNTHETIC
0.4272,0.1898,0.5436,2,0.3116,1,4.5,0.6821,20.53,0,SYNTHETIC
0.4825,0.4621,0.3376,3,-0.0243,0,38.11,0.7902,40.42,1,SYNTHETIC
0.4471,0.2698,0.4391,3,0.1461,1,3.54,0.9746,47.93,0,SYNTHETIC
0.8355,0.7541,0.4429,0,0.2147,0,2.59,0.2396,38.94,1,SYNTHETIC
0.5217,0.3645,0.3517,2,-0.198,2,11.2,0.4907,6.96,1,SYNTHETIC
0.4184,0.1851,0.5369,4,-0.0179,0,21.22,0.5413,51.96,1,SYNTHETIC
0.7067,0.5307,0.7392,1,0.3216,0,12.43,0.7346,37.24,0,SYNTHETIC
0.5354,0.3515,0.4001,2,-0.1449,2,12.88,0.452,67.88,1,SYNTHETIC
0.4139,0.3282,0.7198,0,-0.0487,3,7.19,0.3131,18.03,1,SYNTHETIC
0.3607,0.1504,0.4964,7,-0.2009,1,6.01,0.7027,73.03,1,SYNTHETIC
0.5498,0.4301,0.3861,3,-0.037,1,21.93,0.6537,32.48,1,SYNTHETIC
0.7625,0.652,0.7243,2,0.0679,0,1.39,0.4832,48.39,0,SYNTHETIC
0.5221,0.3174,0.7718,3,0.0044,0,6.7,0.1869,19.23,1,SYNTHETIC
0.6798,0.5146,0.5439,1,0.2026,1,6.8,0.6047,40.5,1,SYNTHETIC
0.7466,0.5726,0.7291,0,0.3462,1,6.29,0.7761,55.41,1,SYNTHETIC
0.7776,0.738,0.417,4,0.0926,1,68.66,0.5144,49.42,0,SYNTHETIC
0.3488,0.1093,0.8167,1,0.1661,1,1.22,0.6532,12.06,0,SYNTHETIC
0.6318,0.5013,0.8641,1,0.0907,1,38.08,0.7984,30.61,0,SYNTHETIC
0.8228,0.7663,0.4568,2,-0.0651,2,12.02,0.5343,51.27,0,SYNTHETIC
0.176,0.1395,0.6928,2,0.1763,3,12.93,0.8127,38.26,1,SYNTHETIC
0.5045,0.4708,0.8039,1,0.1131,2,0.1,0.62,57.94,0,SYNTHETIC
0.7934,0.5671,0.7184,1,0.1533,3,10.8,0.5971,50.02,0,SYNTHETIC
0.7258,0.6676,0.7543,0,0.268,0,25.48,0.8403,40.44,0,SYNTHETIC
0.7765,0.6022,0.5518,6,0.0129,1,2.01,0.6028,22.66,0,SYNTHETIC
0.4759,0.2883,0.7486,4,0.1345,2,49.54,0.546,60.93,1,SYNTHETIC
0.4144,0.3525,0.8278,0,-0.0032,0,0.9,0.6382,53.22,0,SYNTHETIC
0.1863,0.1523,0.6367,2,-0.1431,0,49.68,0.4362,44.98,1,SYNTHETIC
0.6348,0.4361,0.264,3,0.3266,0,5.22,0.6869,37.5,0,SYNTHETIC
0.7015,0.6882,0.3591,2,0.0426,0,0.01,0.6205,19.94,0,SYNTHETIC
0.4422,0.4065,0.732,1,0.1698,0,3.23,0.3211,17.43,1,SYNTHETIC
0.6738,0.4589,0.4845,4,-0.0203,1,23.47,0.7628,54.72,0,SYNTHETIC
0.4882,0.291,0.5293,2,0.0908,1,14.27,0.3162,27.29,1,SYNTHETIC
0.3937,0.1608,0.3791,4,-0.0695,0,0.95,0.6029,51.53,1,SYNTHETIC
0.3452,0.2588,0.6633,5,-0.0075,2,49.59,0.5323,62.82,0,SYNTHETIC
0.4774,0.413,0.2701,5,0.3243,1,13.44,0.7625,56.98,0,SYNTHETIC
0.7152,0.7145,0.402,3,-0.2566,2,0.5,0.3088,43.54,0,SYNTHETIC
0.7828,0.7268,0.2507,5,0.1535,1,0.72,0.1988,14.26,1,SYNTHETIC
0.3876,0.1616,0.6344,1,0.1888,4,4.56,0.2834,48.12,1,SYNTHETIC
0.739,0.6773,0.332,3,-0.0702,3,12.72,0.1276,43.9,1,SYNTHETIC
0.6144,0.3981,0.4612,2,0.0084,1,1.72,0.4247,47.29,1,SYNTHETIC
0.3394,0.2283,0.8254,0,0.0921,1,30.55,0.3608,33.22,1,SYNTHETIC
0.501,0.4153,0.5689,2,-0.1199,1,8.1,0.7395,73.15,1,SYNTHETIC
0.7393,0.5734,0.3474,1,-0.2047,2,2.78,0.5606,46.62,0,SYNTHETIC
0.5215,0.485,0.8556,1,0.3195,1,5.51,0.2471,41.1,0,SYNTHETIC
0.7207,0.5038,0.5977,1,0.1811,2,11.17,0.5839,51.2,1,SYNTHETIC
0.8516,0.65,0.7632,0,0.163,3,2.09,0.7122,66.35,0,SYNTHETIC
0.5658,0.4967,0.7493,1,-0.0866,0,12.09,0.6657,69.95,1,SYNTHETIC
0.7693,0.6039,0.5334,3,-0.0392,1,9.66,0.3263,40.69,0,SYNTHETIC
0.5487,0.3373,0.4341,7,0.1886,0,19.39,0.3514,36.97,0,SYNTHETIC
0.7685,0.5687,0.5335,1,0.071,3,3.31,0.7241,74.11,0,SYNTHETIC
0.4723,0.2401,0.7131,2,-0.0539,0,10.93,0.454,82.07,1,SYNTHETIC
0.7165,0.5505,0.5791,1,-0.224,4,4.72,0.9151,59.15,0,SYNTHETIC
0.4161,0.2749,0.5541,3,0.1679,3,5.59,0.5738,53.68,0,SYNTHETIC
0.4173,0.2653,0.6646,2,-0.1463,2,27.01,0.7055,38.84,1,SYNTHETIC
0.7731,0.6705,0.2248,2,-0.011,1,15.01,0.6761,52.9,0,SYNTHETIC
0.489,0.4468,0.7674,1,-0.0382,3,21.81,0.6454,70.99,0,SYNTHETIC
0.5568,0.525,0.4892,1,-0.1176,1,24.34,0.372,31.32,1,SYNTHETIC
0.5193,0.4617,0.55,3,0.119,0,4.15,0.3889,26.11,0,SYNTHETIC
0.7113,0.6691,0.6754,1,0.0193,4,8.01,0.8239,33.24,1,SYNTHETIC
0.4038,0.3102,0.552,1,0.1186,3,14.09,0.2796,40.37,0,SYNTHETIC
0.4589,0.2753,0.8628,1,0.1054,1,0.92,0.7684,51.4,1,SYNTHETIC
0.569,0.3623,0.4972,6,0.103,0,3.28,0.8782,56.67,0,SYNTHETIC
0.5727,0.4852,0.354,4,-0.1476,0,30.27,0.7778,34.23,1,SYNTHETIC
0.8,0.6217,0.4446,1,-0.0642,1,2.16,0.5396,74.18,0,SYNTHETIC
0.5714,0.4162,0.71,3,0.0109,3,1.34,0.838,56.81,0,SYNTHETIC
0.6781,0.4604,0.8724,2,0.1798,1,15.53,0.6423,32.69,0,SYNTHETIC
0.728,0.6048,0.2843,3,0.2727,4,19.66,0.4227,30.53,0,SYNTHETIC
0.787,0.5832,0.4591,4,0.1287,0,3.09,0.5078,39.1,0,SYNTHETIC
0.5414,0.4904,0.7355,1,0.2359,5,3.63,0.6977,65.81,0,SYNTHETIC
0.6222,0.5876,0.3152,3,0.0699,1,9.89,0.7197,55.03,0,SYNTHETIC
0.7102,0.6687,0.5544,4,0.2135,4,33.03,0.772,61.59,0,SYNTHETIC
0.2957,0.2223,0.4451,2,-0.2025,4,8.44,0.6683,35.64,1,SYNTHETIC
0.5048,0.4693,0.8038,2,0.1088,2,3.18,0.5173,57.31,0,SYNTHETIC
0.5583,0.4559,0.826,0,0.0067,0,10.78,0.2629,33.64,0,SYNTHETIC
0.6383,0.4922,0.5891,2,0.1936,1,6.88,0.5885,22.09,0,SYNTHETIC
0.6181,0.4291,0.6609,4,0.1437,1,5.68,0.6653,14.0,1,SYNTHETIC
0.2377,0.1283,0.6414,4,0.0184,1,13.4,0.6422,49.69,0,SYNTHETIC
0.6538,0.5012,0.6473,2,0.0375,1,6.96,0.8535,78.75,0,SYNTHETIC
0.2588,0.1877,0.5309,6,0.1805,0,8.27,0.4328,82.99,1,SYNTHETIC
0.7311,0.6247,0.6807,1,0.0994,2,62.73,0.703,63.22,0,SYNTHETIC
0.2321,0.1325,0.519,9,0.1959,1,11.68,0.4877,47.18,0,SYNTHETIC
0.5035,0.4632,0.2939,2,0.0917,1,9.77,0.5323,40.78,0,SYNTHETIC
0.8558,0.664,0.5538,2,-0.0756,0,6.01,0.8846,70.54,0,SYNTHETIC
0.7338,0.4934,0.3194,4,0.2891,2,1.09,0.3503,43.49,0,SYNTHETIC
0.6895,0.622,0.5594,4,-0.1369,4,14.26,0.7604,53.81,1,SYNTHETIC
0.1849,0.0456,0.5674,2,0.112,0,0.03,0.6807,49.08,1,SYNTHETIC
0.6552,0.4663,0.4538,3,0.0019,1,23.02,0.124,67.13,1,SYNTHETIC
0.5673,0.4942,0.8533,0,-0.4488,1,25.22,0.8235,24.55,0,SYNTHETIC
0.5174,0.3824,0.5589,3,0.0227,0,0.76,0.8743,62.78,0,SYNTHETIC
0.6053,0.3892,0.4516,4,-0.3682,0,1.5,0.6409,58.04,0,SYNTHETIC
0.6937,0.5055,0.7741,0,0.2381,0,58.13,0.4953,53.39,0,SYNTHETIC
0.8663,0.7276,0.7475,0,0.1019,0,1.44,0.3116,65.1,0,SYNTHETIC
0.571,0.5347,0.4684,1,-0.0658,2,18.0,0.96,71.92,1,SYNTHETIC
0.5165,0.2736,0.5892,1,-0.0562,4,18.02,0.4772,41.94,0,SYNTHETIC
0.765,0.5967,0.5601,2,0.229,2,10.41,0.5498,26.61,0,SYNTHETIC
0.5443,0.4656,0.6176,1,0.0822,0,11.98,0.8965,59.23,1,SYNTHETIC
0.3803,0.1873,0.5959,1,0.1533,1,8.59,0.7631,23.04,0,SYNTHETIC
0.8613,0.6479,0.2606,4,-0.0262,1,42.93,0.8393,30.77,0,SYNTHETIC
0.8186,0.6484,0.7473,2,0.0039,0,24.97,0.1787,34.07,0,SYNTHETIC
0.8137,0.7676,0.5563,1,0.0384,1,17.14,0.7307,62.94,0,SYNTHETIC
0.4173,0.3755,0.9332,0,-0.081,0,10.06,0.4782,46.93,0,SYNTHETIC
0.553,0.4622,0.6409,2,0.3137,2,37.15,0.7572,47.48,0,SYNTHETIC
0.4811,0.3988,0.4376,2,0.0209,0,9.11,0.3886,56.15,1,SYNTHETIC
0.5869,0.5755,0.3725,4,-0.0467,2,9.41,0.8632,61.33,0,SYNTHETIC
0.7148,0.6218,0.8387,0,-0.0309,1,9.26,0.4316,39.63,0,SYNTHETIC
0.6926,0.485,0.4085,3,0.1431,0,1.79,0.5722,40.91,1,SYNTHETIC
0.6753,0.4754,0.7528,0,0.0668,0,10.08,0.6584,35.25,0,SYNTHETIC
0.4674,0.4103,0.7082,0,-0.056,1,12.14,0.8075,74.1,1,SYNTHETIC
0.5226,0.3633,0.7779,1,0.1721,0,14.29,0.924,46.79,0,SYNTHETIC
0.7595,0.5623,0.2565,4,-0.3096,2,29.45,0.7219,52.29,0,SYNTHETIC
0.5509,0.3738,0.7863,0,0.0238,2,20.69,0.3984,80.33,1,SYNTHETIC
0.1666,0.0,0.352,5,0.2143,1,0.42,0.4256,70.83,1,SYNTHETIC
0.509,0.3628,0.6275,1,-0.2474,1,9.31,0.3518,45.28,1,SYNTHETIC
0.3055,0.1433,0.3432,2,0.1249,2,30.18,0.1812,52.65,0,SYNTHETIC
0.5822,0.4754,0.4256,1,0.0747,0,4.26,0.6471,71.65,1,SYNTHETIC
0.6313,0.6303,0.352,6,0.0199,1,12.33,0.8274,72.9,1,SYNTHETIC
0.368,0.2281,0.2476,3,0.0392,2,11.06,0.9468,31.1,0,SYNTHETIC
0.4967,0.2687,0.5983,6,0.2583,4,0.53,0.6189,14.56,1,SYNTHETIC
0.6903,0.6254,0.4174,3,-0.1347,3,5.86,0.6307,70.28,0,SYNTHETIC
0.4215,0.4173,0.5785,1,-0.0243,1,17.24,0.6909,59.74,0,SYNTHETIC
0.6409,0.6278,0.5556,1,0.0948,1,7.02,0.8135,23.12,1,SYNTHETIC
0.3849,0.1977,0.6497,5,-0.1246,0,10.24,0.6292,48.15,0,SYNTHETIC
0.3063,0.079,0.7302,2,0.0626,2,19.09,0.7468,54.39,0,SYNTHETIC
0.8083,0.5924,0.4979,5,0.1175,1,3.99,0.5862,76.18,0,SYNTHETIC
0.3332,0.2898,0.2415,4,-0.0662,1,23.56,0.9589,45.75,0,SYNTHETIC
0.6017,0.4618,0.5456,2,0.0641,4,0.37,0.1751,65.29,0,SYNTHETIC
0.6084,0.4947,0.5839,3,0.0937,2,11.21,0.3015,26.94,1,SYNTHETIC
0.5433,0.3891,0.8283,0,0.2646,0,12.6,0.8782,60.64,0,SYNTHETIC
0.5213,0.4827,0.6649,3,-0.1597,0,18.34,0.9304,46.08,0,SYNTHETIC
0.6278,0.4957,0.7117,1,-0.0983,5,12.41,0.5663,28.58,1,SYNTHETIC
0.908,0.7518,0.6796,1,0.0346,4,15.96,0.6338,59.37,0,SYNTHETIC
0.5939,0.3472,0.716,1,-0.1907,2,17.85,0.6197,62.55,1,SYNTHETIC
0.7012,0.5777,0.6222,4,-0.0377,1,6.77,0.5138,28.66,0,SYNTHETIC
0.6591,0.5025,0.6784,2,0.1563,1,63.14,0.6475,37.73,1,SYNTHETIC
0.4358,0.1989,0.5104,3,0.1321,0,16.66,0.6851,52.53,1,SYNTHETIC
0.4391,0.2677,0.5085,4,0.1338,0,4.89,0.9377,82.71,0,SYNTHETIC
0.7722,0.7705,0.9169,0,0.1852,1,0.48,0.4219,41.53,0,SYNTHETIC
0.2984,0.1105,0.5114,1,-0.0331,0,7.59,0.3131,67.62,0,SYNTHETIC
0.657,0.4092,0.8195,1,-0.1217,2,2.35,0.4627,75.93,1,SYNTHETIC
0.57,0.3637,0.6301,1,-0.044,1,17.02,0.6138,24.87,0,SYNTHETIC
0.167,0.0747,0.3516,3,0.2602,1,2.13,0.6492,17.63,0,SYNTHETIC
0.5396,0.428,0.6898,3,0.0394,1,2.22,0.7162,49.95,0,SYNTHETIC
0.5497,0.5435,0.4758,2,0.3202,1,36.76,0.554,38.31,0,SYNTHETIC
0.4785,0.2777,0.5357,1,-0.1455,1,25.79,0.8661,66.78,1,SYNTHETIC
0.5663,0.472,0.6025,1,0.0827,2,17.21,0.5661,65.06,1,SYNTHETIC
0.6894,0.5941,0.5796,3,0.2433,2,34.7,0.4051,71.39,1,SYNTHETIC
0.4559,0.3327,0.4532,4,0.0021,0,17.6,0.4505,58.23,0,SYNTHETIC
0.5372,0.3344,0.7664,1,-0.2175,0,3.16,0.619,31.1,0,SYNTHETIC
0.423,0.3088,0.577,5,-0.1385,1,2.56,0.5454,42.37,0,SYNTHETIC
0.5532,0.4767,0.455,4,-0.1697,0,2.73,0.8188,38.24,0,SYNTHETIC
0.6625,0.6288,0.6626,3,0.1001,1,13.05,0.3994,87.56,1,SYNTHETIC
0.7435,0.6937,0.5914,1,0.2821,2,4.37,0.6967,12.08,0,SYNTHETIC
0.5401,0.3221,0.3277,2,0.2961,1,20.48,0.6065,24.97,0,SYNTHETIC
0.5542,0.372,0.6365,6,-0.3018,3,23.51,0.8853,31.38,1,SYNTHETIC
0.2658,0.1489,0.4131,1,0.1907,1,0.47,0.5824,8.77,1,SYNTHETIC
0.4936,0.4289,0.4988,2,0.1053,2,7.15,0.5957,59.95,1,SYNTHETIC
0.6057,0.5967,0.3506,2,-0.1791,2,1.0,0.4495,22.85,0,SYNTHETIC
0.7302,0.6716,0.5521,2,-0.1568,1,4.59,0.3021,61.94,0,SYNTHETIC
0.5233,0.3321,0.3566,3,0.0593,3,7.7,0.6991,50.32,1,SYNTHETIC
0.7754,0.6176,0.3162,3,0.0574,2,4.33,0.2043,22.46,1,SYNTHETIC
0.7394,0.7345,0.3958,2,-0.0249,3,58.6,0.6539,59.14,0,SYNTHETIC
0.4604,0.3933,0.4267,1,-0.1912,1,8.58,0.8859,53.43,0,SYNTHETIC
0.4684,0.2604,0.5566,3,-0.0127,2,16.38,0.6929,61.77,0,SYNTHETIC
0.6805,0.6175,0.8517,0,0.1433,2,3.86,0.5899,11.3,0,SYNTHETIC
0.6079,0.4126,0.6824,1,-0.123,4,6.23,0.5397,64.65,1,SYNTHETIC
0.5895,0.3643,0.8232,1,-0.0277,0,6.72,0.4047,43.27,0,SYNTHETIC
0.7289,0.5412,0.4681,0,0.0283,2,9.5,0.6921,71.72,1,SYNTHETIC
0.4274,0.3124,0.4767,2,0.2321,2,33.72,0.2682,46.52,0,SYNTHETIC
0.6472,0.4196,0.5306,0,-0.0105,2,0.6,0.1758,67.16,0,SYNTHETIC
0.2665,0.237,0.8631,1,0.0767,5,58.59,0.7722,77.38,1,SYNTHETIC
0.6473,0.4682,0.5385,2,0.1193,0,1.85,0.41,40.59,0,SYNTHETIC
0.6108,0.4776,0.5133,4,0.027,4,8.63,0.4819,55.94,0,SYNTHETIC
0.6723,0.5213,0.7638,1,0.0414,2,0.11,0.3278,66.15,1,SYNTHETIC
0.4682,0.4331,0.645,0,0.2686,1,16.14,0.6297,52.2,0,SYNTHETIC
0.6889,0.4644,0.4047,3,-0.1862,1,4.8,0.5905,79.97,1,SYNTHETIC
0.6019,0.555,0.7386,3,0.1819,1,0.83,0.3722,60.22,0,SYNTHETIC
0.8686,0.7072,0.6448,4,0.1458,4,3.9,0.6835,83.72,0,SYNTHETIC
0.6708,0.5142,0.6734,2,0.1191,2,38.8,0.8153,54.66,0,SYNTHETIC
0.6516,0.5722,0.7766,3,0.2974,1,9.17,0.794,63.06,0,SYNTHETIC
0.3779,0.1899,0.7494,2,0.039,4,0.8,0.2292,10.27,0,SYNTHETIC
0.2684,0.1201,0.5469,3,0.0309,1,12.2,0.944,72.24,0,SYNTHETIC
0.358,0.1206,0.7356,2,-0.0242,2,0.97,0.6183,66.28,1,SYNTHETIC
0.7323,0.6396,0.9119,0,0.2382,0,28.57,0.5612,48.62,0,SYNTHETIC
0.6062,0.4839,0.3754,0,-0.1108,3,4.75,0.5677,78.63,0,SYNTHETIC
0.9226,0.6906,0.3874,3,-0.0185,2,0.37,0.7293,68.13,0,SYNTHETIC
0.6644,0.6047,0.561,3,0.1602,3,30.75,0.789,50.37,0,SYNTHETIC
0.4793,0.4531,0.5665,3,0.237,1,18.49,0.8522,44.41,0,SYNTHETIC
0.253,0.1443,0.5126,4,-0.1478,3,0.14,0.4775,72.52,0,SYNTHETIC
0.5489,0.3877,0.8165,2,0.1468,1,6.4,0.3708,24.22,0,SYNTHETIC
0.7253,0.5255,0.4315,5,0.027,3,2.25,0.5144,57.47,0,SYNTHETIC
0.5904,0.5283,0.2609,6,0.0917,1,15.8,0.8364,71.31,1,SYNTHETIC
0.7112,0.6308,0.9062,0,0.0814,1,6.17,0.6865,85.37,0,SYNTHETIC
0.6953,0.6589,0.5731,1,0.0737,0,18.69,0.2426,57.08,0,SYNTHETIC
0.8242,0.6358,0.6894,5,-0.0887,3,7.9,0.5642,45.2,0,SYNTHETIC
0.6048,0.5913,0.759,1,0.1265,1,10.14,0.6434,44.73,0,SYNTHETIC
0.8298,0.7839,0.7817,2,0.003,0,5.65,0.7949,63.48,0,SYNTHETIC
0.6852,0.5553,0.6727,0,0.1142,1,12.59,0.7482,27.4,1,SYNTHETIC
0.6672,0.581,0.3255,4,-0.0698,2,17.45,0.3904,39.89,0,SYNTHETIC
0.4032,0.1831,0.5521,5,-0.104,0,12.76,0.3636,57.54,0,SYNTHETIC
0.7683,0.5685,0.6506,3,0.3637,0,16.41,0.7089,57.07,0,SYNTHETIC
0.5469,0.3409,0.5713,2,-0.062,1,19.15,0.4894,43.38,1,SYNTHETIC
0.1318,0.0,0.6702,0,0.2268,0,10.89,0.7799,19.8,0,SYNTHETIC
0.5761,0.3897,0.24,2,0.0729,3,5.85,0.2844,48.54,1,SYNTHETIC
0.2196,0.0343,0.39,3,0.1315,1,10.04,0.4892,46.21,0,SYNTHETIC
0.6932,0.5384,0.366,5,-0.1163,2,0.61,0.8349,57.27,1,SYNTHETIC
0.6438,0.4347,0.5564,5,-0.0226,1,18.06,0.9547,27.9,0,SYNTHETIC
0.7235,0.5442,0.6939,3,-0.1291,3,17.72,0.0669,44.89,1,SYNTHETIC
0.6257,0.5737,0.7212,1,0.1286,2,12.86,0.9477,79.96,0,SYNTHETIC
0.6822,0.5465,0.7143,2,0.0555,0,18.13,0.7066,62.07,0,SYNTHETIC
0.7127,0.6081,0.8191,0,0.0502,4,18.92,0.8696,58.58,1,SYNTHETIC
0.36,0.1883,0.3747,2,0.0069,2,1.48,0.7039,81.32,1,SYNTHETIC
0.6801,0.6205,0.269,3,-0.045,0,7.82,0.5493,61.86,0,SYNTHETIC
0.6219,0.3823,0.5089,3,0.0285,1,5.0,0.6485,47.16,1,SYNTHETIC
0.742,0.7309,0.3497,4,0.0699,2,6.86,0.6899,74.5,0,SYNTHETIC
0.8124,0.6824,0.7979,3,0.0929,0,5.38,0.7554,44.26,0,SYNTHETIC
0.4919,0.4043,0.7983,1,-0.1185,0,17.96,0.8444,27.58,0,SYNTHETIC
0.5647,0.4357,0.7749,1,-0.1011,1,20.44,0.742,43.0,0,SYNTHETIC
0.4848,0.4034,0.7998,1,0.0285,1,6.16,0.8127,21.5,1,SYNTHETIC
0.5638,0.5057,0.2663,2,0.0764,1,9.16,0.655,16.6,0,SYNTHETIC
0.588,0.5732,0.7288,6,0.3538,0,19.53,0.1688,38.48,0,SYNTHETIC
0.2238,0.0905,0.6232,2,-0.0048,1,11.81,0.5295,23.76,0,SYNTHETIC
0.9047,0.7693,0.4453,2,0.057,3,6.96,0.3215,48.19,0,SYNTHETIC
0.6654,0.427,0.5892,1,0.133,2,2.67,0.3872,52.31,1,SYNTHETIC
0.6361,0.4361,0.529,1,0.0664,1,3.65,0.8395,72.67,0,SYNTHETIC
0.4508,0.4141,0.5156,2,0.2745,3,9.48,0.8238,55.13,0,SYNTHETIC
0.6108,0.516,0.627,1,-0.0047,2,8.47,0.2318,32.75,1,SYNTHETIC
0.4823,0.2526,0.4294,3,-0.0596,1,7.54,0.719,73.83,1,SYNTHETIC
0.8499,0.6974,0.5201,1,0.1067,2,1.95,0.3067,44.82,0,SYNTHETIC
0.4176,0.2329,0.3635,5,0.0796,2,0.91,0.7337,36.28,0,SYNTHETIC
0.5617,0.4492,0.6508,3,0.1039,0,9.1,0.7844,27.01,0,SYNTHETIC
0.5922,0.5673,0.5836,3,-0.0234,0,1.34,0.4027,52.75,1,SYNTHETIC
0.4564,0.2838,0.6812,4,-0.2306,1,16.02,0.3752,53.76,1,SYNTHETIC
0.3941,0.37,0.4267,6,0.0957,1,35.94,0.5025,45.42,1,SYNTHETIC
0.858,0.6242,0.7428,2,-0.2515,1,1.86,0.6897,28.88,1,SYNTHETIC
0.6344,0.5381,0.7079,3,0.2405,2,23.97,0.6305,74.71,0,SYNTHETIC
0.7909,0.7357,0.3244,4,-0.1402,0,6.74,0.6648,67.31,0,SYNTHETIC
0.5629,0.5149,0.6433,1,0.0015,0,43.72,0.5952,53.49,0,SYNTHETIC
0.541,0.4337,0.7023,0,0.3321,2,13.58,0.3152,28.71,1,SYNTHETIC
0.2365,0.0545,0.5298,2,0.0181,2,5.91,0.8913,29.88,0,SYNTHETIC
0.6449,0.4636,0.5977,1,0.1491,1,8.27,0.5801,64.02,1,SYNTHETIC
0.3799,0.184,0.7749,0,-0.2394,2,14.45,0.4028,48.15,0,SYNTHETIC
0.72,0.4765,0.5854,3,-0.0717,1,5.89,0.142,74.34,0,SYNTHETIC
0.67,0.4344,0.4478,4,0.2162,1,0.4,0.2719,60.87,1,SYNTHETIC
0.7325,0.6109,0.7886,2,-0.1254,2,23.15,0.7373,56.61,0,SYNTHETIC
0.7336,0.7334,0.5777,2,0.3405,2,16.35,0.8378,46.24,1,SYNTHETIC
0.4301,0.4028,0.7791,1,-0.2856,2,32.75,0.7901,20.22,0,SYNTHETIC
0.3446,0.1674,0.7114,2,-0.1718,2,5.89,0.4238,45.43,0,SYNTHETIC
0.6958,0.527,0.5837,6,0.0654,1,2.73,0.6486,70.36,0,SYNTHETIC
0.6399,0.4313,0.4676,2,-0.0091,1,29.31,0.6479,41.85,0,SYNTHETIC
0.3191,0.3011,0.6133,2,-0.0852,0,0.09,0.3859,70.47,0,SYNTHETIC
0.5777,0.5209,0.8222,1,0.0526,0,0.88,0.5011,84.21,0,SYNTHETIC
0.3228,0.1745,0.409,3,-0.0906,1,8.54,0.9757,29.65,0,SYNTHETIC
0.5711,0.5398,0.865,1,0.0795,2,44.62,0.8645,29.86,0,SYNTHETIC
0.6027,0.6024,0.6233,0,0.1265,2,21.27,0.6842,73.73,0,SYNTHETIC
0.9065,0.6629,0.3119,4,0.0876,2,57.84,0.4058,21.06,0,SYNTHETIC
0.5531,0.3173,0.2427,5,0.0512,2,51.35,0.7934,21.7,0,SYNTHETIC
0.7312,0.7206,0.49,2,-0.0013,2,5.2,0.5721,56.93,0,SYNTHETIC
0.5654,0.3558,0.395,1,0.1976,2,1.98,0.9462,55.66,1,SYNTHETIC
0.8228,0.6585,0.6084,0,-0.2654,0,1.54,0.4733,75.79,1,SYNTHETIC
0.4927,0.4411,0.5333,4,0.0886,1,4.88,0.4924,87.55,0,SYNTHETIC
0.3312,0.173,0.554,1,0.1424,2,34.08,0.8612,51.36,0,SYNTHETIC
0.3159,0.1457,0.4953,2,-0.1673,4,6.94,0.5814,62.94,0,SYNTHETIC
0.3619,0.2439,0.7761,1,0.1992,2,31.3,0.472,83.22,1,SYNTHETIC
0.7595,0.7559,0.3183,5,-0.1436,2,23.44,0.545,42.45,1,SYNTHETIC
0.3418,0.1249,0.1509,8,0.2726,2,10.5,0.5957,36.79,1,SYNTHETIC
0.5929,0.4004,0.4696,3,-0.0675,1,4.4,0.4657,29.57,0,SYNTHETIC
0.6232,0.4939,0.8554,0,-0.0098,1,7.3,0.7751,43.25,0,SYNTHETIC
0.7462,0.5764,0.7993,2,0.2233,2,2.57,0.5711,83.35,1,SYNTHETIC
0.7384,0.6021,0.4452,4,-0.0745,0,39.79,0.4872,74.11,0,SYNTHETIC
0.4497,0.3125,0.2729,3,-0.0811,2,7.79,0.505,42.39,1,SYNTHETIC
0.3886,0.3021,0.4748,4,-0.0054,3,10.64,0.6527,85.5,1,SYNTHETIC
0.3104,0.0909,0.435,0,0.1875,2,1.41,0.2177,17.4,0,SYNTHETIC
0.4409,0.4,0.7084,0,0.0563,0,11.5,0.7138,22.02,1,SYNTHETIC
0.6593,0.5019,0.6967,1,0.1506,4,3.13,0.4327,54.48,0,SYNTHETIC
0.7718,0.6509,0.2423,3,-0.0586,0,2.5,0.508,53.26,0,SYNTHETIC
0.3255,0.2804,0.6737,2,0.0448,3,1.23,0.4915,63.25,0,SYNTHETIC
0.5412,0.5168,0.6102,1,0.2299,2,16.38,0.6038,70.27,0,SYNTHETIC
0.3938,0.2301,0.5824,5,0.3708,2,15.19,0.7398,29.7,0,SYNTHETIC
0.4816,0.2359,0.593,2,0.2708,3,2.42,0.4941,74.74,0,SYNTHETIC
0.6742,0.5441,0.7495,4,0.3321,1,6.37,0.6286,37.62,1,SYNTHETIC
0.7923,0.6843,0.5455,1,-0.0504,1,11.82,0.5787,12.49,1,SYNTHETIC
0.7047,0.617,0.7135,0,0.1584,0,3.69,0.5817,34.4,0,SYNTHETIC
0.7017,0.6662,0.3726,6,-0.0002,0,2.99,0.8902,35.6,0,SYNTHETIC
0.6491,0.6092,0.465,3,0.0171,2,1.43,0.5152,78.51,0,SYNTHETIC
0.6951,0.4884,0.8014,4,-0.0136,0,19.04,0.3225,72.78,1,SYNTHETIC
0.7018,0.6055,0.7935,1,0.0014,2,13.58,0.9854,59.1,0,SYNTHETIC
0.8756,0.756,0.429,1,0.1542,2,6.16,0.266,61.49,0,SYNTHETIC
0.9009,0.654,0.543,1,-0.0544,2,2.03,0.6412,52.05,1,SYNTHETIC
0.7512,0.6425,0.6961,2,-0.2885,0,1.6,0.7317,55.11,0,SYNTHETIC
0.6616,0.4888,0.7037,2,0.2855,1,27.08,0.6167,37.79,1,SYNTHETIC
0.3278,0.1967,0.5777,1,-0.1305,2,2.07,0.9035,55.01,1,SYNTHETIC
0.5911,0.3775,0.5585,2,0.1448,1,9.33,0.5882,55.71,0,SYNTHETIC
0.8388,0.5957,0.6024,5,0.092,3,13.68,0.9117,59.27,0,SYNTHETIC
0.56,0.5545,0.4665,2,0.0564,1,8.09,0.8779,57.02,0,SYNTHETIC
0.8102,0.7222,0.6897,0,-0.1042,1,26.06,0.5237,55.83,0,SYNTHETIC
0.2564,0.0393,0.8207,2,-0.1075,2,14.84,0.4172,17.33,0,SYNTHETIC
0.4164,0.2528,0.6528,1,-0.1035,3,13.34,0.6738,43.36,0,SYNTHETIC
0.6109,0.4854,0.2983,3,-0.0412,0,16.49,0.4685,49.69,0,SYNTHETIC
0.7917,0.755,0.5752,1,0.1614,3,6.7,0.5934,40.69,0,SYNTHETIC
0.2166,0.1877,0.6531,1,0.0906,1,4.43,0.4876,73.77,0,SYNTHETIC
0.8164,0.6744,0.4551,2,-0.1273,1,6.56,0.3822,44.41,0,SYNTHETIC
0.6244,0.5459,0.8573,0,0.2108,2,10.49,0.6901,46.62,0,SYNTHETIC
0.3061,0.1277,0.7564,1,0.0356,2,12.05,0.7271,43.31,0,SYNTHETIC
0.7061,0.5873,0.5264,3,0.0078,0,17.23,0.4531,53.4,0,SYNTHETIC
0.5561,0.3935,0.8847,0,0.0845,0,2.79,0.4183,35.84,0,SYNTHETIC
0.7692,0.6152,0.4331,5,0.0007,2,28.94,0.648,24.6,0,SYNTHETIC
0.647,0.5514,0.5576,6,0.3487,1,2.66,0.2075,47.21,0,SYNTHETIC
0.2588,0.187,0.243,3,0.1295,2,11.5,0.2206,69.96,1,SYNTHETIC
0.5943,0.5525,0.8643,0,0.0089,1,16.08,0.7192,56.56,0,SYNTHETIC
0.4225,0.3301,0.7713,2,-0.1645,1,8.09,0.5583,37.15,0,SYNTHETIC
0.2646,0.1902,0.5879,1,0.2466,2,1.93,0.6875,83.76,0,SYNTHETIC
0.8574,0.8176,0.7274,1,0.1021,2,17.64,0.7625,55.22,0,SYNTHETIC
0.9489,0.8699,0.4577,4,0.1029,2,0.05,0.305,56.94,1,SYNTHETIC
0.7353,0.6862,0.378,5,0.2584,1,6.07,0.8299,17.73,0,SYNTHETIC
0.6389,0.3962,0.3761,4,0.2224,1,25.18,0.3229,26.96,1,SYNTHETIC
0.6525,0.5704,0.5999,3,0.1834,1,13.1,0.2862,31.07,1,SYNTHETIC
0.6089,0.5268,0.7632,1,0.2038,1,28.67,0.4955,49.97,0,SYNTHETIC
0.4302,0.3222,0.4651,4,-0.0772,1,35.11,0.3354,33.95,0,SYNTHETIC
0.5679,0.4551,0.4391,5,-0.18,3,7.49,0.4809,34.58,0,SYNTHETIC
0.7965,0.6846,0.488,4,0.0633,0,4.8,0.5603,58.52,1,SYNTHETIC
0.5347,0.2977,0.4767,2,-0.2146,1,28.69,0.8498,72.49,0,SYNTHETIC
0.7331,0.6114,0.4505,4,0.0835,3,5.72,0.666,40.39,0,SYNTHETIC
0.5723,0.3475,0.4772,3,0.0087,1,0.78,0.3374,64.27,0,SYNTHETIC
0.7214,0.6329,0.8824,2,0.1871,1,2.15,0.2774,53.45,0,SYNTHETIC
0.5628,0.4255,0.6217,0,0.0186,1,2.57,0.7552,51.45,0,SYNTHETIC
0.7503,0.6927,0.9079,0,0.1798,1,14.62,0.3047,61.88,1,SYNTHETIC
0.649,0.5268,0.4358,0,-0.1225,2,26.2,0.3424,62.07,0,SYNTHETIC
0.479,0.3865,0.5271,4,0.0971,1,3.85,0.5948,39.94,0,SYNTHETIC
0.5858,0.4539,0.6165,2,0.0968,2,0.69,0.5333,42.31,1,SYNTHETIC
0.7612,0.5779,0.5348,3,-0.0062,1,3.09,0.767,64.89,0,SYNTHETIC
0.6365,0.5178,0.7849,0,0.0014,4,0.38,0.7764,50.96,0,SYNTHETIC
0.5184,0.3229,0.7747,0,0.0144,2,6.39,0.4283,37.75,0,SYNTHETIC
0.5862,0.3572,0.436,4,0.0697,3,23.69,0.8543,34.09,0,SYNTHETIC
0.5469,0.3716,0.2472,7,0.3406,1,8.84,0.833,88.8,0,SYNTHETIC
0.568,0.4006,0.4349,0,0.0894,2,21.0,0.9501,56.53,0,SYNTHETIC
0.6189,0.4547,0.7862,0,-0.1363,5,10.19,0.8263,67.78,0,SYNTHETIC
0.391,0.2231,0.3549,0,0.2802,0,17.8,0.5173,37.57,0,SYNTHETIC
0.8656,0.7791,0.6134,7,-0.1255,0,0.98,0.3354,62.56,1,SYNTHETIC
0.5508,0.5328,0.8801,0,0.058,1,11.0,0.5684,43.91,0,SYNTHETIC
0.1846,0.054,0.5471,2,0.3795,0,12.82,0.7539,14.31,0,SYNTHETIC
0.5938,0.3884,0.8619,0,0.0609,1,34.87,0.5939,72.29,0,SYNTHETIC
0.7127,0.7112,0.4876,1,-0.1228,0,4.95,0.1547,77.02,0,SYNTHETIC
0.4772,0.2678,0.3701,6,0.0595,0,12.89,0.3018,48.33,0,SYNTHETIC
0.8195,0.7155,0.5416,2,-0.0776,2,5.47,0.4806,26.88,1,SYNTHETIC
0.3376,0.3177,0.5343,1,-0.0225,0,8.79,0.738,72.88,1,SYNTHETIC
0.6698,0.542,0.4324,1,0.2164,0,1.48,0.572,4.58,0,SYNTHETIC
0.7366,0.7275,0.231,2,0.4281,2,2.77,0.869,88.78,0,SYNTHETIC
0.4207,0.3355,0.5793,5,0.2138,2,34.1,0.6691,71.93,0,SYNTHETIC
0.7941,0.6664,0.8205,1,0.1164,2,5.06,0.2855,47.65,1,SYNTHETIC
0.5656,0.413,0.5227,2,-0.0306,1,0.24,0.6261,42.26,0,SYNTHETIC
0.7161,0.5983,0.6872,1,0.1729,2,2.32,0.9156,31.71,0,SYNTHETIC
0.1926,0.1413,0.4308,0,0.1418,1,10.26,0.5772,44.56,0,SYNTHETIC
0.5625,0.3607,0.427,4,0.1097,2,0.71,0.2797,58.3,0,SYNTHETIC
0.6548,0.4849,0.7534,3,-0.0853,3,0.33,0.5501,32.29,0,SYNTHETIC
0.6389,0.4568,0.7171,0,-0.1936,0,8.65,0.5624,26.46,0,SYNTHETIC
0.6122,0.495,0.5913,4,0.281,0,5.45,0.4463,37.99,0,SYNTHETIC
0.6622,0.4804,0.1476,3,0.0343,2,0.41,0.5985,62.36,0,SYNTHETIC
0.3708,0.2218,0.5117,2,0.1235,2,1.18,0.8209,96.42,0,SYNTHETIC
0.6028,0.3764,0.7454,1,0.3577,3,0.65,0.7972,39.32,0,SYNTHETIC
0.4087,0.3191,0.4779,2,-0.0314,0,15.02,0.48,54.33,1,SYNTHETIC
0.3147,0.135,0.6329,5,0.025,1,28.24,0.5579,82.94,0,SYNTHETIC
0.4629,0.4256,0.6564,1,0.0533,2,7.09,0.7686,68.14,1,SYNTHETIC
0.4727,0.2592,0.4725,2,0.2772,0,0.49,0.3677,63.25,0,SYNTHETIC
0.7755,0.5853,0.5756,1,-0.2625,2,0.83,0.6472,23.82,0,SYNTHETIC
0.7603,0.5402,0.4348,0,-0.0262,4,7.97,0.6028,39.75,0,SYNTHETIC
0.4761,0.2402,0.4372,3,0.1332,1,38.66,0.7206,61.88,0,SYNTHETIC
0.4556,0.3004,0.4104,5,-0.2552,2,11.46,0.6888,37.33,1,SYNTHETIC
0.4869,0.2441,0.5154,2,-0.1155,1,5.69,0.6903,57.95,1,SYNTHETIC
0.4332,0.3816,0.3723,3,0.0375,1,13.63,0.2367,29.18,0,SYNTHETIC
0.6634,0.4486,0.368,3,-0.0796,2,7.78,0.7792,28.24,0,SYNTHETIC
0.36,0.2317,0.7005,1,-0.0816,3,47.3,0.5501,19.77,0,SYNTHETIC
0.7473,0.7027,0.7602,2,0.1485,0,24.07,0.4275,56.81,0,SYNTHETIC
0.3552,0.3299,0.7373,1,0.3032,2,19.39,0.2943,72.81,0,SYNTHETIC
0.6326,0.4956,0.6349,2,0.0859,3,8.13,0.7177,68.98,1,SYNTHETIC
0.5789,0.5633,0.4006,4,0.0312,4,6.08,0.7617,32.63,0,SYNTHETIC
0.3438,0.2635,0.8838,0,-0.0961,2,14.9,0.5475,48.33,0,SYNTHETIC
0.3834,0.1798,0.8195,0,-0.0516,0,4.49,0.3574,61.74,0,SYNTHETIC
0.333,0.3102,0.6219,4,0.0311,0,1.26,0.3448,74.32,1,SYNTHETIC
0.5785,0.4174,0.6962,3,-0.069,0,1.64,0.5184,45.97,0,SYNTHETIC
0.6017,0.3794,0.4582,4,-0.0519,1,10.7,0.7186,32.3,0,SYNTHETIC
0.7068,0.6857,0.3922,1,-0.0415,3,1.82,0.5078,43.56,1,SYNTHETIC
0.6125,0.4455,0.8822,1,0.051,2,17.05,0.7633,62.58,1,SYNTHETIC
0.5114,0.4072,0.4869,0,0.1484,1,0.82,0.5002,79.37,1,SYNTHETIC
0.6518,0.5113,0.7095,1,-0.2382,1,0.2,0.5388,68.72,0,SYNTHETIC
0.3824,0.3048,0.7914,1,-0.1796,0,4.35,0.9001,48.56,0,SYNTHETIC
0.5016,0.4783,0.5975,3,-0.0041,1,3.18,0.7911,25.8,1,SYNTHETIC
0.6383,0.6107,0.2718,3,0.0823,1,23.0,0.3455,35.83,0,SYNTHETIC
0.6045,0.4911,0.6504,3,0.2292,2,7.59,0.5169,13.41,0,SYNTHETIC
0.1627,0.0691,0.613,3,-0.048,2,0.88,0.0998,12.89,0,SYNTHETIC
0.5613,0.4152,0.6249,0,0.1561,5,0.19,0.8417,36.24,0,SYNTHETIC
0.6056,0.4643,0.3702,3,0.3268,1,5.57,0.4907,32.61,1,SYNTHETIC
0.4006,0.3586,0.2851,3,0.2048,4,3.33,0.5544,47.46,0,SYNTHETIC
0.4152,0.3411,0.5919,3,-0.0009,0,12.06,0.8946,44.65,0,SYNTHETIC
0.5476,0.3416,0.4145,3,0.2275,3,7.99,0.6018,31.81,0,SYNTHETIC
0.8157,0.7682,0.4064,0,0.0808,2,30.05,0.2427,50.81,0,SYNTHETIC
0.4907,0.3382,0.7422,1,0.2839,2,7.06,0.829,51.43,1,SYNTHETIC
0.5119,0.4393,0.7691,3,-0.0121,1,17.68,0.7177,51.12,1,SYNTHETIC
0.6712,0.58,0.4888,3,-0.0089,3,6.25,0.6206,35.38,0,SYNTHETIC
0.8214,0.6874,0.8093,1,-0.0072,3,6.31,0.689,46.99,0,SYNTHETIC
0.8114,0.5852,0.6403,4,0.12,4,5.91,0.7158,70.72,0,SYNTHETIC
0.3451,0.3314,0.3215,2,0.1829,1,7.37,0.4448,42.29,0,SYNTHETIC
0.6575,0.4753,0.2154,0,0.1412,1,1.96,0.7607,50.05,0,SYNTHETIC
0.4366,0.2724,0.3247,6,0.2522,1,12.09,0.7216,36.63,1,SYNTHETIC
0.5738,0.3562,0.5648,1,0.0133,0,31.58,0.8163,6.74,0,SYNTHETIC
0.6209,0.3997,0.6382,0,0.009,2,3.98,0.6927,54.19,1,SYNTHETIC
0.6379,0.5748,0.7087,3,-0.0932,2,2.34,0.1623,61.38,0,SYNTHETIC
0.5999,0.5214,0.6351,3,0.1816,0,0.79,0.7366,43.42,0,SYNTHETIC
0.4796,0.3968,0.493,3,-0.0566,5,6.59,0.8268,35.45,1,SYNTHETIC
0.2844,0.1253,0.812,0,-0.0537,2,3.3,0.9315,60.04,0,SYNTHETIC
0.8195,0.8159,0.3369,2,-0.3454,0,26.98,0.6073,38.38,0,SYNTHETIC
0.6331,0.491,0.8068,2,-0.1597,0,47.59,0.9395,12.91,0,SYNTHETIC
0.4661,0.3822,0.7692,2,0.0395,1,42.44,0.9022,53.66,1,SYNTHETIC
0.1964,0.0315,0.5487,1,0.0231,3,22.78,0.6123,88.62,1,SYNTHETIC
0.7052,0.4986,0.6395,0,0.0691,1,18.52,0.5539,77.02,1,SYNTHETIC
0.7223,0.5527,0.6423,1,-0.2033,0,3.82,0.7497,24.7,1,SYNTHETIC
0.3973,0.2121,0.5717,4,-0.0466,0,0.41,0.7328,69.98,0,SYNTHETIC
0.4101,0.177,0.7409,1,0.1601,2,21.88,0.6667,54.45,0,SYNTHETIC
0.6418,0.3958,0.3968,2,-0.2711,4,13.27,0.2528,69.8,1,SYNTHETIC
0.6945,0.613,0.3478,3,0.1798,2,4.28,0.4775,33.08,0,SYNTHETIC
0.7372,0.6034,0.5761,0,-0.0381,3,5.57,0.7048,65.62,0,SYNTHETIC
0.4419,0.3405,0.6862,3,0.0207,3,10.54,0.3039,77.27,1,SYNTHETIC
0.5697,0.4612,0.3388,6,-0.0276,1,6.07,0.8806,77.57,0,SYNTHETIC
0.5453,0.3204,0.592,1,0.2539,3,1.23,0.9169,60.14,0,SYNTHETIC
0.6321,0.6104,0.6109,2,0.0184,2,120.72,0.7215,72.37,0,SYNTHETIC
0.6348,0.5662,0.6954,0,-0.0388,1,31.21,0.8156,17.54,1,SYNTHETIC
0.4118,0.359,0.6171,2,0.2625,1,4.81,0.6624,52.71,0,SYNTHETIC
0.5706,0.3468,0.5346,1,-0.0613,3,0.07,0.4437,29.79,1,SYNTHETIC
0.9278,0.8477,0.7909,1,-0.0634,1,18.62,0.5438,84.74,0,SYNTHETIC
0.5752,0.5476,0.4163,1,0.237,3,3.96,0.6442,83.03,0,SYNTHETIC
0.717,0.52,0.5599,4,0.161,1,6.72,0.7189,81.72,0,SYNTHETIC
0.3273,0.317,0.7374,1,0.1646,3,11.37,0.599,44.08,0,SYNTHETIC
0.2352,0.0,0.218,2,-0.0328,1,21.63,0.5944,43.96,1,SYNTHETIC
0.7821,0.7264,0.7505,2,0.1228,2,82.66,0.7371,73.42,1,SYNTHETIC
0.4442,0.2769,0.5433,1,0.1298,2,16.52,0.235,39.44,0,SYNTHETIC
0.6169,0.5843,0.5941,4,0.1339,1,62.27,0.4512,37.71,0,SYNTHETIC
0.2436,0.1574,0.659,1,0.2869,3,8.54,0.6329,58.53,0,SYNTHETIC
0.5008,0.4969,0.6399,2,-0.1357,0,5.2,0.7562,64.02,0,SYNTHETIC
0.6469,0.5124,0.7297,6,0.0543,2,22.84,0.4246,64.84,1,SYNTHETIC
0.756,0.7059,0.1808,4,0.1389,4,26.8,0.7395,68.22,0,SYNTHETIC
0.3131,0.0705,0.8278,0,0.0635,0,6.6,0.8083,48.58,1,SYNTHETIC
0.6602,0.6548,0.5726,2,0.0611,0,0.91,0.5351,76.51,0,SYNTHETIC
0.4912,0.4326,0.6685,1,0.0861,4,4.95,0.8834,77.1,1,SYNTHETIC
0.4239,0.2634,0.6754,2,0.0012,1,42.82,0.6313,29.22,0,SYNTHETIC
0.5242,0.2862,0.2897,8,-0.0146,1,2.68,0.3779,57.43,0,SYNTHETIC
0.4278,0.3048,0.5516,0,-0.1301,0,14.1,0.7495,59.3,1,SYNTHETIC
0.5014,0.3975,0.6708,0,0.1948,3,5.68,0.3758,53.09,0,SYNTHETIC
0.4983,0.4754,0.7706,1,0.185,1,6.16,0.5975,78.54,1,SYNTHETIC
0.7761,0.6714,0.5345,5,-0.0646,3,0.65,0.7307,60.1,1,SYNTHETIC
0.5859,0.4043,0.6446,5,-0.031,3,7.26,0.6259,33.16,0,SYNTHETIC
0.1596,0.0456,0.7109,1,0.2539,0,31.72,0.6306,70.92,0,SYNTHETIC
0.6114,0.5538,0.3415,4,0.0971,0,9.35,0.4824,28.88,0,SYNTHETIC
0.2639,0.2094,0.2333,5,-0.0246,1,32.46,0.6436,85.19,1,SYNTHETIC
0.617,0.3704,0.4185,0,0.1534,2,4.99,0.8412,50.28,0,SYNTHETIC
0.4822,0.2517,0.5399,1,0.116,0,22.29,0.3939,80.39,0,SYNTHETIC
0.8124,0.7148,0.4809,6,-0.1392,2,5.76,0.3758,67.26,1,SYNTHETIC
0.3166,0.1274,0.5075,1,0.0427,1,20.19,0.7376,81.13,1,SYNTHETIC
0.7074,0.4942,0.4391,5,0.0647,3,1.95,0.2699,76.95,1,SYNTHETIC
0.7474,0.5983,0.4383,1,0.1645,0,2.74,0.7746,27.4,0,SYNTHETIC
0.3761,0.1473,0.8446,2,-0.0745,1,13.37,0.3116,65.8,0,SYNTHETIC
0.5098,0.2622,0.3679,2,0.1215,0,58.87,0.5399,37.44,0,SYNTHETIC
0.758,0.6853,0.6693,2,0.1257,0,4.14,0.5953,29.61,0,SYNTHETIC
0.5117,0.432,0.4723,2,-0.0681,1,11.98,0.4489,10.5,1,SYNTHETIC
0.3909,0.2022,0.6865,0,-0.049,1,19.93,0.2433,77.42,0,SYNTHETIC
0.4458,0.3344,0.3985,2,-0.0835,0,1.22,0.8388,27.94,0,SYNTHETIC
0.5381,0.4478,0.5636,2,0.0978,3,2.76,0.7735,56.38,0,SYNTHETIC
0.7115,0.5119,0.6118,0,0.0191,0,25.85,0.7475,32.43,0,SYNTHETIC
0.4107,0.4068,0.4571,0,0.0097,1,6.44,0.4206,23.53,0,SYNTHETIC
0.6948,0.4631,0.6521,2,-0.0083,1,0.6,0.7154,63.5,1,SYNTHETIC
0.4005,0.2106,0.5598,3,-0.1596,3,9.33,0.4101,42.29,0,SYNTHETIC
0.6389,0.5997,0.4141,6,-0.0759,0,30.44,0.7343,60.41,0,SYNTHETIC
0.2958,0.2323,0.5157,3,-0.0304,2,47.68,0.6399,16.6,1,SYNTHETIC
0.6167,0.5246,0.5952,2,-0.076,2,9.57,0.7876,67.53,0,SYNTHETIC
0.7094,0.5121,0.5779,2,0.1011,1,2.7,0.4389,11.28,0,SYNTHETIC
0.3185,0.158,0.5477,1,-0.0003,0,10.58,0.551,15.01,0,SYNTHETIC
0.4951,0.4066,0.5017,3,0.0745,2,12.62,0.6373,83.25,1,SYNTHETIC
0.4584,0.236,0.9091,1,-0.1992,4,10.11,0.3819,74.52,1,SYNTHETIC
0.6259,0.4464,0.6753,2,0.0603,2,28.32,0.5499,68.91,1,SYNTHETIC
0.3692,0.2175,0.689,1,0.2128,3,34.2,0.3077,65.53,0,SYNTHETIC
0.2093,0.0879,0.5246,1,0.1072,2,2.72,0.2156,9.1,1,SYNTHETIC
0.493,0.4701,0.6417,2,0.1231,1,44.0,0.4184,39.15,0,SYNTHETIC
0.7823,0.7596,0.5204,3,0.2131,3,0.39,0.7229,38.53,0,SYNTHETIC
0.7303,0.5381,0.5015,5,0.0749,3,1.73,0.2024,30.45,0,SYNTHETIC
0.3379,0.3247,0.8048,2,-0.0457,1,4.04,0.7116,59.77,1,SYNTHETIC
0.6309,0.5313,0.6461,1,0.0299,1,11.64,0.8524,46.61,0,SYNTHETIC
0.6578,0.614,0.5938,3,-0.0894,1,24.22,0.3479,70.86,0,SYNTHETIC
0.5757,0.5295,0.6981,1,0.0144,1,23.69,0.7177,9.82,0,SYNTHETIC
0.3524,0.3357,0.4669,3,0.282,1,3.68,0.8053,43.29,0,SYNTHETIC
0.6137,0.3844,0.6104,2,0.0135,1,5.7,0.2956,67.53,0,SYNTHETIC
0.8125,0.7778,0.9087,0,0.0447,3,25.68,0.7478,64.96,0,SYNTHETIC
0.5711,0.3613,0.8484,1,-0.0944,2,3.84,0.6063,59.15,0,SYNTHETIC
0.6968,0.6668,0.6044,1,-0.1746,0,7.36,0.4461,30.23,0,SYNTHETIC
0.6618,0.4254,0.4193,4,0.1877,0,7.85,0.6619,28.97,0,SYNTHETIC
0.6315,0.3912,0.5885,2,-0.3443,0,25.17,0.6064,73.66,0,SYNTHETIC
0.7971,0.764,0.675,1,0.1459,0,6.26,0.6196,82.75,0,SYNTHETIC
0.7904,0.5757,0.8939,0,-0.3684,0,15.32,0.6317,73.2,0,SYNTHETIC
0.5726,0.5597,0.5445,2,0.0687,0,10.12,0.4428,80.8,1,SYNTHETIC
0.8464,0.65,0.8537,2,-0.0171,1,30.29,0.365,62.49,0,SYNTHETIC
0.5425,0.3575,0.7723,1,0.0086,2,6.19,0.5258,42.68,1,SYNTHETIC
0.6486,0.4018,0.2764,3,0.1537,1,12.1,0.9347,60.44,0,SYNTHETIC
0.3378,0.2351,0.5406,3,-0.1347,2,3.14,0.7136,83.08,1,SYNTHETIC
0.6936,0.551,0.7769,2,0.1397,1,12.53,0.9219,38.7,0,SYNTHETIC
0.7994,0.5608,0.3809,4,0.111,1,25.53,0.5761,40.87,0,SYNTHETIC
0.9136,0.7709,0.5649,3,0.0869,1,9.27,0.534,17.87,0,SYNTHETIC
0.5234,0.4902,0.2627,6,0.1676,3,32.78,0.6198,65.35,0,SYNTHETIC
0.3745,0.2617,0.6035,4,0.0797,1,1.86,0.5253,58.08,0,SYNTHETIC
0.7134,0.4976,0.2285,1,0.0977,0,13.62,0.9506,42.93,1,SYNTHETIC
0.5523,0.3908,0.401,0,-0.0889,4,19.25,0.6112,31.95,1,SYNTHETIC
0.4528,0.3297,0.6421,3,0.09,1,8.28,0.5244,58.49,1,SYNTHETIC
0.7363,0.6663,0.5651,1,-0.0454,2,11.71,0.298,71.41,0,SYNTHETIC
0.2765,0.2129,0.7755,1,0.1013,0,0.93,0.8545,75.26,1,SYNTHETIC
0.5655,0.5072,0.9184,0,-0.0058,2,29.59,0.5958,48.83,0,SYNTHETIC
0.5841,0.4703,0.1799,3,0.2547,0,5.7,0.342,12.97,0,SYNTHETIC
0.4894,0.2873,0.2963,4,0.095,0,20.4,0.841,66.45,1,SYNTHETIC
0.7166,0.666,0.6662,0,0.0195,2,28.14,0.2478,69.23,1,SYNTHETIC
0.7192,0.5909,0.7004,2,-0.0385,3,29.77,0.7183,40.02,0,SYNTHETIC
0.304,0.2127,0.4252,1,0.2444,2,8.92,0.4957,62.53,1,SYNTHETIC
0.5531,0.3936,0.6422,2,0.1979,0,1.17,0.49,37.18,1,SYNTHETIC
0.673,0.4361,0.8153,1,0.3349,3,10.57,0.6115,68.04,1,SYNTHETIC
0.7695,0.5381,0.6573,2,0.3896,0,1.39,0.9292,31.59,0,SYNTHETIC
0.36,0.3326,0.7165,0,-0.0828,1,25.03,0.8246,33.64,0,SYNTHETIC
0.5983,0.4527,0.6141,5,0.1198,1,3.24,0.2518,35.57,1,SYNTHETIC
0.3213,0.2133,0.6835,1,0.1604,1,5.9,0.2073,27.27,0,SYNTHETIC
0.4199,0.2283,0.3011,6,0.0303,1,43.49,0.7198,72.67,1,SYNTHETIC
0.1741,0.13,0.6882,2,0.1848,1,0.65,0.8233,65.29,0,SYNTHETIC
0.476,0.4296,0.4828,1,0.1572,1,37.67,0.5872,60.06,1,SYNTHETIC
0.661,0.6046,0.7224,2,0.0215,0,9.31,0.6373,65.53,0,SYNTHETIC
0.2994,0.2298,0.7133,1,0.0935,3,13.4,0.8786,56.37,0,SYNTHETIC
0.7756,0.5917,0.568,4,-0.0838,3,43.89,0.9327,30.06,1,SYNTHETIC
0.409,0.3659,0.634,1,-0.0056,1,5.82,0.5956,59.72,0,SYNTHETIC
0.7834,0.6377,0.6791,2,0.3022,1,8.26,0.5272,24.05,0,SYNTHETIC
0.3541,0.1316,0.4636,1,-0.0124,3,10.46,0.7523,24.51,0,SYNTHETIC
0.6295,0.5674,0.651,1,-0.0697,1,7.48,0.2452,48.78,1,SYNTHETIC
0.8129,0.6798,0.541,2,-0.0049,3,14.87,0.6259,74.01,0,SYNTHETIC
0.6219,0.5414,0.7983,1,0.1619,3,3.39,0.7047,53.2,0,SYNTHETIC
0.43,0.2113,0.3009,8,-0.0592,1,14.07,0.4585,55.84,1,SYNTHETIC
0.7937,0.7394,0.57,3,0.2156,0,53.14,0.7876,84.1,0,SYNTHETIC
0.5187,0.4738,0.4031,6,-0.079,0,13.85,0.656,77.73,1,SYNTHETIC
0.928,0.7566,0.4866,3,-0.051,0,6.11,0.7475,29.83,1,SYNTHETIC
0.2335,0.0018,0.7599,0,0.0309,8,5.84,0.9283,63.17,0,SYNTHETIC
0.5326,0.4352,0.7084,2,-0.1137,1,26.76,0.7332,31.9,1,SYNTHETIC
